{"cWhen":1530009606,"tag":"Eval","cAll":true}
{"cOrigin":"+input","cTo":[0,0],"cNewPos":[0,1],"cWhen":1.53000961580963e9,"tag":"Change","cFrom":[0,0],"cText":["e"],"cRemoved":[""]}

{"cOrigin":"+input","cTo":[0,1],"cNewPos":[0,2],"cWhen":1.5300096173455024e9,"tag":"Change","cFrom":[0,1],"cText":["v"],"cRemoved":[""]}

{"cOrigin":"+input","cTo":[0,2],"cNewPos":[0,3],"cWhen":1.5300096184735184e9,"tag":"Change","cFrom":[0,2],"cText":["e"],"cRemoved":[""]}

{"cOrigin":"+input","cTo":[0,3],"cNewPos":[0,4],"cWhen":1.5300096186655962e9,"tag":"Change","cFrom":[0,3],"cText":["r"],"cRemoved":[""]}

{"cOrigin":"+input","cTo":[0,4],"cNewPos":[0,5],"cWhen":1.5300096196015809e9,"tag":"Change","cFrom":[0,4],"cText":["y"],"cRemoved":[""]}

{"cOrigin":"+input","cTo":[0,5],"cNewPos":[0,6],"cWhen":1.530009624153416e9,"tag":"Change","cFrom":[0,5],"cText":[" "],"cRemoved":[""]}

{"cOrigin":"+input","cTo":[0,6],"cNewPos":[0,7],"cWhen":1.5300096250894945e9,"tag":"Change","cFrom":[0,6],"cText":["3"],"cRemoved":[""]}

{"cOrigin":"+input","cTo":[0,7],"cNewPos":[0,8],"cWhen":1.530009627625567e9,"tag":"Change","cFrom":[0,7],"cText":[" "],"cRemoved":[""]}

{"cOrigin":"+input","cTo":[0,8],"cNewPos":[0,9],"cWhen":1.5300096311534657e9,"tag":"Change","cFrom":[0,8],"cText":["c"],"cRemoved":[""]}

{"cOrigin":"+input","cTo":[0,9],"cNewPos":[0,10],"cWhen":1.5300096347055085e9,"tag":"Change","cFrom":[0,9],"cText":["r"],"cRemoved":[""]}

{"cOrigin":"+input","cTo":[0,10],"cNewPos":[0,11],"cWhen":1.530009637569477e9,"tag":"Change","cFrom":[0,10],"cText":["u"],"cRemoved":[""]}

{"cOrigin":"+input","cTo":[0,11],"cNewPos":[0,12],"cWhen":1.5300096383853495e9,"tag":"Change","cFrom":[0,11],"cText":["n"],"cRemoved":[""]}

{"cOrigin":"+input","cTo":[0,12],"cNewPos":[0,13],"cWhen":1.5300096384013472e9,"tag":"Change","cFrom":[0,12],"cText":["m"],"cRemoved":[""]}

{"cOrigin":"+input","cTo":[0,13],"cNewPos":[0,14],"cWhen":1.5300096415533226e9,"tag":"Change","cFrom":[0,13],"cText":["c"],"cRemoved":[""]}

{"cOrigin":"+input","cTo":[0,14],"cNewPos":[0,15],"cWhen":1.5300096437293892e9,"tag":"Change","cFrom":[0,14],"cText":["h"],"cRemoved":[""]}

{"cOrigin":"+delete","cTo":[0,15],"cNewPos":[0,14],"cWhen":1.5300096490410368e9,"tag":"Change","cFrom":[0,14],"cText":[""],"cRemoved":["h"]}

{"cOrigin":"+delete","cTo":[0,14],"cNewPos":[0,13],"cWhen":1.530009649473139e9,"tag":"Change","cFrom":[0,13],"cText":[""],"cRemoved":["c"]}

{"cOrigin":"+delete","cTo":[0,13],"cNewPos":[0,12],"cWhen":1.5300096498411345e9,"tag":"Change","cFrom":[0,12],"cText":[""],"cRemoved":["m"]}

{"cOrigin":"+input","cTo":[0,12],"cNewPos":[0,13],"cWhen":1.5300096557532606e9,"tag":"Change","cFrom":[0,12],"cText":["c"],"cRemoved":[""]}

{"cOrigin":"+input","cTo":[0,13],"cNewPos":[0,14],"cWhen":1.5300096566093047e9,"tag":"Change","cFrom":[0,13],"cText":["h"],"cRemoved":[""]}

{"cOrigin":"+input","cTo":[0,14],"cNewPos":[0,15],"cWhen":1.5300096607051299e9,"tag":"Change","cFrom":[0,14],"cText":[" "],"cRemoved":[""]}

{"cOrigin":"+input","cTo":[0,15],"cNewPos":[0,16],"cWhen":1.5300096624652689e9,"tag":"Change","cFrom":[0,15],"cText":["$"],"cRemoved":[""]}

{"cOrigin":"+input","cTo":[0,16],"cNewPos":[0,17],"cWhen":1.5300096687292562e9,"tag":"Change","cFrom":[0,16],"cText":[" "],"cRemoved":[""]}

{"cOrigin":"+input","cTo":[0,17],"cNewPos":[0,18],"cWhen":1.5300096697691877e9,"tag":"Change","cFrom":[0,17],"cText":["e"],"cRemoved":[""]}

{"cOrigin":"+input","cTo":[0,18],"cNewPos":[0,19],"cWhen":1.5300096715853186e9,"tag":"Change","cFrom":[0,18],"cText":["v"],"cRemoved":[""]}

{"cOrigin":"+input","cTo":[0,19],"cNewPos":[0,20],"cWhen":1.5300096721533139e9,"tag":"Change","cFrom":[0,19],"cText":["e"],"cRemoved":[""]}

{"cOrigin":"+input","cTo":[0,20],"cNewPos":[0,21],"cWhen":1.530009672369316e9,"tag":"Change","cFrom":[0,20],"cText":["r"],"cRemoved":[""]}

{"cOrigin":"+input","cTo":[0,21],"cNewPos":[0,22],"cWhen":1.5300096731613495e9,"tag":"Change","cFrom":[0,21],"cText":["y"],"cRemoved":[""]}

{"cOrigin":"+input","cTo":[0,22],"cNewPos":[0,23],"cWhen":1.5300096810970898e9,"tag":"Change","cFrom":[0,22],"cText":[" "],"cRemoved":[""]}

{"cOrigin":"+input","cTo":[0,23],"cNewPos":[0,24],"cWhen":1.5300096815771625e9,"tag":"Change","cFrom":[0,23],"cText":["4"],"cRemoved":[""]}

{"cOrigin":"+input","cTo":[0,24],"cNewPos":[0,25],"cWhen":1.5300096844652128e9,"tag":"Change","cFrom":[0,24],"cText":[" "],"cRemoved":[""]}

{"cOrigin":"+input","cTo":[0,25],"cNewPos":[0,26],"cWhen":1.530009689193085e9,"tag":"Change","cFrom":[0,25],"cText":["f"],"cRemoved":[""]}

{"cOrigin":"+input","cTo":[0,26],"cNewPos":[0,27],"cWhen":1.5300096929532094e9,"tag":"Change","cFrom":[0,26],"cText":["a"],"cRemoved":[""]}

{"cOrigin":"+input","cTo":[0,27],"cNewPos":[0,28],"cWhen":1.530009693337146e9,"tag":"Change","cFrom":[0,27],"cText":["s"],"cRemoved":[""]}

{"cOrigin":"+input","cTo":[0,28],"cNewPos":[0,29],"cWhen":1.5300096944490917e9,"tag":"Change","cFrom":[0,28],"cText":["t"],"cRemoved":[""]}

{"cOrigin":"+input","cTo":[0,29],"cNewPos":[0,30],"cWhen":1.5300096950011096e9,"tag":"Change","cFrom":[0,29],"cText":["e"],"cRemoved":[""]}

{"cOrigin":"+input","cTo":[0,30],"cNewPos":[0,31],"cWhen":1.5300096952733333e9,"tag":"Change","cFrom":[0,30],"cText":["r"],"cRemoved":[""]}

{"cOrigin":"+input","cTo":[0,31],"cNewPos":[0,32],"cWhen":1.5300096984412096e9,"tag":"Change","cFrom":[0,31],"cText":[" "],"cRemoved":[""]}

{"cOrigin":"+input","cTo":[0,32],"cNewPos":[0,33],"cWhen":1.5300097019932578e9,"tag":"Change","cFrom":[0,32],"cText":["\""],"cRemoved":[""]}

{"cOrigin":"+input","cTo":[0,33],"cNewPos":[0,34],"cWhen":1.5300097075051355e9,"tag":"Change","cFrom":[0,33],"cText":["l"],"cRemoved":[""]}

{"cOrigin":"+input","cTo":[0,34],"cNewPos":[0,35],"cWhen":1.5300097077931707e9,"tag":"Change","cFrom":[0,34],"cText":["o"],"cRemoved":[""]}

{"cOrigin":"+input","cTo":[0,35],"cNewPos":[0,36],"cWhen":1.5300097183931932e9,"tag":"Change","cFrom":[0,35],"cText":[" "],"cRemoved":[""]}

{"cOrigin":"+input","cTo":[0,36],"cNewPos":[0,37],"cWhen":1.5300097194010649e9,"tag":"Change","cFrom":[0,36],"cText":["h"],"cRemoved":[""]}

{"cOrigin":"+input","cTo":[0,37],"cNewPos":[0,38],"cWhen":1.5300097216490343e9,"tag":"Change","cFrom":[0,37],"cText":["i"],"cRemoved":[""]}

{"cOrigin":"+input","cTo":[0,38],"cNewPos":[0,39],"cWhen":1.530009725576954e9,"tag":"Change","cFrom":[0,38],"cText":[" "],"cRemoved":[""]}

{"cOrigin":"+input","cTo":[0,39],"cNewPos":[0,40],"cWhen":1.530009727304947e9,"tag":"Change","cFrom":[0,39],"cText":["l"],"cRemoved":[""]}

{"cOrigin":"+input","cTo":[0,40],"cNewPos":[0,41],"cWhen":1.5300097276089387e9,"tag":"Change","cFrom":[0,40],"cText":["o"],"cRemoved":[""]}

{"cOrigin":"+input","cTo":[0,41],"cNewPos":[0,42],"cWhen":1.530009735920929e9,"tag":"Change","cFrom":[0,41],"cText":["*"],"cRemoved":[""]}

{"cOrigin":"+input","cTo":[0,42],"cNewPos":[0,43],"cWhen":1.530009741072865e9,"tag":"Change","cFrom":[0,42],"cText":["2"],"cRemoved":[""]}

{"cOrigin":"+input","cTo":[0,43],"cNewPos":[0,44],"cWhen":1.5300097437448773e9,"tag":"Change","cFrom":[0,43],"cText":[" "],"cRemoved":[""]}

{"cOrigin":"+input","cTo":[0,44],"cNewPos":[0,45],"cWhen":1.5300097529288657e9,"tag":"Change","cFrom":[0,44],"cText":["h"],"cRemoved":[""]}

{"cOrigin":"+input","cTo":[0,45],"cNewPos":[0,46],"cWhen":1.5300097540568683e9,"tag":"Change","cFrom":[0,45],"cText":["i"],"cRemoved":[""]}

{"cOrigin":"+input","cTo":[0,46],"cNewPos":[0,47],"cWhen":1.5300097586887379e9,"tag":"Change","cFrom":[0,46],"cText":["\""],"cRemoved":[""]}

{"cOrigin":"+input","cTo":[0,47],"cNewPos":[1,0],"cWhen":1.5300097610407887e9,"tag":"Change","cFrom":[0,47],"cText":["",""],"cRemoved":[""]}

{"cOrigin":"+input","cTo":[1,0],"cNewPos":[2,0],"cWhen":1.530009761304879e9,"tag":"Change","cFrom":[1,0],"cText":["",""],"cRemoved":[""]}

{"cOrigin":"+input","cTo":[2,0],"cNewPos":[2,1],"cWhen":1.530009778888849e9,"tag":"Change","cFrom":[2,0],"cText":["h"],"cRemoved":[""]}

{"cOrigin":"+input","cTo":[2,1],"cNewPos":[2,2],"cWhen":1.530009779640888e9,"tag":"Change","cFrom":[2,1],"cText":["i"],"cRemoved":[""]}

{"cOrigin":"+input","cTo":[2,2],"cNewPos":[2,3],"cWhen":1.5300097852167275e9,"tag":"Change","cFrom":[2,2],"cText":["g"],"cRemoved":[""]}

{"cOrigin":"+input","cTo":[2,3],"cNewPos":[2,4],"cWhen":1.5300097855128129e9,"tag":"Change","cFrom":[2,3],"cText":["h"],"cRemoved":[""]}

{"cOrigin":"+input","cTo":[2,4],"cNewPos":[2,5],"cWhen":1.5300097865608642e9,"tag":"Change","cFrom":[2,4],"cText":["e"],"cRemoved":[""]}

{"cOrigin":"+input","cTo":[2,5],"cNewPos":[2,6],"cWhen":1.5300097868566794e9,"tag":"Change","cFrom":[2,5],"cText":["r"],"cRemoved":[""]}

{"cOrigin":"+input","cTo":[2,6],"cNewPos":[2,7],"cWhen":1.530009788784805e9,"tag":"Change","cFrom":[2,6],"cText":[" "],"cRemoved":[""]}

{"cOrigin":"+input","cTo":[2,7],"cNewPos":[2,8],"cWhen":1.5300097903125887e9,"tag":"Change","cFrom":[2,7],"cText":["\""],"cRemoved":[""]}

{"cOrigin":"+input","cTo":[2,8],"cNewPos":[2,9],"cWhen":1.5300097943286576e9,"tag":"Change","cFrom":[2,8],"cText":["h"],"cRemoved":[""]}

{"cOrigin":"+input","cTo":[2,9],"cNewPos":[2,10],"cWhen":1.53000979472061e9,"tag":"Change","cFrom":[2,9],"cText":["i"],"cRemoved":[""]}

{"cOrigin":"+input","cTo":[2,10],"cNewPos":[2,11],"cWhen":1.5300098039206197e9,"tag":"Change","cFrom":[2,10],"cText":["*"],"cRemoved":[""]}

{"cOrigin":"+input","cTo":[2,11],"cNewPos":[2,12],"cWhen":1.5300098348646803e9,"tag":"Change","cFrom":[2,11],"cText":["2"],"cRemoved":[""]}

{"cOrigin":"+input","cTo":[2,12],"cNewPos":[2,13],"cWhen":1.5300098395285969e9,"tag":"Change","cFrom":[2,12],"cText":[" "],"cRemoved":[""]}

{"cOrigin":"+input","cTo":[2,13],"cNewPos":[2,14],"cWhen":1.5300098409526353e9,"tag":"Change","cFrom":[2,13],"cText":["l"],"cRemoved":[""]}

{"cOrigin":"+input","cTo":[2,14],"cNewPos":[2,15],"cWhen":1.53000984132064e9,"tag":"Change","cFrom":[2,14],"cText":["i"],"cRemoved":[""]}

{"cOrigin":"+input","cTo":[2,15],"cNewPos":[2,16],"cWhen":1.5300098413261032e9,"tag":"Change","cFrom":[2,15],"cText":["o"],"cRemoved":[""]}

{"cOrigin":"+delete","cTo":[2,16],"cNewPos":[2,15],"cWhen":1.5300098455283003e9,"tag":"Change","cFrom":[2,15],"cText":[""],"cRemoved":["o"]}

{"cOrigin":"+delete","cTo":[2,15],"cNewPos":[2,14],"cWhen":1.5300098461843736e9,"tag":"Change","cFrom":[2,14],"cText":[""],"cRemoved":["i"]}

{"cOrigin":"+input","cTo":[2,14],"cNewPos":[2,15],"cWhen":1.5300098488404982e9,"tag":"Change","cFrom":[2,14],"cText":["o"],"cRemoved":[""]}

{"cOrigin":"+input","cTo":[2,15],"cNewPos":[2,16],"cWhen":1.530009854640466e9,"tag":"Change","cFrom":[2,15],"cText":["*"],"cRemoved":[""]}

{"cOrigin":"+input","cTo":[2,16],"cNewPos":[2,17],"cWhen":1.5300098599525135e9,"tag":"Change","cFrom":[2,16],"cText":["8"],"cRemoved":[""]}

{"cOrigin":"+input","cTo":[2,17],"cNewPos":[2,18],"cWhen":1.5300098618884423e9,"tag":"Change","cFrom":[2,17],"cText":["\""],"cRemoved":[""]}

{"cWhen":1.5300098659160318e9,"tag":"Eval","cAll":true}

{"cOrigin":"+input","cTo":[2,18],"cNewPos":[3,0],"cWhen":1.5300099047202306e9,"tag":"Change","cFrom":[2,18],"cText":["",""],"cRemoved":[""]}

{"cOrigin":"+input","cTo":[3,0],"cNewPos":[4,0],"cWhen":1.5300099050883338e9,"tag":"Change","cFrom":[3,0],"cText":["",""],"cRemoved":[""]}

{"cOrigin":"+input","cTo":[4,0],"cNewPos":[4,1],"cWhen":1.5300099138481584e9,"tag":"Change","cFrom":[4,0],"cText":["\""],"cRemoved":[""]}

{"cOrigin":"+input","cTo":[4,1],"cNewPos":[4,2],"cWhen":1.5300099207602525e9,"tag":"Change","cFrom":[4,1],"cText":["h"],"cRemoved":[""]}

{"cOrigin":"+input","cTo":[4,2],"cNewPos":[4,3],"cWhen":1.5300099213761556e9,"tag":"Change","cFrom":[4,2],"cText":["i"],"cRemoved":[""]}

{"cOrigin":"+input","cTo":[4,3],"cNewPos":[4,4],"cWhen":1.5300099226481051e9,"tag":"Change","cFrom":[4,3],"cText":["g"],"cRemoved":[""]}

{"cOrigin":"+input","cTo":[4,4],"cNewPos":[4,5],"cWhen":1.5300099231600127e9,"tag":"Change","cFrom":[4,4],"cText":["h"],"cRemoved":[""]}

{"cOrigin":"+input","cTo":[4,5],"cNewPos":[4,6],"cWhen":1.5300099239283373e9,"tag":"Change","cFrom":[4,5],"cText":["e"],"cRemoved":[""]}

{"cOrigin":"+input","cTo":[4,6],"cNewPos":[4,7],"cWhen":1.5300099243760273e9,"tag":"Change","cFrom":[4,6],"cText":["r"],"cRemoved":[""]}

{"cOrigin":"+delete","cTo":[4,7],"cNewPos":[4,6],"cWhen":1.5300099301199398e9,"tag":"Change","cFrom":[4,6],"cText":[""],"cRemoved":["r"]}

{"cOrigin":"+delete","cTo":[4,6],"cNewPos":[4,5],"cWhen":1.5300099303678873e9,"tag":"Change","cFrom":[4,5],"cText":[""],"cRemoved":["e"]}

{"cOrigin":"+delete","cTo":[4,5],"cNewPos":[4,4],"cWhen":1.5300099305598707e9,"tag":"Change","cFrom":[4,4],"cText":[""],"cRemoved":["h"]}

{"cOrigin":"+delete","cTo":[4,4],"cNewPos":[4,3],"cWhen":1.530009931072039e9,"tag":"Change","cFrom":[4,3],"cText":[""],"cRemoved":["g"]}

{"cOrigin":"+input","cTo":[4,3],"cNewPos":[4,4],"cWhen":1.530009933304328e9,"tag":"Change","cFrom":[4,3],"cText":[" "],"cRemoved":[""]}

{"cOrigin":"+input","cTo":[4,4],"cNewPos":[4,5],"cWhen":1.5300099360163422e9,"tag":"Change","cFrom":[4,4],"cText":["l"],"cRemoved":[""]}

{"cOrigin":"+input","cTo":[4,5],"cNewPos":[4,6],"cWhen":1.5300099363522863e9,"tag":"Change","cFrom":[4,5],"cText":["o"],"cRemoved":[""]}

{"cOrigin":"+input","cTo":[4,6],"cNewPos":[4,7],"cWhen":1.5300099410721302e9,"tag":"Change","cFrom":[4,6],"cText":["*"],"cRemoved":[""]}

{"cOrigin":"+input","cTo":[4,7],"cNewPos":[4,8],"cWhen":1.5300099488000433e9,"tag":"Change","cFrom":[4,7],"cText":["9"],"cRemoved":[""]}

{"cOrigin":"+input","cTo":[4,8],"cNewPos":[4,9],"cWhen":1.5300099494355855e9,"tag":"Change","cFrom":[4,8],"cText":["0"],"cRemoved":[""]}

{"cOrigin":"+input","cTo":[4,9],"cNewPos":[4,10],"cWhen":1.5300099554080284e9,"tag":"Change","cFrom":[4,9],"cText":["\""],"cRemoved":[""]}

{"cWhen":1.5300099596519234e9,"tag":"Eval","cAll":true}

{"cOrigin":"+input","cTo":[4,10],"cNewPos":[4,11],"cWhen":1.5300099778559563e9,"tag":"Change","cFrom":[4,10],"cText":["f"],"cRemoved":[""]}

{"cOrigin":"+input","cTo":[4,11],"cNewPos":[4,12],"cWhen":1.5300099784158611e9,"tag":"Change","cFrom":[4,11],"cText":["a"],"cRemoved":[""]}

{"cOrigin":"+input","cTo":[4,12],"cNewPos":[4,13],"cWhen":1.5300099790479517e9,"tag":"Change","cFrom":[4,12],"cText":["s"],"cRemoved":[""]}

{"cOrigin":"+input","cTo":[4,13],"cNewPos":[4,14],"cWhen":1.5300099800079563e9,"tag":"Change","cFrom":[4,13],"cText":["t"],"cRemoved":[""]}

{"cOrigin":"+input","cTo":[4,14],"cNewPos":[4,15],"cWhen":1.530009980607828e9,"tag":"Change","cFrom":[4,14],"cText":["e"],"cRemoved":[""]}

{"cOrigin":"+input","cTo":[4,15],"cNewPos":[4,16],"cWhen":1.530009980943847e9,"tag":"Change","cFrom":[4,15],"cText":["r"],"cRemoved":[""]}

{"cWhen":1.5300099831943946e9,"tag":"Eval","cAll":true}

{"cOrigin":"+delete","cTo":[4,16],"cNewPos":[4,15],"cWhen":1.5300099943836439e9,"tag":"Change","cFrom":[4,15],"cText":[""],"cRemoved":["r"]}

{"cOrigin":"+delete","cTo":[4,15],"cNewPos":[4,14],"cWhen":1.5300099946493747e9,"tag":"Change","cFrom":[4,14],"cText":[""],"cRemoved":["e"]}

{"cOrigin":"+delete","cTo":[4,14],"cNewPos":[4,13],"cWhen":1.5300099948717792e9,"tag":"Change","cFrom":[4,13],"cText":[""],"cRemoved":["t"]}

{"cOrigin":"+delete","cTo":[4,13],"cNewPos":[4,12],"cWhen":1.5300099951036577e9,"tag":"Change","cFrom":[4,12],"cText":[""],"cRemoved":["s"]}

{"cOrigin":"+delete","cTo":[4,12],"cNewPos":[4,11],"cWhen":1.5300099953836784e9,"tag":"Change","cFrom":[4,11],"cText":[""],"cRemoved":["a"]}

{"cOrigin":"+delete","cTo":[4,11],"cNewPos":[4,10],"cWhen":1.5300099957837849e9,"tag":"Change","cFrom":[4,10],"cText":[""],"cRemoved":["f"]}

{"cOrigin":"+delete","cTo":[4,10],"cNewPos":[4,9],"cWhen":1.530009996175646e9,"tag":"Change","cFrom":[4,9],"cText":[""],"cRemoved":["\""]}

{"cOrigin":"+delete","cTo":[4,9],"cNewPos":[4,8],"cWhen":1.5300099972077775e9,"tag":"Change","cFrom":[4,8],"cText":[""],"cRemoved":["0"]}

{"cOrigin":"+delete","cTo":[4,8],"cNewPos":[4,7],"cWhen":1.5300099975676565e9,"tag":"Change","cFrom":[4,7],"cText":[""],"cRemoved":["9"]}

{"cOrigin":"+input","cTo":[4,7],"cNewPos":[4,8],"cWhen":1.5300100035688014e9,"tag":"Change","cFrom":[4,7],"cText":["8"],"cRemoved":[""]}

{"cOrigin":"+input","cTo":[4,8],"cNewPos":[4,9],"cWhen":1.5300100046717567e9,"tag":"Change","cFrom":[4,8],"cText":["4"],"cRemoved":[""]}

{"cOrigin":"+input","cTo":[4,9],"cNewPos":[4,10],"cWhen":1.5300100091278486e9,"tag":"Change","cFrom":[4,9],"cText":["\""],"cRemoved":[""]}

{"cWhen":1.5300100139300249e9,"tag":"Eval","cAll":true}
