{"cWhen":1530010094,"tag":"Eval","cAll":true}
{"cOrigin":"+input","cTo":[0,0],"cNewPos":[0,1],"cWhen":1.5300100944201944e9,"tag":"Change","cFrom":[0,0],"cText":["e"],"cRemoved":[""]}

{"cOrigin":"+input","cTo":[0,1],"cNewPos":[0,2],"cWhen":1.530010094679333e9,"tag":"Change","cFrom":[0,1],"cText":["e"],"cRemoved":[""]}

{"cOrigin":"+input","cTo":[0,2],"cNewPos":[0,3],"cWhen":1.5300100947393224e9,"tag":"Change","cFrom":[0,2],"cText":["e"],"cRemoved":[""]}

{"cOrigin":"+input","cTo":[0,3],"cNewPos":[0,4],"cWhen":1.5300100967238603e9,"tag":"Change","cFrom":[0,3],"cText":["v"],"cRemoved":[""]}

{"cOrigin":"+input","cTo":[0,4],"cNewPos":[0,5],"cWhen":1.5300100971720111e9,"tag":"Change","cFrom":[0,4],"cText":["e"],"cRemoved":[""]}

{"cOrigin":"+input","cTo":[0,5],"cNewPos":[0,6],"cWhen":1.530010097371702e9,"tag":"Change","cFrom":[0,5],"cText":["r"],"cRemoved":[""]}

{"cOrigin":"+input","cTo":[0,6],"cNewPos":[0,7],"cWhen":1.5300100976916597e9,"tag":"Change","cFrom":[0,6],"cText":["y"],"cRemoved":[""]}

{"cOrigin":"+delete","cTo":[0,7],"cNewPos":[0,6],"cWhen":1.5300101022111297e9,"tag":"Change","cFrom":[0,6],"cText":[""],"cRemoved":["y"]}

{"cOrigin":"+input","cTo":[0,6],"cNewPos":[0,7],"cWhen":1.5300101022270331e9,"tag":"Change","cFrom":[0,6],"cText":["#"],"cRemoved":[""]}

{"cOrigin":"+delete","cTo":[0,7],"cNewPos":[0,6],"cWhen":1.5300101024029827e9,"tag":"Change","cFrom":[0,6],"cText":[""],"cRemoved":["#"]}

{"cOrigin":"+delete","cTo":[0,6],"cNewPos":[0,5],"cWhen":1.5300101025869524e9,"tag":"Change","cFrom":[0,5],"cText":[""],"cRemoved":["r"]}

{"cOrigin":"+delete","cTo":[0,5],"cNewPos":[0,4],"cWhen":1.5300101027549305e9,"tag":"Change","cFrom":[0,4],"cText":[""],"cRemoved":["e"]}

{"cOrigin":"+delete","cTo":[0,4],"cNewPos":[0,3],"cWhen":1.53001010294684e9,"tag":"Change","cFrom":[0,3],"cText":[""],"cRemoved":["v"]}

{"cOrigin":"+delete","cTo":[0,3],"cNewPos":[0,2],"cWhen":1.5300101031708946e9,"tag":"Change","cFrom":[0,2],"cText":[""],"cRemoved":["e"]}

{"cOrigin":"+delete","cTo":[0,2],"cNewPos":[0,1],"cWhen":1.5300101039067833e9,"tag":"Change","cFrom":[0,1],"cText":[""],"cRemoved":["e"]}

{"cOrigin":"+input","cTo":[0,1],"cNewPos":[0,2],"cWhen":1.5300101046591702e9,"tag":"Change","cFrom":[0,1],"cText":["v"],"cRemoved":[""]}

{"cOrigin":"+input","cTo":[0,2],"cNewPos":[0,3],"cWhen":1.5300101051547368e9,"tag":"Change","cFrom":[0,2],"cText":["e"],"cRemoved":[""]}

{"cOrigin":"+input","cTo":[0,3],"cNewPos":[0,4],"cWhen":1.5300101052507646e9,"tag":"Change","cFrom":[0,3],"cText":["r"],"cRemoved":[""]}

{"cOrigin":"+input","cTo":[0,4],"cNewPos":[0,5],"cWhen":1.5300101055865662e9,"tag":"Change","cFrom":[0,4],"cText":["y"],"cRemoved":[""]}

{"cOrigin":"+input","cTo":[0,5],"cNewPos":[0,6],"cWhen":1.530010105882629e9,"tag":"Change","cFrom":[0,5],"cText":[" "],"cRemoved":[""]}

{"cOrigin":"+input","cTo":[0,6],"cNewPos":[0,7],"cWhen":1.530010110505865e9,"tag":"Change","cFrom":[0,6],"cText":["3"],"cRemoved":[""]}

{"cOrigin":"+input","cTo":[0,7],"cNewPos":[0,8],"cWhen":1.530010110777855e9,"tag":"Change","cFrom":[0,7],"cText":[" "],"cRemoved":[""]}

{"cOrigin":"+input","cTo":[0,8],"cNewPos":[0,9],"cWhen":1.5300101162810671e9,"tag":"Change","cFrom":[0,8],"cText":["s"],"cRemoved":[""]}

{"cOrigin":"+input","cTo":[0,9],"cNewPos":[0,10],"cWhen":1.530010116529186e9,"tag":"Change","cFrom":[0,9],"cText":["c"],"cRemoved":[""]}

{"cOrigin":"+input","cTo":[0,10],"cNewPos":[0,11],"cWhen":1.5300101181609232e9,"tag":"Change","cFrom":[0,10],"cText":["r"],"cRemoved":[""]}

{"cOrigin":"+input","cTo":[0,11],"cNewPos":[0,12],"cWhen":1.530010118744832e9,"tag":"Change","cFrom":[0,11],"cText":["a"],"cRemoved":[""]}

{"cOrigin":"+input","cTo":[0,12],"cNewPos":[0,13],"cWhen":1.5300101189847727e9,"tag":"Change","cFrom":[0,12],"cText":["t"],"cRemoved":[""]}

{"cOrigin":"+input","cTo":[0,13],"cNewPos":[0,14],"cWhen":1.530010119648579e9,"tag":"Change","cFrom":[0,13],"cText":["c"],"cRemoved":[""]}

{"cOrigin":"+input","cTo":[0,14],"cNewPos":[0,15],"cWhen":1.5300101198993444e9,"tag":"Change","cFrom":[0,14],"cText":["c"],"cRemoved":[""]}

{"cOrigin":"+input","cTo":[0,15],"cNewPos":[0,16],"cWhen":1.5300101199045522e9,"tag":"Change","cFrom":[0,15],"cText":["h"],"cRemoved":[""]}

{"cOrigin":"+input","cTo":[0,16],"cNewPos":[0,17],"cWhen":1.530010120112491e9,"tag":"Change","cFrom":[0,16],"cText":[" "],"cRemoved":[""]}

{"cOrigin":"+delete","cTo":[0,17],"cNewPos":[0,16],"cWhen":1.5300101215842683e9,"tag":"Change","cFrom":[0,16],"cText":[""],"cRemoved":[" "]}

{"cOrigin":"+delete","cTo":[0,16],"cNewPos":[0,15],"cWhen":1.530010121728169e9,"tag":"Change","cFrom":[0,15],"cText":[""],"cRemoved":["h"]}

{"cOrigin":"+delete","cTo":[0,15],"cNewPos":[0,14],"cWhen":1.5300101221841986e9,"tag":"Change","cFrom":[0,14],"cText":[""],"cRemoved":["c"]}

{"cOrigin":"+input","cTo":[0,14],"cNewPos":[0,15],"cWhen":1.530010123712119e9,"tag":"Change","cFrom":[0,14],"cText":["h"],"cRemoved":[""]}

{"cOrigin":"+input","cTo":[0,15],"cNewPos":[0,16],"cWhen":1.5300101260316858e9,"tag":"Change","cFrom":[0,15],"cText":[" "],"cRemoved":[""]}

{"cOrigin":"+input","cTo":[0,16],"cNewPos":[0,17],"cWhen":1.530010129295345e9,"tag":"Change","cFrom":[0,16],"cText":["4"],"cRemoved":[""]}

{"cOrigin":"+input","cTo":[0,17],"cNewPos":[0,18],"cWhen":1.530010129927237e9,"tag":"Change","cFrom":[0,17],"cText":[" "],"cRemoved":[""]}

{"cOrigin":"+input","cTo":[0,18],"cNewPos":[0,19],"cWhen":1.5300101305830529e9,"tag":"Change","cFrom":[0,18],"cText":["e"],"cRemoved":[""]}

{"cOrigin":"+input","cTo":[0,19],"cNewPos":[0,20],"cWhen":1.5300101307110093e9,"tag":"Change","cFrom":[0,19],"cText":["v"],"cRemoved":[""]}

{"cOrigin":"+input","cTo":[0,20],"cNewPos":[0,21],"cWhen":1.5300101309591172e9,"tag":"Change","cFrom":[0,20],"cText":["e"],"cRemoved":[""]}

{"cOrigin":"+input","cTo":[0,21],"cNewPos":[0,22],"cWhen":1.530010131678879e9,"tag":"Change","cFrom":[0,21],"cText":["r"],"cRemoved":[""]}

{"cOrigin":"+input","cTo":[0,22],"cNewPos":[0,23],"cWhen":1.5300101324868834e9,"tag":"Change","cFrom":[0,22],"cText":["y"],"cRemoved":[""]}

{"cOrigin":"+input","cTo":[0,23],"cNewPos":[0,24],"cWhen":1.530010132758742e9,"tag":"Change","cFrom":[0,23],"cText":[" "],"cRemoved":[""]}

{"cOrigin":"+input","cTo":[0,24],"cNewPos":[0,25],"cWhen":1.5300101361343813e9,"tag":"Change","cFrom":[0,24],"cText":["3"],"cRemoved":[""]}

{"cXWarp":24,"cNewPos":[0,24],"cWhen":1.5300101438611653e9,"tag":"Move"}

{"cXWarp":23,"cNewPos":[0,23],"cWhen":1.530010144117005e9,"tag":"Move"}

{"cXWarp":22,"cNewPos":[0,22],"cWhen":1.5300101443650985e9,"tag":"Move"}

{"cXWarp":21,"cNewPos":[0,21],"cWhen":1.5300101447649193e9,"tag":"Move"}

{"cXWarp":20,"cNewPos":[0,20],"cWhen":1.5300101450448678e9,"tag":"Move"}

{"cXWarp":19,"cNewPos":[0,19],"cWhen":1.5300101455008323e9,"tag":"Move"}

{"cXWarp":18,"cNewPos":[0,18],"cWhen":1.5300101457728887e9,"tag":"Move"}

{"cXWarp":17,"cNewPos":[0,17],"cWhen":1.5300101463086834e9,"tag":"Move"}

{"cOrigin":"+delete","cTo":[0,17],"cNewPos":[0,16],"cWhen":1.530010147140624e9,"tag":"Change","cFrom":[0,16],"cText":[""],"cRemoved":["4"]}

{"cOrigin":"+input","cTo":[0,16],"cNewPos":[0,17],"cWhen":1.5300101510842068e9,"tag":"Change","cFrom":[0,16],"cText":["$"],"cRemoved":[""]}

{"cOrigin":"+input","cTo":[0,17],"cNewPos":[0,18],"cWhen":1.530010151339384e9,"tag":"Change","cFrom":[0,17],"cText":["$"],"cRemoved":[""]}

{"cOrigin":"+delete","cTo":[0,18],"cNewPos":[0,17],"cWhen":1.5300101526757874e9,"tag":"Change","cFrom":[0,17],"cText":[""],"cRemoved":["$"]}

{"cXWarp":18,"cNewPos":[0,18],"cWhen":1.5300101537316535e9,"tag":"Move"}

{"cXWarp":19,"cNewPos":[0,19],"cWhen":1.5300101539877431e9,"tag":"Move"}

{"cXWarp":20,"cNewPos":[0,20],"cWhen":1.530010154219589e9,"tag":"Move"}

{"cXWarp":21,"cNewPos":[0,21],"cWhen":1.5300101543875434e9,"tag":"Move"}

{"cXWarp":22,"cNewPos":[0,22],"cWhen":1.5300101546756492e9,"tag":"Move"}

{"cXWarp":23,"cNewPos":[0,23],"cWhen":1.5300101549076214e9,"tag":"Move"}

{"cXWarp":24,"cNewPos":[0,24],"cWhen":1.5300101553074913e9,"tag":"Move"}

{"cOrigin":"+input","cTo":[0,24],"cNewPos":[0,25],"cWhen":1.530010156819447e9,"tag":"Change","cFrom":[0,24],"cText":[" "],"cRemoved":[""]}

{"cOrigin":"+delete","cTo":[0,25],"cNewPos":[0,24],"cWhen":1.5300101580431414e9,"tag":"Change","cFrom":[0,24],"cText":[""],"cRemoved":[" "]}

{"cXWarp":25,"cNewPos":[0,25],"cWhen":1.530010158658945e9,"tag":"Move"}

{"cOrigin":"+input","cTo":[0,25],"cNewPos":[0,26],"cWhen":1.5300101612668092e9,"tag":"Change","cFrom":[0,25],"cText":["2"],"cRemoved":[""]}

{"cOrigin":"+delete","cTo":[0,26],"cNewPos":[0,25],"cWhen":1.530010162738357e9,"tag":"Change","cFrom":[0,25],"cText":[""],"cRemoved":["2"]}

{"cOrigin":"+input","cTo":[0,25],"cNewPos":[0,26],"cWhen":1.530010163866358e9,"tag":"Change","cFrom":[0,25],"cText":[" "],"cRemoved":[""]}

{"cOrigin":"+input","cTo":[0,26],"cNewPos":[0,27],"cWhen":1.5300101654982e9,"tag":"Change","cFrom":[0,26],"cText":["\""],"cRemoved":[""]}

{"cOrigin":"+input","cTo":[0,27],"cNewPos":[0,28],"cWhen":1.5300101675778189e9,"tag":"Change","cFrom":[0,27],"cText":["l"],"cRemoved":[""]}

{"cOrigin":"+input","cTo":[0,28],"cNewPos":[0,29],"cWhen":1.5300101680098538e9,"tag":"Change","cFrom":[0,28],"cText":["o"],"cRemoved":[""]}

{"cOrigin":"+input","cTo":[0,29],"cNewPos":[0,30],"cWhen":1.5300101694976523e9,"tag":"Change","cFrom":[0,29],"cText":[" "],"cRemoved":[""]}

{"cOrigin":"+input","cTo":[0,30],"cNewPos":[0,31],"cWhen":1.5300101705614235e9,"tag":"Change","cFrom":[0,30],"cText":["h"],"cRemoved":[""]}

{"cOrigin":"+input","cTo":[0,31],"cNewPos":[0,32],"cWhen":1.5300101708335936e9,"tag":"Change","cFrom":[0,31],"cText":["i"],"cRemoved":[""]}

{"cOrigin":"+input","cTo":[0,32],"cNewPos":[0,33],"cWhen":1.5300101711373265e9,"tag":"Change","cFrom":[0,32],"cText":[" "],"cRemoved":[""]}

{"cOrigin":"+input","cTo":[0,33],"cNewPos":[0,34],"cWhen":1.5300101718813248e9,"tag":"Change","cFrom":[0,33],"cText":["l"],"cRemoved":[""]}

{"cOrigin":"+input","cTo":[0,34],"cNewPos":[0,35],"cWhen":1.5300101721693118e9,"tag":"Change","cFrom":[0,34],"cText":["o"],"cRemoved":[""]}

{"cOrigin":"+input","cTo":[0,35],"cNewPos":[0,36],"cWhen":1.5300101730090868e9,"tag":"Change","cFrom":[0,35],"cText":[" "],"cRemoved":[""]}

{"cOrigin":"+delete","cTo":[0,36],"cNewPos":[0,35],"cWhen":1.53001017480866e9,"tag":"Change","cFrom":[0,35],"cText":[""],"cRemoved":[" "]}

{"cOrigin":"+input","cTo":[0,35],"cNewPos":[0,36],"cWhen":1.5300101755527058e9,"tag":"Change","cFrom":[0,35],"cText":[" "],"cRemoved":[""]}

{"cOrigin":"+input","cTo":[0,36],"cNewPos":[0,37],"cWhen":1.5300101789842026e9,"tag":"Change","cFrom":[0,36],"cText":["h"],"cRemoved":[""]}

{"cOrigin":"+input","cTo":[0,37],"cNewPos":[0,38],"cWhen":1.530010179152162e9,"tag":"Change","cFrom":[0,37],"cText":["i"],"cRemoved":[""]}

{"cOrigin":"+input","cTo":[0,38],"cNewPos":[0,39],"cWhen":1.530010179528206e9,"tag":"Change","cFrom":[0,38],"cText":[" "],"cRemoved":[""]}

{"cOrigin":"+input","cTo":[0,39],"cNewPos":[0,40],"cWhen":1.5300101804401066e9,"tag":"Change","cFrom":[0,39],"cText":["l"],"cRemoved":[""]}

{"cOrigin":"+input","cTo":[0,40],"cNewPos":[0,41],"cWhen":1.5300101806880693e9,"tag":"Change","cFrom":[0,40],"cText":["o"],"cRemoved":[""]}

{"cOrigin":"+input","cTo":[0,41],"cNewPos":[0,42],"cWhen":1.5300101809919238e9,"tag":"Change","cFrom":[0,41],"cText":[" "],"cRemoved":[""]}

{"cOrigin":"+input","cTo":[0,42],"cNewPos":[0,43],"cWhen":1.5300101813999953e9,"tag":"Change","cFrom":[0,42],"cText":["h"],"cRemoved":[""]}

{"cOrigin":"+input","cTo":[0,43],"cNewPos":[0,44],"cWhen":1.5300101815279577e9,"tag":"Change","cFrom":[0,43],"cText":["i"],"cRemoved":[""]}

{"cOrigin":"+input","cTo":[0,44],"cNewPos":[0,45],"cWhen":1.530010185447341e9,"tag":"Change","cFrom":[0,44],"cText":["8"],"cRemoved":[""]}

{"cOrigin":"+input","cTo":[0,45],"cNewPos":[0,46],"cWhen":1.5300101919983637e9,"tag":"Change","cFrom":[0,45],"cText":["3"],"cRemoved":[""]}

{"cOrigin":"+input","cTo":[0,46],"cNewPos":[0,47],"cWhen":1.530010192249389e9,"tag":"Change","cFrom":[0,46],"cText":["3"],"cRemoved":[""]}

{"cOrigin":"+delete","cTo":[0,47],"cNewPos":[0,46],"cWhen":1.530010194286034e9,"tag":"Change","cFrom":[0,46],"cText":[""],"cRemoved":["3"]}

{"cOrigin":"+delete","cTo":[0,46],"cNewPos":[0,45],"cWhen":1.5300101944938786e9,"tag":"Change","cFrom":[0,45],"cText":[""],"cRemoved":["3"]}

{"cOrigin":"+delete","cTo":[0,45],"cNewPos":[0,44],"cWhen":1.530010194677864e9,"tag":"Change","cFrom":[0,44],"cText":[""],"cRemoved":["8"]}

{"cOrigin":"+delete","cTo":[0,44],"cNewPos":[0,43],"cWhen":1.5300101948699322e9,"tag":"Change","cFrom":[0,43],"cText":[""],"cRemoved":["i"]}

{"cOrigin":"+input","cTo":[0,43],"cNewPos":[0,44],"cWhen":1.5300101965257292e9,"tag":"Change","cFrom":[0,43],"cText":["i"],"cRemoved":[""]}

{"cOrigin":"+input","cTo":[0,44],"cNewPos":[0,45],"cWhen":1.5300101980134864e9,"tag":"Change","cFrom":[0,44],"cText":["*"],"cRemoved":[""]}

{"cOrigin":"+input","cTo":[0,45],"cNewPos":[0,46],"cWhen":1.5300102053804657e9,"tag":"Change","cFrom":[0,45],"cText":["2"],"cRemoved":[""]}

{"cOrigin":"+input","cTo":[0,46],"cNewPos":[0,47],"cWhen":1.5300102056285422e9,"tag":"Change","cFrom":[0,46],"cText":["5"],"cRemoved":[""]}

{"cOrigin":"+input","cTo":[0,47],"cNewPos":[0,48],"cWhen":1.5300102080522022e9,"tag":"Change","cFrom":[0,47],"cText":["2"],"cRemoved":[""]}

{"cOrigin":"+delete","cTo":[0,48],"cNewPos":[0,47],"cWhen":1.5300102095637562e9,"tag":"Change","cFrom":[0,47],"cText":[""],"cRemoved":["2"]}

{"cOrigin":"+input","cTo":[0,47],"cNewPos":[0,48],"cWhen":1.5300102106756961e9,"tag":"Change","cFrom":[0,47],"cText":["\""],"cRemoved":[""]}

{"cXWarp":47,"cNewPos":[0,47],"cWhen":1.530010233536555e9,"tag":"Move"}

{"cXWarp":46,"cNewPos":[0,46],"cWhen":1.530010233736427e9,"tag":"Move"}

{"cXWarp":45,"cNewPos":[0,45],"cWhen":1.5300102339362812e9,"tag":"Move"}

{"cXWarp":44,"cNewPos":[0,44],"cWhen":1.5300102341362405e9,"tag":"Move"}

{"cXWarp":43,"cNewPos":[0,43],"cWhen":1.5300102343122296e9,"tag":"Move"}

{"cXWarp":42,"cNewPos":[0,42],"cWhen":1.5300102346003015e9,"tag":"Move"}

{"cXWarp":41,"cNewPos":[0,41],"cWhen":1.5300102348161538e9,"tag":"Move"}

{"cXWarp":40,"cNewPos":[0,40],"cWhen":1.530010235016237e9,"tag":"Move"}

{"cXWarp":39,"cNewPos":[0,39],"cWhen":1.5300102352692037e9,"tag":"Move"}

{"cXWarp":38,"cNewPos":[0,38],"cWhen":1.5300102353292031e9,"tag":"Move"}

{"cXWarp":37,"cNewPos":[0,37],"cWhen":1.5300102353791873e9,"tag":"Move"}

{"cXWarp":36,"cNewPos":[0,36],"cWhen":1.5300102354291964e9,"tag":"Move"}

{"cXWarp":35,"cNewPos":[0,35],"cWhen":1.5300102354791927e9,"tag":"Move"}

{"cXWarp":34,"cNewPos":[0,34],"cWhen":1.5300102355291996e9,"tag":"Move"}

{"cXWarp":33,"cNewPos":[0,33],"cWhen":1.53001023558919e9,"tag":"Move"}

{"cXWarp":32,"cNewPos":[0,32],"cWhen":1.5300102361679583e9,"tag":"Move"}

{"cOrigin":"+input","cTo":[0,32],"cNewPos":[0,33],"cWhen":1.5300102372079408e9,"tag":"Change","cFrom":[0,32],"cText":[" "],"cRemoved":[""]}

{"cXWarp":32,"cNewPos":[0,32],"cWhen":1.5300102389355638e9,"tag":"Move"}

{"cOrigin":"+input","cTo":[0,32],"cNewPos":[0,33],"cWhen":1.530010240303538e9,"tag":"Change","cFrom":[0,32],"cText":[" "],"cRemoved":[""]}

{"cOrigin":"+input","cTo":[0,33],"cNewPos":[0,34],"cWhen":1.530010281281797e9,"tag":"Change","cFrom":[0,33],"cText":[" "],"cRemoved":[""]}

{"cOrigin":"+delete","cTo":[0,34],"cNewPos":[0,33],"cWhen":1.53001028282544e9,"tag":"Change","cFrom":[0,33],"cText":[""],"cRemoved":[" "]}

{"cOrigin":"+delete","cTo":[0,33],"cNewPos":[0,32],"cWhen":1.5300102834413345e9,"tag":"Change","cFrom":[0,32],"cText":[""],"cRemoved":[" "]}

{"cXWarp":33,"cNewPos":[0,33],"cWhen":1.5300102851370845e9,"tag":"Move"}

{"cOrigin":"+delete","cTo":[0,33],"cNewPos":[0,32],"cWhen":1.530010286233018e9,"tag":"Change","cFrom":[0,32],"cText":[""],"cRemoved":[" "]}

{"cWhen":1.5300102905217173e9,"tag":"Eval","cAll":true}

{"cXWarp":31,"cNewPos":[0,31],"cWhen":1.530010295415775e9,"tag":"Move"}

{"cXWarp":30,"cNewPos":[0,30],"cWhen":1.530010295669312e9,"tag":"Move"}

{"cXWarp":29,"cNewPos":[0,29],"cWhen":1.5300102957192857e9,"tag":"Move"}

{"cXWarp":28,"cNewPos":[0,28],"cWhen":1.5300102957792218e9,"tag":"Move"}

{"cXWarp":27,"cNewPos":[0,27],"cWhen":1.5300102958292894e9,"tag":"Move"}

{"cXWarp":26,"cNewPos":[0,26],"cWhen":1.530010295879285e9,"tag":"Move"}

{"cXWarp":25,"cNewPos":[0,25],"cWhen":1.530010295929277e9,"tag":"Move"}

{"cXWarp":24,"cNewPos":[0,24],"cWhen":1.530010295979214e9,"tag":"Move"}

{"cXWarp":25,"cNewPos":[0,25],"cWhen":1.5300102971193984e9,"tag":"Move"}

{"cOrigin":"+input","cTo":[0,25],"cNewPos":[0,26],"cWhen":1.5300102977994654e9,"tag":"Change","cFrom":[0,25],"cText":[" "],"cRemoved":[""]}

{"cOrigin":"+input","cTo":[0,26],"cNewPos":[0,27],"cWhen":1.5300102993271546e9,"tag":"Change","cFrom":[0,26],"cText":["c"],"cRemoved":[""]}

{"cOrigin":"+input","cTo":[0,27],"cNewPos":[0,28],"cWhen":1.5300102998632214e9,"tag":"Change","cFrom":[0,27],"cText":["r"],"cRemoved":[""]}

{"cOrigin":"+input","cTo":[0,28],"cNewPos":[0,29],"cWhen":1.5300103000391905e9,"tag":"Change","cFrom":[0,28],"cText":["u"],"cRemoved":[""]}

{"cOrigin":"+input","cTo":[0,29],"cNewPos":[0,30],"cWhen":1.530010300311067e9,"tag":"Change","cFrom":[0,29],"cText":["n"],"cRemoved":[""]}

{"cOrigin":"+input","cTo":[0,30],"cNewPos":[0,31],"cWhen":1.5300103008709877e9,"tag":"Change","cFrom":[0,30],"cText":["c"],"cRemoved":[""]}

{"cOrigin":"+input","cTo":[0,31],"cNewPos":[0,32],"cWhen":1.5300103011109245e9,"tag":"Change","cFrom":[0,31],"cText":["h"],"cRemoved":[""]}

{"cOrigin":"+input","cTo":[0,32],"cNewPos":[0,33],"cWhen":1.5300103019989183e9,"tag":"Change","cFrom":[0,32],"cText":[" "],"cRemoved":[""]}

{"cWhen":1.5300103049992986e9,"tag":"Eval","cAll":true}

{"cWhen":1.5300103095330007e9,"tag":"Eval","cAll":true}

{"cWhen":1.5300103150854404e9,"tag":"Eval","cAll":true}

{"cWhen":1.5300103206589198e9,"tag":"Eval","cAll":true}

{"cWhen":1.5300103269650543e9,"tag":"Eval","cAll":true}

{"cXWarp":32,"cNewPos":[0,32],"cWhen":1.530010332431761e9,"tag":"Move"}

{"cXWarp":31,"cNewPos":[0,31],"cWhen":1.5300103324342225e9,"tag":"Move"}

{"cXWarp":30,"cNewPos":[0,30],"cWhen":1.5300103324364712e9,"tag":"Move"}

{"cXWarp":29,"cNewPos":[0,29],"cWhen":1.5300103324385417e9,"tag":"Move"}

{"cOrigin":"+delete","cTo":[0,29],"cNewPos":[0,28],"cWhen":1.53001033244064e9,"tag":"Change","cFrom":[0,28],"cText":[""],"cRemoved":["u"]}

{"cOrigin":"+delete","cTo":[0,28],"cNewPos":[0,27],"cWhen":1.530010332443164e9,"tag":"Change","cFrom":[0,27],"cText":[""],"cRemoved":["r"]}

{"cOrigin":"+delete","cTo":[0,27],"cNewPos":[0,26],"cWhen":1.5300103324458604e9,"tag":"Change","cFrom":[0,26],"cText":[""],"cRemoved":["c"]}

{"cOrigin":"+delete","cTo":[0,26],"cNewPos":[0,25],"cWhen":1.5300103324483192e9,"tag":"Change","cFrom":[0,25],"cText":[""],"cRemoved":[" "]}

{"cOrigin":"+delete","cTo":[0,25],"cNewPos":[0,24],"cWhen":1.5300103324508858e9,"tag":"Change","cFrom":[0,24],"cText":[""],"cRemoved":["3"]}

{"cOrigin":"+delete","cTo":[0,24],"cNewPos":[0,23],"cWhen":1.5300103324534488e9,"tag":"Change","cFrom":[0,23],"cText":[""],"cRemoved":[" "]}

{"cOrigin":"+delete","cTo":[0,23],"cNewPos":[0,22],"cWhen":1.5300103324560971e9,"tag":"Change","cFrom":[0,22],"cText":[""],"cRemoved":["y"]}

{"cOrigin":"+delete","cTo":[0,22],"cNewPos":[0,21],"cWhen":1.53001033245867e9,"tag":"Change","cFrom":[0,21],"cText":[""],"cRemoved":["r"]}

{"cOrigin":"+delete","cTo":[0,21],"cNewPos":[0,20],"cWhen":1.5300103324614935e9,"tag":"Change","cFrom":[0,20],"cText":[""],"cRemoved":["e"]}

{"cOrigin":"+delete","cTo":[0,20],"cNewPos":[0,19],"cWhen":1.5300103324639378e9,"tag":"Change","cFrom":[0,19],"cText":[""],"cRemoved":["v"]}

{"cOrigin":"+delete","cTo":[0,19],"cNewPos":[0,18],"cWhen":1.530010332466404e9,"tag":"Change","cFrom":[0,18],"cText":[""],"cRemoved":["e"]}

{"cXWarp":17,"cNewPos":[0,17],"cWhen":1.5300103324688017e9,"tag":"Move"}

{"cXWarp":16,"cNewPos":[0,16],"cWhen":1.5300103324710028e9,"tag":"Move"}

{"cXWarp":15,"cNewPos":[0,15],"cWhen":1.5300103324730701e9,"tag":"Move"}

{"cXWarp":14,"cNewPos":[0,14],"cWhen":1.5300103324754312e9,"tag":"Move"}

{"cXWarp":13,"cNewPos":[0,13],"cWhen":1.5300103324774568e9,"tag":"Move"}

{"cXWarp":12,"cNewPos":[0,12],"cWhen":1.530010332480299e9,"tag":"Move"}

{"cXWarp":11,"cNewPos":[0,11],"cWhen":1.5300103324826262e9,"tag":"Move"}

{"cXWarp":10,"cNewPos":[0,10],"cWhen":1.5300103324848516e9,"tag":"Move"}

{"cXWarp":9,"cNewPos":[0,9],"cWhen":1.530010332486865e9,"tag":"Move"}

{"cXWarp":8,"cNewPos":[0,8],"cWhen":1.5300103324892821e9,"tag":"Move"}

{"cXWarp":7,"cNewPos":[0,7],"cWhen":1.5300103324913702e9,"tag":"Move"}

{"cXWarp":6,"cNewPos":[0,6],"cWhen":1.5300103324934397e9,"tag":"Move"}

{"cXWarp":5,"cNewPos":[0,5],"cWhen":1.5300103324954245e9,"tag":"Move"}

{"cXWarp":4,"cNewPos":[0,4],"cWhen":1.530010332497417e9,"tag":"Move"}

{"cXWarp":3,"cNewPos":[0,3],"cWhen":1.5300103324995573e9,"tag":"Move"}

{"cXWarp":2,"cNewPos":[0,2],"cWhen":1.5300103325016603e9,"tag":"Move"}

{"cXWarp":3,"cNewPos":[0,3],"cWhen":1.5300103366258154e9,"tag":"Move"}

{"cXWarp":4,"cNewPos":[0,4],"cWhen":1.5300103368497784e9,"tag":"Move"}

{"cXWarp":5,"cNewPos":[0,5],"cWhen":1.5300103371537488e9,"tag":"Move"}

{"cXWarp":6,"cNewPos":[0,6],"cWhen":1.5300103373378196e9,"tag":"Move"}

{"cXWarp":7,"cNewPos":[0,7],"cWhen":1.5300103375298028e9,"tag":"Move"}

{"cXWarp":8,"cNewPos":[0,8],"cWhen":1.5300103377892256e9,"tag":"Move"}

{"cXWarp":9,"cNewPos":[0,9],"cWhen":1.5300103378392336e9,"tag":"Move"}

{"cXWarp":10,"cNewPos":[0,10],"cWhen":1.530010337889263e9,"tag":"Move"}

{"cXWarp":11,"cNewPos":[0,11],"cWhen":1.530010337939234e9,"tag":"Move"}

{"cXWarp":12,"cNewPos":[0,12],"cWhen":1.5300103379992185e9,"tag":"Move"}

{"cXWarp":13,"cNewPos":[0,13],"cWhen":1.5300103380492516e9,"tag":"Move"}

{"cXWarp":14,"cNewPos":[0,14],"cWhen":1.5300103380992508e9,"tag":"Move"}

{"cXWarp":15,"cNewPos":[0,15],"cWhen":1.5300103381492255e9,"tag":"Move"}

{"cXWarp":16,"cNewPos":[0,16],"cWhen":1.5300103382092419e9,"tag":"Move"}

{"cXWarp":17,"cNewPos":[0,17],"cWhen":1.530010338259238e9,"tag":"Move"}

{"cXWarp":18,"cNewPos":[0,18],"cWhen":1.5300103385055532e9,"tag":"Move"}

{"cXWarp":19,"cNewPos":[0,19],"cWhen":1.5300103387055469e9,"tag":"Move"}

{"cXWarp":20,"cNewPos":[0,20],"cWhen":1.530010338905483e9,"tag":"Move"}

{"cOrigin":"+delete","cTo":[0,20],"cNewPos":[0,19],"cWhen":1.5300103402492914e9,"tag":"Change","cFrom":[0,19],"cText":[""],"cRemoved":["c"]}

{"cOrigin":"+delete","cTo":[0,19],"cNewPos":[0,18],"cWhen":1.5300103404492838e9,"tag":"Change","cFrom":[0,18],"cText":[""],"cRemoved":["n"]}

{"cOrigin":"+delete","cTo":[0,18],"cNewPos":[0,17],"cWhen":1.5300103408732998e9,"tag":"Change","cFrom":[0,17],"cText":[""],"cRemoved":[" "]}

{"cOrigin":"+delete","cTo":[0,17],"cNewPos":[0,16],"cWhen":1.5300103423290298e9,"tag":"Change","cFrom":[0,16],"cText":[""],"cRemoved":["$"]}

{"cOrigin":"+delete","cTo":[0,16],"cNewPos":[0,15],"cWhen":1.5300103440967457e9,"tag":"Change","cFrom":[0,15],"cText":[""],"cRemoved":[" "]}

{"cXWarp":16,"cNewPos":[0,16],"cWhen":1.530010346024609e9,"tag":"Move"}

{"cXWarp":17,"cNewPos":[0,17],"cWhen":1.5300103462884462e9,"tag":"Move"}

{"cOrigin":"+delete","cTo":[0,17],"cNewPos":[0,16],"cWhen":1.5300103483602664e9,"tag":"Change","cFrom":[0,16],"cText":[""],"cRemoved":[" "]}

{"cOrigin":"+delete","cTo":[0,16],"cNewPos":[0,15],"cWhen":1.530010348576115e9,"tag":"Change","cFrom":[0,15],"cText":[""],"cRemoved":["h"]}

{"cOrigin":"+delete","cTo":[0,15],"cNewPos":[0,14],"cWhen":1.5300103491360295e9,"tag":"Change","cFrom":[0,14],"cText":[""],"cRemoved":["h"]}

{"cOrigin":"+input","cTo":[0,14],"cNewPos":[0,15],"cWhen":1.5300103513438323e9,"tag":"Change","cFrom":[0,14],"cText":["h"],"cRemoved":[""]}

{"cOrigin":"+input","cTo":[0,15],"cNewPos":[0,16],"cWhen":1.5300103517598925e9,"tag":"Change","cFrom":[0,15],"cText":[" "],"cRemoved":[""]}

{"cOrigin":"+input","cTo":[0,16],"cNewPos":[0,17],"cWhen":1.5300103544795034e9,"tag":"Change","cFrom":[0,16],"cText":["$"],"cRemoved":[""]}

{"cOrigin":"+input","cTo":[0,17],"cNewPos":[0,18],"cWhen":1.5300103550633094e9,"tag":"Change","cFrom":[0,17],"cText":[" "],"cRemoved":[""]}

{"cOrigin":"+input","cTo":[0,18],"cNewPos":[0,19],"cWhen":1.530010357151029e9,"tag":"Change","cFrom":[0,18],"cText":["f"],"cRemoved":[""]}

{"cOrigin":"+input","cTo":[0,19],"cNewPos":[0,20],"cWhen":1.5300103576150525e9,"tag":"Change","cFrom":[0,19],"cText":["a"],"cRemoved":[""]}

{"cOrigin":"+input","cTo":[0,20],"cNewPos":[0,21],"cWhen":1.5300103578470178e9,"tag":"Change","cFrom":[0,20],"cText":["s"],"cRemoved":[""]}

{"cOrigin":"+input","cTo":[0,21],"cNewPos":[0,22],"cWhen":1.5300103584468827e9,"tag":"Change","cFrom":[0,21],"cText":["t"],"cRemoved":[""]}

{"cOrigin":"+input","cTo":[0,22],"cNewPos":[0,23],"cWhen":1.5300103586548803e9,"tag":"Change","cFrom":[0,22],"cText":["e"],"cRemoved":[""]}

{"cOrigin":"+input","cTo":[0,23],"cNewPos":[0,24],"cWhen":1.5300103587508643e9,"tag":"Change","cFrom":[0,23],"cText":["r"],"cRemoved":[""]}

{"cXWarp":25,"cNewPos":[0,25],"cWhen":1.5300103602544775e9,"tag":"Move"}

{"cXWarp":26,"cNewPos":[0,26],"cWhen":1.5300103605092351e9,"tag":"Move"}

{"cXWarp":27,"cNewPos":[0,27],"cWhen":1.5300103605592377e9,"tag":"Move"}

{"cXWarp":28,"cNewPos":[0,28],"cWhen":1.5300103606092358e9,"tag":"Move"}

{"cXWarp":29,"cNewPos":[0,29],"cWhen":1.5300103606592205e9,"tag":"Move"}

{"cXWarp":30,"cNewPos":[0,30],"cWhen":1.5300103607092068e9,"tag":"Move"}

{"cXWarp":31,"cNewPos":[0,31],"cWhen":1.5300103607592366e9,"tag":"Move"}

{"cXWarp":32,"cNewPos":[0,32],"cWhen":1.5300103608092184e9,"tag":"Move"}

{"cXWarp":33,"cNewPos":[0,33],"cWhen":1.530010360859289e9,"tag":"Move"}

{"cXWarp":34,"cNewPos":[0,34],"cWhen":1.5300103609092703e9,"tag":"Move"}

{"cXWarp":35,"cNewPos":[0,35],"cWhen":1.5300103609592092e9,"tag":"Move"}

{"cXWarp":36,"cNewPos":[0,36],"cWhen":1.5300103610092134e9,"tag":"Move"}

{"cXWarp":37,"cNewPos":[0,37],"cWhen":1.5300103610592947e9,"tag":"Move"}

{"cXWarp":38,"cNewPos":[0,38],"cWhen":1.530010361109278e9,"tag":"Move"}

{"cXWarp":39,"cNewPos":[0,39],"cWhen":1.5300103611592665e9,"tag":"Move"}

{"cXWarp":40,"cNewPos":[0,40],"cWhen":1.530010361209273e9,"tag":"Move"}

{"cXWarp":41,"cNewPos":[0,41],"cWhen":1.5300103612592523e9,"tag":"Move"}

{"cXWarp":42,"cNewPos":[0,42],"cWhen":1.5300103613092456e9,"tag":"Move"}

{"cXWarp":43,"cNewPos":[0,43],"cWhen":1.5300103613592558e9,"tag":"Move"}

{"cXWarp":44,"cNewPos":[0,44],"cWhen":1.5300103617263849e9,"tag":"Move"}

{"cXWarp":45,"cNewPos":[0,45],"cWhen":1.5300103619743915e9,"tag":"Move"}

{"cXWarp":44,"cNewPos":[0,44],"cWhen":1.5300103635821347e9,"tag":"Move"}

{"cOrigin":"+delete","cTo":[0,44],"cNewPos":[0,43],"cWhen":1.5300103647978523e9,"tag":"Change","cFrom":[0,43],"cText":[""],"cRemoved":["*"]}

{"cOrigin":"+input","cTo":[0,43],"cNewPos":[0,44],"cWhen":1.5300103702932394e9,"tag":"Change","cFrom":[0,43],"cText":["*"],"cRemoved":[""]}

{"cXWarp":45,"cNewPos":[0,45],"cWhen":1.5300103720528293e9,"tag":"Move"}

{"cOrigin":"+delete","cTo":[0,45],"cNewPos":[0,44],"cWhen":1.5300103746125546e9,"tag":"Change","cFrom":[0,44],"cText":[""],"cRemoved":["2"]}

{"cXWarp":45,"cNewPos":[0,45],"cWhen":1.5300103755884259e9,"tag":"Move"}

{"cOrigin":"+delete","cTo":[0,45],"cNewPos":[0,44],"cWhen":1.5300103768762324e9,"tag":"Change","cFrom":[0,44],"cText":[""],"cRemoved":["5"]}

{"cOrigin":"+input","cTo":[0,44],"cNewPos":[0,45],"cWhen":1.5300103791398823e9,"tag":"Change","cFrom":[0,44],"cText":["4"],"cRemoved":[""]}

{"cOrigin":"+input","cTo":[0,45],"cNewPos":[1,0],"cWhen":1.5300103848112698e9,"tag":"Change","cFrom":[0,45],"cText":["",""],"cRemoved":[""]}

{"cOrigin":"+delete","cTo":[1,0],"cNewPos":[0,45],"cWhen":1.5300103882026503e9,"tag":"Change","cFrom":[0,45],"cText":[""],"cRemoved":["",""]}

{"cWhen":1.5300103914591527e9,"tag":"Eval","cAll":true}

{"cOrigin":"+delete","cTo":[0,45],"cNewPos":[0,44],"cWhen":1.5300104136549845e9,"tag":"Change","cFrom":[0,44],"cText":[""],"cRemoved":["4"]}

{"cOrigin":"+delete","cTo":[0,44],"cNewPos":[0,43],"cWhen":1.5300104142147822e9,"tag":"Change","cFrom":[0,43],"cText":[""],"cRemoved":["*"]}

{"cWhen":1.530010417663462e9,"tag":"Eval","cAll":true}

{"cWhen":1.5300104206469533e9,"tag":"Eval","cAll":true}

{"cXWarp":42,"cNewPos":[0,42],"cWhen":1.5300104296687567e9,"tag":"Move"}

{"cXWarp":41,"cNewPos":[0,41],"cWhen":1.5300104299192894e9,"tag":"Move"}

{"cXWarp":40,"cNewPos":[0,40],"cWhen":1.530010429969223e9,"tag":"Move"}

{"cXWarp":39,"cNewPos":[0,39],"cWhen":1.530010430019212e9,"tag":"Move"}

{"cXWarp":38,"cNewPos":[0,38],"cWhen":1.530010430079182e9,"tag":"Move"}

{"cXWarp":37,"cNewPos":[0,37],"cWhen":1.5300104301292195e9,"tag":"Move"}

{"cXWarp":36,"cNewPos":[0,36],"cWhen":1.5300104301792152e9,"tag":"Move"}

{"cXWarp":35,"cNewPos":[0,35],"cWhen":1.5300104302292054e9,"tag":"Move"}

{"cXWarp":34,"cNewPos":[0,34],"cWhen":1.5300104302892013e9,"tag":"Move"}

{"cXWarp":33,"cNewPos":[0,33],"cWhen":1.5300104303392162e9,"tag":"Move"}

{"cXWarp":32,"cNewPos":[0,32],"cWhen":1.5300104303892121e9,"tag":"Move"}

{"cXWarp":31,"cNewPos":[0,31],"cWhen":1.5300104304392004e9,"tag":"Move"}

{"cXWarp":30,"cNewPos":[0,30],"cWhen":1.530010430499188e9,"tag":"Move"}

{"cXWarp":29,"cNewPos":[0,29],"cWhen":1.530010430549216e9,"tag":"Move"}

{"cXWarp":28,"cNewPos":[0,28],"cWhen":1.5300104305992143e9,"tag":"Move"}

{"cXWarp":27,"cNewPos":[0,27],"cWhen":1.5300104306591845e9,"tag":"Move"}

{"cXWarp":26,"cNewPos":[0,26],"cWhen":1.5300104307092159e9,"tag":"Move"}

{"cXWarp":25,"cNewPos":[0,25],"cWhen":1.5300104307592463e9,"tag":"Move"}

{"cXWarp":24,"cNewPos":[0,24],"cWhen":1.5300104308092294e9,"tag":"Move"}

{"cXWarp":23,"cNewPos":[0,23],"cWhen":1.530010430859231e9,"tag":"Move"}

{"cXWarp":22,"cNewPos":[0,22],"cWhen":1.5300104309192395e9,"tag":"Move"}

{"cXWarp":21,"cNewPos":[0,21],"cWhen":1.530010430969247e9,"tag":"Move"}

{"cXWarp":20,"cNewPos":[0,20],"cWhen":1.5300104310292013e9,"tag":"Move"}

{"cXWarp":19,"cNewPos":[0,19],"cWhen":1.5300104310792227e9,"tag":"Move"}

{"cXWarp":18,"cNewPos":[0,18],"cWhen":1.5300104311292326e9,"tag":"Move"}

{"cXWarp":17,"cNewPos":[0,17],"cWhen":1.5300104311792324e9,"tag":"Move"}

{"cXWarp":16,"cNewPos":[0,16],"cWhen":1.5300104312292538e9,"tag":"Move"}

{"cXWarp":15,"cNewPos":[0,15],"cWhen":1.530010431289392e9,"tag":"Move"}

{"cXWarp":14,"cNewPos":[0,14],"cWhen":1.5300104313392212e9,"tag":"Move"}

{"cXWarp":13,"cNewPos":[0,13],"cWhen":1.5300104313892326e9,"tag":"Move"}

{"cXWarp":12,"cNewPos":[0,12],"cWhen":1.530010431441214e9,"tag":"Move"}

{"cXWarp":11,"cNewPos":[0,11],"cWhen":1.5300104314892223e9,"tag":"Move"}

{"cXWarp":10,"cNewPos":[0,10],"cWhen":1.5300104318043833e9,"tag":"Move"}

{"cXWarp":9,"cNewPos":[0,9],"cWhen":1.5300104320523503e9,"tag":"Move"}

{"cXWarp":8,"cNewPos":[0,8],"cWhen":1.5300104322296362e9,"tag":"Move"}

{"cXWarp":7,"cNewPos":[0,7],"cWhen":1.530010432412173e9,"tag":"Move"}

{"cXWarp":6,"cNewPos":[0,6],"cWhen":1.5300104328523448e9,"tag":"Move"}

{"cOrigin":"+delete","cTo":[0,6],"cNewPos":[0,5],"cWhen":1.5300104336441762e9,"tag":"Change","cFrom":[0,5],"cText":[""],"cRemoved":[" "]}

{"cOrigin":"+delete","cTo":[0,5],"cNewPos":[0,4],"cWhen":1.5300104338200738e9,"tag":"Change","cFrom":[0,4],"cText":[""],"cRemoved":["y"]}

{"cOrigin":"+delete","cTo":[0,4],"cNewPos":[0,3],"cWhen":1.5300104339880362e9,"tag":"Change","cFrom":[0,3],"cText":[""],"cRemoved":["r"]}

{"cOrigin":"+delete","cTo":[0,3],"cNewPos":[0,2],"cWhen":1.530010434220126e9,"tag":"Change","cFrom":[0,2],"cText":[""],"cRemoved":["e"]}

{"cOrigin":"+delete","cTo":[0,2],"cNewPos":[0,1],"cWhen":1.5300104344999068e9,"tag":"Change","cFrom":[0,1],"cText":[""],"cRemoved":["v"]}

{"cOrigin":"+delete","cTo":[0,1],"cNewPos":[0,0],"cWhen":1.5300104346999285e9,"tag":"Change","cFrom":[0,0],"cText":[""],"cRemoved":["e"]}

{"cXWarp":1,"cNewPos":[0,1],"cWhen":1.5300104363717325e9,"tag":"Move"}

{"cOrigin":"+delete","cTo":[0,1],"cNewPos":[0,0],"cWhen":1.5300104374332964e9,"tag":"Change","cFrom":[0,0],"cText":[""],"cRemoved":["3"]}

{"cWhen":1.5300104408123384e9,"tag":"Eval","cAll":true}

{"cXWarp":1,"cNewPos":[0,1],"cWhen":1.5300104517456565e9,"tag":"Move"}

{"cXWarp":2,"cNewPos":[0,2],"cWhen":1.5300104519992542e9,"tag":"Move"}

{"cXWarp":3,"cNewPos":[0,3],"cWhen":1.5300104520492582e9,"tag":"Move"}

{"cXWarp":4,"cNewPos":[0,4],"cWhen":1.5300104520992842e9,"tag":"Move"}

{"cXWarp":5,"cNewPos":[0,5],"cWhen":1.53001045214923e9,"tag":"Move"}

{"cXWarp":6,"cNewPos":[0,6],"cWhen":1.5300104521992252e9,"tag":"Move"}

{"cXWarp":7,"cNewPos":[0,7],"cWhen":1.530010452249258e9,"tag":"Move"}

{"cXWarp":8,"cNewPos":[0,8],"cWhen":1.5300104522992318e9,"tag":"Move"}

{"cXWarp":9,"cNewPos":[0,9],"cWhen":1.5300104523495e9,"tag":"Move"}

{"cXWarp":10,"cNewPos":[0,10],"cWhen":1.5300104525375311e9,"tag":"Move"}

{"cXWarp":11,"cNewPos":[0,11],"cWhen":1.5300104527534883e9,"tag":"Move"}

{"cXWarp":12,"cNewPos":[0,12],"cWhen":1.530010452953429e9,"tag":"Move"}

{"cXWarp":13,"cNewPos":[0,13],"cWhen":1.5300104531453595e9,"tag":"Move"}

{"cXWarp":14,"cNewPos":[0,14],"cWhen":1.5300104532893376e9,"tag":"Move"}

{"cXWarp":15,"cNewPos":[0,15],"cWhen":1.530010453521294e9,"tag":"Move"}

{"cXWarp":16,"cNewPos":[0,16],"cWhen":1.5300104540893626e9,"tag":"Move"}

{"cOrigin":"+delete","cTo":[0,16],"cNewPos":[0,15],"cWhen":1.5300104545931287e9,"tag":"Change","cFrom":[0,15],"cText":[""],"cRemoved":["e"]}

{"cOrigin":"+delete","cTo":[0,15],"cNewPos":[0,14],"cWhen":1.5300104548492186e9,"tag":"Change","cFrom":[0,14],"cText":[""],"cRemoved":["t"]}

{"cOrigin":"+delete","cTo":[0,14],"cNewPos":[0,13],"cWhen":1.5300104549450471e9,"tag":"Change","cFrom":[0,13],"cText":[""],"cRemoved":["s"]}

{"cOrigin":"+delete","cTo":[0,13],"cNewPos":[0,12],"cWhen":1.5300104551086473e9,"tag":"Change","cFrom":[0,12],"cText":[""],"cRemoved":["a"]}

{"cOrigin":"+delete","cTo":[0,12],"cNewPos":[0,11],"cWhen":1.5300104552730436e9,"tag":"Change","cFrom":[0,11],"cText":[""],"cRemoved":["f"]}

{"cOrigin":"+delete","cTo":[0,11],"cNewPos":[0,10],"cWhen":1.5300104555000918e9,"tag":"Change","cFrom":[0,10],"cText":[""],"cRemoved":[" "]}

{"cOrigin":"+delete","cTo":[0,10],"cNewPos":[0,9],"cWhen":1.5300104556569757e9,"tag":"Change","cFrom":[0,9],"cText":[""],"cRemoved":["$"]}

{"cXWarp":10,"cNewPos":[0,10],"cWhen":1.5300104651244428e9,"tag":"Move"}

{"cOrigin":"+delete","cTo":[0,10],"cNewPos":[0,9],"cWhen":1.5300104662748322e9,"tag":"Change","cFrom":[0,9],"cText":[""],"cRemoved":["r"]}

{"cWhen":1.5300104715440044e9,"tag":"Eval","cAll":true}

{"cOrigin":"+input","cTo":[0,9],"cNewPos":[0,10],"cWhen":1.5300104777579446e9,"tag":"Change","cFrom":[0,9],"cText":[" "],"cRemoved":[""]}

{"cOrigin":"+delete","cTo":[0,10],"cNewPos":[0,9],"cWhen":1.5300104797103815e9,"tag":"Change","cFrom":[0,9],"cText":[""],"cRemoved":[" "]}

{"cXWarp":10,"cNewPos":[0,10],"cWhen":1.5300104864535675e9,"tag":"Move"}

{"cXWarp":11,"cNewPos":[0,11],"cWhen":1.5300104865405638e9,"tag":"Move"}

{"cXWarp":12,"cNewPos":[0,12],"cWhen":1.5300104867726655e9,"tag":"Move"}

{"cXWarp":13,"cNewPos":[0,13],"cWhen":1.5300104869246855e9,"tag":"Move"}

{"cXWarp":14,"cNewPos":[0,14],"cWhen":1.5300104871792111e9,"tag":"Move"}

{"cXWarp":15,"cNewPos":[0,15],"cWhen":1.5300104875884433e9,"tag":"Move"}

{"cOrigin":"+delete","cTo":[0,15],"cNewPos":[0,14],"cWhen":1.5300104892441988e9,"tag":"Change","cFrom":[0,14],"cText":[""],"cRemoved":["h"]}

{"cOrigin":"+delete","cTo":[0,14],"cNewPos":[0,13],"cWhen":1.5300104895002134e9,"tag":"Change","cFrom":[0,13],"cText":[""],"cRemoved":[" "]}

{"cXWarp":14,"cNewPos":[0,14],"cWhen":1.53001049111597e9,"tag":"Move"}

{"cOrigin":"+delete","cTo":[0,14],"cNewPos":[0,13],"cWhen":1.5300104915720093e9,"tag":"Change","cFrom":[0,13],"cText":[""],"cRemoved":["i"]}

{"cXWarp":14,"cNewPos":[0,14],"cWhen":1.5300104937396908e9,"tag":"Move"}

{"cXWarp":15,"cNewPos":[0,15],"cWhen":1.5300104940115662e9,"tag":"Move"}

{"cXWarp":16,"cNewPos":[0,16],"cWhen":1.5300104942792566e9,"tag":"Move"}

{"cXWarp":17,"cNewPos":[0,17],"cWhen":1.5300104943348165e9,"tag":"Move"}

{"cXWarp":18,"cNewPos":[0,18],"cWhen":1.5300104943792489e9,"tag":"Move"}

{"cXWarp":19,"cNewPos":[0,19],"cWhen":1.5300104944392457e9,"tag":"Move"}

{"cXWarp":20,"cNewPos":[0,20],"cWhen":1.5300104944892857e9,"tag":"Move"}

{"cXWarp":21,"cNewPos":[0,21],"cWhen":1.5300104945392368e9,"tag":"Move"}

{"cXWarp":22,"cNewPos":[0,22],"cWhen":1.5300104945892277e9,"tag":"Move"}

{"cXWarp":23,"cNewPos":[0,23],"cWhen":1.5300104946392288e9,"tag":"Move"}

{"cOrigin":"+delete","cTo":[0,23],"cNewPos":[0,22],"cWhen":1.5300104966113188e9,"tag":"Change","cFrom":[0,22],"cText":[""],"cRemoved":[" "]}

{"cOrigin":"+delete","cTo":[0,22],"cNewPos":[0,21],"cWhen":1.5300104968831437e9,"tag":"Change","cFrom":[0,21],"cText":[""],"cRemoved":["o"]}

{"cOrigin":"+delete","cTo":[0,21],"cNewPos":[0,20],"cWhen":1.530010497547038e9,"tag":"Change","cFrom":[0,20],"cText":[""],"cRemoved":["l"]}

{"cWhen":1.5300105018997147e9,"tag":"Eval","cAll":true}

{"cXWarp":21,"cNewPos":[0,21],"cWhen":1.5300105112412183e9,"tag":"Move"}

{"cXWarp":22,"cNewPos":[0,22],"cWhen":1.5300105116570103e9,"tag":"Move"}

{"cOrigin":"+input","cTo":[0,22],"cNewPos":[0,23],"cWhen":1.5300105126651492e9,"tag":"Change","cFrom":[0,22],"cText":[" "],"cRemoved":[""]}

{"cXWarp":22,"cNewPos":[0,22],"cWhen":1.5300105137128162e9,"tag":"Move"}

{"cOrigin":"+input","cTo":[0,22],"cNewPos":[0,23],"cWhen":1.5300105151367192e9,"tag":"Change","cFrom":[0,22],"cText":[" "],"cRemoved":[""]}

{"cOrigin":"+input","cTo":[0,23],"cNewPos":[0,24],"cWhen":1.530010516696466e9,"tag":"Change","cFrom":[0,23],"cText":["l"],"cRemoved":[""]}

{"cOrigin":"+input","cTo":[0,24],"cNewPos":[0,25],"cWhen":1.5300105167684736e9,"tag":"Change","cFrom":[0,24],"cText":["o"],"cRemoved":[""]}

{"cOrigin":"+input","cTo":[0,25],"cNewPos":[0,26],"cWhen":1.53001051833636e9,"tag":"Change","cFrom":[0,25],"cText":[" "],"cRemoved":[""]}

{"cOrigin":"+input","cTo":[0,26],"cNewPos":[0,27],"cWhen":1.530010518712304e9,"tag":"Change","cFrom":[0,26],"cText":["l"],"cRemoved":[""]}

{"cOrigin":"+input","cTo":[0,27],"cNewPos":[0,28],"cWhen":1.530010518904255e9,"tag":"Change","cFrom":[0,27],"cText":["o"],"cRemoved":[""]}

{"cOrigin":"+input","cTo":[0,28],"cNewPos":[0,29],"cWhen":1.5300105193041427e9,"tag":"Change","cFrom":[0,28],"cText":[" "],"cRemoved":[""]}

{"cOrigin":"+input","cTo":[0,29],"cNewPos":[0,30],"cWhen":1.5300105204559278e9,"tag":"Change","cFrom":[0,29],"cText":["h"],"cRemoved":[""]}

{"cOrigin":"+input","cTo":[0,30],"cNewPos":[0,31],"cWhen":1.53001052064787e9,"tag":"Change","cFrom":[0,30],"cText":["i"],"cRemoved":[""]}

{"cOrigin":"+input","cTo":[0,31],"cNewPos":[0,32],"cWhen":1.5300105210399508e9,"tag":"Change","cFrom":[0,31],"cText":[" "],"cRemoved":[""]}

{"cOrigin":"+input","cTo":[0,32],"cNewPos":[0,33],"cWhen":1.5300105213598566e9,"tag":"Change","cFrom":[0,32],"cText":["h"],"cRemoved":[""]}

{"cOrigin":"+input","cTo":[0,33],"cNewPos":[0,34],"cWhen":1.5300105215197136e9,"tag":"Change","cFrom":[0,33],"cText":["i"],"cRemoved":[""]}

{"cWhen":1.530010535022799e9,"tag":"Eval","cAll":true}

{"cOrigin":"+delete","cTo":[0,34],"cNewPos":[0,33],"cWhen":1.5300105535791976e9,"tag":"Change","cFrom":[0,33],"cText":[""],"cRemoved":["i"]}

{"cOrigin":"+delete","cTo":[0,33],"cNewPos":[0,32],"cWhen":1.5300105538292816e9,"tag":"Change","cFrom":[0,32],"cText":[""],"cRemoved":["h"]}

{"cOrigin":"+delete","cTo":[0,32],"cNewPos":[0,31],"cWhen":1.5300105538792493e9,"tag":"Change","cFrom":[0,31],"cText":[""],"cRemoved":[" "]}

{"cOrigin":"+delete","cTo":[0,31],"cNewPos":[0,30],"cWhen":1.5300105539292247e9,"tag":"Change","cFrom":[0,30],"cText":[""],"cRemoved":["i"]}

{"cOrigin":"+delete","cTo":[0,30],"cNewPos":[0,29],"cWhen":1.530010553989224e9,"tag":"Change","cFrom":[0,29],"cText":[""],"cRemoved":["h"]}

{"cOrigin":"+delete","cTo":[0,29],"cNewPos":[0,28],"cWhen":1.5300105540392628e9,"tag":"Change","cFrom":[0,28],"cText":[""],"cRemoved":[" "]}

{"cOrigin":"+delete","cTo":[0,28],"cNewPos":[0,27],"cWhen":1.5300105540892558e9,"tag":"Change","cFrom":[0,27],"cText":[""],"cRemoved":["o"]}

{"cOrigin":"+delete","cTo":[0,27],"cNewPos":[0,26],"cWhen":1.5300105541523468e9,"tag":"Change","cFrom":[0,26],"cText":[""],"cRemoved":["l"]}

{"cOrigin":"+delete","cTo":[0,26],"cNewPos":[0,25],"cWhen":1.530010554199246e9,"tag":"Change","cFrom":[0,25],"cText":[""],"cRemoved":[" "]}

{"cOrigin":"+delete","cTo":[0,25],"cNewPos":[0,24],"cWhen":1.5300105542492561e9,"tag":"Change","cFrom":[0,24],"cText":[""],"cRemoved":["o"]}

{"cOrigin":"+delete","cTo":[0,24],"cNewPos":[0,23],"cWhen":1.530010554299238e9,"tag":"Change","cFrom":[0,23],"cText":[""],"cRemoved":["l"]}

{"cOrigin":"+delete","cTo":[0,23],"cNewPos":[0,22],"cWhen":1.5300105543492422e9,"tag":"Change","cFrom":[0,22],"cText":[""],"cRemoved":[" "]}

{"cOrigin":"+delete","cTo":[0,22],"cNewPos":[0,21],"cWhen":1.5300105544092753e9,"tag":"Change","cFrom":[0,21],"cText":[""],"cRemoved":["i"]}

{"cOrigin":"+delete","cTo":[0,21],"cNewPos":[0,20],"cWhen":1.530010554459255e9,"tag":"Change","cFrom":[0,20],"cText":[""],"cRemoved":["h"]}

{"cOrigin":"+input","cTo":[0,20],"cNewPos":[0,21],"cWhen":1.5300105570508804e9,"tag":"Change","cFrom":[0,20],"cText":["h"],"cRemoved":[""]}

{"cOrigin":"+input","cTo":[0,21],"cNewPos":[0,22],"cWhen":1.530010557194927e9,"tag":"Change","cFrom":[0,21],"cText":["i"],"cRemoved":[""]}

{"cOrigin":"+input","cTo":[0,22],"cNewPos":[0,23],"cWhen":1.5300105574428618e9,"tag":"Change","cFrom":[0,22],"cText":[" "],"cRemoved":[""]}

{"cOrigin":"+input","cTo":[0,23],"cNewPos":[0,24],"cWhen":1.53001055829076e9,"tag":"Change","cFrom":[0,23],"cText":["l"],"cRemoved":[""]}

{"cOrigin":"+input","cTo":[0,24],"cNewPos":[0,25],"cWhen":1.5300105585068874e9,"tag":"Change","cFrom":[0,24],"cText":["o"],"cRemoved":[""]}

{"cOrigin":"+input","cTo":[0,25],"cNewPos":[0,26],"cWhen":1.5300105594664202e9,"tag":"Change","cFrom":[0,25],"cText":[" "],"cRemoved":[""]}

{"cOrigin":"+input","cTo":[0,26],"cNewPos":[0,27],"cWhen":1.530010560762338e9,"tag":"Change","cFrom":[0,26],"cText":["l"],"cRemoved":[""]}

{"cOrigin":"+input","cTo":[0,27],"cNewPos":[0,28],"cWhen":1.5300105611383114e9,"tag":"Change","cFrom":[0,27],"cText":["o"],"cRemoved":[""]}

{"cOrigin":"+input","cTo":[0,28],"cNewPos":[0,29],"cWhen":1.5300105620501938e9,"tag":"Change","cFrom":[0,28],"cText":[" "],"cRemoved":[""]}

{"cOrigin":"+input","cTo":[0,29],"cNewPos":[0,30],"cWhen":1.5300105625948508e9,"tag":"Change","cFrom":[0,29],"cText":["h"],"cRemoved":[""]}

{"cOrigin":"+input","cTo":[0,30],"cNewPos":[0,31],"cWhen":1.5300105627459834e9,"tag":"Change","cFrom":[0,30],"cText":["i"],"cRemoved":[""]}

{"cOrigin":"+input","cTo":[0,31],"cNewPos":[0,32],"cWhen":1.5300105632498908e9,"tag":"Change","cFrom":[0,31],"cText":[" "],"cRemoved":[""]}

{"cOrigin":"+input","cTo":[0,32],"cNewPos":[0,33],"cWhen":1.5300105634820166e9,"tag":"Change","cFrom":[0,32],"cText":["h"],"cRemoved":[""]}

{"cOrigin":"+input","cTo":[0,33],"cNewPos":[0,34],"cWhen":1.5300105636258292e9,"tag":"Change","cFrom":[0,33],"cText":["i"],"cRemoved":[""]}

{"cOrigin":"+input","cTo":[0,34],"cNewPos":[0,35],"cWhen":1.5300105639298236e9,"tag":"Change","cFrom":[0,34],"cText":[" "],"cRemoved":[""]}

{"cOrigin":"+delete","cTo":[0,35],"cNewPos":[0,34],"cWhen":1.5300105654254582e9,"tag":"Change","cFrom":[0,34],"cText":[""],"cRemoved":[" "]}

{"cOrigin":"+delete","cTo":[0,34],"cNewPos":[0,33],"cWhen":1.530010567537284e9,"tag":"Change","cFrom":[0,33],"cText":[""],"cRemoved":["i"]}

{"cOrigin":"+input","cTo":[0,33],"cNewPos":[0,34],"cWhen":1.5300105691612012e9,"tag":"Change","cFrom":[0,33],"cText":["i"],"cRemoved":[""]}

{"cXWarp":35,"cNewPos":[0,35],"cWhen":1.5300105697768803e9,"tag":"Move"}

{"cOrigin":"+delete","cTo":[0,35],"cNewPos":[0,34],"cWhen":1.5300105711688068e9,"tag":"Change","cFrom":[0,34],"cText":[""],"cRemoved":[" "]}

{"cXWarp":33,"cNewPos":[0,33],"cWhen":1.5300105742002826e9,"tag":"Move"}

{"cXWarp":32,"cNewPos":[0,32],"cWhen":1.5300105744592485e9,"tag":"Move"}

{"cXWarp":31,"cNewPos":[0,31],"cWhen":1.5300105745221798e9,"tag":"Move"}

{"cXWarp":30,"cNewPos":[0,30],"cWhen":1.530010574569255e9,"tag":"Move"}

{"cXWarp":29,"cNewPos":[0,29],"cWhen":1.530010574629233e9,"tag":"Move"}

{"cXWarp":28,"cNewPos":[0,28],"cWhen":1.5300105746792443e9,"tag":"Move"}

{"cXWarp":27,"cNewPos":[0,27],"cWhen":1.530010574729276e9,"tag":"Move"}

{"cXWarp":26,"cNewPos":[0,26],"cWhen":1.5300105747792456e9,"tag":"Move"}

{"cXWarp":25,"cNewPos":[0,25],"cWhen":1.5300105748392394e9,"tag":"Move"}

{"cXWarp":24,"cNewPos":[0,24],"cWhen":1.5300105748892446e9,"tag":"Move"}

{"cXWarp":23,"cNewPos":[0,23],"cWhen":1.5300105749392548e9,"tag":"Move"}

{"cXWarp":22,"cNewPos":[0,22],"cWhen":1.5300105749892375e9,"tag":"Move"}

{"cXWarp":21,"cNewPos":[0,21],"cWhen":1.5300105750392587e9,"tag":"Move"}

{"cXWarp":20,"cNewPos":[0,20],"cWhen":1.5300105750892327e9,"tag":"Move"}

{"cXWarp":19,"cNewPos":[0,19],"cWhen":1.5300105751392565e9,"tag":"Move"}

{"cXWarp":18,"cNewPos":[0,18],"cWhen":1.530010575189263e9,"tag":"Move"}

{"cXWarp":17,"cNewPos":[0,17],"cWhen":1.5300105752392588e9,"tag":"Move"}

{"cXWarp":16,"cNewPos":[0,16],"cWhen":1.5300105752948365e9,"tag":"Move"}

{"cXWarp":15,"cNewPos":[0,15],"cWhen":1.53001057533922e9,"tag":"Move"}

{"cXWarp":14,"cNewPos":[0,14],"cWhen":1.530010575576118e9,"tag":"Move"}

{"cXWarp":13,"cNewPos":[0,13],"cWhen":1.530010575775976e9,"tag":"Move"}

{"cXWarp":12,"cNewPos":[0,12],"cWhen":1.5300105759999604e9,"tag":"Move"}

{"cXWarp":11,"cNewPos":[0,11],"cWhen":1.5300105762239046e9,"tag":"Move"}

{"cXWarp":10,"cNewPos":[0,10],"cWhen":1.5300105764452522e9,"tag":"Move"}

{"cXWarp":9,"cNewPos":[0,9],"cWhen":1.5300105766799004e9,"tag":"Move"}

{"cOrigin":"+input","cTo":[0,9],"cNewPos":[0,10],"cWhen":1.5300105790396554e9,"tag":"Change","cFrom":[0,9],"cText":[" "],"cRemoved":[""]}

{"cOrigin":"+input","cTo":[0,10],"cNewPos":[0,11],"cWhen":1.5300105796237292e9,"tag":"Change","cFrom":[0,10],"cText":["$"],"cRemoved":[""]}

{"cOrigin":"+input","cTo":[0,11],"cNewPos":[0,12],"cWhen":1.5300105800716581e9,"tag":"Change","cFrom":[0,11],"cText":[" "],"cRemoved":[""]}

{"cOrigin":"+input","cTo":[0,12],"cNewPos":[0,13],"cWhen":1.5300105888942327e9,"tag":"Change","cFrom":[0,12],"cText":[" "],"cRemoved":[""]}

{"cOrigin":"+input","cTo":[0,13],"cNewPos":[0,14],"cWhen":1.5300105894622936e9,"tag":"Change","cFrom":[0,13],"cText":["c"],"cRemoved":[""]}

{"cOrigin":"+input","cTo":[0,14],"cNewPos":[0,15],"cWhen":1.530010589714815e9,"tag":"Change","cFrom":[0,14],"cText":["r"],"cRemoved":[""]}

{"cOrigin":"+input","cTo":[0,15],"cNewPos":[0,16],"cWhen":1.5300105903260972e9,"tag":"Change","cFrom":[0,15],"cText":["u"],"cRemoved":[""]}

{"cOrigin":"+input","cTo":[0,16],"cNewPos":[0,17],"cWhen":1.5300105907499862e9,"tag":"Change","cFrom":[0,16],"cText":["n"],"cRemoved":[""]}

{"cOrigin":"+input","cTo":[0,17],"cNewPos":[0,18],"cWhen":1.5300105915180016e9,"tag":"Change","cFrom":[0,17],"cText":["c"],"cRemoved":[""]}

{"cOrigin":"+input","cTo":[0,18],"cNewPos":[0,19],"cWhen":1.5300105917257988e9,"tag":"Change","cFrom":[0,18],"cText":["h"],"cRemoved":[""]}

{"cWhen":1.5300105934624794e9,"tag":"Eval","cAll":true}

{"cOrigin":"+delete","cTo":[0,19],"cNewPos":[0,18],"cWhen":1.5300105988767009e9,"tag":"Change","cFrom":[0,18],"cText":[""],"cRemoved":["h"]}

{"cOrigin":"+delete","cTo":[0,18],"cNewPos":[0,17],"cWhen":1.5300105999247108e9,"tag":"Change","cFrom":[0,17],"cText":[""],"cRemoved":["c"]}

{"cOrigin":"+delete","cTo":[0,17],"cNewPos":[0,16],"cWhen":1.5300106001566093e9,"tag":"Change","cFrom":[0,16],"cText":[""],"cRemoved":["n"]}

{"cOrigin":"+delete","cTo":[0,16],"cNewPos":[0,15],"cWhen":1.5300106003324966e9,"tag":"Change","cFrom":[0,15],"cText":[""],"cRemoved":["u"]}

{"cOrigin":"+delete","cTo":[0,15],"cNewPos":[0,14],"cWhen":1.53001060050858e9,"tag":"Change","cFrom":[0,14],"cText":[""],"cRemoved":["r"]}

{"cOrigin":"+delete","cTo":[0,14],"cNewPos":[0,13],"cWhen":1.530010600688596e9,"tag":"Change","cFrom":[0,13],"cText":[""],"cRemoved":["c"]}

{"cOrigin":"+input","cTo":[0,13],"cNewPos":[0,14],"cWhen":1.5300106017005105e9,"tag":"Change","cFrom":[0,13],"cText":["f"],"cRemoved":[""]}

{"cOrigin":"+input","cTo":[0,14],"cNewPos":[0,15],"cWhen":1.5300106022365503e9,"tag":"Change","cFrom":[0,14],"cText":["a"],"cRemoved":[""]}

{"cOrigin":"+input","cTo":[0,15],"cNewPos":[0,16],"cWhen":1.5300106023723855e9,"tag":"Change","cFrom":[0,15],"cText":["s"],"cRemoved":[""]}

{"cOrigin":"+input","cTo":[0,16],"cNewPos":[0,17],"cWhen":1.5300106028284235e9,"tag":"Change","cFrom":[0,16],"cText":["t"],"cRemoved":[""]}

{"cOrigin":"+input","cTo":[0,17],"cNewPos":[0,18],"cWhen":1.5300106030448272e9,"tag":"Change","cFrom":[0,17],"cText":["e"],"cRemoved":[""]}

{"cOrigin":"+input","cTo":[0,18],"cNewPos":[0,19],"cWhen":1.5300106031838562e9,"tag":"Change","cFrom":[0,18],"cText":["r"],"cRemoved":[""]}

{"cWhen":1.530010604728694e9,"tag":"Eval","cAll":true}

{"cWhen":1.5300106068760412e9,"tag":"Eval","cAll":true}

{"cOrigin":"+input","cTo":[0,19],"cNewPos":[0,20],"cWhen":1.5300106138429224e9,"tag":"Change","cFrom":[0,19],"cText":[" "],"cRemoved":[""]}

{"cOrigin":"+input","cTo":[0,20],"cNewPos":[0,21],"cWhen":1.5300106157224824e9,"tag":"Change","cFrom":[0,20],"cText":["$"],"cRemoved":[""]}

{"cOrigin":"+input","cTo":[0,21],"cNewPos":[0,22],"cWhen":1.5300106167468438e9,"tag":"Change","cFrom":[0,21],"cText":[" "],"cRemoved":[""]}
