{"cWhen":1530010094,"tag":"Eval","cAll":true}
{"cOrigin":"+input","cTo":[0,0],"cNewPos":[0,1],"cWhen":1.530010118563084e9,"tag":"Change","cFrom":[0,0],"cText":["\""],"cRemoved":[""]}

{"cOrigin":"+input","cTo":[0,1],"cNewPos":[0,2],"cWhen":1.5300101211071513e9,"tag":"Change","cFrom":[0,1],"cText":["h"],"cRemoved":[""]}

{"cOrigin":"+input","cTo":[0,2],"cNewPos":[0,3],"cWhen":1.5300101213391697e9,"tag":"Change","cFrom":[0,2],"cText":["i"],"cRemoved":[""]}

{"cOrigin":"+input","cTo":[0,3],"cNewPos":[0,4],"cWhen":1.5300101226431742e9,"tag":"Change","cFrom":[0,3],"cText":[" "],"cRemoved":[""]}

{"cOrigin":"+input","cTo":[0,4],"cNewPos":[0,5],"cWhen":1.5300101229555385e9,"tag":"Change","cFrom":[0,4],"cText":["h"],"cRemoved":[""]}

{"cOrigin":"+input","cTo":[0,5],"cNewPos":[0,6],"cWhen":1.5300101232592123e9,"tag":"Change","cFrom":[0,5],"cText":["i"],"cRemoved":[""]}

{"cOrigin":"+input","cTo":[0,6],"cNewPos":[0,7],"cWhen":1.530010124267268e9,"tag":"Change","cFrom":[0,6],"cText":[" "],"cRemoved":[""]}

{"cOrigin":"+input","cTo":[0,7],"cNewPos":[0,8],"cWhen":1.5300101257791724e9,"tag":"Change","cFrom":[0,7],"cText":["h"],"cRemoved":[""]}

{"cOrigin":"+input","cTo":[0,8],"cNewPos":[0,9],"cWhen":1.5300101260193007e9,"tag":"Change","cFrom":[0,8],"cText":["i"],"cRemoved":[""]}

{"cOrigin":"+input","cTo":[0,9],"cNewPos":[0,10],"cWhen":1.530010126451126e9,"tag":"Change","cFrom":[0,9],"cText":[" "],"cRemoved":[""]}

{"cOrigin":"+input","cTo":[0,10],"cNewPos":[0,11],"cWhen":1.5300101270032332e9,"tag":"Change","cFrom":[0,10],"cText":["h"],"cRemoved":[""]}

{"cOrigin":"+input","cTo":[0,11],"cNewPos":[0,12],"cWhen":1.5300101272431722e9,"tag":"Change","cFrom":[0,11],"cText":["i"],"cRemoved":[""]}

{"cOrigin":"+input","cTo":[0,12],"cNewPos":[0,13],"cWhen":1.5300101274751775e9,"tag":"Change","cFrom":[0,12],"cText":["h"],"cRemoved":[""]}

{"cOrigin":"+delete","cTo":[0,13],"cNewPos":[0,12],"cWhen":1.5300101304512663e9,"tag":"Change","cFrom":[0,12],"cText":[""],"cRemoved":["h"]}

{"cOrigin":"+input","cTo":[0,12],"cNewPos":[0,13],"cWhen":1.5300101337792068e9,"tag":"Change","cFrom":[0,12],"cText":["\""],"cRemoved":[""]}

{"cWhen":1.5300101358686526e9,"tag":"Eval","cAll":true}

{"cWhen":1.530010138980748e9,"tag":"Eval","cAll":true}

{"cOrigin":"+delete","cTo":[0,13],"cNewPos":[0,12],"cWhen":1.5300101541949377e9,"tag":"Change","cFrom":[0,12],"cText":[""],"cRemoved":["\""]}

{"cOrigin":"+input","cTo":[0,12],"cNewPos":[0,13],"cWhen":1.530010156803233e9,"tag":"Change","cFrom":[0,12],"cText":["*"],"cRemoved":[""]}

{"cOrigin":"+input","cTo":[0,13],"cNewPos":[0,14],"cWhen":1.530010159171227e9,"tag":"Change","cFrom":[0,13],"cText":["1"],"cRemoved":[""]}

{"cOrigin":"+input","cTo":[0,14],"cNewPos":[0,15],"cWhen":1.530010159939131e9,"tag":"Change","cFrom":[0,14],"cText":["1"],"cRemoved":[""]}

{"cWhen":1.530010165540489e9,"tag":"Eval","cAll":true}

{"cOrigin":"+input","cTo":[0,15],"cNewPos":[0,16],"cWhen":1.530010169947147e9,"tag":"Change","cFrom":[0,15],"cText":["\""],"cRemoved":[""]}

{"cWhen":1.530010173236743e9,"tag":"Eval","cAll":true}

{"cOrigin":"+delete","cTo":[0,16],"cNewPos":[0,15],"cWhen":1.5300101827787547e9,"tag":"Change","cFrom":[0,15],"cText":[""],"cRemoved":["\""]}

{"cOrigin":"+delete","cTo":[0,15],"cNewPos":[0,14],"cWhen":1.5300101836669972e9,"tag":"Change","cFrom":[0,14],"cText":[""],"cRemoved":["1"]}

{"cOrigin":"+delete","cTo":[0,14],"cNewPos":[0,13],"cWhen":1.5300101841069999e9,"tag":"Change","cFrom":[0,13],"cText":[""],"cRemoved":["1"]}

{"cOrigin":"+delete","cTo":[0,13],"cNewPos":[0,12],"cWhen":1.5300101844508803e9,"tag":"Change","cFrom":[0,12],"cText":[""],"cRemoved":["*"]}

{"cOrigin":"+input","cTo":[0,12],"cNewPos":[0,13],"cWhen":1.530010186154872e9,"tag":"Change","cFrom":[0,12],"cText":[" "],"cRemoved":[""]}

{"cOrigin":"+input","cTo":[0,13],"cNewPos":[0,14],"cWhen":1.5300101926749775e9,"tag":"Change","cFrom":[0,13],"cText":["l"],"cRemoved":[""]}

{"cOrigin":"+input","cTo":[0,14],"cNewPos":[0,15],"cWhen":1.5300101929150934e9,"tag":"Change","cFrom":[0,14],"cText":["o"],"cRemoved":[""]}

{"cOrigin":"+input","cTo":[0,15],"cNewPos":[0,16],"cWhen":1.530010193395176e9,"tag":"Change","cFrom":[0,15],"cText":[" "],"cRemoved":[""]}

{"cOrigin":"+input","cTo":[0,16],"cNewPos":[0,17],"cWhen":1.5300101937148936e9,"tag":"Change","cFrom":[0,16],"cText":["l"],"cRemoved":[""]}

{"cOrigin":"+input","cTo":[0,17],"cNewPos":[0,18],"cWhen":1.5300101939549193e9,"tag":"Change","cFrom":[0,17],"cText":["o"],"cRemoved":[""]}

{"cOrigin":"+input","cTo":[0,18],"cNewPos":[0,19],"cWhen":1.530010194419564e9,"tag":"Change","cFrom":[0,18],"cText":[" "],"cRemoved":[""]}

{"cOrigin":"+input","cTo":[0,19],"cNewPos":[0,20],"cWhen":1.530010194843159e9,"tag":"Change","cFrom":[0,19],"cText":["l"],"cRemoved":[""]}

{"cOrigin":"+input","cTo":[0,20],"cNewPos":[0,21],"cWhen":1.5300101950588913e9,"tag":"Change","cFrom":[0,20],"cText":["o"],"cRemoved":[""]}

{"cOrigin":"+input","cTo":[0,21],"cNewPos":[0,22],"cWhen":1.5300101955629787e9,"tag":"Change","cFrom":[0,21],"cText":[" "],"cRemoved":[""]}

{"cOrigin":"+delete","cTo":[0,22],"cNewPos":[0,21],"cWhen":1.5300101995708644e9,"tag":"Change","cFrom":[0,21],"cText":[""],"cRemoved":[" "]}

{"cOrigin":"+input","cTo":[0,21],"cNewPos":[0,22],"cWhen":1.5300102015548782e9,"tag":"Change","cFrom":[0,21],"cText":["*"],"cRemoved":[""]}

{"cOrigin":"+input","cTo":[0,22],"cNewPos":[0,23],"cWhen":1.5300102045470068e9,"tag":"Change","cFrom":[0,22],"cText":["8"],"cRemoved":[""]}

{"cOrigin":"+input","cTo":[0,23],"cNewPos":[0,24],"cWhen":1.5300102050511851e9,"tag":"Change","cFrom":[0,23],"cText":["0"],"cRemoved":[""]}

{"cOrigin":"+input","cTo":[0,24],"cNewPos":[0,25],"cWhen":1.5300102089708576e9,"tag":"Change","cFrom":[0,24],"cText":["\""],"cRemoved":[""]}

{"cOrigin":"+input","cTo":[0,25],"cNewPos":[1,0],"cWhen":1.530010210682803e9,"tag":"Change","cFrom":[0,25],"cText":["",""],"cRemoved":[""]}

{"cWhen":1.5300102160768552e9,"tag":"Eval","cAll":true}

{"cOrigin":"+input","cTo":[1,0],"cNewPos":[1,1],"cWhen":1.5300102363548787e9,"tag":"Change","cFrom":[1,0],"cText":["q"],"cRemoved":[""]}

{"cOrigin":"+input","cTo":[1,1],"cNewPos":[1,2],"cWhen":1.5300102364109178e9,"tag":"Change","cFrom":[1,1],"cText":["\\"],"cRemoved":[""]}

{"cOrigin":"+input","cTo":[1,2],"cNewPos":[1,3],"cWhen":1.5300102365069067e9,"tag":"Change","cFrom":[1,2],"cText":["A"],"cRemoved":[""]}

{"cOrigin":"+input","cTo":[1,3],"cNewPos":[1,4],"cWhen":1.5300102365307837e9,"tag":"Change","cFrom":[1,3],"cText":["\\"],"cRemoved":[""]}

{"cOrigin":"+delete","cTo":[1,4],"cNewPos":[1,3],"cWhen":1.5300102426267545e9,"tag":"Change","cFrom":[1,3],"cText":[""],"cRemoved":["\\"]}

{"cOrigin":"+delete","cTo":[1,3],"cNewPos":[1,2],"cWhen":1.5300102445306146e9,"tag":"Change","cFrom":[1,2],"cText":[""],"cRemoved":["A"]}

{"cOrigin":"+delete","cTo":[1,2],"cNewPos":[1,1],"cWhen":1.530010244914738e9,"tag":"Change","cFrom":[1,1],"cText":[""],"cRemoved":["\\"]}

{"cOrigin":"+delete","cTo":[1,1],"cNewPos":[1,0],"cWhen":1.5300102452917047e9,"tag":"Change","cFrom":[1,0],"cText":[""],"cRemoved":["q"]}

{"cOrigin":"+delete","cTo":[1,0],"cNewPos":[0,25],"cWhen":1.5300102457947211e9,"tag":"Change","cFrom":[0,25],"cText":[""],"cRemoved":["",""]}

{"cOrigin":"+delete","cTo":[0,25],"cNewPos":[0,24],"cWhen":1.530010250250623e9,"tag":"Change","cFrom":[0,24],"cText":[""],"cRemoved":["\""]}

{"cOrigin":"+input","cTo":[0,24],"cNewPos":[0,25],"cWhen":1.5300102517004151e9,"tag":"Change","cFrom":[0,24],"cText":[" "],"cRemoved":[""]}

{"cOrigin":"+delete","cTo":[0,25],"cNewPos":[0,24],"cWhen":1.5300102563306015e9,"tag":"Change","cFrom":[0,24],"cText":[""],"cRemoved":[" "]}

{"cOrigin":"+delete","cTo":[0,24],"cNewPos":[0,23],"cWhen":1.5300102566506107e9,"tag":"Change","cFrom":[0,23],"cText":[""],"cRemoved":["0"]}

{"cOrigin":"+delete","cTo":[0,23],"cNewPos":[0,22],"cWhen":1.530010257130552e9,"tag":"Change","cFrom":[0,22],"cText":[""],"cRemoved":["8"]}

{"cOrigin":"+delete","cTo":[0,22],"cNewPos":[0,21],"cWhen":1.5300102576667004e9,"tag":"Change","cFrom":[0,21],"cText":[""],"cRemoved":["*"]}

{"cOrigin":"+input","cTo":[0,21],"cNewPos":[0,22],"cWhen":1.5300102736508012e9,"tag":"Change","cFrom":[0,21],"cText":[" "],"cRemoved":[""]}

{"cOrigin":"+input","cTo":[0,22],"cNewPos":[0,23],"cWhen":1.530010277522693e9,"tag":"Change","cFrom":[0,22],"cText":["H"],"cRemoved":[""]}

{"cOrigin":"+input","cTo":[0,23],"cNewPos":[0,24],"cWhen":1.530010277874737e9,"tag":"Change","cFrom":[0,23],"cText":["I"],"cRemoved":[""]}

{"cOrigin":"+input","cTo":[0,24],"cNewPos":[0,25],"cWhen":1.5300102784187028e9,"tag":"Change","cFrom":[0,24],"cText":[" "],"cRemoved":[""]}

{"cOrigin":"+input","cTo":[0,25],"cNewPos":[0,26],"cWhen":1.5300102787308218e9,"tag":"Change","cFrom":[0,25],"cText":["H"],"cRemoved":[""]}

{"cOrigin":"+input","cTo":[0,26],"cNewPos":[0,27],"cWhen":1.5300102790267217e9,"tag":"Change","cFrom":[0,26],"cText":["I"],"cRemoved":[""]}

{"cOrigin":"+input","cTo":[0,27],"cNewPos":[0,28],"cWhen":1.5300102794428797e9,"tag":"Change","cFrom":[0,27],"cText":[" "],"cRemoved":[""]}

{"cOrigin":"+input","cTo":[0,28],"cNewPos":[0,29],"cWhen":1.5300102797388563e9,"tag":"Change","cFrom":[0,28],"cText":["H"],"cRemoved":[""]}

{"cOrigin":"+input","cTo":[0,29],"cNewPos":[0,30],"cWhen":1.530010280018703e9,"tag":"Change","cFrom":[0,29],"cText":["I"],"cRemoved":[""]}

{"cOrigin":"+input","cTo":[0,30],"cNewPos":[0,31],"cWhen":1.5300102803948603e9,"tag":"Change","cFrom":[0,30],"cText":[" "],"cRemoved":[""]}

{"cOrigin":"+delete","cTo":[0,31],"cNewPos":[0,30],"cWhen":1.5300102824533265e9,"tag":"Change","cFrom":[0,30],"cText":[""],"cRemoved":[" "]}

{"cOrigin":"+input","cTo":[0,30],"cNewPos":[0,31],"cWhen":1.5300102856909158e9,"tag":"Change","cFrom":[0,30],"cText":["*"],"cRemoved":[""]}

{"cOrigin":"+input","cTo":[0,31],"cNewPos":[0,32],"cWhen":1.530010292299174e9,"tag":"Change","cFrom":[0,31],"cText":["8"],"cRemoved":[""]}

{"cOrigin":"+input","cTo":[0,32],"cNewPos":[0,33],"cWhen":1.530010292571065e9,"tag":"Change","cFrom":[0,32],"cText":["0"],"cRemoved":[""]}

{"cOrigin":"+input","cTo":[0,33],"cNewPos":[0,34],"cWhen":1.5300102972032382e9,"tag":"Change","cFrom":[0,33],"cText":["\""],"cRemoved":[""]}

{"cWhen":1.530010300324206e9,"tag":"Eval","cAll":true}

{"cOrigin":"+delete","cTo":[0,34],"cNewPos":[0,33],"cWhen":1.5300103132097185e9,"tag":"Change","cFrom":[0,33],"cText":[""],"cRemoved":["\""]}

{"cOrigin":"+delete","cTo":[0,33],"cNewPos":[0,32],"cWhen":1.5300103134542675e9,"tag":"Change","cFrom":[0,32],"cText":[""],"cRemoved":["0"]}

{"cOrigin":"+delete","cTo":[0,32],"cNewPos":[0,31],"cWhen":1.5300103135042636e9,"tag":"Change","cFrom":[0,31],"cText":[""],"cRemoved":["8"]}

{"cOrigin":"+delete","cTo":[0,31],"cNewPos":[0,30],"cWhen":1.5300103135542538e9,"tag":"Change","cFrom":[0,30],"cText":[""],"cRemoved":["*"]}

{"cOrigin":"+delete","cTo":[0,30],"cNewPos":[0,29],"cWhen":1.530010313604232e9,"tag":"Change","cFrom":[0,29],"cText":[""],"cRemoved":["I"]}

{"cOrigin":"+delete","cTo":[0,29],"cNewPos":[0,28],"cWhen":1.5300103136542256e9,"tag":"Change","cFrom":[0,28],"cText":[""],"cRemoved":["H"]}

{"cOrigin":"+delete","cTo":[0,28],"cNewPos":[0,27],"cWhen":1.5300103137042594e9,"tag":"Change","cFrom":[0,27],"cText":[""],"cRemoved":[" "]}

{"cOrigin":"+delete","cTo":[0,27],"cNewPos":[0,26],"cWhen":1.5300103137543008e9,"tag":"Change","cFrom":[0,26],"cText":[""],"cRemoved":["I"]}

{"cOrigin":"+delete","cTo":[0,26],"cNewPos":[0,25],"cWhen":1.5300103138042412e9,"tag":"Change","cFrom":[0,25],"cText":[""],"cRemoved":["H"]}

{"cOrigin":"+delete","cTo":[0,25],"cNewPos":[0,24],"cWhen":1.5300103138542368e9,"tag":"Change","cFrom":[0,24],"cText":[""],"cRemoved":[" "]}

{"cOrigin":"+delete","cTo":[0,24],"cNewPos":[0,23],"cWhen":1.530010313904264e9,"tag":"Change","cFrom":[0,23],"cText":[""],"cRemoved":["I"]}

{"cOrigin":"+delete","cTo":[0,23],"cNewPos":[0,22],"cWhen":1.530010313954349e9,"tag":"Change","cFrom":[0,22],"cText":[""],"cRemoved":["H"]}

{"cOrigin":"+delete","cTo":[0,22],"cNewPos":[0,21],"cWhen":1.5300103140043762e9,"tag":"Change","cFrom":[0,21],"cText":[""],"cRemoved":[" "]}

{"cOrigin":"+delete","cTo":[0,21],"cNewPos":[0,20],"cWhen":1.5300103140543134e9,"tag":"Change","cFrom":[0,20],"cText":[""],"cRemoved":["o"]}

{"cOrigin":"+delete","cTo":[0,20],"cNewPos":[0,19],"cWhen":1.5300103141043153e9,"tag":"Change","cFrom":[0,19],"cText":[""],"cRemoved":["l"]}

{"cOrigin":"+delete","cTo":[0,19],"cNewPos":[0,18],"cWhen":1.530010314154303e9,"tag":"Change","cFrom":[0,18],"cText":[""],"cRemoved":[" "]}

{"cOrigin":"+delete","cTo":[0,18],"cNewPos":[0,17],"cWhen":1.5300103142043283e9,"tag":"Change","cFrom":[0,17],"cText":[""],"cRemoved":["o"]}

{"cOrigin":"+delete","cTo":[0,17],"cNewPos":[0,16],"cWhen":1.5300103142542977e9,"tag":"Change","cFrom":[0,16],"cText":[""],"cRemoved":["l"]}

{"cOrigin":"+delete","cTo":[0,16],"cNewPos":[0,15],"cWhen":1.5300103143043041e9,"tag":"Change","cFrom":[0,15],"cText":[""],"cRemoved":[" "]}

{"cOrigin":"+delete","cTo":[0,15],"cNewPos":[0,14],"cWhen":1.530010314354363e9,"tag":"Change","cFrom":[0,14],"cText":[""],"cRemoved":["o"]}

{"cOrigin":"+delete","cTo":[0,14],"cNewPos":[0,13],"cWhen":1.530010314404341e9,"tag":"Change","cFrom":[0,13],"cText":[""],"cRemoved":["l"]}

{"cOrigin":"+delete","cTo":[0,13],"cNewPos":[0,12],"cWhen":1.530010314454428e9,"tag":"Change","cFrom":[0,12],"cText":[""],"cRemoved":[" "]}

{"cOrigin":"+delete","cTo":[0,12],"cNewPos":[0,11],"cWhen":1.5300103145043035e9,"tag":"Change","cFrom":[0,11],"cText":[""],"cRemoved":["i"]}

{"cOrigin":"+delete","cTo":[0,11],"cNewPos":[0,10],"cWhen":1.530010314554297e9,"tag":"Change","cFrom":[0,10],"cText":[""],"cRemoved":["h"]}

{"cOrigin":"+delete","cTo":[0,10],"cNewPos":[0,9],"cWhen":1.5300103146043007e9,"tag":"Change","cFrom":[0,9],"cText":[""],"cRemoved":[" "]}

{"cOrigin":"+delete","cTo":[0,9],"cNewPos":[0,8],"cWhen":1.5300103146542933e9,"tag":"Change","cFrom":[0,8],"cText":[""],"cRemoved":["i"]}

{"cOrigin":"+delete","cTo":[0,8],"cNewPos":[0,7],"cWhen":1.530010314704317e9,"tag":"Change","cFrom":[0,7],"cText":[""],"cRemoved":["h"]}

{"cOrigin":"+delete","cTo":[0,7],"cNewPos":[0,6],"cWhen":1.5300103147546115e9,"tag":"Change","cFrom":[0,6],"cText":[""],"cRemoved":[" "]}

{"cOrigin":"+delete","cTo":[0,6],"cNewPos":[0,5],"cWhen":1.5300103148042169e9,"tag":"Change","cFrom":[0,5],"cText":[""],"cRemoved":["i"]}

{"cOrigin":"+delete","cTo":[0,5],"cNewPos":[0,4],"cWhen":1.5300103148542094e9,"tag":"Change","cFrom":[0,4],"cText":[""],"cRemoved":["h"]}

{"cOrigin":"+delete","cTo":[0,4],"cNewPos":[0,3],"cWhen":1.530010314904231e9,"tag":"Change","cFrom":[0,3],"cText":[""],"cRemoved":[" "]}

{"cOrigin":"+delete","cTo":[0,3],"cNewPos":[0,2],"cWhen":1.5300103152036338e9,"tag":"Change","cFrom":[0,2],"cText":[""],"cRemoved":["i"]}

{"cOrigin":"+delete","cTo":[0,2],"cNewPos":[0,1],"cWhen":1.530010315523684e9,"tag":"Change","cFrom":[0,1],"cText":[""],"cRemoved":["h"]}

{"cOrigin":"+input","cTo":[0,1],"cNewPos":[0,2],"cWhen":1.5300103279722178e9,"tag":"Change","cFrom":[0,1],"cText":["E"],"cRemoved":[""]}

{"cOrigin":"+input","cTo":[0,2],"cNewPos":[0,3],"cWhen":1.5300103510931058e9,"tag":"Change","cFrom":[0,2],"cText":["V"],"cRemoved":[""]}

{"cOrigin":"+input","cTo":[0,3],"cNewPos":[0,4],"cWhen":1.5300103517168913e9,"tag":"Change","cFrom":[0,3],"cText":["E"],"cRemoved":[""]}

{"cOrigin":"+input","cTo":[0,4],"cNewPos":[0,5],"cWhen":1.5300103519888537e9,"tag":"Change","cFrom":[0,4],"cText":["R"],"cRemoved":[""]}

{"cOrigin":"+input","cTo":[0,5],"cNewPos":[0,6],"cWhen":1.5300103527490137e9,"tag":"Change","cFrom":[0,5],"cText":["Y"],"cRemoved":[""]}

{"cOrigin":"+input","cTo":[0,6],"cNewPos":[0,7],"cWhen":1.530010354719262e9,"tag":"Change","cFrom":[0,6],"cText":["2"],"cRemoved":[""]}

{"cOrigin":"+input","cTo":[0,7],"cNewPos":[0,8],"cWhen":1.530010365077222e9,"tag":"Change","cFrom":[0,7],"cText":["\""],"cRemoved":[""]}

{"cOrigin":"+input","cTo":[0,8],"cNewPos":[0,9],"cWhen":1.5300103702135458e9,"tag":"Change","cFrom":[0,8],"cText":["G"],"cRemoved":[""]}

{"cOrigin":"+delete","cTo":[0,9],"cNewPos":[0,8],"cWhen":1.5300103729175365e9,"tag":"Change","cFrom":[0,8],"cText":[""],"cRemoved":["G"]}

{"cOrigin":"+delete","cTo":[0,8],"cNewPos":[0,7],"cWhen":1.5300103735895114e9,"tag":"Change","cFrom":[0,7],"cText":[""],"cRemoved":["\""]}

{"cOrigin":"+delete","cTo":[0,7],"cNewPos":[0,6],"cWhen":1.5300103737334826e9,"tag":"Change","cFrom":[0,6],"cText":[""],"cRemoved":["2"]}

{"cOrigin":"+delete","cTo":[0,6],"cNewPos":[0,5],"cWhen":1.5300103738616843e9,"tag":"Change","cFrom":[0,5],"cText":[""],"cRemoved":["Y"]}

{"cOrigin":"+delete","cTo":[0,5],"cNewPos":[0,4],"cWhen":1.530010373997455e9,"tag":"Change","cFrom":[0,4],"cText":[""],"cRemoved":["R"]}

{"cOrigin":"+delete","cTo":[0,4],"cNewPos":[0,3],"cWhen":1.530010374134101e9,"tag":"Change","cFrom":[0,3],"cText":[""],"cRemoved":["E"]}

{"cOrigin":"+delete","cTo":[0,3],"cNewPos":[0,2],"cWhen":1.5300103742614613e9,"tag":"Change","cFrom":[0,2],"cText":[""],"cRemoved":["V"]}

{"cOrigin":"+delete","cTo":[0,2],"cNewPos":[0,1],"cWhen":1.5300103743974574e9,"tag":"Change","cFrom":[0,1],"cText":[""],"cRemoved":["E"]}

{"cOrigin":"+delete","cTo":[0,1],"cNewPos":[0,0],"cWhen":1.5300103745253313e9,"tag":"Change","cFrom":[0,0],"cText":[""],"cRemoved":["\""]}

{"cOrigin":"+input","cTo":[0,0],"cNewPos":[0,1],"cWhen":1.5300103752375479e9,"tag":"Change","cFrom":[0,0],"cText":["e"],"cRemoved":[""]}

{"cOrigin":"+input","cTo":[0,1],"cNewPos":[0,2],"cWhen":1.530010375589728e9,"tag":"Change","cFrom":[0,1],"cText":["v"],"cRemoved":[""]}

{"cOrigin":"+input","cTo":[0,2],"cNewPos":[0,3],"cWhen":1.5300103759019673e9,"tag":"Change","cFrom":[0,2],"cText":["e"],"cRemoved":[""]}

{"cOrigin":"+input","cTo":[0,3],"cNewPos":[0,4],"cWhen":1.5300103760856025e9,"tag":"Change","cFrom":[0,3],"cText":["r"],"cRemoved":[""]}

{"cOrigin":"+input","cTo":[0,4],"cNewPos":[0,5],"cWhen":1.5300103765096083e9,"tag":"Change","cFrom":[0,4],"cText":["y"],"cRemoved":[""]}

{"cOrigin":"+input","cTo":[0,5],"cNewPos":[0,6],"cWhen":1.5300103767336407e9,"tag":"Change","cFrom":[0,5],"cText":[" "],"cRemoved":[""]}

{"cOrigin":"+input","cTo":[0,6],"cNewPos":[0,7],"cWhen":1.5300103770937548e9,"tag":"Change","cFrom":[0,6],"cText":["2"],"cRemoved":[""]}

{"cOrigin":"+input","cTo":[0,7],"cNewPos":[0,8],"cWhen":1.530010377373627e9,"tag":"Change","cFrom":[0,7],"cText":[" "],"cRemoved":[""]}

{"cOrigin":"+input","cTo":[0,8],"cNewPos":[0,9],"cWhen":1.5300103870781522e9,"tag":"Change","cFrom":[0,8],"cText":["s"],"cRemoved":[""]}

{"cOrigin":"+input","cTo":[0,9],"cNewPos":[0,10],"cWhen":1.530010387565759e9,"tag":"Change","cFrom":[0,9],"cText":["c"],"cRemoved":[""]}

{"cOrigin":"+input","cTo":[0,10],"cNewPos":[0,11],"cWhen":1.5300103883820348e9,"tag":"Change","cFrom":[0,10],"cText":["r"],"cRemoved":[""]}

{"cOrigin":"+input","cTo":[0,11],"cNewPos":[0,12],"cWhen":1.5300103891500282e9,"tag":"Change","cFrom":[0,11],"cText":["a"],"cRemoved":[""]}

{"cOrigin":"+input","cTo":[0,12],"cNewPos":[0,13],"cWhen":1.5300103907498388e9,"tag":"Change","cFrom":[0,12],"cText":["t"],"cRemoved":[""]}

{"cOrigin":"+input","cTo":[0,13],"cNewPos":[0,14],"cWhen":1.5300103933658655e9,"tag":"Change","cFrom":[0,13],"cText":["c"],"cRemoved":[""]}

{"cOrigin":"+input","cTo":[0,14],"cNewPos":[0,15],"cWhen":1.5300103938378541e9,"tag":"Change","cFrom":[0,14],"cText":["h"],"cRemoved":[""]}

{"cOrigin":"+input","cTo":[0,15],"cNewPos":[0,16],"cWhen":1.5300104010221007e9,"tag":"Change","cFrom":[0,15],"cText":["\""],"cRemoved":[""]}

{"cOrigin":"+input","cTo":[0,16],"cNewPos":[0,17],"cWhen":1.5300104057902358e9,"tag":"Change","cFrom":[0,16],"cText":["h"],"cRemoved":[""]}

{"cOrigin":"+input","cTo":[0,17],"cNewPos":[0,18],"cWhen":1.5300104060543146e9,"tag":"Change","cFrom":[0,17],"cText":["i"],"cRemoved":[""]}

{"cOrigin":"+input","cTo":[0,18],"cNewPos":[0,19],"cWhen":1.5300104067744133e9,"tag":"Change","cFrom":[0,18],"cText":[" "],"cRemoved":[""]}

{"cOrigin":"+input","cTo":[0,19],"cNewPos":[0,20],"cWhen":1.5300104072541935e9,"tag":"Change","cFrom":[0,19],"cText":["l"],"cRemoved":[""]}

{"cOrigin":"+input","cTo":[0,20],"cNewPos":[0,21],"cWhen":1.5300104074943547e9,"tag":"Change","cFrom":[0,20],"cText":["o"],"cRemoved":[""]}

{"cOrigin":"+input","cTo":[0,21],"cNewPos":[0,22],"cWhen":1.5300104106543314e9,"tag":"Change","cFrom":[0,21],"cText":[" "],"cRemoved":[""]}

{"cOrigin":"+input","cTo":[0,22],"cNewPos":[0,23],"cWhen":1.5300104130706925e9,"tag":"Change","cFrom":[0,22],"cText":["h"],"cRemoved":[""]}

{"cOrigin":"+input","cTo":[0,23],"cNewPos":[0,24],"cWhen":1.530010413406401e9,"tag":"Change","cFrom":[0,23],"cText":["i"],"cRemoved":[""]}

{"cWhen":1.5300104152875535e9,"tag":"Eval","cAll":true}

{"cWhen":1.5300104199679706e9,"tag":"Eval","cAll":true}

{"cOrigin":"+input","cTo":[0,24],"cNewPos":[0,25],"cWhen":1.530010433239062e9,"tag":"Change","cFrom":[0,24],"cText":["\""],"cRemoved":[""]}

{"cWhen":1.530010435696799e9,"tag":"Eval","cAll":true}

{"cOrigin":"+delete","cTo":[0,25],"cNewPos":[0,24],"cWhen":1.530010460239328e9,"tag":"Change","cFrom":[0,24],"cText":[""],"cRemoved":["\""]}

{"cOrigin":"+delete","cTo":[0,24],"cNewPos":[0,23],"cWhen":1.5300104604944162e9,"tag":"Change","cFrom":[0,23],"cText":[""],"cRemoved":["i"]}

{"cOrigin":"+delete","cTo":[0,23],"cNewPos":[0,22],"cWhen":1.5300104605443635e9,"tag":"Change","cFrom":[0,22],"cText":[""],"cRemoved":["h"]}

{"cOrigin":"+delete","cTo":[0,22],"cNewPos":[0,21],"cWhen":1.5300104605944474e9,"tag":"Change","cFrom":[0,21],"cText":[""],"cRemoved":[" "]}

{"cOrigin":"+delete","cTo":[0,21],"cNewPos":[0,20],"cWhen":1.5300104606443746e9,"tag":"Change","cFrom":[0,20],"cText":[""],"cRemoved":["o"]}

{"cOrigin":"+delete","cTo":[0,20],"cNewPos":[0,19],"cWhen":1.5300104606944168e9,"tag":"Change","cFrom":[0,19],"cText":[""],"cRemoved":["l"]}

{"cOrigin":"+delete","cTo":[0,19],"cNewPos":[0,18],"cWhen":1.5300104607443814e9,"tag":"Change","cFrom":[0,18],"cText":[""],"cRemoved":[" "]}

{"cOrigin":"+delete","cTo":[0,18],"cNewPos":[0,17],"cWhen":1.5300104607943528e9,"tag":"Change","cFrom":[0,17],"cText":[""],"cRemoved":["i"]}

{"cOrigin":"+delete","cTo":[0,17],"cNewPos":[0,16],"cWhen":1.530010460844354e9,"tag":"Change","cFrom":[0,16],"cText":[""],"cRemoved":["h"]}

{"cOrigin":"+delete","cTo":[0,16],"cNewPos":[0,15],"cWhen":1.5300104608943305e9,"tag":"Change","cFrom":[0,15],"cText":[""],"cRemoved":["\""]}

{"cOrigin":"+delete","cTo":[0,15],"cNewPos":[0,14],"cWhen":1.5300104609443429e9,"tag":"Change","cFrom":[0,14],"cText":[""],"cRemoved":["h"]}

{"cOrigin":"+delete","cTo":[0,14],"cNewPos":[0,13],"cWhen":1.530010460994386e9,"tag":"Change","cFrom":[0,13],"cText":[""],"cRemoved":["c"]}

{"cOrigin":"+delete","cTo":[0,13],"cNewPos":[0,12],"cWhen":1.5300104610443573e9,"tag":"Change","cFrom":[0,12],"cText":[""],"cRemoved":["t"]}

{"cOrigin":"+delete","cTo":[0,12],"cNewPos":[0,11],"cWhen":1.5300104610943336e9,"tag":"Change","cFrom":[0,11],"cText":[""],"cRemoved":["a"]}

{"cOrigin":"+delete","cTo":[0,11],"cNewPos":[0,10],"cWhen":1.5300104611443286e9,"tag":"Change","cFrom":[0,10],"cText":[""],"cRemoved":["r"]}

{"cOrigin":"+delete","cTo":[0,10],"cNewPos":[0,9],"cWhen":1.5300104611943502e9,"tag":"Change","cFrom":[0,9],"cText":[""],"cRemoved":["c"]}

{"cOrigin":"+delete","cTo":[0,9],"cNewPos":[0,8],"cWhen":1.5300104612443378e9,"tag":"Change","cFrom":[0,8],"cText":[""],"cRemoved":["s"]}

{"cOrigin":"+delete","cTo":[0,8],"cNewPos":[0,7],"cWhen":1.5300104612944162e9,"tag":"Change","cFrom":[0,7],"cText":[""],"cRemoved":[" "]}

{"cOrigin":"+delete","cTo":[0,7],"cNewPos":[0,6],"cWhen":1.5300104613444304e9,"tag":"Change","cFrom":[0,6],"cText":[""],"cRemoved":["2"]}

{"cOrigin":"+delete","cTo":[0,6],"cNewPos":[0,5],"cWhen":1.5300104613944323e9,"tag":"Change","cFrom":[0,5],"cText":[""],"cRemoved":[" "]}

{"cOrigin":"+delete","cTo":[0,5],"cNewPos":[0,4],"cWhen":1.5300104614444008e9,"tag":"Change","cFrom":[0,4],"cText":[""],"cRemoved":["y"]}

{"cOrigin":"+delete","cTo":[0,4],"cNewPos":[0,3],"cWhen":1.5300104614943855e9,"tag":"Change","cFrom":[0,3],"cText":[""],"cRemoved":["r"]}

{"cOrigin":"+delete","cTo":[0,3],"cNewPos":[0,2],"cWhen":1.5300104615444086e9,"tag":"Change","cFrom":[0,2],"cText":[""],"cRemoved":["e"]}

{"cOrigin":"+delete","cTo":[0,2],"cNewPos":[0,1],"cWhen":1.5300104619193816e9,"tag":"Change","cFrom":[0,1],"cText":[""],"cRemoved":["v"]}

{"cOrigin":"+delete","cTo":[0,1],"cNewPos":[0,0],"cWhen":1.5300104622315695e9,"tag":"Change","cFrom":[0,0],"cText":[""],"cRemoved":["e"]}

{"cOrigin":"+input","cTo":[0,0],"cNewPos":[0,1],"cWhen":1.5300104640397875e9,"tag":"Change","cFrom":[0,0],"cText":["s"],"cRemoved":[""]}

{"cOrigin":"+input","cTo":[0,1],"cNewPos":[0,2],"cWhen":1.5300104642956872e9,"tag":"Change","cFrom":[0,1],"cText":["c"],"cRemoved":[""]}

{"cOrigin":"+input","cTo":[0,2],"cNewPos":[0,3],"cWhen":1.530010465959732e9,"tag":"Change","cFrom":[0,2],"cText":["r"],"cRemoved":[""]}

{"cOrigin":"+input","cTo":[0,3],"cNewPos":[0,4],"cWhen":1.5300104665757442e9,"tag":"Change","cFrom":[0,3],"cText":["a"],"cRemoved":[""]}

{"cOrigin":"+input","cTo":[0,4],"cNewPos":[0,5],"cWhen":1.5300104673519492e9,"tag":"Change","cFrom":[0,4],"cText":["t"],"cRemoved":[""]}

{"cOrigin":"+input","cTo":[0,5],"cNewPos":[0,6],"cWhen":1.530010470015795e9,"tag":"Change","cFrom":[0,5],"cText":["c"],"cRemoved":[""]}

{"cOrigin":"+input","cTo":[0,6],"cNewPos":[0,7],"cWhen":1.53001047050389e9,"tag":"Change","cFrom":[0,6],"cText":["h"],"cRemoved":[""]}

{"cOrigin":"+input","cTo":[0,7],"cNewPos":[0,8],"cWhen":1.5300104756559541e9,"tag":"Change","cFrom":[0,7],"cText":["\""],"cRemoved":[""]}

{"cOrigin":"+input","cTo":[0,8],"cNewPos":[0,9],"cWhen":1.5300104767999165e9,"tag":"Change","cFrom":[0,8],"cText":["h"],"cRemoved":[""]}

{"cOrigin":"+input","cTo":[0,9],"cNewPos":[0,10],"cWhen":1.5300104773759038e9,"tag":"Change","cFrom":[0,9],"cText":["i"],"cRemoved":[""]}

{"cOrigin":"+input","cTo":[0,10],"cNewPos":[0,11],"cWhen":1.5300104779902232e9,"tag":"Change","cFrom":[0,10],"cText":[" "],"cRemoved":[""]}

{"cOrigin":"+input","cTo":[0,11],"cNewPos":[0,12],"cWhen":1.5300104789680839e9,"tag":"Change","cFrom":[0,11],"cText":["l"],"cRemoved":[""]}

{"cOrigin":"+input","cTo":[0,12],"cNewPos":[0,13],"cWhen":1.5300104792239952e9,"tag":"Change","cFrom":[0,12],"cText":["o"],"cRemoved":[""]}

{"cOrigin":"+input","cTo":[0,13],"cNewPos":[0,14],"cWhen":1.5300104798481011e9,"tag":"Change","cFrom":[0,13],"cText":[" "],"cRemoved":[""]}

{"cOrigin":"+input","cTo":[0,14],"cNewPos":[0,15],"cWhen":1.5300104805919938e9,"tag":"Change","cFrom":[0,14],"cText":["h"],"cRemoved":[""]}

{"cOrigin":"+input","cTo":[0,15],"cNewPos":[0,16],"cWhen":1.5300104808481202e9,"tag":"Change","cFrom":[0,15],"cText":["i"],"cRemoved":[""]}

{"cOrigin":"+input","cTo":[0,16],"cNewPos":[0,17],"cWhen":1.5300104834561667e9,"tag":"Change","cFrom":[0,16],"cText":["\""],"cRemoved":[""]}

{"cWhen":1.5300104877535129e9,"tag":"Eval","cAll":true}

{"cOrigin":"+input","cTo":[0,17],"cNewPos":[0,18],"cWhen":1.5300104971123166e9,"tag":"Change","cFrom":[0,17],"cText":["#"],"cRemoved":[""]}

{"cOrigin":"+input","cTo":[0,18],"cNewPos":[0,19],"cWhen":1.5300104973763368e9,"tag":"Change","cFrom":[0,18],"cText":["#"],"cRemoved":[""]}

{"cOrigin":"+input","cTo":[0,19],"cNewPos":[0,20],"cWhen":1.5300104976244564e9,"tag":"Change","cFrom":[0,19],"cText":["#"],"cRemoved":[""]}

{"cOrigin":"+delete","cTo":[0,20],"cNewPos":[0,19],"cWhen":1.5300104989921303e9,"tag":"Change","cFrom":[0,19],"cText":[""],"cRemoved":["#"]}

{"cOrigin":"+delete","cTo":[0,19],"cNewPos":[0,18],"cWhen":1.5300104992482638e9,"tag":"Change","cFrom":[0,18],"cText":[""],"cRemoved":["#"]}

{"cOrigin":"+delete","cTo":[0,18],"cNewPos":[0,17],"cWhen":1.530010499536186e9,"tag":"Change","cFrom":[0,17],"cText":[""],"cRemoved":["#"]}

{"cOrigin":"+delete","cTo":[0,17],"cNewPos":[0,16],"cWhen":1.5300104997761698e9,"tag":"Change","cFrom":[0,16],"cText":[""],"cRemoved":["\""]}

{"cOrigin":"+delete","cTo":[0,16],"cNewPos":[0,15],"cWhen":1.5300105000721784e9,"tag":"Change","cFrom":[0,15],"cText":[""],"cRemoved":["i"]}

{"cOrigin":"+delete","cTo":[0,15],"cNewPos":[0,14],"cWhen":1.5300105003922e9,"tag":"Change","cFrom":[0,14],"cText":[""],"cRemoved":["h"]}

{"cOrigin":"+delete","cTo":[0,14],"cNewPos":[0,13],"cWhen":1.53001050137639e9,"tag":"Change","cFrom":[0,13],"cText":[""],"cRemoved":[" "]}

{"cOrigin":"+input","cTo":[0,13],"cNewPos":[0,14],"cWhen":1.5300105054404812e9,"tag":"Change","cFrom":[0,13],"cText":["\""],"cRemoved":[""]}

{"cWhen":1.5300105088897722e9,"tag":"Eval","cAll":true}

{"cOrigin":"+delete","cTo":[0,14],"cNewPos":[0,13],"cWhen":1.5300105514331782e9,"tag":"Change","cFrom":[0,13],"cText":[""],"cRemoved":["\""]}

{"cOrigin":"+delete","cTo":[0,13],"cNewPos":[0,12],"cWhen":1.5300105516492414e9,"tag":"Change","cFrom":[0,12],"cText":[""],"cRemoved":["o"]}

{"cOrigin":"+delete","cTo":[0,12],"cNewPos":[0,11],"cWhen":1.5300105518811522e9,"tag":"Change","cFrom":[0,11],"cText":[""],"cRemoved":["l"]}

{"cOrigin":"+delete","cTo":[0,11],"cNewPos":[0,10],"cWhen":1.530010552129231e9,"tag":"Change","cFrom":[0,10],"cText":[""],"cRemoved":[" "]}

{"cOrigin":"+delete","cTo":[0,10],"cNewPos":[0,9],"cWhen":1.5300105526036077e9,"tag":"Change","cFrom":[0,9],"cText":[""],"cRemoved":["i"]}

{"cOrigin":"+delete","cTo":[0,9],"cNewPos":[0,8],"cWhen":1.5300105529453073e9,"tag":"Change","cFrom":[0,8],"cText":[""],"cRemoved":["h"]}

{"cOrigin":"+input","cTo":[0,8],"cNewPos":[0,9],"cWhen":1.5300105547937858e9,"tag":"Change","cFrom":[0,8],"cText":["l"],"cRemoved":[""]}

{"cOrigin":"+input","cTo":[0,9],"cNewPos":[0,10],"cWhen":1.5300105550015593e9,"tag":"Change","cFrom":[0,9],"cText":["o"],"cRemoved":[""]}

{"cOrigin":"+input","cTo":[0,10],"cNewPos":[0,11],"cWhen":1.530010555465532e9,"tag":"Change","cFrom":[0,10],"cText":[" "],"cRemoved":[""]}

{"cOrigin":"+input","cTo":[0,11],"cNewPos":[0,12],"cWhen":1.530010555870983e9,"tag":"Change","cFrom":[0,11],"cText":["l"],"cRemoved":[""]}

{"cOrigin":"+input","cTo":[0,12],"cNewPos":[0,13],"cWhen":1.5300105561054506e9,"tag":"Change","cFrom":[0,12],"cText":["o"],"cRemoved":[""]}

{"cOrigin":"+input","cTo":[0,13],"cNewPos":[0,14],"cWhen":1.5300105582414718e9,"tag":"Change","cFrom":[0,13],"cText":[" "],"cRemoved":[""]}

{"cOrigin":"+input","cTo":[0,14],"cNewPos":[0,15],"cWhen":1.530010565633587e9,"tag":"Change","cFrom":[0,14],"cText":["h"],"cRemoved":[""]}

{"cOrigin":"+input","cTo":[0,15],"cNewPos":[0,16],"cWhen":1.5300105664095676e9,"tag":"Change","cFrom":[0,15],"cText":["i"],"cRemoved":[""]}

{"cOrigin":"+input","cTo":[0,16],"cNewPos":[0,17],"cWhen":1.5300105670896425e9,"tag":"Change","cFrom":[0,16],"cText":[" "],"cRemoved":[""]}

{"cOrigin":"+input","cTo":[0,17],"cNewPos":[0,18],"cWhen":1.5300105675066447e9,"tag":"Change","cFrom":[0,17],"cText":["h"],"cRemoved":[""]}

{"cOrigin":"+input","cTo":[0,18],"cNewPos":[0,19],"cWhen":1.5300105680897436e9,"tag":"Change","cFrom":[0,18],"cText":["i"],"cRemoved":[""]}

{"cOrigin":"+input","cTo":[0,19],"cNewPos":[0,20],"cWhen":1.5300105725537777e9,"tag":"Change","cFrom":[0,19],"cText":[" "],"cRemoved":[""]}

{"cOrigin":"+input","cTo":[0,20],"cNewPos":[0,21],"cWhen":1.5300105730098367e9,"tag":"Change","cFrom":[0,20],"cText":["l"],"cRemoved":[""]}

{"cOrigin":"+input","cTo":[0,21],"cNewPos":[0,22],"cWhen":1.5300105732737112e9,"tag":"Change","cFrom":[0,21],"cText":["o"],"cRemoved":[""]}

{"cOrigin":"+input","cTo":[0,22],"cNewPos":[0,23],"cWhen":1.5300105741398206e9,"tag":"Change","cFrom":[0,22],"cText":[" "],"cRemoved":[""]}

{"cOrigin":"+input","cTo":[0,23],"cNewPos":[0,24],"cWhen":1.5300105811298058e9,"tag":"Change","cFrom":[0,23],"cText":["h"],"cRemoved":[""]}

{"cOrigin":"+input","cTo":[0,24],"cNewPos":[0,25],"cWhen":1.5300105816659777e9,"tag":"Change","cFrom":[0,24],"cText":["i"],"cRemoved":[""]}

{"cOrigin":"+input","cTo":[0,25],"cNewPos":[0,26],"cWhen":1.5300105821778514e9,"tag":"Change","cFrom":[0,25],"cText":[" "],"cRemoved":[""]}

{"cOrigin":"+input","cTo":[0,26],"cNewPos":[0,27],"cWhen":1.5300105824979405e9,"tag":"Change","cFrom":[0,26],"cText":["h"],"cRemoved":[""]}

{"cOrigin":"+input","cTo":[0,27],"cNewPos":[0,28],"cWhen":1.5300105828419762e9,"tag":"Change","cFrom":[0,27],"cText":["i"],"cRemoved":[""]}

{"cOrigin":"+input","cTo":[0,28],"cNewPos":[0,29],"cWhen":1.5300105851620123e9,"tag":"Change","cFrom":[0,28],"cText":["\""],"cRemoved":[""]}

{"cWhen":1.5300105881317806e9,"tag":"Eval","cAll":true}
