{"cWhen":1530009606,"tag":"Eval","cAll":true}
{"cOrigin":"+input","cTo":[0,0],"cNewPos":[0,1],"cWhen":1.5300096108432736e9,"tag":"Change","cFrom":[0,0],"cText":["\""],"cRemoved":[""]}

{"cOrigin":"+input","cTo":[0,1],"cNewPos":[0,2],"cWhen":1.5300096132112937e9,"tag":"Change","cFrom":[0,1],"cText":["l"],"cRemoved":[""]}

{"cOrigin":"+input","cTo":[0,2],"cNewPos":[0,3],"cWhen":1.5300096134513092e9,"tag":"Change","cFrom":[0,2],"cText":["o"],"cRemoved":[""]}

{"cOrigin":"+input","cTo":[0,3],"cNewPos":[0,4],"cWhen":1.5300096213872168e9,"tag":"Change","cFrom":[0,3],"cText":["*"],"cRemoved":[""]}

{"cOrigin":"+input","cTo":[0,4],"cNewPos":[0,5],"cWhen":1.5300096238032198e9,"tag":"Change","cFrom":[0,4],"cText":["2"],"cRemoved":[""]}

{"cOrigin":"+input","cTo":[0,5],"cNewPos":[0,6],"cWhen":1.5300096247013104e9,"tag":"Change","cFrom":[0,5],"cText":["0"],"cRemoved":[""]}

{"cWhen":1.5300096313414333e9,"tag":"Eval","cAll":true}

{"cOrigin":"+input","cTo":[0,6],"cNewPos":[0,7],"cWhen":1.5300096380751414e9,"tag":"Change","cFrom":[0,6],"cText":["\""],"cRemoved":[""]}

{"cWhen":1.5300096405512235e9,"tag":"Eval","cAll":true}

{"cOrigin":"+delete","cTo":[0,7],"cNewPos":[0,6],"cWhen":1.5300096568746867e9,"tag":"Change","cFrom":[0,6],"cText":[""],"cRemoved":["\""]}

{"cOrigin":"+input","cTo":[0,6],"cNewPos":[0,7],"cWhen":1.5300096620907805e9,"tag":"Change","cFrom":[0,6],"cText":[" "],"cRemoved":[""]}

{"cOrigin":"+input","cTo":[0,7],"cNewPos":[0,8],"cWhen":1.5300096627068036e9,"tag":"Change","cFrom":[0,7],"cText":["h"],"cRemoved":[""]}

{"cOrigin":"+input","cTo":[0,8],"cNewPos":[0,9],"cWhen":1.5300096629467666e9,"tag":"Change","cFrom":[0,8],"cText":["i"],"cRemoved":[""]}

{"cOrigin":"+input","cTo":[0,9],"cNewPos":[0,10],"cWhen":1.530009670722687e9,"tag":"Change","cFrom":[0,9],"cText":["*"],"cRemoved":[""]}

{"cOrigin":"+input","cTo":[0,10],"cNewPos":[0,11],"cWhen":1.530009672938675e9,"tag":"Change","cFrom":[0,10],"cText":["3"],"cRemoved":[""]}

{"cOrigin":"+input","cTo":[0,11],"cNewPos":[0,12],"cWhen":1.5300096731307597e9,"tag":"Change","cFrom":[0,11],"cText":["4"],"cRemoved":[""]}

{"cOrigin":"+input","cTo":[0,12],"cNewPos":[0,13],"cWhen":1.5300096777786539e9,"tag":"Change","cFrom":[0,12],"cText":["\""],"cRemoved":[""]}

{"cWhen":1.5300096833961499e9,"tag":"Eval","cAll":true}

{"cOrigin":"+delete","cTo":[0,13],"cNewPos":[0,12],"cWhen":1.530009693610435e9,"tag":"Change","cFrom":[0,12],"cText":[""],"cRemoved":["\""]}

{"cOrigin":"+delete","cTo":[0,12],"cNewPos":[0,11],"cWhen":1.530009693770565e9,"tag":"Change","cFrom":[0,11],"cText":[""],"cRemoved":["4"]}

{"cOrigin":"+delete","cTo":[0,11],"cNewPos":[0,10],"cWhen":1.5300097012744114e9,"tag":"Change","cFrom":[0,10],"cText":[""],"cRemoved":["3"]}

{"cOrigin":"+input","cTo":[0,10],"cNewPos":[0,11],"cWhen":1.5300097071544955e9,"tag":"Change","cFrom":[0,10],"cText":["5"],"cRemoved":[""]}

{"cOrigin":"+input","cTo":[0,11],"cNewPos":[0,12],"cWhen":1.5300097073464856e9,"tag":"Change","cFrom":[0,11],"cText":["6"],"cRemoved":[""]}

{"cOrigin":"+input","cTo":[0,12],"cNewPos":[0,13],"cWhen":1.5300097145064375e9,"tag":"Change","cFrom":[0,12],"cText":["\""],"cRemoved":[""]}

{"cWhen":1.530009717188909e9,"tag":"Eval","cAll":true}

{"cOrigin":"+delete","cTo":[0,13],"cNewPos":[0,12],"cWhen":1.5300097206502497e9,"tag":"Change","cFrom":[0,12],"cText":[""],"cRemoved":["\""]}

{"cOrigin":"+delete","cTo":[0,12],"cNewPos":[0,11],"cWhen":1.5300097208342645e9,"tag":"Change","cFrom":[0,11],"cText":[""],"cRemoved":["6"]}

{"cOrigin":"+delete","cTo":[0,11],"cNewPos":[0,10],"cWhen":1.5300097212982476e9,"tag":"Change","cFrom":[0,10],"cText":[""],"cRemoved":["5"]}

{"cOrigin":"+delete","cTo":[0,10],"cNewPos":[0,9],"cWhen":1.5300097253622227e9,"tag":"Change","cFrom":[0,9],"cText":[""],"cRemoved":["*"]}

{"cWhen":1.5300097298356857e9,"tag":"MuteToggle","cOrbit":2}

{"cWhen":1.5300097298356857e9,"tag":"Eval","cAll":true}

{"cOrigin":"+input","cTo":[0,9],"cNewPos":[0,10],"cWhen":1.5300097356262844e9,"tag":"Change","cFrom":[0,9],"cText":["\""],"cRemoved":[""]}

{"cWhen":1.5300097388438177e9,"tag":"Eval","cAll":true}

{"cOrigin":"+delete","cTo":[0,10],"cNewPos":[0,9],"cWhen":1.5300097529943447e9,"tag":"Change","cFrom":[0,9],"cText":[""],"cRemoved":["\""]}

{"cOrigin":"+input","cTo":[0,9],"cNewPos":[0,10],"cWhen":1.5300097535544355e9,"tag":"Change","cFrom":[0,9],"cText":[" "],"cRemoved":[""]}

{"cXWarp":9,"cNewPos":[0,9],"cWhen":1.5300097576740797e9,"tag":"Move"}

{"cXWarp":8,"cNewPos":[0,8],"cWhen":1.5300097579337938e9,"tag":"Move"}

{"cXWarp":7,"cNewPos":[0,7],"cWhen":1.530009757983816e9,"tag":"Move"}

{"cXWarp":6,"cNewPos":[0,6],"cWhen":1.530009758033777e9,"tag":"Move"}

{"cXWarp":5,"cNewPos":[0,5],"cWhen":1.5300097580837793e9,"tag":"Move"}

{"cXWarp":4,"cNewPos":[0,4],"cWhen":1.5300097581337962e9,"tag":"Move"}

{"cXWarp":3,"cNewPos":[0,3],"cWhen":1.5300097581838188e9,"tag":"Move"}

{"cXWarp":2,"cNewPos":[0,2],"cWhen":1.5300097582337716e9,"tag":"Move"}

{"cXWarp":1,"cNewPos":[0,1],"cWhen":1.5300097582837913e9,"tag":"Move"}

{"cXWarp":0,"cNewPos":[0,0],"cWhen":1.530009758333794e9,"tag":"Move"}

{"cXWarp":0,"cNewPos":[0,0],"cWhen":1.5300097583838227e9,"tag":"Move"}

{"cXWarp":1,"cNewPos":[0,1],"cWhen":1.5300097660340426e9,"tag":"Move"}

{"cXWarp":2,"cNewPos":[0,2],"cWhen":1.530009766293939e9,"tag":"Move"}

{"cXWarp":3,"cNewPos":[0,3],"cWhen":1.530009766343808e9,"tag":"Move"}

{"cXWarp":4,"cNewPos":[0,4],"cWhen":1.5300097663937712e9,"tag":"Move"}

{"cXWarp":5,"cNewPos":[0,5],"cWhen":1.5300097664437897e9,"tag":"Move"}

{"cXWarp":6,"cNewPos":[0,6],"cWhen":1.53000976649378e9,"tag":"Move"}

{"cXWarp":7,"cNewPos":[0,7],"cWhen":1.530009766543796e9,"tag":"Move"}

{"cXWarp":8,"cNewPos":[0,8],"cWhen":1.530009766593802e9,"tag":"Move"}

{"cXWarp":9,"cNewPos":[0,9],"cWhen":1.530009767274176e9,"tag":"Move"}

{"cOrigin":"+delete","cTo":[0,9],"cNewPos":[0,8],"cWhen":1.5300097696499748e9,"tag":"Change","cFrom":[0,8],"cText":[""],"cRemoved":["i"]}

{"cOrigin":"+delete","cTo":[0,8],"cNewPos":[0,7],"cWhen":1.5300097699037962e9,"tag":"Change","cFrom":[0,7],"cText":[""],"cRemoved":["h"]}

{"cOrigin":"+delete","cTo":[0,7],"cNewPos":[0,6],"cWhen":1.5300097699537635e9,"tag":"Change","cFrom":[0,6],"cText":[""],"cRemoved":[" "]}

{"cOrigin":"+delete","cTo":[0,6],"cNewPos":[0,5],"cWhen":1.5300097700037613e9,"tag":"Change","cFrom":[0,5],"cText":[""],"cRemoved":["0"]}

{"cOrigin":"+delete","cTo":[0,5],"cNewPos":[0,4],"cWhen":1.530009770053774e9,"tag":"Change","cFrom":[0,4],"cText":[""],"cRemoved":["2"]}

{"cOrigin":"+delete","cTo":[0,4],"cNewPos":[0,3],"cWhen":1.5300097701039271e9,"tag":"Change","cFrom":[0,3],"cText":[""],"cRemoved":["*"]}

{"cOrigin":"+delete","cTo":[0,3],"cNewPos":[0,2],"cWhen":1.5300097701538954e9,"tag":"Change","cFrom":[0,2],"cText":[""],"cRemoved":["o"]}

{"cOrigin":"+delete","cTo":[0,2],"cNewPos":[0,1],"cWhen":1.5300097702038531e9,"tag":"Change","cFrom":[0,1],"cText":[""],"cRemoved":["l"]}

{"cOrigin":"+delete","cTo":[0,1],"cNewPos":[0,0],"cWhen":1.5300097702539322e9,"tag":"Change","cFrom":[0,0],"cText":[""],"cRemoved":["\""]}

{"cWhen":1.5300097739083812e9,"tag":"Eval","cAll":true}

{"cOrigin":"+input","cTo":[0,0],"cNewPos":[0,1],"cWhen":1.5300097866501863e9,"tag":"Change","cFrom":[0,0],"cText":["\""],"cRemoved":[""]}

{"cOrigin":"+input","cTo":[0,1],"cNewPos":[0,2],"cWhen":1.5300097930021548e9,"tag":"Change","cFrom":[0,1],"cText":["h"],"cRemoved":[""]}

{"cOrigin":"+input","cTo":[0,2],"cNewPos":[0,3],"cWhen":1.5300097934501922e9,"tag":"Change","cFrom":[0,2],"cText":["i"],"cRemoved":[""]}

{"cOrigin":"+input","cTo":[0,3],"cNewPos":[0,4],"cWhen":1.5300097944021623e9,"tag":"Change","cFrom":[0,3],"cText":["g"],"cRemoved":[""]}

{"cOrigin":"+input","cTo":[0,4],"cNewPos":[0,5],"cWhen":1.5300097947941399e9,"tag":"Change","cFrom":[0,4],"cText":["h"],"cRemoved":[""]}

{"cOrigin":"+input","cTo":[0,5],"cNewPos":[0,6],"cWhen":1.5300097956581671e9,"tag":"Change","cFrom":[0,5],"cText":["e"],"cRemoved":[""]}

{"cOrigin":"+input","cTo":[0,6],"cNewPos":[0,7],"cWhen":1.5300097960501013e9,"tag":"Change","cFrom":[0,6],"cText":["r"],"cRemoved":[""]}

{"cXWarp":6,"cNewPos":[0,6],"cWhen":1.5300097994500012e9,"tag":"Move"}

{"cXWarp":5,"cNewPos":[0,5],"cWhen":1.5300097997039294e9,"tag":"Move"}

{"cXWarp":4,"cNewPos":[0,4],"cWhen":1.5300097997539184e9,"tag":"Move"}

{"cXWarp":3,"cNewPos":[0,3],"cWhen":1.5300097998039272e9,"tag":"Move"}

{"cXWarp":2,"cNewPos":[0,2],"cWhen":1.5300097998539493e9,"tag":"Move"}

{"cXWarp":1,"cNewPos":[0,1],"cWhen":1.5300097999041414e9,"tag":"Move"}

{"cXWarp":0,"cNewPos":[0,0],"cWhen":1.5300097999539804e9,"tag":"Move"}

{"cXWarp":0,"cNewPos":[0,0],"cWhen":1.5300098000039668e9,"tag":"Move"}

{"cXWarp":0,"cNewPos":[0,0],"cWhen":1.5300098000539553e9,"tag":"Move"}

{"cXWarp":1,"cNewPos":[0,1],"cWhen":1.5300098041379375e9,"tag":"Move"}

{"cOrigin":"+delete","cTo":[0,1],"cNewPos":[0,0],"cWhen":1.530009805489875e9,"tag":"Change","cFrom":[0,0],"cText":[""],"cRemoved":["\""]}

{"cXWarp":1,"cNewPos":[0,1],"cWhen":1.5300098078099387e9,"tag":"Move"}

{"cXWarp":2,"cNewPos":[0,2],"cWhen":1.5300098080639238e9,"tag":"Move"}

{"cXWarp":3,"cNewPos":[0,3],"cWhen":1.5300098081139107e9,"tag":"Move"}

{"cXWarp":4,"cNewPos":[0,4],"cWhen":1.5300098081639197e9,"tag":"Move"}

{"cXWarp":5,"cNewPos":[0,5],"cWhen":1.53000980821389e9,"tag":"Move"}

{"cXWarp":6,"cNewPos":[0,6],"cWhen":1.5300098082638917e9,"tag":"Move"}

{"cXWarp":7,"cNewPos":[0,7],"cWhen":1.5300098083139353e9,"tag":"Move"}

{"cOrigin":"+input","cTo":[0,7],"cNewPos":[0,8],"cWhen":1.5300098132660608e9,"tag":"Change","cFrom":[0,7],"cText":["\""],"cRemoved":[""]}

{"cOrigin":"+input","cTo":[0,8],"cNewPos":[0,9],"cWhen":1.5300098164100394e9,"tag":"Change","cFrom":[0,8],"cText":["h"],"cRemoved":[""]}

{"cOrigin":"+input","cTo":[0,9],"cNewPos":[0,10],"cWhen":1.5300098168980453e9,"tag":"Change","cFrom":[0,9],"cText":["i"],"cRemoved":[""]}

{"cOrigin":"+input","cTo":[0,10],"cNewPos":[0,11],"cWhen":1.530009825721998e9,"tag":"Change","cFrom":[0,10],"cText":["*"],"cRemoved":[""]}

{"cOrigin":"+input","cTo":[0,11],"cNewPos":[0,12],"cWhen":1.5300098277460318e9,"tag":"Change","cFrom":[0,11],"cText":["2"],"cRemoved":[""]}

{"cOrigin":"+input","cTo":[0,12],"cNewPos":[0,13],"cWhen":1.530009827954048e9,"tag":"Change","cFrom":[0,12],"cText":["3"],"cRemoved":[""]}

{"cOrigin":"+input","cTo":[0,13],"cNewPos":[0,14],"cWhen":1.5300098357539349e9,"tag":"Change","cFrom":[0,13],"cText":["\""],"cRemoved":[""]}

{"cWhen":1.5300098405081463e9,"tag":"Eval","cAll":true}

{"cOrigin":"+delete","cTo":[0,14],"cNewPos":[0,13],"cWhen":1.5300098464177177e9,"tag":"Change","cFrom":[0,13],"cText":[""],"cRemoved":["\""]}

{"cOrigin":"+input","cTo":[0,13],"cNewPos":[0,14],"cWhen":1.53000984838584e9,"tag":"Change","cFrom":[0,13],"cText":[" "],"cRemoved":[""]}

{"cOrigin":"+input","cTo":[0,14],"cNewPos":[0,15],"cWhen":1.53000984877788e9,"tag":"Change","cFrom":[0,14],"cText":["l"],"cRemoved":[""]}

{"cOrigin":"+input","cTo":[0,15],"cNewPos":[0,16],"cWhen":1.530009849329809e9,"tag":"Change","cFrom":[0,15],"cText":["o"],"cRemoved":[""]}

{"cOrigin":"+input","cTo":[0,16],"cNewPos":[0,17],"cWhen":1.5300098766657696e9,"tag":"Change","cFrom":[0,16],"cText":["\""],"cRemoved":[""]}

{"cWhen":1.530009878411864e9,"tag":"Eval","cAll":true}

{"cOrigin":"+delete","cTo":[0,17],"cNewPos":[0,16],"cWhen":1.530009898953303e9,"tag":"Change","cFrom":[0,16],"cText":[""],"cRemoved":["\""]}

{"cOrigin":"+input","cTo":[0,16],"cNewPos":[0,17],"cWhen":1.530009899953735e9,"tag":"Change","cFrom":[0,16],"cText":[" "],"cRemoved":[""]}

{"cOrigin":"+input","cTo":[0,17],"cNewPos":[0,18],"cWhen":1.5300099008816319e9,"tag":"Change","cFrom":[0,17],"cText":["e"],"cRemoved":[""]}

{"cOrigin":"+input","cTo":[0,18],"cNewPos":[0,19],"cWhen":1.5300099018737566e9,"tag":"Change","cFrom":[0,18],"cText":["v"],"cRemoved":[""]}

{"cOrigin":"+input","cTo":[0,19],"cNewPos":[0,20],"cWhen":1.5300099022894614e9,"tag":"Change","cFrom":[0,19],"cText":["e"],"cRemoved":[""]}

{"cOrigin":"+input","cTo":[0,20],"cNewPos":[0,21],"cWhen":1.5300099026494443e9,"tag":"Change","cFrom":[0,20],"cText":["r"],"cRemoved":[""]}

{"cOrigin":"+input","cTo":[0,21],"cNewPos":[0,22],"cWhen":1.530009903233735e9,"tag":"Change","cFrom":[0,21],"cText":["y"],"cRemoved":[""]}

{"cOrigin":"+input","cTo":[0,22],"cNewPos":[0,23],"cWhen":1.5300099054496698e9,"tag":"Change","cFrom":[0,22],"cText":[" "],"cRemoved":[""]}

{"cOrigin":"+input","cTo":[0,23],"cNewPos":[0,24],"cWhen":1.5300099064254186e9,"tag":"Change","cFrom":[0,23],"cText":["4"],"cRemoved":[""]}

{"cOrigin":"+input","cTo":[0,24],"cNewPos":[0,25],"cWhen":1.5300099080414305e9,"tag":"Change","cFrom":[0,24],"cText":[" "],"cRemoved":[""]}

{"cOrigin":"+input","cTo":[0,25],"cNewPos":[0,26],"cWhen":1.5300099085454025e9,"tag":"Change","cFrom":[0,25],"cText":["f"],"cRemoved":[""]}

{"cOrigin":"+input","cTo":[0,26],"cNewPos":[0,27],"cWhen":1.5300099089056764e9,"tag":"Change","cFrom":[0,26],"cText":["a"],"cRemoved":[""]}

{"cOrigin":"+input","cTo":[0,27],"cNewPos":[0,28],"cWhen":1.530009909265632e9,"tag":"Change","cFrom":[0,27],"cText":["s"],"cRemoved":[""]}

{"cOrigin":"+input","cTo":[0,28],"cNewPos":[0,29],"cWhen":1.530009909905382e9,"tag":"Change","cFrom":[0,28],"cText":["t"],"cRemoved":[""]}

{"cOrigin":"+input","cTo":[0,29],"cNewPos":[0,30],"cWhen":1.5300099102176254e9,"tag":"Change","cFrom":[0,29],"cText":["e"],"cRemoved":[""]}

{"cOrigin":"+input","cTo":[0,30],"cNewPos":[0,31],"cWhen":1.5300099104416223e9,"tag":"Change","cFrom":[0,30],"cText":["r"],"cRemoved":[""]}

{"cOrigin":"+input","cTo":[0,31],"cNewPos":[0,32],"cWhen":1.5300099148336663e9,"tag":"Change","cFrom":[0,31],"cText":[" "],"cRemoved":[""]}

{"cXWarp":31,"cNewPos":[0,31],"cWhen":1.5300099198174179e9,"tag":"Move"}

{"cXWarp":30,"cNewPos":[0,30],"cWhen":1.5300099200094125e9,"tag":"Move"}

{"cXWarp":29,"cNewPos":[0,29],"cWhen":1.5300099202092268e9,"tag":"Move"}

{"cXWarp":28,"cNewPos":[0,28],"cWhen":1.5300099203852437e9,"tag":"Move"}

{"cXWarp":27,"cNewPos":[0,27],"cWhen":1.5300099205372455e9,"tag":"Move"}

{"cXWarp":26,"cNewPos":[0,26],"cWhen":1.5300099207292295e9,"tag":"Move"}

{"cXWarp":25,"cNewPos":[0,25],"cWhen":1.5300099209134104e9,"tag":"Move"}

{"cXWarp":24,"cNewPos":[0,24],"cWhen":1.530009921273427e9,"tag":"Move"}

{"cOrigin":"+delete","cTo":[0,24],"cNewPos":[0,23],"cWhen":1.530009922601375e9,"tag":"Change","cFrom":[0,23],"cText":[""],"cRemoved":["4"]}

{"cOrigin":"+input","cTo":[0,23],"cNewPos":[0,24],"cWhen":1.530009925425346e9,"tag":"Change","cFrom":[0,23],"cText":["7"],"cRemoved":[""]}

{"cXWarp":25,"cNewPos":[0,25],"cWhen":1.5300099327452624e9,"tag":"Move"}

{"cXWarp":26,"cNewPos":[0,26],"cWhen":1.5300099329548202e9,"tag":"Move"}

{"cXWarp":27,"cNewPos":[0,27],"cWhen":1.5300099332893438e9,"tag":"Move"}

{"cXWarp":28,"cNewPos":[0,28],"cWhen":1.5300099334254181e9,"tag":"Move"}

{"cXWarp":29,"cNewPos":[0,29],"cWhen":1.5300099336094763e9,"tag":"Move"}

{"cXWarp":30,"cNewPos":[0,30],"cWhen":1.5300099337934678e9,"tag":"Move"}

{"cXWarp":31,"cNewPos":[0,31],"cWhen":1.5300099339694455e9,"tag":"Move"}

{"cXWarp":32,"cNewPos":[0,32],"cWhen":1.5300099353534913e9,"tag":"Move"}

{"cOrigin":"+input","cTo":[0,32],"cNewPos":[0,33],"cWhen":1.5300099361292982e9,"tag":"Change","cFrom":[0,32],"cText":[" "],"cRemoved":[""]}

{"cXWarp":32,"cNewPos":[0,32],"cWhen":1.5300099387075136e9,"tag":"Move"}

{"cXWarp":33,"cNewPos":[0,33],"cWhen":1.5300099398254437e9,"tag":"Move"}

{"cOrigin":"+input","cTo":[0,33],"cNewPos":[0,34],"cWhen":1.5300099429055128e9,"tag":"Change","cFrom":[0,33],"cText":["l"],"cRemoved":[""]}

{"cOrigin":"+input","cTo":[0,34],"cNewPos":[0,35],"cWhen":1.5300099431294775e9,"tag":"Change","cFrom":[0,34],"cText":["o"],"cRemoved":[""]}

{"cOrigin":"+input","cTo":[0,35],"cNewPos":[0,36],"cWhen":1.530009947713724e9,"tag":"Change","cFrom":[0,35],"cText":["*"],"cRemoved":[""]}

{"cOrigin":"+input","cTo":[0,36],"cNewPos":[0,37],"cWhen":1.5300099511867304e9,"tag":"Change","cFrom":[0,36],"cText":["1"],"cRemoved":[""]}

{"cOrigin":"+input","cTo":[0,37],"cNewPos":[0,38],"cWhen":1.5300099519936202e9,"tag":"Change","cFrom":[0,37],"cText":["0"],"cRemoved":[""]}

{"cOrigin":"+input","cTo":[0,38],"cNewPos":[0,39],"cWhen":1.5300099549215546e9,"tag":"Change","cFrom":[0,38],"cText":["\""],"cRemoved":[""]}

{"cWhen":1.530009957219655e9,"tag":"Eval","cAll":true}

{"cOrigin":"+delete","cTo":[0,39],"cNewPos":[0,38],"cWhen":1.5300099983848727e9,"tag":"Change","cFrom":[0,38],"cText":[""],"cRemoved":["\""]}

{"cOrigin":"+delete","cTo":[0,38],"cNewPos":[0,37],"cWhen":1.5300099985848987e9,"tag":"Change","cFrom":[0,37],"cText":[""],"cRemoved":["0"]}

{"cOrigin":"+delete","cTo":[0,37],"cNewPos":[0,36],"cWhen":1.5300099993450067e9,"tag":"Change","cFrom":[0,36],"cText":[""],"cRemoved":["1"]}

{"cOrigin":"+delete","cTo":[0,36],"cNewPos":[0,35],"cWhen":1.5300099995450265e9,"tag":"Change","cFrom":[0,35],"cText":[""],"cRemoved":["*"]}

{"cOrigin":"+input","cTo":[0,35],"cNewPos":[0,36],"cWhen":1.530010000674943e9,"tag":"Change","cFrom":[0,35],"cText":[" "],"cRemoved":[""]}

{"cOrigin":"+input","cTo":[0,36],"cNewPos":[0,37],"cWhen":1.5300100017292435e9,"tag":"Change","cFrom":[0,36],"cText":["c"],"cRemoved":[""]}

{"cOrigin":"+input","cTo":[0,37],"cNewPos":[0,38],"cWhen":1.530010002225277e9,"tag":"Change","cFrom":[0,37],"cText":["r"],"cRemoved":[""]}

{"cOrigin":"+input","cTo":[0,38],"cNewPos":[0,39],"cWhen":1.5300100028171883e9,"tag":"Change","cFrom":[0,38],"cText":["u"],"cRemoved":[""]}

{"cOrigin":"+input","cTo":[0,39],"cNewPos":[0,40],"cWhen":1.5300100034410012e9,"tag":"Change","cFrom":[0,39],"cText":["n"],"cRemoved":[""]}

{"cOrigin":"+input","cTo":[0,40],"cNewPos":[0,41],"cWhen":1.5300100043852265e9,"tag":"Change","cFrom":[0,40],"cText":["c"],"cRemoved":[""]}

{"cOrigin":"+input","cTo":[0,41],"cNewPos":[0,42],"cWhen":1.5300100064730558e9,"tag":"Change","cFrom":[0,41],"cText":["h"],"cRemoved":[""]}

{"cOrigin":"+input","cTo":[0,42],"cNewPos":[0,43],"cWhen":1.5300100095129435e9,"tag":"Change","cFrom":[0,42],"cText":["\""],"cRemoved":[""]}

{"cWhen":1.530010013403894e9,"tag":"Eval","cAll":true}
