{"cWhen":1530002747,"tag":"Eval","cAll":true}
{"cOrigin":"+input","cTo":[0,0],"cNewPos":[0,1],"cWhen":1.5300027535998106e9,"tag":"Change","cFrom":[0,0],"cText":["f"],"cRemoved":[""]}

{"cOrigin":"+input","cTo":[0,1],"cNewPos":[0,2],"cWhen":1.5300027537438395e9,"tag":"Change","cFrom":[0,1],"cText":["a"],"cRemoved":[""]}

{"cOrigin":"+input","cTo":[0,2],"cNewPos":[0,3],"cWhen":1.5300027539597232e9,"tag":"Change","cFrom":[0,2],"cText":["s"],"cRemoved":[""]}

{"cOrigin":"+input","cTo":[0,3],"cNewPos":[0,4],"cWhen":1.5300027544397879e9,"tag":"Change","cFrom":[0,3],"cText":["t"],"cRemoved":[""]}

{"cOrigin":"+input","cTo":[0,4],"cNewPos":[0,5],"cWhen":1.5300027546957786e9,"tag":"Change","cFrom":[0,4],"cText":["e"],"cRemoved":[""]}

{"cOrigin":"+input","cTo":[0,5],"cNewPos":[0,6],"cWhen":1.5300027549195898e9,"tag":"Change","cFrom":[0,5],"cText":["r"],"cRemoved":[""]}

{"cOrigin":"+input","cTo":[0,6],"cNewPos":[0,7],"cWhen":1.5300027564555218e9,"tag":"Change","cFrom":[0,6],"cText":["\""],"cRemoved":[""]}

{"cOrigin":"+input","cTo":[0,7],"cNewPos":[0,8],"cWhen":1.5300027582635465e9,"tag":"Change","cFrom":[0,7],"cText":["h"],"cRemoved":[""]}

{"cOrigin":"+input","cTo":[0,8],"cNewPos":[0,9],"cWhen":1.5300027585678477e9,"tag":"Change","cFrom":[0,8],"cText":["i"],"cRemoved":[""]}

{"cOrigin":"+input","cTo":[0,9],"cNewPos":[0,10],"cWhen":1.5300027602553072e9,"tag":"Change","cFrom":[0,9],"cText":[" "],"cRemoved":[""]}

{"cOrigin":"+input","cTo":[0,10],"cNewPos":[0,11],"cWhen":1.5300027604713097e9,"tag":"Change","cFrom":[0,10],"cText":["l"],"cRemoved":[""]}

{"cOrigin":"+input","cTo":[0,11],"cNewPos":[0,12],"cWhen":1.530002760647378e9,"tag":"Change","cFrom":[0,11],"cText":["o"],"cRemoved":[""]}

{"cOrigin":"+input","cTo":[0,12],"cNewPos":[0,13],"cWhen":1.5300027608313768e9,"tag":"Change","cFrom":[0,12],"cText":[" "],"cRemoved":[""]}

{"cOrigin":"+input","cTo":[0,13],"cNewPos":[0,14],"cWhen":1.530002761231507e9,"tag":"Change","cFrom":[0,13],"cText":["l"],"cRemoved":[""]}

{"cOrigin":"+input","cTo":[0,14],"cNewPos":[0,15],"cWhen":1.530002761391874e9,"tag":"Change","cFrom":[0,14],"cText":["o"],"cRemoved":[""]}

{"cOrigin":"+input","cTo":[0,15],"cNewPos":[0,16],"cWhen":1.5300027613992918e9,"tag":"Change","cFrom":[0,15],"cText":["i"],"cRemoved":[""]}

{"cOrigin":"+input","cTo":[0,16],"cNewPos":[0,17],"cWhen":1.5300027615593944e9,"tag":"Change","cFrom":[0,16],"cText":[" "],"cRemoved":[""]}

{"cOrigin":"+input","cTo":[0,17],"cNewPos":[0,18],"cWhen":1.530002761871464e9,"tag":"Change","cFrom":[0,17],"cText":["h"],"cRemoved":[""]}

{"cOrigin":"+input","cTo":[0,18],"cNewPos":[0,19],"cWhen":1.5300027620392716e9,"tag":"Change","cFrom":[0,18],"cText":["i"],"cRemoved":[""]}

{"cOrigin":"+input","cTo":[0,19],"cNewPos":[0,20],"cWhen":1.5300027622072752e9,"tag":"Change","cFrom":[0,19],"cText":[" "],"cRemoved":[""]}

{"cOrigin":"+input","cTo":[0,20],"cNewPos":[0,21],"cWhen":1.5300027624312956e9,"tag":"Change","cFrom":[0,20],"cText":["l"],"cRemoved":[""]}

{"cOrigin":"+input","cTo":[0,21],"cNewPos":[0,22],"cWhen":1.5300027625913932e9,"tag":"Change","cFrom":[0,21],"cText":["o"],"cRemoved":[""]}

{"cOrigin":"+input","cTo":[0,22],"cNewPos":[0,23],"cWhen":1.5300027627434123e9,"tag":"Change","cFrom":[0,22],"cText":[" "],"cRemoved":[""]}

{"cOrigin":"+input","cTo":[0,23],"cNewPos":[0,24],"cWhen":1.5300027630152342e9,"tag":"Change","cFrom":[0,23],"cText":["h"],"cRemoved":[""]}

{"cOrigin":"+input","cTo":[0,24],"cNewPos":[0,25],"cWhen":1.5300027631831753e9,"tag":"Change","cFrom":[0,24],"cText":["i"],"cRemoved":[""]}

{"cOrigin":"+input","cTo":[0,25],"cNewPos":[0,26],"cWhen":1.5300027632952135e9,"tag":"Change","cFrom":[0,25],"cText":[" "],"cRemoved":[""]}

{"cOrigin":"+input","cTo":[0,26],"cNewPos":[0,27],"cWhen":1.5300027635833063e9,"tag":"Change","cFrom":[0,26],"cText":["l"],"cRemoved":[""]}

{"cOrigin":"+input","cTo":[0,27],"cNewPos":[0,28],"cWhen":1.530002763759163e9,"tag":"Change","cFrom":[0,27],"cText":["o"],"cRemoved":[""]}

{"cOrigin":"+input","cTo":[0,28],"cNewPos":[0,29],"cWhen":1.5300027639272358e9,"tag":"Change","cFrom":[0,28],"cText":[" "],"cRemoved":[""]}

{"cOrigin":"+input","cTo":[0,29],"cNewPos":[0,30],"cWhen":1.5300027643111863e9,"tag":"Change","cFrom":[0,29],"cText":["h"],"cRemoved":[""]}

{"cOrigin":"+input","cTo":[0,30],"cNewPos":[0,31],"cWhen":1.530002764583078e9,"tag":"Change","cFrom":[0,30],"cText":["i"],"cRemoved":[""]}

{"cOrigin":"+input","cTo":[0,31],"cNewPos":[0,32],"cWhen":1.5300027647750492e9,"tag":"Change","cFrom":[0,31],"cText":[" "],"cRemoved":[""]}

{"cOrigin":"+input","cTo":[0,32],"cNewPos":[0,33],"cWhen":1.530002765039112e9,"tag":"Change","cFrom":[0,32],"cText":["l"],"cRemoved":[""]}

{"cOrigin":"+input","cTo":[0,33],"cNewPos":[0,34],"cWhen":1.5300027652070246e9,"tag":"Change","cFrom":[0,33],"cText":["o"],"cRemoved":[""]}

{"cOrigin":"+input","cTo":[0,34],"cNewPos":[0,35],"cWhen":1.5300027653670955e9,"tag":"Change","cFrom":[0,34],"cText":[" "],"cRemoved":[""]}

{"cOrigin":"+input","cTo":[0,35],"cNewPos":[0,36],"cWhen":1.5300027656309512e9,"tag":"Change","cFrom":[0,35],"cText":["h"],"cRemoved":[""]}

{"cOrigin":"+input","cTo":[0,36],"cNewPos":[0,37],"cWhen":1.53000276583111e9,"tag":"Change","cFrom":[0,36],"cText":[" "],"cRemoved":[""]}

{"cOrigin":"+input","cTo":[0,37],"cNewPos":[0,38],"cWhen":1.5300027658870912e9,"tag":"Change","cFrom":[0,37],"cText":["i"],"cRemoved":[""]}

{"cOrigin":"+input","cTo":[0,38],"cNewPos":[0,39],"cWhen":1.5300027658949912e9,"tag":"Change","cFrom":[0,38],"cText":["o"],"cRemoved":[""]}

{"cOrigin":"+delete","cTo":[0,39],"cNewPos":[0,38],"cWhen":1.530002768870758e9,"tag":"Change","cFrom":[0,38],"cText":[""],"cRemoved":["o"]}

{"cOrigin":"+delete","cTo":[0,38],"cNewPos":[0,37],"cWhen":1.5300027691505554e9,"tag":"Change","cFrom":[0,37],"cText":[""],"cRemoved":["i"]}

{"cOrigin":"+delete","cTo":[0,37],"cNewPos":[0,36],"cWhen":1.5300027694386737e9,"tag":"Change","cFrom":[0,36],"cText":[""],"cRemoved":[" "]}

{"cOrigin":"+input","cTo":[0,36],"cNewPos":[0,37],"cWhen":1.5300027704707108e9,"tag":"Change","cFrom":[0,36],"cText":["i"],"cRemoved":[""]}

{"cOrigin":"+input","cTo":[0,37],"cNewPos":[0,38],"cWhen":1.5300027707348099e9,"tag":"Change","cFrom":[0,37],"cText":[" "],"cRemoved":[""]}

{"cOrigin":"+input","cTo":[0,38],"cNewPos":[0,39],"cWhen":1.5300027709107707e9,"tag":"Change","cFrom":[0,38],"cText":["l"],"cRemoved":[""]}

{"cOrigin":"+input","cTo":[0,39],"cNewPos":[0,40],"cWhen":1.5300027710707326e9,"tag":"Change","cFrom":[0,39],"cText":["o"],"cRemoved":[""]}

{"cOrigin":"+input","cTo":[0,40],"cNewPos":[0,41],"cWhen":1.5300027712545764e9,"tag":"Change","cFrom":[0,40],"cText":[" "],"cRemoved":[""]}

{"cOrigin":"+input","cTo":[0,41],"cNewPos":[0,42],"cWhen":1.5300027744864736e9,"tag":"Change","cFrom":[0,41],"cText":["\""],"cRemoved":[""]}

{"cOrigin":"+input","cTo":[0,42],"cNewPos":[0,43],"cWhen":1.5300027751024935e9,"tag":"Change","cFrom":[0,42],"cText":[" "],"cRemoved":[""]}

{"cOrigin":"+input","cTo":[0,43],"cNewPos":[0,44],"cWhen":1.5300027753625848e9,"tag":"Change","cFrom":[0,43],"cText":[" "],"cRemoved":[""]}

{"cOrigin":"+input","cTo":[0,44],"cNewPos":[0,45],"cWhen":1.5300027754123178e9,"tag":"Change","cFrom":[0,44],"cText":[" "],"cRemoved":[""]}

{"cOrigin":"+input","cTo":[0,45],"cNewPos":[0,46],"cWhen":1.530002775462339e9,"tag":"Change","cFrom":[0,45],"cText":[" "],"cRemoved":[""]}

{"cOrigin":"+input","cTo":[0,46],"cNewPos":[0,47],"cWhen":1.5300027755122685e9,"tag":"Change","cFrom":[0,46],"cText":[" "],"cRemoved":[""]}

{"cOrigin":"+input","cTo":[0,47],"cNewPos":[0,48],"cWhen":1.5300027755623198e9,"tag":"Change","cFrom":[0,47],"cText":[" "],"cRemoved":[""]}

{"cOrigin":"+input","cTo":[0,48],"cNewPos":[0,49],"cWhen":1.5300027756123374e9,"tag":"Change","cFrom":[0,48],"cText":[" "],"cRemoved":[""]}

{"cWhen":1.530002776319825e9,"tag":"Eval","cAll":true}

{"cWhen":1.5300027800796556e9,"tag":"Eval","cAll":true}

{"cXWarp":48,"cNewPos":[0,48],"cWhen":1.5300027874137783e9,"tag":"Move"}

{"cXWarp":47,"cNewPos":[0,47],"cWhen":1.530002787565768e9,"tag":"Move"}

{"cXWarp":46,"cNewPos":[0,46],"cWhen":1.5300027877262924e9,"tag":"Move"}

{"cXWarp":45,"cNewPos":[0,45],"cWhen":1.5300027879177625e9,"tag":"Move"}

{"cXWarp":44,"cNewPos":[0,44],"cWhen":1.530002788101738e9,"tag":"Move"}

{"cXWarp":43,"cNewPos":[0,43],"cWhen":1.5300027882696095e9,"tag":"Move"}

{"cXWarp":42,"cNewPos":[0,42],"cWhen":1.5300027884456918e9,"tag":"Move"}

{"cXWarp":41,"cNewPos":[0,41],"cWhen":1.5300027886376069e9,"tag":"Move"}

{"cXWarp":40,"cNewPos":[0,40],"cWhen":1.5300027890056965e9,"tag":"Move"}

{"cOrigin":"+input","cTo":[0,40],"cNewPos":[0,41],"cWhen":1.530002790765614e9,"tag":"Change","cFrom":[0,40],"cText":["*"],"cRemoved":[""]}

{"cOrigin":"+input","cTo":[0,41],"cNewPos":[0,42],"cWhen":1.5300027915577424e9,"tag":"Change","cFrom":[0,41],"cText":["9"],"cRemoved":[""]}

{"cOrigin":"+input","cTo":[0,42],"cNewPos":[0,43],"cWhen":1.5300027921818717e9,"tag":"Change","cFrom":[0,42],"cText":[" "],"cRemoved":[""]}

{"cWhen":1.530002793711289e9,"tag":"Eval","cAll":true}

{"cXWarp":42,"cNewPos":[0,42],"cWhen":1.530002800804944e9,"tag":"Move"}

{"cXWarp":41,"cNewPos":[0,41],"cWhen":1.5300028010048232e9,"tag":"Move"}

{"cXWarp":40,"cNewPos":[0,40],"cWhen":1.530002801262572e9,"tag":"Move"}

{"cXWarp":39,"cNewPos":[0,39],"cWhen":1.5300028013120196e9,"tag":"Move"}

{"cXWarp":38,"cNewPos":[0,38],"cWhen":1.5300028013621323e9,"tag":"Move"}

{"cXWarp":37,"cNewPos":[0,37],"cWhen":1.5300028014121466e9,"tag":"Move"}

{"cXWarp":36,"cNewPos":[0,36],"cWhen":1.5300028014620228e9,"tag":"Move"}

{"cXWarp":35,"cNewPos":[0,35],"cWhen":1.5300028015120032e9,"tag":"Move"}

{"cXWarp":34,"cNewPos":[0,34],"cWhen":1.5300028015620043e9,"tag":"Move"}

{"cXWarp":33,"cNewPos":[0,33],"cWhen":1.5300028016120052e9,"tag":"Move"}

{"cXWarp":32,"cNewPos":[0,32],"cWhen":1.5300028016620367e9,"tag":"Move"}

{"cXWarp":31,"cNewPos":[0,31],"cWhen":1.5300028017120066e9,"tag":"Move"}

{"cXWarp":30,"cNewPos":[0,30],"cWhen":1.5300028017620163e9,"tag":"Move"}

{"cXWarp":29,"cNewPos":[0,29],"cWhen":1.53000280181201e9,"tag":"Move"}

{"cXWarp":28,"cNewPos":[0,28],"cWhen":1.530002801862003e9,"tag":"Move"}

{"cXWarp":27,"cNewPos":[0,27],"cWhen":1.530002801912011e9,"tag":"Move"}

{"cXWarp":26,"cNewPos":[0,26],"cWhen":1.5300028019620137e9,"tag":"Move"}

{"cXWarp":25,"cNewPos":[0,25],"cWhen":1.530002802012027e9,"tag":"Move"}

{"cXWarp":24,"cNewPos":[0,24],"cWhen":1.5300028020620227e9,"tag":"Move"}

{"cXWarp":23,"cNewPos":[0,23],"cWhen":1.5300028021120229e9,"tag":"Move"}

{"cXWarp":22,"cNewPos":[0,22],"cWhen":1.5300028021621542e9,"tag":"Move"}

{"cXWarp":21,"cNewPos":[0,21],"cWhen":1.5300028022126918e9,"tag":"Move"}

{"cXWarp":20,"cNewPos":[0,20],"cWhen":1.5300028022620122e9,"tag":"Move"}

{"cXWarp":19,"cNewPos":[0,19],"cWhen":1.5300028023120396e9,"tag":"Move"}

{"cXWarp":18,"cNewPos":[0,18],"cWhen":1.530002802362015e9,"tag":"Move"}

{"cXWarp":17,"cNewPos":[0,17],"cWhen":1.5300028024120321e9,"tag":"Move"}

{"cXWarp":16,"cNewPos":[0,16],"cWhen":1.5300028024620185e9,"tag":"Move"}

{"cXWarp":15,"cNewPos":[0,15],"cWhen":1.5300028025120049e9,"tag":"Move"}

{"cXWarp":14,"cNewPos":[0,14],"cWhen":1.5300028025619876e9,"tag":"Move"}

{"cXWarp":13,"cNewPos":[0,13],"cWhen":1.5300028026120214e9,"tag":"Move"}

{"cXWarp":12,"cNewPos":[0,12],"cWhen":1.5300028026620314e9,"tag":"Move"}

{"cXWarp":11,"cNewPos":[0,11],"cWhen":1.5300028027120118e9,"tag":"Move"}

{"cXWarp":10,"cNewPos":[0,10],"cWhen":1.5300028027620103e9,"tag":"Move"}

{"cXWarp":9,"cNewPos":[0,9],"cWhen":1.530002802812018e9,"tag":"Move"}

{"cXWarp":8,"cNewPos":[0,8],"cWhen":1.5300028028619921e9,"tag":"Move"}

{"cXWarp":7,"cNewPos":[0,7],"cWhen":1.53000280291201e9,"tag":"Move"}

{"cXWarp":6,"cNewPos":[0,6],"cWhen":1.5300028029621303e9,"tag":"Move"}

{"cOrigin":"+delete","cTo":[0,6],"cNewPos":[0,5],"cWhen":1.530002803884701e9,"tag":"Change","cFrom":[0,5],"cText":[""],"cRemoved":["r"]}

{"cOrigin":"+delete","cTo":[0,5],"cNewPos":[0,4],"cWhen":1.5300028040207858e9,"tag":"Change","cFrom":[0,4],"cText":[""],"cRemoved":["e"]}

{"cOrigin":"+delete","cTo":[0,4],"cNewPos":[0,3],"cWhen":1.5300028041807678e9,"tag":"Change","cFrom":[0,3],"cText":[""],"cRemoved":["t"]}

{"cOrigin":"+delete","cTo":[0,3],"cNewPos":[0,2],"cWhen":1.5300028043267555e9,"tag":"Change","cFrom":[0,2],"cText":[""],"cRemoved":["s"]}

{"cOrigin":"+delete","cTo":[0,2],"cNewPos":[0,1],"cWhen":1.530002804620657e9,"tag":"Change","cFrom":[0,1],"cText":[""],"cRemoved":["a"]}

{"cOrigin":"+delete","cTo":[0,1],"cNewPos":[0,0],"cWhen":1.5300028047647736e9,"tag":"Change","cFrom":[0,0],"cText":[""],"cRemoved":["f"]}

{"cOrigin":"+input","cTo":[0,0],"cNewPos":[0,1],"cWhen":1.5300028058210146e9,"tag":"Change","cFrom":[0,0],"cText":["c"],"cRemoved":[""]}

{"cOrigin":"+input","cTo":[0,1],"cNewPos":[0,2],"cWhen":1.5300028063807483e9,"tag":"Change","cFrom":[0,1],"cText":["r"],"cRemoved":[""]}

{"cOrigin":"+input","cTo":[0,2],"cNewPos":[0,3],"cWhen":1.5300028068688915e9,"tag":"Change","cFrom":[0,2],"cText":["u"],"cRemoved":[""]}

{"cOrigin":"+input","cTo":[0,3],"cNewPos":[0,4],"cWhen":1.5300028079566739e9,"tag":"Change","cFrom":[0,3],"cText":["n"],"cRemoved":[""]}

{"cOrigin":"+input","cTo":[0,4],"cNewPos":[0,5],"cWhen":1.5300028086846237e9,"tag":"Change","cFrom":[0,4],"cText":["c"],"cRemoved":[""]}

{"cOrigin":"+input","cTo":[0,5],"cNewPos":[0,6],"cWhen":1.5300028088927293e9,"tag":"Change","cFrom":[0,5],"cText":["h"],"cRemoved":[""]}

{"cWhen":1.530002809997545e9,"tag":"Eval","cAll":true}

{"cXWarp":5,"cNewPos":[0,5],"cWhen":1.5300028349477048e9,"tag":"Move"}

{"cXWarp":4,"cNewPos":[0,4],"cWhen":1.5300028351397307e9,"tag":"Move"}

{"cXWarp":3,"cNewPos":[0,3],"cWhen":1.5300028353315203e9,"tag":"Move"}

{"cXWarp":2,"cNewPos":[0,2],"cWhen":1.5300028355155244e9,"tag":"Move"}

{"cXWarp":1,"cNewPos":[0,1],"cWhen":1.5300028357235057e9,"tag":"Move"}

{"cXWarp":0,"cNewPos":[0,0],"cWhen":1.5300028359237685e9,"tag":"Move"}

{"cXWarp":0,"cNewPos":[0,0],"cWhen":1.530002836139632e9,"tag":"Move"}

{"cXWarp":0,"cNewPos":[0,0],"cWhen":1.53000283815588e9,"tag":"Move"}

{"cOrigin":"+input","cTo":[0,0],"cNewPos":[0,1],"cWhen":1.5300028406519108e9,"tag":"Change","cFrom":[0,0],"cText":["e"],"cRemoved":[""]}

{"cOrigin":"+input","cTo":[0,1],"cNewPos":[0,2],"cWhen":1.5300028410277014e9,"tag":"Change","cFrom":[0,1],"cText":["v"],"cRemoved":[""]}

{"cOrigin":"+input","cTo":[0,2],"cNewPos":[0,3],"cWhen":1.5300028415794342e9,"tag":"Change","cFrom":[0,2],"cText":["e"],"cRemoved":[""]}

{"cOrigin":"+input","cTo":[0,3],"cNewPos":[0,4],"cWhen":1.530002843027374e9,"tag":"Change","cFrom":[0,3],"cText":["y"],"cRemoved":[""]}

{"cOrigin":"+input","cTo":[0,4],"cNewPos":[0,5],"cWhen":1.5300028438435385e9,"tag":"Change","cFrom":[0,4],"cText":[" "],"cRemoved":[""]}

{"cOrigin":"+input","cTo":[0,5],"cNewPos":[0,6],"cWhen":1.530002847027308e9,"tag":"Change","cFrom":[0,5],"cText":["2"],"cRemoved":[""]}

{"cOrigin":"+input","cTo":[0,6],"cNewPos":[0,7],"cWhen":1.5300028474432857e9,"tag":"Change","cFrom":[0,6],"cText":[" "],"cRemoved":[""]}

{"cWhen":1.5300028496200702e9,"tag":"Eval","cAll":true}

{"cWhen":1.5300028539412632e9,"tag":"Eval","cAll":true}

{"cXWarp":6,"cNewPos":[0,6],"cWhen":1.530002858410761e9,"tag":"Move"}

{"cXWarp":5,"cNewPos":[0,5],"cWhen":1.5300028586907656e9,"tag":"Move"}

{"cXWarp":4,"cNewPos":[0,4],"cWhen":1.5300028591229227e9,"tag":"Move"}

{"cXWarp":3,"cNewPos":[0,3],"cWhen":1.5300028594110377e9,"tag":"Move"}

{"cXWarp":2,"cNewPos":[0,2],"cWhen":1.5300028597227237e9,"tag":"Move"}

{"cXWarp":3,"cNewPos":[0,3],"cWhen":1.5300028621868017e9,"tag":"Move"}

{"cOrigin":"+input","cTo":[0,3],"cNewPos":[0,4],"cWhen":1.530002863378781e9,"tag":"Change","cFrom":[0,3],"cText":["r"],"cRemoved":[""]}

{"cWhen":1.5300028651962466e9,"tag":"Eval","cAll":true}

{"cXWarp":3,"cNewPos":[0,3],"cWhen":1.5300028983721585e9,"tag":"Move"}

{"cXWarp":4,"cNewPos":[0,4],"cWhen":1.53000289938596e9,"tag":"Move"}

{"cXWarp":5,"cNewPos":[0,5],"cWhen":1.5300028995619476e9,"tag":"Move"}

{"cXWarp":6,"cNewPos":[0,6],"cWhen":1.5300028997459521e9,"tag":"Move"}

{"cXWarp":7,"cNewPos":[0,7],"cWhen":1.530002899953702e9,"tag":"Move"}

{"cXWarp":8,"cNewPos":[0,8],"cWhen":1.5300029001456394e9,"tag":"Move"}

{"cXWarp":9,"cNewPos":[0,9],"cWhen":1.5300029008019068e9,"tag":"Move"}

{"cXWarp":8,"cNewPos":[0,8],"cWhen":1.530002902329875e9,"tag":"Move"}

{"cXWarp":7,"cNewPos":[0,7],"cWhen":1.5300029026497366e9,"tag":"Move"}

{"cOrigin":"+delete","cTo":[0,7],"cNewPos":[0,6],"cWhen":1.5300029035375488e9,"tag":"Change","cFrom":[0,6],"cText":[""],"cRemoved":["2"]}

{"cOrigin":"+delete","cTo":[0,6],"cNewPos":[0,5],"cWhen":1.5300029036657038e9,"tag":"Change","cFrom":[0,5],"cText":[""],"cRemoved":[" "]}

{"cOrigin":"+delete","cTo":[0,5],"cNewPos":[0,4],"cWhen":1.5300029038016684e9,"tag":"Change","cFrom":[0,4],"cText":[""],"cRemoved":["y"]}

{"cOrigin":"+delete","cTo":[0,4],"cNewPos":[0,3],"cWhen":1.5300029039375432e9,"tag":"Change","cFrom":[0,3],"cText":[""],"cRemoved":["r"]}

{"cOrigin":"+delete","cTo":[0,3],"cNewPos":[0,2],"cWhen":1.5300029040896468e9,"tag":"Change","cFrom":[0,2],"cText":[""],"cRemoved":["e"]}

{"cOrigin":"+delete","cTo":[0,2],"cNewPos":[0,1],"cWhen":1.5300029042256587e9,"tag":"Change","cFrom":[0,1],"cText":[""],"cRemoved":["v"]}

{"cOrigin":"+delete","cTo":[0,1],"cNewPos":[0,0],"cWhen":1.530002904369652e9,"tag":"Change","cFrom":[0,0],"cText":[""],"cRemoved":["e"]}

{"cWhen":1.5300029055314007e9,"tag":"Eval","cAll":true}

{"cXWarp":1,"cNewPos":[0,1],"cWhen":1.5300029101617072e9,"tag":"Move"}

{"cXWarp":2,"cNewPos":[0,2],"cWhen":1.5300029104416015e9,"tag":"Move"}

{"cXWarp":3,"cNewPos":[0,3],"cWhen":1.530002910745529e9,"tag":"Move"}

{"cXWarp":4,"cNewPos":[0,4],"cWhen":1.5300029110014493e9,"tag":"Move"}

{"cXWarp":5,"cNewPos":[0,5],"cWhen":1.5300029112735522e9,"tag":"Move"}

{"cXWarp":6,"cNewPos":[0,6],"cWhen":1.530002911569561e9,"tag":"Move"}

{"cXWarp":7,"cNewPos":[0,7],"cWhen":1.5300029118575544e9,"tag":"Move"}

{"cXWarp":8,"cNewPos":[0,8],"cWhen":1.5300029121454942e9,"tag":"Move"}

{"cXWarp":9,"cNewPos":[0,9],"cWhen":1.5300029124494035e9,"tag":"Move"}

{"cXWarp":10,"cNewPos":[0,10],"cWhen":1.5300029131295433e9,"tag":"Move"}

{"cOrigin":"+input","cTo":[0,10],"cNewPos":[0,11],"cWhen":1.5300029144097674e9,"tag":"Change","cFrom":[0,10],"cText":["*"],"cRemoved":[""]}

{"cOrigin":"+input","cTo":[0,11],"cNewPos":[0,12],"cWhen":1.5300029147056837e9,"tag":"Change","cFrom":[0,11],"cText":["9"],"cRemoved":[""]}

{"cWhen":1.5300029159474862e9,"tag":"Eval","cAll":true}

{"cXWarp":13,"cNewPos":[0,13],"cWhen":1.530002926097175e9,"tag":"Move"}

{"cXWarp":14,"cNewPos":[0,14],"cWhen":1.5300029263521e9,"tag":"Move"}

{"cXWarp":15,"cNewPos":[0,15],"cWhen":1.5300029264020972e9,"tag":"Move"}

{"cXWarp":16,"cNewPos":[0,16],"cWhen":1.5300029264520435e9,"tag":"Move"}

{"cXWarp":17,"cNewPos":[0,17],"cWhen":1.530002926502017e9,"tag":"Move"}

{"cXWarp":18,"cNewPos":[0,18],"cWhen":1.5300029265520198e9,"tag":"Move"}

{"cXWarp":19,"cNewPos":[0,19],"cWhen":1.5300029266020238e9,"tag":"Move"}

{"cXWarp":20,"cNewPos":[0,20],"cWhen":1.530002926652028e9,"tag":"Move"}

{"cXWarp":21,"cNewPos":[0,21],"cWhen":1.530002926702046e9,"tag":"Move"}

{"cXWarp":22,"cNewPos":[0,22],"cWhen":1.5300029267520437e9,"tag":"Move"}

{"cXWarp":23,"cNewPos":[0,23],"cWhen":1.5300029268020444e9,"tag":"Move"}

{"cXWarp":24,"cNewPos":[0,24],"cWhen":1.5300029268520162e9,"tag":"Move"}

{"cXWarp":25,"cNewPos":[0,25],"cWhen":1.530002926902042e9,"tag":"Move"}

{"cXWarp":26,"cNewPos":[0,26],"cWhen":1.53000292695204e9,"tag":"Move"}

{"cXWarp":27,"cNewPos":[0,27],"cWhen":1.530002927002055e9,"tag":"Move"}

{"cXWarp":28,"cNewPos":[0,28],"cWhen":1.5300029270520766e9,"tag":"Move"}

{"cXWarp":29,"cNewPos":[0,29],"cWhen":1.5300029271020417e9,"tag":"Move"}

{"cXWarp":30,"cNewPos":[0,30],"cWhen":1.5300029271520553e9,"tag":"Move"}

{"cXWarp":31,"cNewPos":[0,31],"cWhen":1.5300029272021778e9,"tag":"Move"}

{"cXWarp":32,"cNewPos":[0,32],"cWhen":1.5300029272522147e9,"tag":"Move"}

{"cXWarp":33,"cNewPos":[0,33],"cWhen":1.5300029273021743e9,"tag":"Move"}

{"cXWarp":34,"cNewPos":[0,34],"cWhen":1.5300029273522022e9,"tag":"Move"}

{"cXWarp":35,"cNewPos":[0,35],"cWhen":1.5300029274037383e9,"tag":"Move"}

{"cXWarp":36,"cNewPos":[0,36],"cWhen":1.5300029274521909e9,"tag":"Move"}

{"cXWarp":37,"cNewPos":[0,37],"cWhen":1.5300029275020285e9,"tag":"Move"}

{"cXWarp":38,"cNewPos":[0,38],"cWhen":1.5300029275520551e9,"tag":"Move"}

{"cXWarp":39,"cNewPos":[0,39],"cWhen":1.5300029276020331e9,"tag":"Move"}

{"cXWarp":40,"cNewPos":[0,40],"cWhen":1.5300029276520493e9,"tag":"Move"}

{"cXWarp":41,"cNewPos":[0,41],"cWhen":1.5300029277020056e9,"tag":"Move"}

{"cXWarp":42,"cNewPos":[0,42],"cWhen":1.5300029277520208e9,"tag":"Move"}

{"cXWarp":43,"cNewPos":[0,43],"cWhen":1.5300029280330951e9,"tag":"Move"}

{"cXWarp":44,"cNewPos":[0,44],"cWhen":1.5300029282731872e9,"tag":"Move"}

{"cXWarp":45,"cNewPos":[0,45],"cWhen":1.5300029285130825e9,"tag":"Move"}

{"cXWarp":46,"cNewPos":[0,46],"cWhen":1.5300029291451826e9,"tag":"Move"}

{"cOrigin":"+input","cTo":[0,46],"cNewPos":[0,47],"cWhen":1.5300029306891487e9,"tag":"Change","cFrom":[0,46],"cText":[" "],"cRemoved":[""]}

{"cOrigin":"+input","cTo":[0,47],"cNewPos":[0,48],"cWhen":1.530002931185109e9,"tag":"Change","cFrom":[0,47],"cText":["l"],"cRemoved":[""]}

{"cOrigin":"+input","cTo":[0,48],"cNewPos":[0,49],"cWhen":1.530002931433089e9,"tag":"Change","cFrom":[0,48],"cText":[" "],"cRemoved":[""]}

{"cOrigin":"+input","cTo":[0,49],"cNewPos":[0,50],"cWhen":1.5300029316810877e9,"tag":"Change","cFrom":[0,49],"cText":["o"],"cRemoved":[""]}

{"cOrigin":"+delete","cTo":[0,50],"cNewPos":[0,49],"cWhen":1.5300029329608908e9,"tag":"Change","cFrom":[0,49],"cText":[""],"cRemoved":["o"]}

{"cOrigin":"+delete","cTo":[0,49],"cNewPos":[0,48],"cWhen":1.5300029332249064e9,"tag":"Change","cFrom":[0,48],"cText":[""],"cRemoved":[" "]}

{"cOrigin":"+input","cTo":[0,48],"cNewPos":[0,49],"cWhen":1.5300029349849954e9,"tag":"Change","cFrom":[0,48],"cText":["o"],"cRemoved":[""]}

{"cOrigin":"+input","cTo":[0,49],"cNewPos":[0,50],"cWhen":1.530002935169188e9,"tag":"Change","cFrom":[0,49],"cText":[" "],"cRemoved":[""]}

{"cOrigin":"+input","cTo":[0,50],"cNewPos":[0,51],"cWhen":1.5300029353451238e9,"tag":"Change","cFrom":[0,50],"cText":["l"],"cRemoved":[""]}

{"cOrigin":"+input","cTo":[0,51],"cNewPos":[0,52],"cWhen":1.5300029355050972e9,"tag":"Change","cFrom":[0,51],"cText":["o"],"cRemoved":[""]}

{"cOrigin":"+input","cTo":[0,52],"cNewPos":[0,53],"cWhen":1.5300029356252203e9,"tag":"Change","cFrom":[0,52],"cText":[" "],"cRemoved":[""]}

{"cOrigin":"+input","cTo":[0,53],"cNewPos":[0,54],"cWhen":1.5300029357930918e9,"tag":"Change","cFrom":[0,53],"cText":["l"],"cRemoved":[""]}

{"cOrigin":"+input","cTo":[0,54],"cNewPos":[0,55],"cWhen":1.5300029359450085e9,"tag":"Change","cFrom":[0,54],"cText":["o"],"cRemoved":[""]}

{"cOrigin":"+input","cTo":[0,55],"cNewPos":[0,56],"cWhen":1.5300029367449605e9,"tag":"Change","cFrom":[0,55],"cText":[" "],"cRemoved":[""]}

{"cOrigin":"+input","cTo":[0,56],"cNewPos":[0,57],"cWhen":1.5300029375849366e9,"tag":"Change","cFrom":[0,56],"cText":["h"],"cRemoved":[""]}

{"cOrigin":"+input","cTo":[0,57],"cNewPos":[0,58],"cWhen":1.5300029378889568e9,"tag":"Change","cFrom":[0,57],"cText":["i"],"cRemoved":[""]}

{"cOrigin":"+input","cTo":[0,58],"cNewPos":[0,59],"cWhen":1.5300029380489874e9,"tag":"Change","cFrom":[0,58],"cText":[" "],"cRemoved":[""]}

{"cOrigin":"+input","cTo":[0,59],"cNewPos":[0,60],"cWhen":1.5300029382331033e9,"tag":"Change","cFrom":[0,59],"cText":["h"],"cRemoved":[""]}

{"cOrigin":"+input","cTo":[0,60],"cNewPos":[0,61],"cWhen":1.5300029384971104e9,"tag":"Change","cFrom":[0,60],"cText":["i"],"cRemoved":[""]}

{"cOrigin":"+input","cTo":[0,61],"cNewPos":[0,62],"cWhen":1.5300029387529914e9,"tag":"Change","cFrom":[0,61],"cText":["h"],"cRemoved":[""]}

{"cOrigin":"+delete","cTo":[0,62],"cNewPos":[0,61],"cWhen":1.5300029402890174e9,"tag":"Change","cFrom":[0,61],"cText":[""],"cRemoved":["h"]}

{"cOrigin":"+input","cTo":[0,61],"cNewPos":[0,62],"cWhen":1.530002940945372e9,"tag":"Change","cFrom":[0,61],"cText":[" "],"cRemoved":[""]}

{"cOrigin":"+input","cTo":[0,62],"cNewPos":[0,63],"cWhen":1.5300029415771213e9,"tag":"Change","cFrom":[0,62],"cText":["l"],"cRemoved":[""]}

{"cOrigin":"+input","cTo":[0,63],"cNewPos":[0,64],"cWhen":1.530002941729149e9,"tag":"Change","cFrom":[0,63],"cText":["o"],"cRemoved":[""]}

{"cOrigin":"+input","cTo":[0,64],"cNewPos":[0,65],"cWhen":1.5300029418410027e9,"tag":"Change","cFrom":[0,64],"cText":[" "],"cRemoved":[""]}

{"cOrigin":"+input","cTo":[0,65],"cNewPos":[0,66],"cWhen":1.5300029421930315e9,"tag":"Change","cFrom":[0,65],"cText":["l"],"cRemoved":[""]}

{"cOrigin":"+input","cTo":[0,66],"cNewPos":[0,67],"cWhen":1.5300029423210196e9,"tag":"Change","cFrom":[0,66],"cText":["o"],"cRemoved":[""]}

{"cOrigin":"+input","cTo":[0,67],"cNewPos":[0,68],"cWhen":1.5300029424729993e9,"tag":"Change","cFrom":[0,67],"cText":[" "],"cRemoved":[""]}

{"cOrigin":"+input","cTo":[0,68],"cNewPos":[0,69],"cWhen":1.5300029429931097e9,"tag":"Change","cFrom":[0,68],"cText":["h"],"cRemoved":[""]}

{"cOrigin":"+input","cTo":[0,69],"cNewPos":[0,70],"cWhen":1.530002943160989e9,"tag":"Change","cFrom":[0,69],"cText":["i"],"cRemoved":[""]}

{"cOrigin":"+input","cTo":[0,70],"cNewPos":[0,71],"cWhen":1.5300029432890465e9,"tag":"Change","cFrom":[0,70],"cText":[" "],"cRemoved":[""]}

{"cOrigin":"+input","cTo":[0,71],"cNewPos":[0,72],"cWhen":1.530002943625101e9,"tag":"Change","cFrom":[0,71],"cText":["h"],"cRemoved":[""]}

{"cOrigin":"+input","cTo":[0,72],"cNewPos":[0,73],"cWhen":1.5300029437929943e9,"tag":"Change","cFrom":[0,72],"cText":["i"],"cRemoved":[""]}

{"cOrigin":"+input","cTo":[0,73],"cNewPos":[0,74],"cWhen":1.5300029439529696e9,"tag":"Change","cFrom":[0,73],"cText":[" "],"cRemoved":[""]}

{"cOrigin":"+delete","cTo":[0,74],"cNewPos":[0,73],"cWhen":1.530002947096706e9,"tag":"Change","cFrom":[0,73],"cText":[""],"cRemoved":[" "]}

{"cOrigin":"+input","cTo":[0,73],"cNewPos":[0,74],"cWhen":1.5300029486569498e9,"tag":"Change","cFrom":[0,73],"cText":["*"],"cRemoved":[""]}

{"cOrigin":"+input","cTo":[0,74],"cNewPos":[0,75],"cWhen":1.530002949041144e9,"tag":"Change","cFrom":[0,74],"cText":["9"],"cRemoved":[""]}

{"cWhen":1.5300029501216848e9,"tag":"Eval","cAll":true}

{"cOrigin":"+input","cTo":[0,75],"cNewPos":[1,0],"cWhen":1.5300029735845082e9,"tag":"Change","cFrom":[0,75],"cText":["",""],"cRemoved":[""]}

{"cOrigin":"+input","cTo":[1,0],"cNewPos":[1,1],"cWhen":1.5300029772165186e9,"tag":"Change","cFrom":[1,0],"cText":["f"],"cRemoved":[""]}

{"cOrigin":"+input","cTo":[1,1],"cNewPos":[1,2],"cWhen":1.5300029790004218e9,"tag":"Change","cFrom":[1,1],"cText":["a"],"cRemoved":[""]}

{"cOrigin":"+input","cTo":[1,2],"cNewPos":[1,3],"cWhen":1.5300029792324173e9,"tag":"Change","cFrom":[1,2],"cText":["s"],"cRemoved":[""]}

{"cOrigin":"+input","cTo":[1,3],"cNewPos":[1,4],"cWhen":1.530002979576386e9,"tag":"Change","cFrom":[1,3],"cText":["r"],"cRemoved":[""]}

{"cOrigin":"+delete","cTo":[1,4],"cNewPos":[1,3],"cWhen":1.5300029807042382e9,"tag":"Change","cFrom":[1,3],"cText":[""],"cRemoved":["r"]}

{"cOrigin":"+input","cTo":[1,3],"cNewPos":[1,4],"cWhen":1.5300029811364846e9,"tag":"Change","cFrom":[1,3],"cText":["t"],"cRemoved":[""]}

{"cOrigin":"+input","cTo":[1,4],"cNewPos":[1,5],"cWhen":1.530002981416368e9,"tag":"Change","cFrom":[1,4],"cText":["e"],"cRemoved":[""]}

{"cOrigin":"+input","cTo":[1,5],"cNewPos":[1,6],"cWhen":1.530002981664393e9,"tag":"Change","cFrom":[1,5],"cText":["r"],"cRemoved":[""]}

{"cOrigin":"+input","cTo":[1,6],"cNewPos":[1,7],"cWhen":1.5300029837042606e9,"tag":"Change","cFrom":[1,6],"cText":["\""],"cRemoved":[""]}

{"cOrigin":"+input","cTo":[1,7],"cNewPos":[1,8],"cWhen":1.530002985640241e9,"tag":"Change","cFrom":[1,7],"cText":["h"],"cRemoved":[""]}

{"cOrigin":"+input","cTo":[1,8],"cNewPos":[1,9],"cWhen":1.5300029859922602e9,"tag":"Change","cFrom":[1,8],"cText":["i"],"cRemoved":[""]}

{"cOrigin":"+input","cTo":[1,9],"cNewPos":[1,10],"cWhen":1.5300029871363113e9,"tag":"Change","cFrom":[1,9],"cText":[" "],"cRemoved":[""]}

{"cOrigin":"+input","cTo":[1,10],"cNewPos":[1,11],"cWhen":1.530002987952308e9,"tag":"Change","cFrom":[1,10],"cText":["h"],"cRemoved":[""]}

{"cOrigin":"+input","cTo":[1,11],"cNewPos":[1,12],"cWhen":1.5300029882803087e9,"tag":"Change","cFrom":[1,11],"cText":["i"],"cRemoved":[""]}

{"cOrigin":"+input","cTo":[1,12],"cNewPos":[1,13],"cWhen":1.5300029884723296e9,"tag":"Change","cFrom":[1,12],"cText":[" "],"cRemoved":[""]}

{"cOrigin":"+input","cTo":[1,13],"cNewPos":[1,14],"cWhen":1.5300029887281833e9,"tag":"Change","cFrom":[1,13],"cText":["h"],"cRemoved":[""]}

{"cOrigin":"+input","cTo":[1,14],"cNewPos":[1,15],"cWhen":1.5300029890401673e9,"tag":"Change","cFrom":[1,14],"cText":["i"],"cRemoved":[""]}

{"cOrigin":"+input","cTo":[1,15],"cNewPos":[1,16],"cWhen":1.5300029892323005e9,"tag":"Change","cFrom":[1,15],"cText":[" "],"cRemoved":[""]}

{"cOrigin":"+input","cTo":[1,16],"cNewPos":[1,17],"cWhen":1.5300029894242876e9,"tag":"Change","cFrom":[1,16],"cText":["h"],"cRemoved":[""]}

{"cOrigin":"+input","cTo":[1,17],"cNewPos":[1,18],"cWhen":1.5300029896562126e9,"tag":"Change","cFrom":[1,17],"cText":["i"],"cRemoved":[""]}

{"cOrigin":"+input","cTo":[1,18],"cNewPos":[1,19],"cWhen":1.5300029898081896e9,"tag":"Change","cFrom":[1,18],"cText":[" "],"cRemoved":[""]}

{"cOrigin":"+input","cTo":[1,19],"cNewPos":[1,20],"cWhen":1.5300029899843857e9,"tag":"Change","cFrom":[1,19],"cText":["h"],"cRemoved":[""]}

{"cOrigin":"+input","cTo":[1,20],"cNewPos":[1,21],"cWhen":1.530002990168166e9,"tag":"Change","cFrom":[1,20],"cText":["i"],"cRemoved":[""]}

{"cOrigin":"+input","cTo":[1,21],"cNewPos":[1,22],"cWhen":1.5300029902961483e9,"tag":"Change","cFrom":[1,21],"cText":[" "],"cRemoved":[""]}

{"cOrigin":"+input","cTo":[1,22],"cNewPos":[1,23],"cWhen":1.530002990584181e9,"tag":"Change","cFrom":[1,22],"cText":["j"],"cRemoved":[""]}

{"cOrigin":"+input","cTo":[1,23],"cNewPos":[1,24],"cWhen":1.5300029905922356e9,"tag":"Change","cFrom":[1,23],"cText":["h"],"cRemoved":[""]}

{"cOrigin":"+input","cTo":[1,24],"cNewPos":[1,25],"cWhen":1.5300029907442846e9,"tag":"Change","cFrom":[1,24],"cText":["i"],"cRemoved":[""]}

{"cOrigin":"+delete","cTo":[1,25],"cNewPos":[1,24],"cWhen":1.5300029926096897e9,"tag":"Change","cFrom":[1,24],"cText":[""],"cRemoved":["i"]}

{"cOrigin":"+delete","cTo":[1,24],"cNewPos":[1,23],"cWhen":1.5300029928081326e9,"tag":"Change","cFrom":[1,23],"cText":[""],"cRemoved":["h"]}

{"cOrigin":"+delete","cTo":[1,23],"cNewPos":[1,22],"cWhen":1.5300029930319898e9,"tag":"Change","cFrom":[1,22],"cText":[""],"cRemoved":["j"]}

{"cOrigin":"+delete","cTo":[1,22],"cNewPos":[1,21],"cWhen":1.5300029932881372e9,"tag":"Change","cFrom":[1,21],"cText":[""],"cRemoved":[" "]}

{"cOrigin":"+input","cTo":[1,21],"cNewPos":[1,22],"cWhen":1.530002994072113e9,"tag":"Change","cFrom":[1,21],"cText":[" "],"cRemoved":[""]}

{"cOrigin":"+input","cTo":[1,22],"cNewPos":[1,23],"cWhen":1.5300029944561088e9,"tag":"Change","cFrom":[1,22],"cText":["h"],"cRemoved":[""]}

{"cOrigin":"+input","cTo":[1,23],"cNewPos":[1,24],"cWhen":1.5300029947761564e9,"tag":"Change","cFrom":[1,23],"cText":["i"],"cRemoved":[""]}

{"cOrigin":"+input","cTo":[1,24],"cNewPos":[1,25],"cWhen":1.5300029949280896e9,"tag":"Change","cFrom":[1,24],"cText":[" "],"cRemoved":[""]}

{"cOrigin":"+input","cTo":[1,25],"cNewPos":[1,26],"cWhen":1.5300029951202092e9,"tag":"Change","cFrom":[1,25],"cText":["h"],"cRemoved":[""]}

{"cOrigin":"+input","cTo":[1,26],"cNewPos":[1,27],"cWhen":1.5300029953681123e9,"tag":"Change","cFrom":[1,26],"cText":["i"],"cRemoved":[""]}

{"cOrigin":"+input","cTo":[1,27],"cNewPos":[1,28],"cWhen":1.530002995560194e9,"tag":"Change","cFrom":[1,27],"cText":[" "],"cRemoved":[""]}

{"cOrigin":"+delete","cTo":[1,28],"cNewPos":[1,27],"cWhen":1.5300029972719631e9,"tag":"Change","cFrom":[1,27],"cText":[""],"cRemoved":[" "]}

{"cOrigin":"+input","cTo":[1,27],"cNewPos":[1,28],"cWhen":1.5300029982561545e9,"tag":"Change","cFrom":[1,27],"cText":["*"],"cRemoved":[""]}

{"cOrigin":"+input","cTo":[1,28],"cNewPos":[1,29],"cWhen":1.53000299849605e9,"tag":"Change","cFrom":[1,28],"cText":["9"],"cRemoved":[""]}

{"cOrigin":"+input","cTo":[1,29],"cNewPos":[1,30],"cWhen":1.5300030004161196e9,"tag":"Change","cFrom":[1,29],"cText":["\""],"cRemoved":[""]}

{"cWhen":1.5300030013374772e9,"tag":"Eval","cAll":true}

{"cXWarp":31,"cNewPos":[1,31],"cWhen":1.53000301043997e9,"tag":"Move"}

{"cXWarp":32,"cNewPos":[1,32],"cWhen":1.5300030113204646e9,"tag":"Move"}

{"cOrigin":"+delete","cTo":[1,32],"cNewPos":[1,31],"cWhen":1.5300030123597353e9,"tag":"Change","cFrom":[1,31],"cText":[""],"cRemoved":["\""]}

{"cXWarp":30,"cNewPos":[1,30],"cWhen":1.5300030140957448e9,"tag":"Move"}

{"cXWarp":29,"cNewPos":[1,29],"cWhen":1.5300030146717234e9,"tag":"Move"}

{"cWhen":1.5300030166649346e9,"tag":"Eval","cAll":true}

{"cXWarp":28,"cNewPos":[1,28],"cWhen":1.5300030449754772e9,"tag":"Move"}

{"cXWarp":27,"cNewPos":[1,27],"cWhen":1.5300030452320185e9,"tag":"Move"}

{"cXWarp":26,"cNewPos":[1,26],"cWhen":1.5300030452820194e9,"tag":"Move"}

{"cXWarp":25,"cNewPos":[1,25],"cWhen":1.5300030453320289e9,"tag":"Move"}

{"cXWarp":24,"cNewPos":[1,24],"cWhen":1.5300030453820307e9,"tag":"Move"}

{"cXWarp":23,"cNewPos":[1,23],"cWhen":1.5300030454320228e9,"tag":"Move"}

{"cXWarp":22,"cNewPos":[1,22],"cWhen":1.5300030454831882e9,"tag":"Move"}

{"cXWarp":21,"cNewPos":[1,21],"cWhen":1.5300030455320334e9,"tag":"Move"}

{"cXWarp":20,"cNewPos":[1,20],"cWhen":1.5300030455820522e9,"tag":"Move"}

{"cXWarp":19,"cNewPos":[1,19],"cWhen":1.5300030456320515e9,"tag":"Move"}

{"cXWarp":18,"cNewPos":[1,18],"cWhen":1.5300030456820638e9,"tag":"Move"}

{"cXWarp":17,"cNewPos":[1,17],"cWhen":1.53000304573202e9,"tag":"Move"}

{"cXWarp":16,"cNewPos":[1,16],"cWhen":1.5300030457821524e9,"tag":"Move"}

{"cXWarp":15,"cNewPos":[1,15],"cWhen":1.5300030458321502e9,"tag":"Move"}

{"cXWarp":14,"cNewPos":[1,14],"cWhen":1.5300030458819768e9,"tag":"Move"}

{"cXWarp":13,"cNewPos":[1,13],"cWhen":1.5300030459319923e9,"tag":"Move"}

{"cXWarp":12,"cNewPos":[1,12],"cWhen":1.5300030459819732e9,"tag":"Move"}

{"cXWarp":11,"cNewPos":[1,11],"cWhen":1.5300030460320225e9,"tag":"Move"}

{"cXWarp":10,"cNewPos":[1,10],"cWhen":1.5300030460820282e9,"tag":"Move"}

{"cXWarp":9,"cNewPos":[1,9],"cWhen":1.5300030461320598e9,"tag":"Move"}

{"cXWarp":8,"cNewPos":[1,8],"cWhen":1.5300030461820211e9,"tag":"Move"}

{"cXWarp":7,"cNewPos":[1,7],"cWhen":1.530003046232e9,"tag":"Move"}

{"cXWarp":6,"cNewPos":[1,6],"cWhen":1.5300030462820315e9,"tag":"Move"}

{"cXWarp":5,"cNewPos":[1,5],"cWhen":1.530003046332031e9,"tag":"Move"}

{"cXWarp":4,"cNewPos":[1,4],"cWhen":1.530003046559334e9,"tag":"Move"}

{"cXWarp":3,"cNewPos":[1,3],"cWhen":1.53000304674347e9,"tag":"Move"}

{"cXWarp":2,"cNewPos":[1,2],"cWhen":1.5300030469273417e9,"tag":"Move"}

{"cXWarp":1,"cNewPos":[1,1],"cWhen":1.5300030470954516e9,"tag":"Move"}

{"cXWarp":0,"cNewPos":[1,0],"cWhen":1.530003047295652e9,"tag":"Move"}

{"cOrigin":"+input","cTo":[1,0],"cNewPos":[2,0],"cWhen":1.530003053871371e9,"tag":"Change","cFrom":[1,0],"cText":["",""],"cRemoved":[""]}

{"cXWarp":0,"cNewPos":[1,0],"cWhen":1.5300030567752347e9,"tag":"Move"}

{"cXWarp":0,"cNewPos":[1,0],"cWhen":1.5300030576232119e9,"tag":"Move"}

{"cXWarp":0,"cNewPos":[1,0],"cWhen":1.5300030579032e9,"tag":"Move"}

{"cXWarp":0,"cNewPos":[0,0],"cWhen":1.5300030585593038e9,"tag":"Move"}

{"cXWarp":1,"cNewPos":[0,1],"cWhen":1.5300030589911835e9,"tag":"Move"}

{"cXWarp":2,"cNewPos":[0,2],"cWhen":1.53000305924202e9,"tag":"Move"}

{"cXWarp":3,"cNewPos":[0,3],"cWhen":1.5300030592920136e9,"tag":"Move"}

{"cXWarp":4,"cNewPos":[0,4],"cWhen":1.5300030593420339e9,"tag":"Move"}

{"cXWarp":5,"cNewPos":[0,5],"cWhen":1.53000305939202e9,"tag":"Move"}

{"cXWarp":6,"cNewPos":[0,6],"cWhen":1.530003059441997e9,"tag":"Move"}

{"cXWarp":7,"cNewPos":[0,7],"cWhen":1.530003059492009e9,"tag":"Move"}

{"cXWarp":8,"cNewPos":[0,8],"cWhen":1.5300030595420277e9,"tag":"Move"}

{"cXWarp":9,"cNewPos":[0,9],"cWhen":1.5300030595921237e9,"tag":"Move"}

{"cXWarp":10,"cNewPos":[0,10],"cWhen":1.53000305964215e9,"tag":"Move"}

{"cXWarp":11,"cNewPos":[0,11],"cWhen":1.5300030596921647e9,"tag":"Move"}

{"cXWarp":12,"cNewPos":[0,12],"cWhen":1.5300030597420056e9,"tag":"Move"}

{"cXWarp":13,"cNewPos":[0,13],"cWhen":1.5300030597920313e9,"tag":"Move"}

{"cXWarp":14,"cNewPos":[0,14],"cWhen":1.5300030598420033e9,"tag":"Move"}

{"cXWarp":15,"cNewPos":[0,15],"cWhen":1.5300030598920465e9,"tag":"Move"}

{"cXWarp":16,"cNewPos":[0,16],"cWhen":1.5300030599420469e9,"tag":"Move"}

{"cXWarp":17,"cNewPos":[0,17],"cWhen":1.5300030599920616e9,"tag":"Move"}

{"cXWarp":18,"cNewPos":[0,18],"cWhen":1.530003060042025e9,"tag":"Move"}

{"cXWarp":19,"cNewPos":[0,19],"cWhen":1.5300030600920343e9,"tag":"Move"}

{"cXWarp":20,"cNewPos":[0,20],"cWhen":1.5300030601420567e9,"tag":"Move"}

{"cXWarp":21,"cNewPos":[0,21],"cWhen":1.5300030601937523e9,"tag":"Move"}

{"cXWarp":22,"cNewPos":[0,22],"cWhen":1.5300030602420657e9,"tag":"Move"}

{"cXWarp":23,"cNewPos":[0,23],"cWhen":1.5300030602923563e9,"tag":"Move"}

{"cXWarp":24,"cNewPos":[0,24],"cWhen":1.5300030603420312e9,"tag":"Move"}

{"cXWarp":25,"cNewPos":[0,25],"cWhen":1.5300030603920355e9,"tag":"Move"}

{"cXWarp":26,"cNewPos":[0,26],"cWhen":1.5300030604420328e9,"tag":"Move"}

{"cXWarp":27,"cNewPos":[0,27],"cWhen":1.5300030604920418e9,"tag":"Move"}

{"cXWarp":28,"cNewPos":[0,28],"cWhen":1.5300030605420432e9,"tag":"Move"}

{"cXWarp":29,"cNewPos":[0,29],"cWhen":1.5300030605920484e9,"tag":"Move"}

{"cXWarp":30,"cNewPos":[0,30],"cWhen":1.5300030606420562e9,"tag":"Move"}

{"cXWarp":31,"cNewPos":[0,31],"cWhen":1.5300030606920335e9,"tag":"Move"}

{"cXWarp":32,"cNewPos":[0,32],"cWhen":1.5300030607420297e9,"tag":"Move"}

{"cXWarp":33,"cNewPos":[0,33],"cWhen":1.53000306079203e9,"tag":"Move"}

{"cXWarp":34,"cNewPos":[0,34],"cWhen":1.530003060842059e9,"tag":"Move"}

{"cXWarp":35,"cNewPos":[0,35],"cWhen":1.5300030608920236e9,"tag":"Move"}

{"cXWarp":36,"cNewPos":[0,36],"cWhen":1.5300030609420013e9,"tag":"Move"}

{"cXWarp":37,"cNewPos":[0,37],"cWhen":1.5300030609920077e9,"tag":"Move"}

{"cXWarp":38,"cNewPos":[0,38],"cWhen":1.530003061042039e9,"tag":"Move"}

{"cXWarp":39,"cNewPos":[0,39],"cWhen":1.5300030610919926e9,"tag":"Move"}

{"cXWarp":40,"cNewPos":[0,40],"cWhen":1.5300030611421418e9,"tag":"Move"}

{"cXWarp":41,"cNewPos":[0,41],"cWhen":1.5300030611922097e9,"tag":"Move"}

{"cXWarp":42,"cNewPos":[0,42],"cWhen":1.5300030612421966e9,"tag":"Move"}

{"cXWarp":43,"cNewPos":[0,43],"cWhen":1.5300030612921183e9,"tag":"Move"}

{"cXWarp":44,"cNewPos":[0,44],"cWhen":1.5300030613420231e9,"tag":"Move"}

{"cXWarp":45,"cNewPos":[0,45],"cWhen":1.530003061392021e9,"tag":"Move"}

{"cXWarp":46,"cNewPos":[0,46],"cWhen":1.5300030614420457e9,"tag":"Move"}

{"cXWarp":47,"cNewPos":[0,47],"cWhen":1.5300030614920137e9,"tag":"Move"}

{"cXWarp":48,"cNewPos":[0,48],"cWhen":1.530003061542009e9,"tag":"Move"}

{"cXWarp":49,"cNewPos":[0,49],"cWhen":1.5300030615920112e9,"tag":"Move"}

{"cXWarp":50,"cNewPos":[0,50],"cWhen":1.530003061642052e9,"tag":"Move"}

{"cXWarp":51,"cNewPos":[0,51],"cWhen":1.5300030616920087e9,"tag":"Move"}

{"cXWarp":52,"cNewPos":[0,52],"cWhen":1.5300030617420106e9,"tag":"Move"}

{"cXWarp":53,"cNewPos":[0,53],"cWhen":1.5300030617920184e9,"tag":"Move"}

{"cXWarp":54,"cNewPos":[0,54],"cWhen":1.5300030618420706e9,"tag":"Move"}

{"cXWarp":55,"cNewPos":[0,55],"cWhen":1.530003061892017e9,"tag":"Move"}

{"cXWarp":56,"cNewPos":[0,56],"cWhen":1.530003061942006e9,"tag":"Move"}

{"cXWarp":57,"cNewPos":[0,57],"cWhen":1.5300030619920123e9,"tag":"Move"}

{"cXWarp":58,"cNewPos":[0,58],"cWhen":1.5300030620420308e9,"tag":"Move"}

{"cXWarp":59,"cNewPos":[0,59],"cWhen":1.5300030620919967e9,"tag":"Move"}

{"cXWarp":60,"cNewPos":[0,60],"cWhen":1.5300030621420007e9,"tag":"Move"}

{"cXWarp":61,"cNewPos":[0,61],"cWhen":1.5300030621920078e9,"tag":"Move"}

{"cXWarp":62,"cNewPos":[0,62],"cWhen":1.5300030622420378e9,"tag":"Move"}

{"cXWarp":63,"cNewPos":[0,63],"cWhen":1.5300030622920268e9,"tag":"Move"}

{"cXWarp":64,"cNewPos":[0,64],"cWhen":1.5300030623419995e9,"tag":"Move"}

{"cXWarp":65,"cNewPos":[0,65],"cWhen":1.5300030623920093e9,"tag":"Move"}

{"cXWarp":66,"cNewPos":[0,66],"cWhen":1.5300030624420428e9,"tag":"Move"}

{"cXWarp":67,"cNewPos":[0,67],"cWhen":1.5300030624920242e9,"tag":"Move"}

{"cXWarp":68,"cNewPos":[0,68],"cWhen":1.5300030625422492e9,"tag":"Move"}

{"cXWarp":69,"cNewPos":[0,69],"cWhen":1.5300030625920014e9,"tag":"Move"}

{"cXWarp":70,"cNewPos":[0,70],"cWhen":1.5300030626420124e9,"tag":"Move"}

{"cXWarp":71,"cNewPos":[0,71],"cWhen":1.5300030626920004e9,"tag":"Move"}

{"cXWarp":72,"cNewPos":[0,72],"cWhen":1.5300030627421446e9,"tag":"Move"}

{"cXWarp":73,"cNewPos":[0,73],"cWhen":1.5300030627921712e9,"tag":"Move"}

{"cXWarp":74,"cNewPos":[0,74],"cWhen":1.5300030628420393e9,"tag":"Move"}

{"cXWarp":75,"cNewPos":[0,75],"cWhen":1.5300030628920085e9,"tag":"Move"}

{"cOrigin":"+input","cTo":[0,75],"cNewPos":[0,76],"cWhen":1.530003066871297e9,"tag":"Change","cFrom":[0,75],"cText":["\""],"cRemoved":[""]}

{"cWhen":1.5300030681767442e9,"tag":"Eval","cAll":true}

{"cXWarp":0,"cNewPos":[1,0],"cWhen":1.5300030770951107e9,"tag":"Move"}

{"cXWarp":0,"cNewPos":[2,0],"cWhen":1.5300030783269866e9,"tag":"Move"}

{"cXWarp":0,"cNewPos":[2,0],"cWhen":1.5300030787910938e9,"tag":"Move"}

{"cXWarp":0,"cNewPos":[2,0],"cWhen":1.530003079295094e9,"tag":"Move"}

{"cXWarp":0,"cNewPos":[2,0],"cWhen":1.530003079718984e9,"tag":"Move"}

{"cOrigin":"+input","cTo":[2,0],"cNewPos":[3,0],"cWhen":1.5300030807992158e9,"tag":"Change","cFrom":[2,0],"cText":["",""],"cRemoved":[""]}

{"cOrigin":"+input","cTo":[3,0],"cNewPos":[4,0],"cWhen":1.5300030813511877e9,"tag":"Change","cFrom":[3,0],"cText":["",""],"cRemoved":[""]}

{"cOrigin":"+delete","cTo":[4,0],"cNewPos":[3,0],"cWhen":1.5300030841830297e9,"tag":"Change","cFrom":[3,0],"cText":[""],"cRemoved":["",""]}

{"cOrigin":"+delete","cTo":[3,0],"cNewPos":[2,0],"cWhen":1.5300030846790173e9,"tag":"Change","cFrom":[2,0],"cText":[""],"cRemoved":["",""]}

{"cXWarp":0,"cNewPos":[2,0],"cWhen":1.5300030896068923e9,"tag":"Move"}

{"cXWarp":0,"cNewPos":[2,0],"cWhen":1.530003090062891e9,"tag":"Move"}

{"cXWarp":1,"cNewPos":[2,1],"cWhen":1.5300030918468833e9,"tag":"Move"}

{"cXWarp":2,"cNewPos":[2,2],"cWhen":1.5300030921020234e9,"tag":"Move"}

{"cXWarp":3,"cNewPos":[2,3],"cWhen":1.5300030921520019e9,"tag":"Move"}

{"cXWarp":4,"cNewPos":[2,4],"cWhen":1.530003092202009e9,"tag":"Move"}

{"cXWarp":5,"cNewPos":[2,5],"cWhen":1.530003092252038e9,"tag":"Move"}

{"cXWarp":6,"cNewPos":[2,6],"cWhen":1.530003092302039e9,"tag":"Move"}

{"cXWarp":7,"cNewPos":[2,7],"cWhen":1.5300030923520248e9,"tag":"Move"}

{"cXWarp":8,"cNewPos":[2,8],"cWhen":1.5300030924065514e9,"tag":"Move"}

{"cXWarp":9,"cNewPos":[2,9],"cWhen":1.5300030924520433e9,"tag":"Move"}

{"cXWarp":10,"cNewPos":[2,10],"cWhen":1.5300030925020287e9,"tag":"Move"}

{"cXWarp":11,"cNewPos":[2,11],"cWhen":1.5300030925520298e9,"tag":"Move"}

{"cXWarp":12,"cNewPos":[2,12],"cWhen":1.53000309260203e9,"tag":"Move"}

{"cXWarp":13,"cNewPos":[2,13],"cWhen":1.5300030926520305e9,"tag":"Move"}

{"cXWarp":14,"cNewPos":[2,14],"cWhen":1.530003092702023e9,"tag":"Move"}

{"cXWarp":15,"cNewPos":[2,15],"cWhen":1.5300030927520242e9,"tag":"Move"}

{"cXWarp":16,"cNewPos":[2,16],"cWhen":1.5300030928020537e9,"tag":"Move"}

{"cXWarp":17,"cNewPos":[2,17],"cWhen":1.530003092852035e9,"tag":"Move"}

{"cXWarp":18,"cNewPos":[2,18],"cWhen":1.5300030929020445e9,"tag":"Move"}

{"cXWarp":19,"cNewPos":[2,19],"cWhen":1.5300030929520328e9,"tag":"Move"}

{"cXWarp":20,"cNewPos":[2,20],"cWhen":1.5300030930020468e9,"tag":"Move"}

{"cXWarp":21,"cNewPos":[2,21],"cWhen":1.5300030930520208e9,"tag":"Move"}

{"cXWarp":22,"cNewPos":[2,22],"cWhen":1.5300030931020217e9,"tag":"Move"}

{"cXWarp":23,"cNewPos":[2,23],"cWhen":1.530003093152045e9,"tag":"Move"}

{"cXWarp":24,"cNewPos":[2,24],"cWhen":1.530003093202042e9,"tag":"Move"}

{"cXWarp":25,"cNewPos":[2,25],"cWhen":1.530003093252036e9,"tag":"Move"}

{"cXWarp":26,"cNewPos":[2,26],"cWhen":1.5300030933020356e9,"tag":"Move"}

{"cXWarp":27,"cNewPos":[2,27],"cWhen":1.530003093352021e9,"tag":"Move"}

{"cXWarp":28,"cNewPos":[2,28],"cWhen":1.5300030934019907e9,"tag":"Move"}

{"cXWarp":29,"cNewPos":[2,29],"cWhen":1.5300030934519706e9,"tag":"Move"}

{"cXWarp":30,"cNewPos":[2,30],"cWhen":1.5300030935020223e9,"tag":"Move"}

{"cXWarp":31,"cNewPos":[2,31],"cWhen":1.530003093552e9,"tag":"Move"}

{"cXWarp":32,"cNewPos":[2,32],"cWhen":1.53000309360198e9,"tag":"Move"}

{"cXWarp":33,"cNewPos":[2,33],"cWhen":1.5300030936519818e9,"tag":"Move"}

{"cXWarp":32,"cNewPos":[2,32],"cWhen":1.5300030945427659e9,"tag":"Move"}

{"cXWarp":31,"cNewPos":[2,31],"cWhen":1.530003094814759e9,"tag":"Move"}

{"cXWarp":30,"cNewPos":[2,30],"cWhen":1.5300030950972826e9,"tag":"Move"}

{"cXWarp":29,"cNewPos":[2,29],"cWhen":1.530003095374762e9,"tag":"Move"}

{"cOrigin":"+input","cTo":[2,29],"cNewPos":[2,30],"cWhen":1.5300030974308515e9,"tag":"Change","cFrom":[2,29],"cText":[" "],"cRemoved":[""]}

{"cOrigin":"+input","cTo":[2,30],"cNewPos":[2,31],"cWhen":1.5300030976228623e9,"tag":"Change","cFrom":[2,30],"cText":["h"],"cRemoved":[""]}

{"cOrigin":"+input","cTo":[2,31],"cNewPos":[2,32],"cWhen":1.530003097846843e9,"tag":"Change","cFrom":[2,31],"cText":["i"],"cRemoved":[""]}

{"cOrigin":"+input","cTo":[2,32],"cNewPos":[2,33],"cWhen":1.5300030982709734e9,"tag":"Change","cFrom":[2,32],"cText":[" "],"cRemoved":[""]}

{"cOrigin":"+input","cTo":[2,33],"cNewPos":[2,34],"cWhen":1.530003099046867e9,"tag":"Change","cFrom":[2,33],"cText":["h"],"cRemoved":[""]}

{"cOrigin":"+input","cTo":[2,34],"cNewPos":[2,35],"cWhen":1.530003099360304e9,"tag":"Change","cFrom":[2,34],"cText":["i"],"cRemoved":[""]}

{"cOrigin":"+input","cTo":[2,35],"cNewPos":[2,36],"cWhen":1.5300030995911093e9,"tag":"Change","cFrom":[2,35],"cText":[" "],"cRemoved":[""]}

{"cOrigin":"+input","cTo":[2,36],"cNewPos":[2,37],"cWhen":1.5300030998309648e9,"tag":"Change","cFrom":[2,36],"cText":["h"],"cRemoved":[""]}

{"cOrigin":"+input","cTo":[2,37],"cNewPos":[2,38],"cWhen":1.5300031000869727e9,"tag":"Change","cFrom":[2,37],"cText":["i"],"cRemoved":[""]}

{"cOrigin":"+input","cTo":[2,38],"cNewPos":[2,39],"cWhen":1.5300031002548347e9,"tag":"Change","cFrom":[2,38],"cText":[" "],"cRemoved":[""]}

{"cOrigin":"+input","cTo":[2,39],"cNewPos":[2,40],"cWhen":1.5300031004628534e9,"tag":"Change","cFrom":[2,39],"cText":["h"],"cRemoved":[""]}

{"cOrigin":"+input","cTo":[2,40],"cNewPos":[2,41],"cWhen":1.530003100710844e9,"tag":"Change","cFrom":[2,40],"cText":["i"],"cRemoved":[""]}

{"cOrigin":"+input","cTo":[2,41],"cNewPos":[2,42],"cWhen":1.5300031008788652e9,"tag":"Change","cFrom":[2,41],"cText":[" "],"cRemoved":[""]}

{"cOrigin":"+input","cTo":[2,42],"cNewPos":[2,43],"cWhen":1.5300031010709414e9,"tag":"Change","cFrom":[2,42],"cText":["h"],"cRemoved":[""]}

{"cOrigin":"+input","cTo":[2,43],"cNewPos":[2,44],"cWhen":1.5300031013189464e9,"tag":"Change","cFrom":[2,43],"cText":["i"],"cRemoved":[""]}

{"cOrigin":"+input","cTo":[2,44],"cNewPos":[2,45],"cWhen":1.5300031014148324e9,"tag":"Change","cFrom":[2,44],"cText":[" "],"cRemoved":[""]}

{"cOrigin":"+input","cTo":[2,45],"cNewPos":[2,46],"cWhen":1.530003101646934e9,"tag":"Change","cFrom":[2,45],"cText":["h"],"cRemoved":[""]}

{"cOrigin":"+input","cTo":[2,46],"cNewPos":[2,47],"cWhen":1.530003101862795e9,"tag":"Change","cFrom":[2,46],"cText":["i"],"cRemoved":[""]}

{"cOrigin":"+input","cTo":[2,47],"cNewPos":[2,48],"cWhen":1.5300031019908168e9,"tag":"Change","cFrom":[2,47],"cText":[" "],"cRemoved":[""]}

{"cOrigin":"+input","cTo":[2,48],"cNewPos":[2,49],"cWhen":1.5300031021349087e9,"tag":"Change","cFrom":[2,48],"cText":["h"],"cRemoved":[""]}

{"cOrigin":"+input","cTo":[2,49],"cNewPos":[2,50],"cWhen":1.530003102398919e9,"tag":"Change","cFrom":[2,49],"cText":[" "],"cRemoved":[""]}

{"cOrigin":"+input","cTo":[2,50],"cNewPos":[2,51],"cWhen":1.5300031024153104e9,"tag":"Change","cFrom":[2,50],"cText":["i"],"cRemoved":[""]}

{"cOrigin":"+delete","cTo":[2,51],"cNewPos":[2,50],"cWhen":1.5300031042228248e9,"tag":"Change","cFrom":[2,50],"cText":[""],"cRemoved":["i"]}

{"cOrigin":"+delete","cTo":[2,50],"cNewPos":[2,49],"cWhen":1.5300031044387212e9,"tag":"Change","cFrom":[2,49],"cText":[""],"cRemoved":[" "]}

{"cOrigin":"+input","cTo":[2,49],"cNewPos":[2,50],"cWhen":1.5300031062709198e9,"tag":"Change","cFrom":[2,49],"cText":["i"],"cRemoved":[""]}

{"cOrigin":"+input","cTo":[2,50],"cNewPos":[2,51],"cWhen":1.5300031065189629e9,"tag":"Change","cFrom":[2,50],"cText":[" "],"cRemoved":[""]}

{"cOrigin":"+input","cTo":[2,51],"cNewPos":[2,52],"cWhen":1.5300031068549604e9,"tag":"Change","cFrom":[2,51],"cText":["h"],"cRemoved":[""]}

{"cOrigin":"+input","cTo":[2,52],"cNewPos":[2,53],"cWhen":1.5300031071748314e9,"tag":"Change","cFrom":[2,52],"cText":["i"],"cRemoved":[""]}

{"cOrigin":"+input","cTo":[2,53],"cNewPos":[2,54],"cWhen":1.5300031073748822e9,"tag":"Change","cFrom":[2,53],"cText":[" "],"cRemoved":[""]}

{"cOrigin":"+input","cTo":[2,54],"cNewPos":[2,55],"cWhen":1.5300031076069765e9,"tag":"Change","cFrom":[2,54],"cText":["h"],"cRemoved":[""]}

{"cOrigin":"+input","cTo":[2,55],"cNewPos":[2,56],"cWhen":1.530003107910998e9,"tag":"Change","cFrom":[2,55],"cText":["i"],"cRemoved":[""]}

{"cOrigin":"+input","cTo":[2,56],"cNewPos":[2,57],"cWhen":1.5300031081753428e9,"tag":"Change","cFrom":[2,56],"cText":[" "],"cRemoved":[""]}

{"cOrigin":"+input","cTo":[2,57],"cNewPos":[2,58],"cWhen":1.5300031084549131e9,"tag":"Change","cFrom":[2,57],"cText":["h"],"cRemoved":[""]}

{"cOrigin":"+input","cTo":[2,58],"cNewPos":[2,59],"cWhen":1.5300031087828875e9,"tag":"Change","cFrom":[2,58],"cText":["i"],"cRemoved":[""]}

{"cOrigin":"+input","cTo":[2,59],"cNewPos":[2,60],"cWhen":1.5300031090629418e9,"tag":"Change","cFrom":[2,59],"cText":["h"],"cRemoved":[""]}

{"cOrigin":"+input","cTo":[2,60],"cNewPos":[2,61],"cWhen":1.5300031092713237e9,"tag":"Change","cFrom":[2,60],"cText":[" "],"cRemoved":[""]}

{"cOrigin":"+input","cTo":[2,61],"cNewPos":[2,62],"cWhen":1.5300031095590608e9,"tag":"Change","cFrom":[2,61],"cText":["i"],"cRemoved":[""]}

{"cOrigin":"+delete","cTo":[2,62],"cNewPos":[2,61],"cWhen":1.530003111606969e9,"tag":"Change","cFrom":[2,61],"cText":[""],"cRemoved":["i"]}

{"cOrigin":"+delete","cTo":[2,61],"cNewPos":[2,60],"cWhen":1.5300031119030733e9,"tag":"Change","cFrom":[2,60],"cText":[""],"cRemoved":[" "]}

{"cOrigin":"+delete","cTo":[2,60],"cNewPos":[2,59],"cWhen":1.5300031121749964e9,"tag":"Change","cFrom":[2,59],"cText":[""],"cRemoved":["h"]}

{"cWhen":1.5300031144008968e9,"tag":"Eval","cAll":true}

{"cXWarp":58,"cNewPos":[2,58],"cWhen":1.530003122936192e9,"tag":"Move"}

{"cXWarp":57,"cNewPos":[2,57],"cWhen":1.5300031231920602e9,"tag":"Move"}

{"cXWarp":56,"cNewPos":[2,56],"cWhen":1.5300031232420154e9,"tag":"Move"}

{"cXWarp":55,"cNewPos":[2,55],"cWhen":1.5300031232920172e9,"tag":"Move"}

{"cXWarp":54,"cNewPos":[2,54],"cWhen":1.5300031233420172e9,"tag":"Move"}

{"cXWarp":53,"cNewPos":[2,53],"cWhen":1.530003123392066e9,"tag":"Move"}

{"cXWarp":52,"cNewPos":[2,52],"cWhen":1.5300031234420254e9,"tag":"Move"}

{"cXWarp":51,"cNewPos":[2,51],"cWhen":1.5300031234920323e9,"tag":"Move"}

{"cXWarp":50,"cNewPos":[2,50],"cWhen":1.5300031235420265e9,"tag":"Move"}

{"cXWarp":49,"cNewPos":[2,49],"cWhen":1.530003123592026e9,"tag":"Move"}

{"cXWarp":48,"cNewPos":[2,48],"cWhen":1.5300031236420164e9,"tag":"Move"}

{"cXWarp":47,"cNewPos":[2,47],"cWhen":1.5300031236919992e9,"tag":"Move"}

{"cXWarp":46,"cNewPos":[2,46],"cWhen":1.5300031237420175e9,"tag":"Move"}

{"cXWarp":45,"cNewPos":[2,45],"cWhen":1.5300031237920387e9,"tag":"Move"}

{"cXWarp":44,"cNewPos":[2,44],"cWhen":1.5300031238420196e9,"tag":"Move"}

{"cXWarp":43,"cNewPos":[2,43],"cWhen":1.5300031238920314e9,"tag":"Move"}

{"cXWarp":42,"cNewPos":[2,42],"cWhen":1.5300031239443145e9,"tag":"Move"}

{"cXWarp":41,"cNewPos":[2,41],"cWhen":1.5300031239920115e9,"tag":"Move"}

{"cXWarp":40,"cNewPos":[2,40],"cWhen":1.5300031240420146e9,"tag":"Move"}

{"cXWarp":39,"cNewPos":[2,39],"cWhen":1.5300031240920167e9,"tag":"Move"}

{"cXWarp":38,"cNewPos":[2,38],"cWhen":1.5300031241428545e9,"tag":"Move"}

{"cXWarp":37,"cNewPos":[2,37],"cWhen":1.530003124192063e9,"tag":"Move"}

{"cXWarp":36,"cNewPos":[2,36],"cWhen":1.530003124242019e9,"tag":"Move"}

{"cXWarp":35,"cNewPos":[2,35],"cWhen":1.5300031242920074e9,"tag":"Move"}

{"cXWarp":34,"cNewPos":[2,34],"cWhen":1.530003124342016e9,"tag":"Move"}

{"cXWarp":33,"cNewPos":[2,33],"cWhen":1.5300031243920703e9,"tag":"Move"}

{"cXWarp":32,"cNewPos":[2,32],"cWhen":1.5300031244420247e9,"tag":"Move"}

{"cXWarp":31,"cNewPos":[2,31],"cWhen":1.530003124492003e9,"tag":"Move"}

{"cXWarp":30,"cNewPos":[2,30],"cWhen":1.5300031245520713e9,"tag":"Move"}

{"cXWarp":29,"cNewPos":[2,29],"cWhen":1.5300031246020277e9,"tag":"Move"}

{"cXWarp":28,"cNewPos":[2,28],"cWhen":1.5300031246520119e9,"tag":"Move"}

{"cXWarp":27,"cNewPos":[2,27],"cWhen":1.5300031247020311e9,"tag":"Move"}

{"cXWarp":26,"cNewPos":[2,26],"cWhen":1.530003124752044e9,"tag":"Move"}

{"cXWarp":25,"cNewPos":[2,25],"cWhen":1.530003124802018e9,"tag":"Move"}

{"cXWarp":24,"cNewPos":[2,24],"cWhen":1.5300031248520145e9,"tag":"Move"}

{"cXWarp":23,"cNewPos":[2,23],"cWhen":1.5300031249135485e9,"tag":"Move"}

{"cXWarp":22,"cNewPos":[2,22],"cWhen":1.5300031249521048e9,"tag":"Move"}

{"cXWarp":21,"cNewPos":[2,21],"cWhen":1.5300031250020585e9,"tag":"Move"}

{"cXWarp":20,"cNewPos":[2,20],"cWhen":1.530003125052023e9,"tag":"Move"}

{"cXWarp":19,"cNewPos":[2,19],"cWhen":1.530003125104729e9,"tag":"Move"}

{"cXWarp":18,"cNewPos":[2,18],"cWhen":1.530003125152029e9,"tag":"Move"}

{"cXWarp":17,"cNewPos":[2,17],"cWhen":1.5300031252020154e9,"tag":"Move"}

{"cXWarp":16,"cNewPos":[2,16],"cWhen":1.530003125252014e9,"tag":"Move"}

{"cXWarp":15,"cNewPos":[2,15],"cWhen":1.5300031253020332e9,"tag":"Move"}

{"cXWarp":14,"cNewPos":[2,14],"cWhen":1.530003125352023e9,"tag":"Move"}

{"cXWarp":13,"cNewPos":[2,13],"cWhen":1.5300031254020193e9,"tag":"Move"}

{"cXWarp":12,"cNewPos":[2,12],"cWhen":1.5300031254520366e9,"tag":"Move"}

{"cXWarp":11,"cNewPos":[2,11],"cWhen":1.5300031255020003e9,"tag":"Move"}

{"cXWarp":10,"cNewPos":[2,10],"cWhen":1.5300031255520012e9,"tag":"Move"}

{"cXWarp":9,"cNewPos":[2,9],"cWhen":1.5300031256020133e9,"tag":"Move"}

{"cXWarp":8,"cNewPos":[2,8],"cWhen":1.5300031256520245e9,"tag":"Move"}

{"cXWarp":7,"cNewPos":[2,7],"cWhen":1.5300031257020097e9,"tag":"Move"}

{"cXWarp":6,"cNewPos":[2,6],"cWhen":1.5300031257520247e9,"tag":"Move"}

{"cXWarp":5,"cNewPos":[2,5],"cWhen":1.5300031258020017e9,"tag":"Move"}

{"cXWarp":4,"cNewPos":[2,4],"cWhen":1.530003125852011e9,"tag":"Move"}

{"cXWarp":5,"cNewPos":[2,5],"cWhen":1.5300031267207196e9,"tag":"Move"}

{"cXWarp":6,"cNewPos":[2,6],"cWhen":1.5300031277208266e9,"tag":"Move"}

{"cOrigin":"+delete","cTo":[2,6],"cNewPos":[2,5],"cWhen":1.530003128536919e9,"tag":"Change","cFrom":[2,5],"cText":[""],"cRemoved":["r"]}

{"cOrigin":"+delete","cTo":[2,5],"cNewPos":[2,4],"cWhen":1.5300031286489143e9,"tag":"Change","cFrom":[2,4],"cText":[""],"cRemoved":["e"]}

{"cOrigin":"+delete","cTo":[2,4],"cNewPos":[2,3],"cWhen":1.5300031287849655e9,"tag":"Change","cFrom":[2,3],"cText":[""],"cRemoved":["t"]}

{"cOrigin":"+delete","cTo":[2,3],"cNewPos":[2,2],"cWhen":1.530003128929004e9,"tag":"Change","cFrom":[2,2],"cText":[""],"cRemoved":["s"]}

{"cOrigin":"+delete","cTo":[2,2],"cNewPos":[2,1],"cWhen":1.5300031290649955e9,"tag":"Change","cFrom":[2,1],"cText":[""],"cRemoved":["a"]}

{"cOrigin":"+delete","cTo":[2,1],"cNewPos":[2,0],"cWhen":1.5300031294250543e9,"tag":"Change","cFrom":[2,0],"cText":[""],"cRemoved":["f"]}

{"cOrigin":"+input","cTo":[2,0],"cNewPos":[2,1],"cWhen":1.5300031302094338e9,"tag":"Change","cFrom":[2,0],"cText":["s"],"cRemoved":[""]}

{"cOrigin":"+input","cTo":[2,1],"cNewPos":[2,2],"cWhen":1.530003130537447e9,"tag":"Change","cFrom":[2,1],"cText":["l"],"cRemoved":[""]}

{"cOrigin":"+input","cTo":[2,2],"cNewPos":[2,3],"cWhen":1.530003131305554e9,"tag":"Change","cFrom":[2,2],"cText":["o"],"cRemoved":[""]}

{"cOrigin":"+input","cTo":[2,3],"cNewPos":[2,4],"cWhen":1.5300031319056334e9,"tag":"Change","cFrom":[2,3],"cText":["w"],"cRemoved":[""]}

{"cOrigin":"+input","cTo":[2,4],"cNewPos":[2,5],"cWhen":1.530003132137676e9,"tag":"Change","cFrom":[2,4],"cText":["e"],"cRemoved":[""]}

{"cOrigin":"+input","cTo":[2,5],"cNewPos":[2,6],"cWhen":1.5300031323535922e9,"tag":"Change","cFrom":[2,5],"cText":["r"],"cRemoved":[""]}

{"cWhen":1.5300031353555367e9,"tag":"Eval","cAll":true}

{"cOrigin":"+input","cTo":[2,6],"cNewPos":[3,0],"cWhen":1.5300031472277784e9,"tag":"Change","cFrom":[2,6],"cText":["",""],"cRemoved":[""]}

{"cOrigin":"+input","cTo":[3,0],"cNewPos":[4,0],"cWhen":1.5300031481078343e9,"tag":"Change","cFrom":[3,0],"cText":["",""],"cRemoved":[""]}

{"cOrigin":"+delete","cTo":[4,0],"cNewPos":[3,0],"cWhen":1.5300031591011755e9,"tag":"Change","cFrom":[3,0],"cText":[""],"cRemoved":["",""]}

{"cOrigin":"+delete","cTo":[3,0],"cNewPos":[2,6],"cWhen":1.5300031595973496e9,"tag":"Change","cFrom":[2,6],"cText":[""],"cRemoved":["",""]}

{"cOrigin":"+input","cTo":[2,6],"cNewPos":[2,7],"cWhen":1.530003164138665e9,"tag":"Change","cFrom":[2,6],"cText":[" "],"cRemoved":[""]}

{"cWhen":1.5300031697043521e9,"tag":"Eval","cAll":true}

{"cWhen":1.5300031716412919e9,"tag":"Eval","cAll":true}

{"cWhen":1.53000317251256e9,"tag":"Eval","cAll":true}

{"cWhen":1.5300031729448807e9,"tag":"Eval","cAll":true}

{"cXWarp":8,"cNewPos":[2,8],"cWhen":1.530003180071907e9,"tag":"Move"}

{"cXWarp":9,"cNewPos":[2,9],"cWhen":1.5300031803220408e9,"tag":"Move"}

{"cXWarp":10,"cNewPos":[2,10],"cWhen":1.5300031803720453e9,"tag":"Move"}

{"cXWarp":11,"cNewPos":[2,11],"cWhen":1.5300031804220173e9,"tag":"Move"}

{"cXWarp":12,"cNewPos":[2,12],"cWhen":1.5300031804720602e9,"tag":"Move"}

{"cXWarp":13,"cNewPos":[2,13],"cWhen":1.5300031805220306e9,"tag":"Move"}

{"cXWarp":14,"cNewPos":[2,14],"cWhen":1.530003180572029e9,"tag":"Move"}

{"cXWarp":15,"cNewPos":[2,15],"cWhen":1.5300031806220338e9,"tag":"Move"}

{"cXWarp":16,"cNewPos":[2,16],"cWhen":1.5300031806761763e9,"tag":"Move"}

{"cXWarp":17,"cNewPos":[2,17],"cWhen":1.530003180722051e9,"tag":"Move"}

{"cXWarp":18,"cNewPos":[2,18],"cWhen":1.5300031807719967e9,"tag":"Move"}

{"cXWarp":19,"cNewPos":[2,19],"cWhen":1.5300031808219993e9,"tag":"Move"}

{"cXWarp":20,"cNewPos":[2,20],"cWhen":1.5300031808720067e9,"tag":"Move"}

{"cXWarp":21,"cNewPos":[2,21],"cWhen":1.5300031809220018e9,"tag":"Move"}

{"cXWarp":22,"cNewPos":[2,22],"cWhen":1.5300031809720082e9,"tag":"Move"}

{"cXWarp":23,"cNewPos":[2,23],"cWhen":1.5300031810219998e9,"tag":"Move"}

{"cXWarp":24,"cNewPos":[2,24],"cWhen":1.5300031810720127e9,"tag":"Move"}

{"cXWarp":25,"cNewPos":[2,25],"cWhen":1.5300031811219995e9,"tag":"Move"}

{"cXWarp":26,"cNewPos":[2,26],"cWhen":1.530003181172027e9,"tag":"Move"}

{"cXWarp":27,"cNewPos":[2,27],"cWhen":1.5300031812221692e9,"tag":"Move"}

{"cXWarp":28,"cNewPos":[2,28],"cWhen":1.530003181272133e9,"tag":"Move"}

{"cXWarp":29,"cNewPos":[2,29],"cWhen":1.5300031813220158e9,"tag":"Move"}

{"cXWarp":30,"cNewPos":[2,30],"cWhen":1.530003181371987e9,"tag":"Move"}

{"cXWarp":31,"cNewPos":[2,31],"cWhen":1.5300031814219859e9,"tag":"Move"}

{"cXWarp":32,"cNewPos":[2,32],"cWhen":1.5300031814720314e9,"tag":"Move"}

{"cXWarp":33,"cNewPos":[2,33],"cWhen":1.530003181522e9,"tag":"Move"}

{"cXWarp":34,"cNewPos":[2,34],"cWhen":1.530003181572002e9,"tag":"Move"}

{"cXWarp":35,"cNewPos":[2,35],"cWhen":1.5300031816219978e9,"tag":"Move"}

{"cXWarp":36,"cNewPos":[2,36],"cWhen":1.530003181671995e9,"tag":"Move"}

{"cXWarp":37,"cNewPos":[2,37],"cWhen":1.5300031817219794e9,"tag":"Move"}

{"cXWarp":38,"cNewPos":[2,38],"cWhen":1.530003181771989e9,"tag":"Move"}

{"cXWarp":39,"cNewPos":[2,39],"cWhen":1.530003181821996e9,"tag":"Move"}

{"cXWarp":40,"cNewPos":[2,40],"cWhen":1.5300031818719993e9,"tag":"Move"}

{"cXWarp":41,"cNewPos":[2,41],"cWhen":1.5300031819219975e9,"tag":"Move"}

{"cXWarp":42,"cNewPos":[2,42],"cWhen":1.5300031819720075e9,"tag":"Move"}

{"cXWarp":43,"cNewPos":[2,43],"cWhen":1.5300031820220048e9,"tag":"Move"}

{"cXWarp":44,"cNewPos":[2,44],"cWhen":1.530003182071995e9,"tag":"Move"}

{"cXWarp":45,"cNewPos":[2,45],"cWhen":1.5300031821219726e9,"tag":"Move"}

{"cXWarp":46,"cNewPos":[2,46],"cWhen":1.5300031821719847e9,"tag":"Move"}

{"cXWarp":47,"cNewPos":[2,47],"cWhen":1.5300031822219985e9,"tag":"Move"}

{"cXWarp":48,"cNewPos":[2,48],"cWhen":1.5300031822720034e9,"tag":"Move"}

{"cXWarp":49,"cNewPos":[2,49],"cWhen":1.5300031823220067e9,"tag":"Move"}

{"cXWarp":50,"cNewPos":[2,50],"cWhen":1.5300031823719902e9,"tag":"Move"}

{"cXWarp":51,"cNewPos":[2,51],"cWhen":1.5300031824219968e9,"tag":"Move"}

{"cXWarp":52,"cNewPos":[2,52],"cWhen":1.53000318247199e9,"tag":"Move"}

{"cXWarp":53,"cNewPos":[2,53],"cWhen":1.5300031825219746e9,"tag":"Move"}

{"cXWarp":54,"cNewPos":[2,54],"cWhen":1.5300031825720048e9,"tag":"Move"}

{"cXWarp":55,"cNewPos":[2,55],"cWhen":1.5300031826220102e9,"tag":"Move"}

{"cXWarp":56,"cNewPos":[2,56],"cWhen":1.5300031826720085e9,"tag":"Move"}

{"cXWarp":57,"cNewPos":[2,57],"cWhen":1.5300031827220452e9,"tag":"Move"}

{"cXWarp":58,"cNewPos":[2,58],"cWhen":1.5300031827719991e9,"tag":"Move"}

{"cXWarp":59,"cNewPos":[2,59],"cWhen":1.5300031828219974e9,"tag":"Move"}

{"cXWarp":60,"cNewPos":[2,60],"cWhen":1.5300031828720112e9,"tag":"Move"}

{"cXWarp":61,"cNewPos":[2,61],"cWhen":1.5300031829220183e9,"tag":"Move"}

{"cXWarp":62,"cNewPos":[2,62],"cWhen":1.5300031829719987e9,"tag":"Move"}

{"cXWarp":63,"cNewPos":[2,63],"cWhen":1.530003183022012e9,"tag":"Move"}

{"cXWarp":64,"cNewPos":[2,64],"cWhen":1.53000318307201e9,"tag":"Move"}

{"cOrigin":"+input","cTo":[2,64],"cNewPos":[3,0],"cWhen":1.5300031841526027e9,"tag":"Change","cFrom":[2,64],"cText":["",""],"cRemoved":[""]}

{"cOrigin":"+input","cTo":[3,0],"cNewPos":[4,0],"cWhen":1.5300031848245652e9,"tag":"Change","cFrom":[3,0],"cText":["",""],"cRemoved":[""]}

{"cOrigin":"+input","cTo":[4,0],"cNewPos":[5,0],"cWhen":1.5300031854326065e9,"tag":"Change","cFrom":[4,0],"cText":["",""],"cRemoved":[""]}

{"cOrigin":"+input","cTo":[5,0],"cNewPos":[5,1],"cWhen":1.530003188088923e9,"tag":"Change","cFrom":[5,0],"cText":["h"],"cRemoved":[""]}

{"cOrigin":"+input","cTo":[5,1],"cNewPos":[5,2],"cWhen":1.5300031883610554e9,"tag":"Change","cFrom":[5,1],"cText":["i"],"cRemoved":[""]}

{"cOrigin":"+delete","cTo":[5,2],"cNewPos":[5,1],"cWhen":1.530003189745066e9,"tag":"Change","cFrom":[5,1],"cText":[""],"cRemoved":["i"]}

{"cOrigin":"+delete","cTo":[5,1],"cNewPos":[5,0],"cWhen":1.5300031900811784e9,"tag":"Change","cFrom":[5,0],"cText":[""],"cRemoved":["h"]}

{"cOrigin":"+delete","cTo":[5,0],"cNewPos":[4,0],"cWhen":1.5300031916172276e9,"tag":"Change","cFrom":[4,0],"cText":[""],"cRemoved":["",""]}

{"cOrigin":"+input","cTo":[4,0],"cNewPos":[4,1],"cWhen":1.530003197842173e9,"tag":"Change","cFrom":[4,0],"cText":["f"],"cRemoved":[""]}

{"cOrigin":"+input","cTo":[4,1],"cNewPos":[4,2],"cWhen":1.5300031980740786e9,"tag":"Change","cFrom":[4,1],"cText":["a"],"cRemoved":[""]}

{"cOrigin":"+input","cTo":[4,2],"cNewPos":[4,3],"cWhen":1.5300031983222244e9,"tag":"Change","cFrom":[4,2],"cText":["s"],"cRemoved":[""]}

{"cOrigin":"+input","cTo":[4,3],"cNewPos":[4,4],"cWhen":1.530003198818155e9,"tag":"Change","cFrom":[4,3],"cText":["t"],"cRemoved":[""]}

{"cOrigin":"+input","cTo":[4,4],"cNewPos":[4,5],"cWhen":1.5300031991703057e9,"tag":"Change","cFrom":[4,4],"cText":["e"],"cRemoved":[""]}

{"cOrigin":"+input","cTo":[4,5],"cNewPos":[4,6],"cWhen":1.530003199426236e9,"tag":"Change","cFrom":[4,5],"cText":["r"],"cRemoved":[""]}

{"cOrigin":"+input","cTo":[4,6],"cNewPos":[4,7],"cWhen":1.5300032010904188e9,"tag":"Change","cFrom":[4,6],"cText":["\""],"cRemoved":[""]}

{"cOrigin":"+input","cTo":[4,7],"cNewPos":[4,8],"cWhen":1.5300032021947107e9,"tag":"Change","cFrom":[4,7],"cText":["l"],"cRemoved":[""]}

{"cOrigin":"+input","cTo":[4,8],"cNewPos":[4,9],"cWhen":1.53000320238662e9,"tag":"Change","cFrom":[4,8],"cText":["o"],"cRemoved":[""]}

{"cOrigin":"+input","cTo":[4,9],"cNewPos":[4,10],"cWhen":1.5300032027082999e9,"tag":"Change","cFrom":[4,9],"cText":[" "],"cRemoved":[""]}

{"cOrigin":"+input","cTo":[4,10],"cNewPos":[4,11],"cWhen":1.530003202946774e9,"tag":"Change","cFrom":[4,10],"cText":["l"],"cRemoved":[""]}

{"cOrigin":"+input","cTo":[4,11],"cNewPos":[4,12],"cWhen":1.5300032031627405e9,"tag":"Change","cFrom":[4,11],"cText":["o"],"cRemoved":[""]}

{"cOrigin":"+input","cTo":[4,12],"cNewPos":[4,13],"cWhen":1.5300032033787038e9,"tag":"Change","cFrom":[4,12],"cText":[" "],"cRemoved":[""]}

{"cOrigin":"+input","cTo":[4,13],"cNewPos":[4,14],"cWhen":1.5300032036026666e9,"tag":"Change","cFrom":[4,13],"cText":["l"],"cRemoved":[""]}

{"cOrigin":"+input","cTo":[4,14],"cNewPos":[4,15],"cWhen":1.530003203834723e9,"tag":"Change","cFrom":[4,14],"cText":["o"],"cRemoved":[""]}

{"cOrigin":"+input","cTo":[4,15],"cNewPos":[4,16],"cWhen":1.530003204050737e9,"tag":"Change","cFrom":[4,15],"cText":[" "],"cRemoved":[""]}

{"cOrigin":"+input","cTo":[4,16],"cNewPos":[4,17],"cWhen":1.5300032042991009e9,"tag":"Change","cFrom":[4,16],"cText":["l"],"cRemoved":[""]}

{"cOrigin":"+input","cTo":[4,17],"cNewPos":[4,18],"cWhen":1.5300032045308802e9,"tag":"Change","cFrom":[4,17],"cText":["o"],"cRemoved":[""]}

{"cOrigin":"+input","cTo":[4,18],"cNewPos":[4,19],"cWhen":1.5300032047469738e9,"tag":"Change","cFrom":[4,18],"cText":[" "],"cRemoved":[""]}

{"cOrigin":"+input","cTo":[4,19],"cNewPos":[4,20],"cWhen":1.5300032049788585e9,"tag":"Change","cFrom":[4,19],"cText":["l"],"cRemoved":[""]}

{"cOrigin":"+input","cTo":[4,20],"cNewPos":[4,21],"cWhen":1.5300032052030058e9,"tag":"Change","cFrom":[4,20],"cText":["o"],"cRemoved":[""]}

{"cOrigin":"+input","cTo":[4,21],"cNewPos":[4,22],"cWhen":1.5300032054672174e9,"tag":"Change","cFrom":[4,21],"cText":[" "],"cRemoved":[""]}

{"cOrigin":"+input","cTo":[4,22],"cNewPos":[4,23],"cWhen":1.5300032056990533e9,"tag":"Change","cFrom":[4,22],"cText":["l"],"cRemoved":[""]}

{"cOrigin":"+input","cTo":[4,23],"cNewPos":[4,24],"cWhen":1.5300032059069743e9,"tag":"Change","cFrom":[4,23],"cText":["o"],"cRemoved":[""]}

{"cOrigin":"+input","cTo":[4,24],"cNewPos":[4,25],"cWhen":1.5300032061630166e9,"tag":"Change","cFrom":[4,24],"cText":[" "],"cRemoved":[""]}

{"cOrigin":"+input","cTo":[4,25],"cNewPos":[4,26],"cWhen":1.5300032064590158e9,"tag":"Change","cFrom":[4,25],"cText":["l"],"cRemoved":[""]}

{"cOrigin":"+input","cTo":[4,26],"cNewPos":[4,27],"cWhen":1.5300032066672611e9,"tag":"Change","cFrom":[4,26],"cText":["o"],"cRemoved":[""]}

{"cOrigin":"+input","cTo":[4,27],"cNewPos":[4,28],"cWhen":1.5300032089876332e9,"tag":"Change","cFrom":[4,27],"cText":["l"],"cRemoved":[""]}

{"cOrigin":"+input","cTo":[4,28],"cNewPos":[4,29],"cWhen":1.530003209155292e9,"tag":"Change","cFrom":[4,28],"cText":["o"],"cRemoved":[""]}

{"cOrigin":"+input","cTo":[4,29],"cNewPos":[4,30],"cWhen":1.5300032092033753e9,"tag":"Change","cFrom":[4,29],"cText":[" "],"cRemoved":[""]}

{"cOrigin":"+input","cTo":[4,30],"cNewPos":[4,31],"cWhen":1.5300032094033568e9,"tag":"Change","cFrom":[4,30],"cText":["l"],"cRemoved":[""]}

{"cOrigin":"+input","cTo":[4,31],"cNewPos":[4,32],"cWhen":1.530003209587387e9,"tag":"Change","cFrom":[4,31],"cText":["o"],"cRemoved":[""]}

{"cXWarp":31,"cNewPos":[4,31],"cWhen":1.5300032119076405e9,"tag":"Move"}

{"cXWarp":30,"cNewPos":[4,30],"cWhen":1.530003212123522e9,"tag":"Move"}

{"cXWarp":29,"cNewPos":[4,29],"cWhen":1.5300032123716805e9,"tag":"Move"}

{"cXWarp":28,"cNewPos":[4,28],"cWhen":1.530003212667588e9,"tag":"Move"}

{"cXWarp":27,"cNewPos":[4,27],"cWhen":1.530003212947739e9,"tag":"Move"}

{"cXWarp":26,"cNewPos":[4,26],"cWhen":1.5300032139558184e9,"tag":"Move"}

{"cOrigin":"+input","cTo":[4,26],"cNewPos":[4,27],"cWhen":1.5300032144358282e9,"tag":"Change","cFrom":[4,26],"cText":[" "],"cRemoved":[""]}

{"cXWarp":28,"cNewPos":[4,28],"cWhen":1.5300032177242038e9,"tag":"Move"}

{"cXWarp":29,"cNewPos":[4,29],"cWhen":1.5300032188042088e9,"tag":"Move"}

{"cOrigin":"+delete","cTo":[4,29],"cNewPos":[4,28],"cWhen":1.5300032196603646e9,"tag":"Change","cFrom":[4,28],"cText":[""],"cRemoved":["l"]}

{"cOrigin":"+delete","cTo":[4,28],"cNewPos":[4,27],"cWhen":1.5300032199402733e9,"tag":"Change","cFrom":[4,27],"cText":[""],"cRemoved":["o"]}

{"cOrigin":"+delete","cTo":[4,27],"cNewPos":[4,26],"cWhen":1.5300032202283013e9,"tag":"Change","cFrom":[4,26],"cText":[""],"cRemoved":[" "]}

{"cXWarp":27,"cNewPos":[4,27],"cWhen":1.5300032221887128e9,"tag":"Move"}

{"cXWarp":28,"cNewPos":[4,28],"cWhen":1.5300032224527469e9,"tag":"Move"}

{"cXWarp":29,"cNewPos":[4,29],"cWhen":1.5300032227180963e9,"tag":"Move"}

{"cXWarp":30,"cNewPos":[4,30],"cWhen":1.5300032229968424e9,"tag":"Move"}

{"cOrigin":"+input","cTo":[4,30],"cNewPos":[5,0],"cWhen":1.530003224101026e9,"tag":"Change","cFrom":[4,30],"cText":["",""],"cRemoved":[""]}

{"cOrigin":"+delete","cTo":[5,0],"cNewPos":[4,30],"cWhen":1.5300032262292078e9,"tag":"Change","cFrom":[4,30],"cText":[""],"cRemoved":["",""]}

{"cOrigin":"+input","cTo":[4,30],"cNewPos":[4,31],"cWhen":1.530003229429358e9,"tag":"Change","cFrom":[4,30],"cText":["8"],"cRemoved":[""]}

{"cOrigin":"+input","cTo":[4,31],"cNewPos":[4,32],"cWhen":1.5300032308535192e9,"tag":"Change","cFrom":[4,31],"cText":["9"],"cRemoved":[""]}

{"cXWarp":31,"cNewPos":[4,31],"cWhen":1.5300032366299658e9,"tag":"Move"}

{"cOrigin":"+input","cTo":[4,31],"cNewPos":[5,0],"cWhen":1.5300032382302349e9,"tag":"Change","cFrom":[4,31],"cText":["",""],"cRemoved":[""]}

{"cOrigin":"+delete","cTo":[5,0],"cNewPos":[4,31],"cWhen":1.5300032410063677e9,"tag":"Change","cFrom":[4,31],"cText":[""],"cRemoved":["",""]}

{"cOrigin":"+delete","cTo":[4,31],"cNewPos":[4,30],"cWhen":1.5300032418705618e9,"tag":"Change","cFrom":[4,30],"cText":[""],"cRemoved":["8"]}

{"cOrigin":"+delete","cTo":[4,30],"cNewPos":[4,29],"cWhen":1.5300032423440018e9,"tag":"Change","cFrom":[4,29],"cText":[""],"cRemoved":["o"]}

{"cOrigin":"+delete","cTo":[4,29],"cNewPos":[4,28],"cWhen":1.5300032431425548e9,"tag":"Change","cFrom":[4,28],"cText":[""],"cRemoved":["l"]}

{"cXWarp":29,"cNewPos":[4,29],"cWhen":1.530003244854748e9,"tag":"Move"}

{"cOrigin":"+delete","cTo":[4,29],"cNewPos":[4,28],"cWhen":1.5300032455348015e9,"tag":"Change","cFrom":[4,28],"cText":[""],"cRemoved":["9"]}

{"cOrigin":"+input","cTo":[4,28],"cNewPos":[4,29],"cWhen":1.5300032547038767e9,"tag":"Change","cFrom":[4,28],"cText":["\""],"cRemoved":[""]}

{"cWhen":1.5300032562345557e9,"tag":"Eval","cAll":true}
