{"cOrigin":"+delete","cTo":[2,24],"cNewPos":[2,23],"cWhen":1.5300020994217095e9,"tag":"Change","cFrom":[2,23],"cText":[""],"cRemoved":[" "]}

{"cOrigin":"+input","cTo":[2,23],"cNewPos":[2,24],"cWhen":1.5300021005335853e9,"tag":"Change","cFrom":[2,23],"cText":[" "],"cRemoved":[""]}

{"cOrigin":"+delete","cTo":[2,24],"cNewPos":[2,23],"cWhen":1.5300021049249294e9,"tag":"Change","cFrom":[2,23],"cText":[""],"cRemoved":[" "]}

{"cOrigin":"+input","cTo":[2,23],"cNewPos":[2,24],"cWhen":1.530002108892519e9,"tag":"Change","cFrom":[2,23],"cText":[" "],"cRemoved":[""]}

{"cOrigin":"+input","cTo":[2,24],"cNewPos":[2,25],"cWhen":1.5300021121320655e9,"tag":"Change","cFrom":[2,24],"cText":["\""],"cRemoved":[""]}

{"cOrigin":"+input","cTo":[2,25],"cNewPos":[2,26],"cWhen":1.5300021126439059e9,"tag":"Change","cFrom":[2,25],"cText":["h"],"cRemoved":[""]}

{"cOrigin":"+input","cTo":[2,26],"cNewPos":[2,27],"cWhen":1.5300021130198045e9,"tag":"Change","cFrom":[2,26],"cText":["i"],"cRemoved":[""]}

{"cOrigin":"+input","cTo":[2,27],"cNewPos":[2,28],"cWhen":1.5300021133958812e9,"tag":"Change","cFrom":[2,27],"cText":[" "],"cRemoved":[""]}

{"cOrigin":"+input","cTo":[2,28],"cNewPos":[2,29],"cWhen":1.5300021137716963e9,"tag":"Change","cFrom":[2,28],"cText":["l"],"cRemoved":[""]}

{"cOrigin":"+input","cTo":[2,29],"cNewPos":[2,30],"cWhen":1.5300021140356402e9,"tag":"Change","cFrom":[2,29],"cText":["o"],"cRemoved":[""]}

{"cOrigin":"+input","cTo":[2,30],"cNewPos":[2,31],"cWhen":1.5300021144437616e9,"tag":"Change","cFrom":[2,30],"cText":[" "],"cRemoved":[""]}

{"cOrigin":"+input","cTo":[2,31],"cNewPos":[2,32],"cWhen":1.530002114771584e9,"tag":"Change","cFrom":[2,31],"cText":["k"],"cRemoved":[""]}

{"cOrigin":"+input","cTo":[2,32],"cNewPos":[2,33],"cWhen":1.530002114779606e9,"tag":"Change","cFrom":[2,32],"cText":["l"],"cRemoved":[""]}

{"cOrigin":"+delete","cTo":[2,33],"cNewPos":[2,32],"cWhen":1.5300021159632778e9,"tag":"Change","cFrom":[2,32],"cText":[""],"cRemoved":["l"]}

{"cOrigin":"+delete","cTo":[2,32],"cNewPos":[2,31],"cWhen":1.5300021162537513e9,"tag":"Change","cFrom":[2,31],"cText":[""],"cRemoved":["k"]}

{"cOrigin":"+input","cTo":[2,31],"cNewPos":[2,32],"cWhen":1.5300021170673563e9,"tag":"Change","cFrom":[2,31],"cText":["l"],"cRemoved":[""]}

{"cOrigin":"+input","cTo":[2,32],"cNewPos":[2,33],"cWhen":1.5300021173472235e9,"tag":"Change","cFrom":[2,32],"cText":["o"],"cRemoved":[""]}

{"cOrigin":"+input","cTo":[2,33],"cNewPos":[2,34],"cWhen":1.53000211773129e9,"tag":"Change","cFrom":[2,33],"cText":[" "],"cRemoved":[""]}

{"cOrigin":"+input","cTo":[2,34],"cNewPos":[2,35],"cWhen":1.5300021181391428e9,"tag":"Change","cFrom":[2,34],"cText":["h"],"cRemoved":[""]}

{"cOrigin":"+input","cTo":[2,35],"cNewPos":[2,36],"cWhen":1.5300021184751549e9,"tag":"Change","cFrom":[2,35],"cText":["i"],"cRemoved":[""]}

{"cOrigin":"+input","cTo":[2,36],"cNewPos":[2,37],"cWhen":1.5300021192191014e9,"tag":"Change","cFrom":[2,36],"cText":[" "],"cRemoved":[""]}

{"cOrigin":"+input","cTo":[2,37],"cNewPos":[2,38],"cWhen":1.5300021196670113e9,"tag":"Change","cFrom":[2,37],"cText":["l"],"cRemoved":[""]}

{"cOrigin":"+input","cTo":[2,38],"cNewPos":[2,39],"cWhen":1.530002119914932e9,"tag":"Change","cFrom":[2,38],"cText":["o"],"cRemoved":[""]}

{"cOrigin":"+input","cTo":[2,39],"cNewPos":[2,40],"cWhen":1.5300021203387976e9,"tag":"Change","cFrom":[2,39],"cText":[" "],"cRemoved":[""]}

{"cOrigin":"+input","cTo":[2,40],"cNewPos":[2,41],"cWhen":1.5300021207387447e9,"tag":"Change","cFrom":[2,40],"cText":["l"],"cRemoved":[""]}

{"cOrigin":"+input","cTo":[2,41],"cNewPos":[2,42],"cWhen":1.5300021210348125e9,"tag":"Change","cFrom":[2,41],"cText":["o"],"cRemoved":[""]}

{"cOrigin":"+input","cTo":[2,42],"cNewPos":[2,43],"cWhen":1.5300021215226343e9,"tag":"Change","cFrom":[2,42],"cText":[" "],"cRemoved":[""]}

{"cOrigin":"+input","cTo":[2,43],"cNewPos":[2,44],"cWhen":1.5300021219466684e9,"tag":"Change","cFrom":[2,43],"cText":["h"],"cRemoved":[""]}

{"cOrigin":"+input","cTo":[2,44],"cNewPos":[2,45],"cWhen":1.5300021223066206e9,"tag":"Change","cFrom":[2,44],"cText":["i"],"cRemoved":[""]}

{"cOrigin":"+input","cTo":[2,45],"cNewPos":[2,46],"cWhen":1.530002127073875e9,"tag":"Change","cFrom":[2,45],"cText":["\""],"cRemoved":[""]}

{"cOrigin":"+delete","cTo":[2,46],"cNewPos":[2,45],"cWhen":1.5300021660281897e9,"tag":"Change","cFrom":[2,45],"cText":[""],"cRemoved":["\""]}

{"cOrigin":"+delete","cTo":[2,45],"cNewPos":[2,44],"cWhen":1.5300021662792373e9,"tag":"Change","cFrom":[2,44],"cText":[""],"cRemoved":["i"]}

{"cOrigin":"+delete","cTo":[2,44],"cNewPos":[2,43],"cWhen":1.5300021663293614e9,"tag":"Change","cFrom":[2,43],"cText":[""],"cRemoved":["h"]}

{"cOrigin":"+delete","cTo":[2,43],"cNewPos":[2,42],"cWhen":1.5300021663792293e9,"tag":"Change","cFrom":[2,42],"cText":[""],"cRemoved":[" "]}

{"cOrigin":"+delete","cTo":[2,42],"cNewPos":[2,41],"cWhen":1.530002166429221e9,"tag":"Change","cFrom":[2,41],"cText":[""],"cRemoved":["o"]}

{"cOrigin":"+delete","cTo":[2,41],"cNewPos":[2,40],"cWhen":1.530002166479221e9,"tag":"Change","cFrom":[2,40],"cText":[""],"cRemoved":["l"]}

{"cOrigin":"+delete","cTo":[2,40],"cNewPos":[2,39],"cWhen":1.5300021665292146e9,"tag":"Change","cFrom":[2,39],"cText":[""],"cRemoved":[" "]}

{"cOrigin":"+delete","cTo":[2,39],"cNewPos":[2,38],"cWhen":1.5300021665792098e9,"tag":"Change","cFrom":[2,38],"cText":[""],"cRemoved":["o"]}

{"cOrigin":"+delete","cTo":[2,38],"cNewPos":[2,37],"cWhen":1.530002166629249e9,"tag":"Change","cFrom":[2,37],"cText":[""],"cRemoved":["l"]}

{"cOrigin":"+delete","cTo":[2,37],"cNewPos":[2,36],"cWhen":1.5300021666792226e9,"tag":"Change","cFrom":[2,36],"cText":[""],"cRemoved":[" "]}

{"cOrigin":"+delete","cTo":[2,36],"cNewPos":[2,35],"cWhen":1.530002166729213e9,"tag":"Change","cFrom":[2,35],"cText":[""],"cRemoved":["i"]}

{"cOrigin":"+delete","cTo":[2,35],"cNewPos":[2,34],"cWhen":1.5300021667791874e9,"tag":"Change","cFrom":[2,34],"cText":[""],"cRemoved":["h"]}

{"cOrigin":"+delete","cTo":[2,34],"cNewPos":[2,33],"cWhen":1.5300021668392284e9,"tag":"Change","cFrom":[2,33],"cText":[""],"cRemoved":[" "]}

{"cOrigin":"+delete","cTo":[2,33],"cNewPos":[2,32],"cWhen":1.530002166889236e9,"tag":"Change","cFrom":[2,32],"cText":[""],"cRemoved":["o"]}

{"cOrigin":"+delete","cTo":[2,32],"cNewPos":[2,31],"cWhen":1.5300021669392214e9,"tag":"Change","cFrom":[2,31],"cText":[""],"cRemoved":["l"]}

{"cOrigin":"+delete","cTo":[2,31],"cNewPos":[2,30],"cWhen":1.5300021669891884e9,"tag":"Change","cFrom":[2,30],"cText":[""],"cRemoved":[" "]}

{"cOrigin":"+delete","cTo":[2,30],"cNewPos":[2,29],"cWhen":1.5300021670492442e9,"tag":"Change","cFrom":[2,29],"cText":[""],"cRemoved":["o"]}

{"cOrigin":"+delete","cTo":[2,29],"cNewPos":[2,28],"cWhen":1.5300021670992358e9,"tag":"Change","cFrom":[2,28],"cText":[""],"cRemoved":["l"]}

{"cOrigin":"+delete","cTo":[2,28],"cNewPos":[2,27],"cWhen":1.5300021671492097e9,"tag":"Change","cFrom":[2,27],"cText":[""],"cRemoved":[" "]}

{"cOrigin":"+delete","cTo":[2,27],"cNewPos":[2,26],"cWhen":1.530002167199213e9,"tag":"Change","cFrom":[2,26],"cText":[""],"cRemoved":["i"]}

{"cOrigin":"+delete","cTo":[2,26],"cNewPos":[2,25],"cWhen":1.5300021672592223e9,"tag":"Change","cFrom":[2,25],"cText":[""],"cRemoved":["h"]}

{"cOrigin":"+delete","cTo":[2,25],"cNewPos":[2,24],"cWhen":1.5300021673092153e9,"tag":"Change","cFrom":[2,24],"cText":[""],"cRemoved":["\""]}

{"cOrigin":"+delete","cTo":[2,24],"cNewPos":[2,23],"cWhen":1.5300021673692222e9,"tag":"Change","cFrom":[2,23],"cText":[""],"cRemoved":[" "]}

{"cOrigin":"+delete","cTo":[2,23],"cNewPos":[2,22],"cWhen":1.5300021674192276e9,"tag":"Change","cFrom":[2,22],"cText":[""],"cRemoved":["r"]}

{"cOrigin":"+delete","cTo":[2,22],"cNewPos":[2,21],"cWhen":1.530002167469251e9,"tag":"Change","cFrom":[2,21],"cText":[""],"cRemoved":["e"]}

{"cOrigin":"+delete","cTo":[2,21],"cNewPos":[2,20],"cWhen":1.5300021675192082e9,"tag":"Change","cFrom":[2,20],"cText":[""],"cRemoved":["w"]}

{"cOrigin":"+delete","cTo":[2,20],"cNewPos":[2,19],"cWhen":1.5300021675792317e9,"tag":"Change","cFrom":[2,19],"cText":[""],"cRemoved":["o"]}

{"cOrigin":"+delete","cTo":[2,19],"cNewPos":[2,18],"cWhen":1.5300021676292255e9,"tag":"Change","cFrom":[2,18],"cText":[""],"cRemoved":["l"]}

{"cOrigin":"+delete","cTo":[2,18],"cNewPos":[2,17],"cWhen":1.5300021676792293e9,"tag":"Change","cFrom":[2,17],"cText":[""],"cRemoved":["s"]}

{"cOrigin":"+delete","cTo":[2,17],"cNewPos":[2,16],"cWhen":1.5300021677292044e9,"tag":"Change","cFrom":[2,16],"cText":[""],"cRemoved":[" "]}

{"cOrigin":"+delete","cTo":[2,16],"cNewPos":[2,15],"cWhen":1.5300021677792058e9,"tag":"Change","cFrom":[2,15],"cText":[""],"cRemoved":["5"]}

{"cOrigin":"+delete","cTo":[2,15],"cNewPos":[2,14],"cWhen":1.5300021678292084e9,"tag":"Change","cFrom":[2,14],"cText":[""],"cRemoved":[" "]}

{"cOrigin":"+delete","cTo":[2,14],"cNewPos":[2,13],"cWhen":1.5300021678792531e9,"tag":"Change","cFrom":[2,13],"cText":[""],"cRemoved":["y"]}

{"cOrigin":"+delete","cTo":[2,13],"cNewPos":[2,12],"cWhen":1.5300021679292352e9,"tag":"Change","cFrom":[2,12],"cText":[""],"cRemoved":["r"]}

{"cOrigin":"+delete","cTo":[2,12],"cNewPos":[2,11],"cWhen":1.5300021679792118e9,"tag":"Change","cFrom":[2,11],"cText":[""],"cRemoved":["e"]}

{"cOrigin":"+delete","cTo":[2,11],"cNewPos":[2,10],"cWhen":1.530002168029221e9,"tag":"Change","cFrom":[2,10],"cText":[""],"cRemoved":["v"]}

{"cOrigin":"+delete","cTo":[2,10],"cNewPos":[2,9],"cWhen":1.530002168079203e9,"tag":"Change","cFrom":[2,9],"cText":[""],"cRemoved":["e"]}

{"cOrigin":"+delete","cTo":[2,9],"cNewPos":[2,8],"cWhen":1.5300021681292102e9,"tag":"Change","cFrom":[2,8],"cText":[""],"cRemoved":[" "]}

{"cOrigin":"+delete","cTo":[2,8],"cNewPos":[2,7],"cWhen":1.5300021681793916e9,"tag":"Change","cFrom":[2,7],"cText":[""],"cRemoved":["$"]}

{"cOrigin":"+delete","cTo":[2,7],"cNewPos":[2,6],"cWhen":1.5300021682292325e9,"tag":"Change","cFrom":[2,6],"cText":[""],"cRemoved":[" "]}

{"cOrigin":"+delete","cTo":[2,6],"cNewPos":[2,5],"cWhen":1.5300021682792304e9,"tag":"Change","cFrom":[2,5],"cText":[""],"cRemoved":["r"]}

{"cOrigin":"+delete","cTo":[2,5],"cNewPos":[2,4],"cWhen":1.5300021683292217e9,"tag":"Change","cFrom":[2,4],"cText":[""],"cRemoved":["e"]}

{"cOrigin":"+delete","cTo":[2,4],"cNewPos":[2,3],"cWhen":1.530002168379194e9,"tag":"Change","cFrom":[2,3],"cText":[""],"cRemoved":["t"]}

{"cOrigin":"+delete","cTo":[2,3],"cNewPos":[2,2],"cWhen":1.5300021684392278e9,"tag":"Change","cFrom":[2,2],"cText":[""],"cRemoved":["s"]}

{"cOrigin":"+delete","cTo":[2,2],"cNewPos":[2,1],"cWhen":1.5300021684892344e9,"tag":"Change","cFrom":[2,1],"cText":[""],"cRemoved":["a"]}

{"cOrigin":"+delete","cTo":[2,1],"cNewPos":[2,0],"cWhen":1.5300021685392208e9,"tag":"Change","cFrom":[2,0],"cText":[""],"cRemoved":["f"]}

{"cOrigin":"+delete","cTo":[2,0],"cNewPos":[1,0],"cWhen":1.5300021685992029e9,"tag":"Change","cFrom":[1,0],"cText":[""],"cRemoved":["",""]}

{"cOrigin":"+delete","cTo":[1,0],"cNewPos":[0,60],"cWhen":1.5300021686492424e9,"tag":"Change","cFrom":[0,60],"cText":[""],"cRemoved":["",""]}

{"cOrigin":"+delete","cTo":[0,60],"cNewPos":[0,59],"cWhen":1.530002168699208e9,"tag":"Change","cFrom":[0,59],"cText":[""],"cRemoved":["\""]}

{"cOrigin":"+delete","cTo":[0,59],"cNewPos":[0,58],"cWhen":1.5300021687492287e9,"tag":"Change","cFrom":[0,58],"cText":[""],"cRemoved":["0"]}

{"cOrigin":"+delete","cTo":[0,58],"cNewPos":[0,57],"cWhen":1.5300021687992022e9,"tag":"Change","cFrom":[0,57],"cText":[""],"cRemoved":["1"]}

{"cOrigin":"+delete","cTo":[0,57],"cNewPos":[0,56],"cWhen":1.5300021688592243e9,"tag":"Change","cFrom":[0,56],"cText":[""],"cRemoved":["*"]}

{"cOrigin":"+delete","cTo":[0,56],"cNewPos":[0,55],"cWhen":1.5300021689191902e9,"tag":"Change","cFrom":[0,55],"cText":[""],"cRemoved":["o"]}

{"cOrigin":"+delete","cTo":[0,55],"cNewPos":[0,54],"cWhen":1.5300021689792178e9,"tag":"Change","cFrom":[0,54],"cText":[""],"cRemoved":["l"]}

{"cOrigin":"+delete","cTo":[0,54],"cNewPos":[0,53],"cWhen":1.5300021690292118e9,"tag":"Change","cFrom":[0,53],"cText":[""],"cRemoved":[" "]}

{"cOrigin":"+delete","cTo":[0,53],"cNewPos":[0,52],"cWhen":1.53000216908922e9,"tag":"Change","cFrom":[0,52],"cText":[""],"cRemoved":["~"]}

{"cOrigin":"+delete","cTo":[0,52],"cNewPos":[0,51],"cWhen":1.5300021691392403e9,"tag":"Change","cFrom":[0,51],"cText":[""],"cRemoved":[" "]}

{"cOrigin":"+delete","cTo":[0,51],"cNewPos":[0,50],"cWhen":1.5300021691893044e9,"tag":"Change","cFrom":[0,50],"cText":[""],"cRemoved":["8"]}

{"cOrigin":"+delete","cTo":[0,50],"cNewPos":[0,49],"cWhen":1.5300021692392085e9,"tag":"Change","cFrom":[0,49],"cText":[""],"cRemoved":["*"]}

{"cOrigin":"+delete","cTo":[0,49],"cNewPos":[0,48],"cWhen":1.5300021692892106e9,"tag":"Change","cFrom":[0,48],"cText":[""],"cRemoved":["i"]}

{"cOrigin":"+delete","cTo":[0,48],"cNewPos":[0,47],"cWhen":1.5300021693392215e9,"tag":"Change","cFrom":[0,47],"cText":[""],"cRemoved":["h"]}

{"cOrigin":"+delete","cTo":[0,47],"cNewPos":[0,46],"cWhen":1.5300021693892303e9,"tag":"Change","cFrom":[0,46],"cText":[""],"cRemoved":[" "]}

{"cOrigin":"+delete","cTo":[0,46],"cNewPos":[0,45],"cWhen":1.5300021694394057e9,"tag":"Change","cFrom":[0,45],"cText":[""],"cRemoved":["~"]}

{"cOrigin":"+delete","cTo":[0,45],"cNewPos":[0,44],"cWhen":1.530002169489232e9,"tag":"Change","cFrom":[0,44],"cText":[""],"cRemoved":[" "]}

{"cOrigin":"+delete","cTo":[0,44],"cNewPos":[0,43],"cWhen":1.5300021695392132e9,"tag":"Change","cFrom":[0,43],"cText":[""],"cRemoved":["6"]}

{"cOrigin":"+delete","cTo":[0,43],"cNewPos":[0,42],"cWhen":1.5300021695892138e9,"tag":"Change","cFrom":[0,42],"cText":[""],"cRemoved":["*"]}

{"cOrigin":"+delete","cTo":[0,42],"cNewPos":[0,41],"cWhen":1.5300021696392112e9,"tag":"Change","cFrom":[0,41],"cText":[""],"cRemoved":["i"]}

{"cOrigin":"+delete","cTo":[0,41],"cNewPos":[0,40],"cWhen":1.5300021696892502e9,"tag":"Change","cFrom":[0,40],"cText":[""],"cRemoved":["h"]}

{"cOrigin":"+delete","cTo":[0,40],"cNewPos":[0,39],"cWhen":1.5300021697392628e9,"tag":"Change","cFrom":[0,39],"cText":[""],"cRemoved":[" "]}

{"cOrigin":"+delete","cTo":[0,39],"cNewPos":[0,38],"cWhen":1.5300021697892294e9,"tag":"Change","cFrom":[0,38],"cText":[""],"cRemoved":["~"]}

{"cOrigin":"+delete","cTo":[0,38],"cNewPos":[0,37],"cWhen":1.530002169839218e9,"tag":"Change","cFrom":[0,37],"cText":[""],"cRemoved":[" "]}

{"cOrigin":"+delete","cTo":[0,37],"cNewPos":[0,36],"cWhen":1.5300021698892498e9,"tag":"Change","cFrom":[0,36],"cText":[""],"cRemoved":["4"]}

{"cOrigin":"+delete","cTo":[0,36],"cNewPos":[0,35],"cWhen":1.5300021699392316e9,"tag":"Change","cFrom":[0,35],"cText":[""],"cRemoved":["*"]}

{"cOrigin":"+delete","cTo":[0,35],"cNewPos":[0,34],"cWhen":1.5300021699892325e9,"tag":"Change","cFrom":[0,34],"cText":[""],"cRemoved":["o"]}

{"cOrigin":"+delete","cTo":[0,34],"cNewPos":[0,33],"cWhen":1.5300021700392277e9,"tag":"Change","cFrom":[0,33],"cText":[""],"cRemoved":["l"]}

{"cOrigin":"+delete","cTo":[0,33],"cNewPos":[0,32],"cWhen":1.5300021700892508e9,"tag":"Change","cFrom":[0,32],"cText":[""],"cRemoved":[" "]}

{"cOrigin":"+delete","cTo":[0,32],"cNewPos":[0,31],"cWhen":1.5300021701392374e9,"tag":"Change","cFrom":[0,31],"cText":[""],"cRemoved":["~"]}

{"cOrigin":"+delete","cTo":[0,31],"cNewPos":[0,30],"cWhen":1.530002170189198e9,"tag":"Change","cFrom":[0,30],"cText":[""],"cRemoved":[" "]}

{"cOrigin":"+delete","cTo":[0,30],"cNewPos":[0,29],"cWhen":1.5300021702392125e9,"tag":"Change","cFrom":[0,29],"cText":[""],"cRemoved":["2"]}

{"cOrigin":"+delete","cTo":[0,29],"cNewPos":[0,28],"cWhen":1.5300021702892332e9,"tag":"Change","cFrom":[0,28],"cText":[""],"cRemoved":["*"]}

{"cOrigin":"+delete","cTo":[0,28],"cNewPos":[0,27],"cWhen":1.5300021703491929e9,"tag":"Change","cFrom":[0,27],"cText":[""],"cRemoved":["i"]}

{"cOrigin":"+delete","cTo":[0,27],"cNewPos":[0,26],"cWhen":1.5300021704092088e9,"tag":"Change","cFrom":[0,26],"cText":[""],"cRemoved":["h"]}

{"cOrigin":"+delete","cTo":[0,26],"cNewPos":[0,25],"cWhen":1.5300021704592767e9,"tag":"Change","cFrom":[0,25],"cText":[""],"cRemoved":["\""]}

{"cOrigin":"+delete","cTo":[0,25],"cNewPos":[0,24],"cWhen":1.5300021705092127e9,"tag":"Change","cFrom":[0,24],"cText":[""],"cRemoved":[" "]}

{"cOrigin":"+delete","cTo":[0,24],"cNewPos":[0,23],"cWhen":1.530002170559215e9,"tag":"Change","cFrom":[0,23],"cText":[""],"cRemoved":["r"]}

{"cOrigin":"+delete","cTo":[0,23],"cNewPos":[0,22],"cWhen":1.5300021706092384e9,"tag":"Change","cFrom":[0,22],"cText":[""],"cRemoved":["e"]}

{"cOrigin":"+delete","cTo":[0,22],"cNewPos":[0,21],"cWhen":1.5300021706592035e9,"tag":"Change","cFrom":[0,21],"cText":[""],"cRemoved":["h"]}

{"cOrigin":"+delete","cTo":[0,21],"cNewPos":[0,20],"cWhen":1.530002170719233e9,"tag":"Change","cFrom":[0,20],"cText":[""],"cRemoved":["g"]}

{"cOrigin":"+delete","cTo":[0,20],"cNewPos":[0,19],"cWhen":1.5300021707692287e9,"tag":"Change","cFrom":[0,19],"cText":[""],"cRemoved":["i"]}

{"cOrigin":"+delete","cTo":[0,19],"cNewPos":[0,18],"cWhen":1.530002170829215e9,"tag":"Change","cFrom":[0,18],"cText":[""],"cRemoved":["h"]}

{"cOrigin":"+delete","cTo":[0,18],"cNewPos":[0,17],"cWhen":1.5300021708792245e9,"tag":"Change","cFrom":[0,17],"cText":[""],"cRemoved":[" "]}

{"cOrigin":"+delete","cTo":[0,17],"cNewPos":[0,16],"cWhen":1.5300021709292364e9,"tag":"Change","cFrom":[0,16],"cText":[""],"cRemoved":["0"]}

{"cOrigin":"+delete","cTo":[0,16],"cNewPos":[0,15],"cWhen":1.530002170979208e9,"tag":"Change","cFrom":[0,15],"cText":[""],"cRemoved":["1"]}

{"cOrigin":"+delete","cTo":[0,15],"cNewPos":[0,14],"cWhen":1.5300021710392299e9,"tag":"Change","cFrom":[0,14],"cText":[""],"cRemoved":[" "]}

{"cOrigin":"+delete","cTo":[0,14],"cNewPos":[0,13],"cWhen":1.5300021710892437e9,"tag":"Change","cFrom":[0,13],"cText":[""],"cRemoved":["y"]}

{"cOrigin":"+delete","cTo":[0,13],"cNewPos":[0,12],"cWhen":1.5300021711392376e9,"tag":"Change","cFrom":[0,12],"cText":[""],"cRemoved":["r"]}

{"cOrigin":"+delete","cTo":[0,12],"cNewPos":[0,11],"cWhen":1.53000217119923e9,"tag":"Change","cFrom":[0,11],"cText":[""],"cRemoved":["e"]}

{"cOrigin":"+delete","cTo":[0,11],"cNewPos":[0,10],"cWhen":1.530002171249268e9,"tag":"Change","cFrom":[0,10],"cText":[""],"cRemoved":["v"]}

{"cOrigin":"+delete","cTo":[0,10],"cNewPos":[0,9],"cWhen":1.5300021712992218e9,"tag":"Change","cFrom":[0,9],"cText":[""],"cRemoved":["e"]}

{"cOrigin":"+delete","cTo":[0,9],"cNewPos":[0,8],"cWhen":1.5300021715554132e9,"tag":"Change","cFrom":[0,8],"cText":[""],"cRemoved":[" "]}

{"cOrigin":"+delete","cTo":[0,8],"cNewPos":[0,7],"cWhen":1.53000217180922e9,"tag":"Change","cFrom":[0,7],"cText":[""],"cRemoved":["$"]}

{"cOrigin":"+delete","cTo":[0,7],"cNewPos":[0,6],"cWhen":1.5300021718691902e9,"tag":"Change","cFrom":[0,6],"cText":[""],"cRemoved":[" "]}

{"cOrigin":"+delete","cTo":[0,6],"cNewPos":[0,5],"cWhen":1.5300021719192133e9,"tag":"Change","cFrom":[0,5],"cText":[""],"cRemoved":["r"]}

{"cOrigin":"+delete","cTo":[0,5],"cNewPos":[0,4],"cWhen":1.5300021719692397e9,"tag":"Change","cFrom":[0,4],"cText":[""],"cRemoved":["e"]}

{"cOrigin":"+delete","cTo":[0,4],"cNewPos":[0,3],"cWhen":1.5300021720192525e9,"tag":"Change","cFrom":[0,3],"cText":[""],"cRemoved":["t"]}

{"cOrigin":"+delete","cTo":[0,3],"cNewPos":[0,2],"cWhen":1.5300021720692034e9,"tag":"Change","cFrom":[0,2],"cText":[""],"cRemoved":["s"]}

{"cOrigin":"+delete","cTo":[0,2],"cNewPos":[0,1],"cWhen":1.5300021723793602e9,"tag":"Change","cFrom":[0,1],"cText":[""],"cRemoved":["a"]}

{"cOrigin":"+delete","cTo":[0,1],"cNewPos":[0,0],"cWhen":1.5300021727553368e9,"tag":"Change","cFrom":[0,0],"cText":[""],"cRemoved":["f"]}

{"cOrigin":"+input","cTo":[0,0],"cNewPos":[0,1],"cWhen":1.530002255055736e9,"tag":"Change","cFrom":[0,0],"cText":["f"],"cRemoved":[""]}

{"cOrigin":"+input","cTo":[0,1],"cNewPos":[0,2],"cWhen":1.5300022553357942e9,"tag":"Change","cFrom":[0,1],"cText":["a"],"cRemoved":[""]}

{"cOrigin":"+input","cTo":[0,2],"cNewPos":[0,3],"cWhen":1.5300022555516753e9,"tag":"Change","cFrom":[0,2],"cText":["s"],"cRemoved":[""]}

{"cOrigin":"+input","cTo":[0,3],"cNewPos":[0,4],"cWhen":1.5300022557357697e9,"tag":"Change","cFrom":[0,3],"cText":["t"],"cRemoved":[""]}

{"cOrigin":"+input","cTo":[0,4],"cNewPos":[0,5],"cWhen":1.5300022559995983e9,"tag":"Change","cFrom":[0,4],"cText":["e"],"cRemoved":[""]}

{"cOrigin":"+input","cTo":[0,5],"cNewPos":[0,6],"cWhen":1.5300022570395598e9,"tag":"Change","cFrom":[0,5],"cText":["r"],"cRemoved":[""]}

{"cOrigin":"+input","cTo":[0,6],"cNewPos":[0,7],"cWhen":1.5300022634146695e9,"tag":"Change","cFrom":[0,6],"cText":[" "],"cRemoved":[""]}

{"cOrigin":"+delete","cTo":[0,7],"cNewPos":[0,6],"cWhen":1.5300022646623394e9,"tag":"Change","cFrom":[0,6],"cText":[""],"cRemoved":[" "]}

{"cOrigin":"+delete","cTo":[0,6],"cNewPos":[0,5],"cWhen":1.5300022649192028e9,"tag":"Change","cFrom":[0,5],"cText":[""],"cRemoved":["r"]}

{"cOrigin":"+delete","cTo":[0,5],"cNewPos":[0,4],"cWhen":1.5300022649692264e9,"tag":"Change","cFrom":[0,4],"cText":[""],"cRemoved":["e"]}

{"cOrigin":"+delete","cTo":[0,4],"cNewPos":[0,3],"cWhen":1.5300022650192518e9,"tag":"Change","cFrom":[0,3],"cText":[""],"cRemoved":["t"]}

{"cOrigin":"+delete","cTo":[0,3],"cNewPos":[0,2],"cWhen":1.530002265069228e9,"tag":"Change","cFrom":[0,2],"cText":[""],"cRemoved":["s"]}

{"cOrigin":"+delete","cTo":[0,2],"cNewPos":[0,1],"cWhen":1.5300022651192098e9,"tag":"Change","cFrom":[0,1],"cText":[""],"cRemoved":["a"]}

{"cOrigin":"+delete","cTo":[0,1],"cNewPos":[0,0],"cWhen":1.5300022651692286e9,"tag":"Change","cFrom":[0,0],"cText":[""],"cRemoved":["f"]}

{"cOrigin":"+input","cTo":[0,0],"cNewPos":[0,1],"cWhen":1.5300022678780513e9,"tag":"Change","cFrom":[0,0],"cText":["\""],"cRemoved":[""]}

{"cOrigin":"+input","cTo":[0,1],"cNewPos":[0,2],"cWhen":1.5300022683020012e9,"tag":"Change","cFrom":[0,1],"cText":["h"],"cRemoved":[""]}

{"cOrigin":"+input","cTo":[0,2],"cNewPos":[0,3],"cWhen":1.5300022686379364e9,"tag":"Change","cFrom":[0,2],"cText":["i"],"cRemoved":[""]}

{"cOrigin":"+input","cTo":[0,3],"cNewPos":[0,4],"cWhen":1.5300022693098152e9,"tag":"Change","cFrom":[0,3],"cText":[" "],"cRemoved":[""]}

{"cOrigin":"+input","cTo":[0,4],"cNewPos":[0,5],"cWhen":1.5300022696378531e9,"tag":"Change","cFrom":[0,4],"cText":["l"],"cRemoved":[""]}

{"cOrigin":"+input","cTo":[0,5],"cNewPos":[0,6],"cWhen":1.5300022699095738e9,"tag":"Change","cFrom":[0,5],"cText":["o"],"cRemoved":[""]}

{"cOrigin":"+input","cTo":[0,6],"cNewPos":[0,7],"cWhen":1.530002271517508e9,"tag":"Change","cFrom":[0,6],"cText":["2"],"cRemoved":[""]}

{"cOrigin":"+delete","cTo":[0,7],"cNewPos":[0,6],"cWhen":1.5300022738690789e9,"tag":"Change","cFrom":[0,6],"cText":[""],"cRemoved":["2"]}

{"cOrigin":"+input","cTo":[0,6],"cNewPos":[0,7],"cWhen":1.5300022750690608e9,"tag":"Change","cFrom":[0,6],"cText":["\""],"cRemoved":[""]}

{"cOrigin":"+input","cTo":[0,7],"cNewPos":[1,0],"cWhen":1.5300022760607476e9,"tag":"Change","cFrom":[0,7],"cText":["",""],"cRemoved":[""]}

{"cOrigin":"+delete","cTo":[1,0],"cNewPos":[0,7],"cWhen":1.5300022772126005e9,"tag":"Change","cFrom":[0,7],"cText":[""],"cRemoved":["",""]}

{"cWhen":1.5300022782773957e9,"tag":"Eval","cAll":true}

{"cOrigin":"+delete","cTo":[0,7],"cNewPos":[0,6],"cWhen":1.5300022839399767e9,"tag":"Change","cFrom":[0,6],"cText":[""],"cRemoved":["\""]}

{"cOrigin":"+input","cTo":[0,6],"cNewPos":[0,7],"cWhen":1.530002285731569e9,"tag":"Change","cFrom":[0,6],"cText":[" "],"cRemoved":[""]}

{"cOrigin":"+input","cTo":[0,7],"cNewPos":[0,8],"cWhen":1.5300022861873758e9,"tag":"Change","cFrom":[0,7],"cText":["l"],"cRemoved":[""]}

{"cOrigin":"+input","cTo":[0,8],"cNewPos":[0,9],"cWhen":1.5300022864594545e9,"tag":"Change","cFrom":[0,8],"cText":["o"],"cRemoved":[""]}

{"cOrigin":"+input","cTo":[0,9],"cNewPos":[0,10],"cWhen":1.530002286883337e9,"tag":"Change","cFrom":[0,9],"cText":[" "],"cRemoved":[""]}

{"cOrigin":"+input","cTo":[0,10],"cNewPos":[0,11],"cWhen":1.530002287195316e9,"tag":"Change","cFrom":[0,10],"cText":["h"],"cRemoved":[""]}

{"cOrigin":"+input","cTo":[0,11],"cNewPos":[0,12],"cWhen":1.5300022874994876e9,"tag":"Change","cFrom":[0,11],"cText":["i"],"cRemoved":[""]}

{"cOrigin":"+input","cTo":[0,12],"cNewPos":[0,13],"cWhen":1.530002289434992e9,"tag":"Change","cFrom":[0,12],"cText":["\""],"cRemoved":[""]}

{"cWhen":1.5300023150161629e9,"tag":"Eval","cAll":true}

{"cXWarp":12,"cNewPos":[0,12],"cWhen":1.5300023342764573e9,"tag":"Move"}

{"cXWarp":11,"cNewPos":[0,11],"cWhen":1.5300023345292287e9,"tag":"Move"}

{"cXWarp":10,"cNewPos":[0,10],"cWhen":1.5300023345792375e9,"tag":"Move"}

{"cXWarp":9,"cNewPos":[0,9],"cWhen":1.530002334629235e9,"tag":"Move"}

{"cXWarp":8,"cNewPos":[0,8],"cWhen":1.530002334679238e9,"tag":"Move"}

{"cXWarp":7,"cNewPos":[0,7],"cWhen":1.530002334729244e9,"tag":"Move"}

{"cXWarp":6,"cNewPos":[0,6],"cWhen":1.5300023347792158e9,"tag":"Move"}

{"cXWarp":5,"cNewPos":[0,5],"cWhen":1.5300023348292258e9,"tag":"Move"}

{"cXWarp":4,"cNewPos":[0,4],"cWhen":1.5300023348792474e9,"tag":"Move"}

{"cXWarp":3,"cNewPos":[0,3],"cWhen":1.5300023349292724e9,"tag":"Move"}

{"cXWarp":2,"cNewPos":[0,2],"cWhen":1.5300023349792202e9,"tag":"Move"}

{"cXWarp":1,"cNewPos":[0,1],"cWhen":1.5300023350392306e9,"tag":"Move"}

{"cXWarp":0,"cNewPos":[0,0],"cWhen":1.5300023350892682e9,"tag":"Move"}

{"cXWarp":0,"cNewPos":[0,0],"cWhen":1.5300023351392946e9,"tag":"Move"}

{"cOrigin":"+input","cTo":[0,0],"cNewPos":[0,1],"cWhen":1.5300023431073186e9,"tag":"Change","cFrom":[0,0],"cText":["f"],"cRemoved":[""]}

{"cOrigin":"+input","cTo":[0,1],"cNewPos":[0,2],"cWhen":1.53000234336365e9,"tag":"Change","cFrom":[0,1],"cText":["a"],"cRemoved":[""]}

{"cOrigin":"+input","cTo":[0,2],"cNewPos":[0,3],"cWhen":1.530002343587355e9,"tag":"Change","cFrom":[0,2],"cText":["s"],"cRemoved":[""]}

{"cOrigin":"+input","cTo":[0,3],"cNewPos":[0,4],"cWhen":1.5300023438031993e9,"tag":"Change","cFrom":[0,3],"cText":["t"],"cRemoved":[""]}

{"cOrigin":"+input","cTo":[0,4],"cNewPos":[0,5],"cWhen":1.530002344003329e9,"tag":"Change","cFrom":[0,4],"cText":["e"],"cRemoved":[""]}

{"cOrigin":"+input","cTo":[0,5],"cNewPos":[0,6],"cWhen":1.5300023442512386e9,"tag":"Change","cFrom":[0,5],"cText":["r"],"cRemoved":[""]}

{"cOrigin":"+input","cTo":[0,6],"cNewPos":[0,7],"cWhen":1.530002344651107e9,"tag":"Change","cFrom":[0,6],"cText":[" "],"cRemoved":[""]}

{"cWhen":1.53000237150408e9,"tag":"Eval","cAll":true}

{"cOrigin":"+delete","cTo":[0,7],"cNewPos":[0,6],"cWhen":1.5300023838294926e9,"tag":"Change","cFrom":[0,6],"cText":[""],"cRemoved":[" "]}

{"cOrigin":"+delete","cTo":[0,6],"cNewPos":[0,5],"cWhen":1.530002384229352e9,"tag":"Change","cFrom":[0,5],"cText":[""],"cRemoved":["r"]}

{"cOrigin":"+delete","cTo":[0,5],"cNewPos":[0,4],"cWhen":1.5300023844891768e9,"tag":"Change","cFrom":[0,4],"cText":[""],"cRemoved":["e"]}

{"cOrigin":"+delete","cTo":[0,4],"cNewPos":[0,3],"cWhen":1.5300023845392244e9,"tag":"Change","cFrom":[0,3],"cText":[""],"cRemoved":["t"]}

{"cOrigin":"+delete","cTo":[0,3],"cNewPos":[0,2],"cWhen":1.5300023845892336e9,"tag":"Change","cFrom":[0,2],"cText":[""],"cRemoved":["s"]}

{"cOrigin":"+delete","cTo":[0,2],"cNewPos":[0,1],"cWhen":1.5300023846392367e9,"tag":"Change","cFrom":[0,1],"cText":[""],"cRemoved":["a"]}

{"cOrigin":"+delete","cTo":[0,1],"cNewPos":[0,0],"cWhen":1.5300023846991866e9,"tag":"Change","cFrom":[0,0],"cText":[""],"cRemoved":["f"]}

{"cOrigin":"+input","cTo":[0,0],"cNewPos":[0,1],"cWhen":1.5300023881728787e9,"tag":"Change","cFrom":[0,0],"cText":["s"],"cRemoved":[""]}

{"cOrigin":"+input","cTo":[0,1],"cNewPos":[0,2],"cWhen":1.5300023883729064e9,"tag":"Change","cFrom":[0,1],"cText":["l"],"cRemoved":[""]}

{"cOrigin":"+input","cTo":[0,2],"cNewPos":[0,3],"cWhen":1.5300023886369734e9,"tag":"Change","cFrom":[0,2],"cText":["o"],"cRemoved":[""]}

{"cOrigin":"+input","cTo":[0,3],"cNewPos":[0,4],"cWhen":1.5300023890129178e9,"tag":"Change","cFrom":[0,3],"cText":["w"],"cRemoved":[""]}

{"cOrigin":"+input","cTo":[0,4],"cNewPos":[0,5],"cWhen":1.5300023892927802e9,"tag":"Change","cFrom":[0,4],"cText":["e"],"cRemoved":[""]}

{"cOrigin":"+input","cTo":[0,5],"cNewPos":[0,6],"cWhen":1.5300023895567489e9,"tag":"Change","cFrom":[0,5],"cText":["r"],"cRemoved":[""]}

{"cOrigin":"+input","cTo":[0,6],"cNewPos":[0,7],"cWhen":1.5300023900687015e9,"tag":"Change","cFrom":[0,6],"cText":[" "],"cRemoved":[""]}

{"cWhen":1.530002398756253e9,"tag":"Eval","cAll":true}

{"cXWarp":8,"cNewPos":[0,8],"cWhen":1.5300024301110075e9,"tag":"Move"}

{"cXWarp":9,"cNewPos":[0,9],"cWhen":1.5300024304309554e9,"tag":"Move"}

{"cXWarp":10,"cNewPos":[0,10],"cWhen":1.5300024306468225e9,"tag":"Move"}

{"cXWarp":11,"cNewPos":[0,11],"cWhen":1.5300024308992279e9,"tag":"Move"}

{"cXWarp":12,"cNewPos":[0,12],"cWhen":1.5300024309492495e9,"tag":"Move"}

{"cXWarp":13,"cNewPos":[0,13],"cWhen":1.5300024309992354e9,"tag":"Move"}

{"cXWarp":14,"cNewPos":[0,14],"cWhen":1.5300024310492337e9,"tag":"Move"}

{"cXWarp":15,"cNewPos":[0,15],"cWhen":1.530002431099232e9,"tag":"Move"}

{"cXWarp":16,"cNewPos":[0,16],"cWhen":1.5300024311592352e9,"tag":"Move"}

{"cXWarp":17,"cNewPos":[0,17],"cWhen":1.5300024314786966e9,"tag":"Move"}

{"cXWarp":18,"cNewPos":[0,18],"cWhen":1.5300024318470294e9,"tag":"Move"}

{"cXWarp":19,"cNewPos":[0,19],"cWhen":1.5300024327265239e9,"tag":"Move"}

{"cOrigin":"+input","cTo":[0,19],"cNewPos":[0,20],"cWhen":1.5300024339985883e9,"tag":"Change","cFrom":[0,19],"cText":["l"],"cRemoved":[""]}

{"cOrigin":"+input","cTo":[0,20],"cNewPos":[0,21],"cWhen":1.530002434262527e9,"tag":"Change","cFrom":[0,20],"cText":["o"],"cRemoved":[""]}

{"cOrigin":"+delete","cTo":[0,21],"cNewPos":[0,20],"cWhen":1.5300024354542441e9,"tag":"Change","cFrom":[0,20],"cText":[""],"cRemoved":["o"]}

{"cOrigin":"+delete","cTo":[0,20],"cNewPos":[0,19],"cWhen":1.5300024357741463e9,"tag":"Change","cFrom":[0,19],"cText":[""],"cRemoved":["l"]}

{"cOrigin":"+input","cTo":[0,19],"cNewPos":[0,20],"cWhen":1.5300024367581902e9,"tag":"Change","cFrom":[0,19],"cText":[" "],"cRemoved":[""]}

{"cOrigin":"+input","cTo":[0,20],"cNewPos":[0,21],"cWhen":1.5300024370941315e9,"tag":"Change","cFrom":[0,20],"cText":["l"],"cRemoved":[""]}

{"cOrigin":"+input","cTo":[0,21],"cNewPos":[0,22],"cWhen":1.5300024373260043e9,"tag":"Change","cFrom":[0,21],"cText":["o"],"cRemoved":[""]}

{"cOrigin":"+input","cTo":[0,22],"cNewPos":[0,23],"cWhen":1.5300024377500622e9,"tag":"Change","cFrom":[0,22],"cText":[" "],"cRemoved":[""]}

{"cOrigin":"+input","cTo":[0,23],"cNewPos":[0,24],"cWhen":1.5300024381339178e9,"tag":"Change","cFrom":[0,23],"cText":["h"],"cRemoved":[""]}

{"cOrigin":"+input","cTo":[0,24],"cNewPos":[0,25],"cWhen":1.5300024384379492e9,"tag":"Change","cFrom":[0,24],"cText":["i"],"cRemoved":[""]}

{"cOrigin":"+input","cTo":[0,25],"cNewPos":[0,26],"cWhen":1.530002438821885e9,"tag":"Change","cFrom":[0,25],"cText":[" "],"cRemoved":[""]}

{"cOrigin":"+input","cTo":[0,26],"cNewPos":[0,27],"cWhen":1.5300024391497152e9,"tag":"Change","cFrom":[0,26],"cText":["l"],"cRemoved":[""]}

{"cOrigin":"+input","cTo":[0,27],"cNewPos":[0,28],"cWhen":1.5300024394057148e9,"tag":"Change","cFrom":[0,27],"cText":["o"],"cRemoved":[""]}

{"cOrigin":"+input","cTo":[0,28],"cNewPos":[0,29],"cWhen":1.5300024397657237e9,"tag":"Change","cFrom":[0,28],"cText":[" "],"cRemoved":[""]}

{"cOrigin":"+input","cTo":[0,29],"cNewPos":[0,30],"cWhen":1.5300024401976988e9,"tag":"Change","cFrom":[0,29],"cText":["h"],"cRemoved":[""]}

{"cOrigin":"+input","cTo":[0,30],"cNewPos":[0,31],"cWhen":1.5300024405577261e9,"tag":"Change","cFrom":[0,30],"cText":["i"],"cRemoved":[""]}

{"cOrigin":"+input","cTo":[0,31],"cNewPos":[0,32],"cWhen":1.5300024407095098e9,"tag":"Change","cFrom":[0,31],"cText":["i"],"cRemoved":[""]}

{"cOrigin":"+delete","cTo":[0,32],"cNewPos":[0,31],"cWhen":1.5300024420373063e9,"tag":"Change","cFrom":[0,31],"cText":[""],"cRemoved":["i"]}

{"cOrigin":"+delete","cTo":[0,31],"cNewPos":[0,30],"cWhen":1.5300024422931578e9,"tag":"Change","cFrom":[0,30],"cText":[""],"cRemoved":["i"]}

{"cOrigin":"+delete","cTo":[0,30],"cNewPos":[0,29],"cWhen":1.5300024425171266e9,"tag":"Change","cFrom":[0,29],"cText":[""],"cRemoved":["h"]}

{"cOrigin":"+input","cTo":[0,29],"cNewPos":[0,30],"cWhen":1.5300024443329573e9,"tag":"Change","cFrom":[0,29],"cText":["l"],"cRemoved":[""]}

{"cOrigin":"+input","cTo":[0,30],"cNewPos":[0,31],"cWhen":1.5300024445729394e9,"tag":"Change","cFrom":[0,30],"cText":["o"],"cRemoved":[""]}

{"cOrigin":"+input","cTo":[0,31],"cNewPos":[0,32],"cWhen":1.5300024457087882e9,"tag":"Change","cFrom":[0,31],"cText":[" "],"cRemoved":[""]}

{"cOrigin":"+input","cTo":[0,32],"cNewPos":[0,33],"cWhen":1.530002446004769e9,"tag":"Change","cFrom":[0,32],"cText":["h"],"cRemoved":[""]}

{"cOrigin":"+input","cTo":[0,33],"cNewPos":[0,34],"cWhen":1.5300024463089638e9,"tag":"Change","cFrom":[0,33],"cText":["i"],"cRemoved":[""]}

{"cOrigin":"+delete","cTo":[0,34],"cNewPos":[0,33],"cWhen":1.53000246302622e9,"tag":"Change","cFrom":[0,33],"cText":[""],"cRemoved":["i"]}

{"cOrigin":"+delete","cTo":[0,33],"cNewPos":[0,32],"cWhen":1.530002463279214e9,"tag":"Change","cFrom":[0,32],"cText":[""],"cRemoved":["h"]}

{"cOrigin":"+delete","cTo":[0,32],"cNewPos":[0,31],"cWhen":1.530002463339218e9,"tag":"Change","cFrom":[0,31],"cText":[""],"cRemoved":[" "]}

{"cOrigin":"+delete","cTo":[0,31],"cNewPos":[0,30],"cWhen":1.5300024633892279e9,"tag":"Change","cFrom":[0,30],"cText":[""],"cRemoved":["o"]}

{"cOrigin":"+delete","cTo":[0,30],"cNewPos":[0,29],"cWhen":1.5300024634392035e9,"tag":"Change","cFrom":[0,29],"cText":[""],"cRemoved":["l"]}

{"cOrigin":"+delete","cTo":[0,29],"cNewPos":[0,28],"cWhen":1.5300024634992194e9,"tag":"Change","cFrom":[0,28],"cText":[""],"cRemoved":[" "]}

{"cOrigin":"+delete","cTo":[0,28],"cNewPos":[0,27],"cWhen":1.530002463682241e9,"tag":"Change","cFrom":[0,27],"cText":[""],"cRemoved":["o"]}

{"cOrigin":"+delete","cTo":[0,27],"cNewPos":[0,26],"cWhen":1.5300024639394662e9,"tag":"Change","cFrom":[0,26],"cText":[""],"cRemoved":["l"]}

{"cOrigin":"+delete","cTo":[0,26],"cNewPos":[0,25],"cWhen":1.530002463989209e9,"tag":"Change","cFrom":[0,25],"cText":[""],"cRemoved":[" "]}

{"cOrigin":"+delete","cTo":[0,25],"cNewPos":[0,24],"cWhen":1.530002469737388e9,"tag":"Change","cFrom":[0,24],"cText":[""],"cRemoved":["i"]}

{"cOrigin":"+delete","cTo":[0,24],"cNewPos":[0,23],"cWhen":1.530002469977366e9,"tag":"Change","cFrom":[0,23],"cText":[""],"cRemoved":["h"]}

{"cOrigin":"+input","cTo":[0,23],"cNewPos":[0,24],"cWhen":1.530002472480998e9,"tag":"Change","cFrom":[0,23],"cText":["l"],"cRemoved":[""]}

{"cOrigin":"+input","cTo":[0,24],"cNewPos":[0,25],"cWhen":1.5300024727211099e9,"tag":"Change","cFrom":[0,24],"cText":["o"],"cRemoved":[""]}

{"cOrigin":"+input","cTo":[0,25],"cNewPos":[0,26],"cWhen":1.5300024768164034e9,"tag":"Change","cFrom":[0,25],"cText":[" "],"cRemoved":[""]}

{"cOrigin":"+input","cTo":[0,26],"cNewPos":[0,27],"cWhen":1.5300024783841882e9,"tag":"Change","cFrom":[0,26],"cText":["h"],"cRemoved":[""]}

{"cOrigin":"+input","cTo":[0,27],"cNewPos":[0,28],"cWhen":1.5300024788242664e9,"tag":"Change","cFrom":[0,27],"cText":["i"],"cRemoved":[""]}

{"cOrigin":"+input","cTo":[0,28],"cNewPos":[1,0],"cWhen":1.5300024829755335e9,"tag":"Change","cFrom":[0,28],"cText":["",""],"cRemoved":[""]}

{"cOrigin":"+delete","cTo":[1,0],"cNewPos":[0,28],"cWhen":1.5300024850232465e9,"tag":"Change","cFrom":[0,28],"cText":[""],"cRemoved":["",""]}

{"cWhen":1.5300025047573624e9,"tag":"Eval","cAll":true}

{"cXWarp":29,"cNewPos":[0,29],"cWhen":1.5300025343521702e9,"tag":"Move"}

{"cXWarp":29,"cNewPos":[0,29],"cWhen":1.5300025359679472e9,"tag":"Move"}

{"cXWarp":29,"cNewPos":[0,29],"cWhen":1.5300025362192547e9,"tag":"Move"}

{"cXWarp":29,"cNewPos":[0,29],"cWhen":1.5300025362692416e9,"tag":"Move"}

{"cXWarp":29,"cNewPos":[0,29],"cWhen":1.5300025363192313e9,"tag":"Move"}

{"cXWarp":29,"cNewPos":[0,29],"cWhen":1.5300025363792508e9,"tag":"Move"}

{"cXWarp":29,"cNewPos":[0,29],"cWhen":1.5300025364292421e9,"tag":"Move"}

{"cXWarp":29,"cNewPos":[0,29],"cWhen":1.5300025364792283e9,"tag":"Move"}

{"cXWarp":29,"cNewPos":[0,29],"cWhen":1.530002536539234e9,"tag":"Move"}

{"cXWarp":29,"cNewPos":[0,29],"cWhen":1.5300025365892296e9,"tag":"Move"}

{"cXWarp":29,"cNewPos":[0,29],"cWhen":1.5300025366492128e9,"tag":"Move"}

{"cXWarp":29,"cNewPos":[0,29],"cWhen":1.5300025366992033e9,"tag":"Move"}

{"cXWarp":29,"cNewPos":[0,29],"cWhen":1.5300025367492533e9,"tag":"Move"}

{"cXWarp":29,"cNewPos":[0,29],"cWhen":1.5300025367992368e9,"tag":"Move"}

{"cXWarp":29,"cNewPos":[0,29],"cWhen":1.5300025370637677e9,"tag":"Move"}

{"cXWarp":29,"cNewPos":[0,29],"cWhen":1.5300025373192275e9,"tag":"Move"}

{"cXWarp":29,"cNewPos":[0,29],"cWhen":1.5300025373792417e9,"tag":"Move"}

{"cXWarp":29,"cNewPos":[0,29],"cWhen":1.5300025374292297e9,"tag":"Move"}

{"cXWarp":29,"cNewPos":[0,29],"cWhen":1.5300025379117756e9,"tag":"Move"}

{"cXWarp":29,"cNewPos":[0,29],"cWhen":1.5300025381693652e9,"tag":"Move"}

{"cXWarp":29,"cNewPos":[0,29],"cWhen":1.5300025382192492e9,"tag":"Move"}

{"cXWarp":29,"cNewPos":[0,29],"cWhen":1.5300025382792583e9,"tag":"Move"}

{"cXWarp":29,"cNewPos":[0,29],"cWhen":1.530002538329235e9,"tag":"Move"}

{"cOrigin":"+input","cTo":[0,29],"cNewPos":[0,30],"cWhen":1.5300025393995914e9,"tag":"Change","cFrom":[0,29],"cText":[" "],"cRemoved":[""]}

{"cXWarp":30,"cNewPos":[0,30],"cWhen":1.5300025397035472e9,"tag":"Move"}

{"cXWarp":30,"cNewPos":[0,30],"cWhen":1.5300025399592512e9,"tag":"Move"}

{"cXWarp":30,"cNewPos":[0,30],"cWhen":1.530002540019445e9,"tag":"Move"}

{"cXWarp":30,"cNewPos":[0,30],"cWhen":1.5300025400692334e9,"tag":"Move"}

{"cXWarp":30,"cNewPos":[0,30],"cWhen":1.5300025401192513e9,"tag":"Move"}

{"cXWarp":30,"cNewPos":[0,30],"cWhen":1.5300025401692283e9,"tag":"Move"}

{"cXWarp":30,"cNewPos":[0,30],"cWhen":1.5300025402192204e9,"tag":"Move"}

{"cXWarp":30,"cNewPos":[0,30],"cWhen":1.530002540279249e9,"tag":"Move"}

{"cXWarp":30,"cNewPos":[0,30],"cWhen":1.5300025403292336e9,"tag":"Move"}

{"cXWarp":30,"cNewPos":[0,30],"cWhen":1.5300025403792455e9,"tag":"Move"}

{"cXWarp":30,"cNewPos":[0,30],"cWhen":1.5300025404392636e9,"tag":"Move"}

{"cXWarp":30,"cNewPos":[0,30],"cWhen":1.5300025404892638e9,"tag":"Move"}

{"cXWarp":30,"cNewPos":[0,30],"cWhen":1.5300025405395525e9,"tag":"Move"}

{"cXWarp":30,"cNewPos":[0,30],"cWhen":1.5300025405892243e9,"tag":"Move"}

{"cXWarp":30,"cNewPos":[0,30],"cWhen":1.5300025406492565e9,"tag":"Move"}

{"cXWarp":30,"cNewPos":[0,30],"cWhen":1.5300025408472533e9,"tag":"Move"}

{"cXWarp":30,"cNewPos":[0,30],"cWhen":1.5300025410792403e9,"tag":"Move"}

{"cXWarp":30,"cNewPos":[0,30],"cWhen":1.5300025412952874e9,"tag":"Move"}

{"cXWarp":30,"cNewPos":[0,30],"cWhen":1.5300025415111635e9,"tag":"Move"}

{"cXWarp":30,"cNewPos":[0,30],"cWhen":1.5300025417511175e9,"tag":"Move"}

{"cXWarp":30,"cNewPos":[0,30],"cWhen":1.530002541951102e9,"tag":"Move"}

{"cXWarp":30,"cNewPos":[0,30],"cWhen":1.5300025423191826e9,"tag":"Move"}

{"cXWarp":30,"cNewPos":[0,30],"cWhen":1.530002542551033e9,"tag":"Move"}

{"cXWarp":29,"cNewPos":[0,29],"cWhen":1.5300025433029227e9,"tag":"Move"}

{"cXWarp":28,"cNewPos":[0,28],"cWhen":1.5300025435592372e9,"tag":"Move"}

{"cXWarp":27,"cNewPos":[0,27],"cWhen":1.530002543609235e9,"tag":"Move"}

{"cXWarp":26,"cNewPos":[0,26],"cWhen":1.5300025436592202e9,"tag":"Move"}

{"cXWarp":25,"cNewPos":[0,25],"cWhen":1.5300025437092261e9,"tag":"Move"}

{"cXWarp":24,"cNewPos":[0,24],"cWhen":1.5300025437592514e9,"tag":"Move"}

{"cXWarp":23,"cNewPos":[0,23],"cWhen":1.5300025438092396e9,"tag":"Move"}

{"cXWarp":22,"cNewPos":[0,22],"cWhen":1.5300025438592243e9,"tag":"Move"}

{"cXWarp":21,"cNewPos":[0,21],"cWhen":1.5300025439092283e9,"tag":"Move"}

{"cXWarp":22,"cNewPos":[0,22],"cWhen":1.5300025447347207e9,"tag":"Move"}

{"cXWarp":23,"cNewPos":[0,23],"cWhen":1.5300025449892378e9,"tag":"Move"}

{"cXWarp":24,"cNewPos":[0,24],"cWhen":1.53000254503925e9,"tag":"Move"}

{"cXWarp":25,"cNewPos":[0,25],"cWhen":1.5300025450892215e9,"tag":"Move"}

{"cXWarp":26,"cNewPos":[0,26],"cWhen":1.5300025451492012e9,"tag":"Move"}

{"cXWarp":27,"cNewPos":[0,27],"cWhen":1.5300025451992521e9,"tag":"Move"}

{"cXWarp":28,"cNewPos":[0,28],"cWhen":1.5300025452492423e9,"tag":"Move"}

{"cXWarp":29,"cNewPos":[0,29],"cWhen":1.5300025452992334e9,"tag":"Move"}

{"cXWarp":30,"cNewPos":[0,30],"cWhen":1.5300025453592048e9,"tag":"Move"}

{"cXWarp":30,"cNewPos":[0,30],"cWhen":1.5300025454092507e9,"tag":"Move"}

{"cXWarp":30,"cNewPos":[0,30],"cWhen":1.5300025454592466e9,"tag":"Move"}

{"cXWarp":30,"cNewPos":[0,30],"cWhen":1.530002545509239e9,"tag":"Move"}

{"cXWarp":30,"cNewPos":[0,30],"cWhen":1.5300025455692225e9,"tag":"Move"}

{"cXWarp":30,"cNewPos":[0,30],"cWhen":1.5300025456193006e9,"tag":"Move"}

{"cXWarp":30,"cNewPos":[0,30],"cWhen":1.530002545669251e9,"tag":"Move"}

{"cXWarp":30,"cNewPos":[0,30],"cWhen":1.5300025457292116e9,"tag":"Move"}

{"cXWarp":30,"cNewPos":[0,30],"cWhen":1.530002545779231e9,"tag":"Move"}

{"cXWarp":30,"cNewPos":[0,30],"cWhen":1.5300025458292565e9,"tag":"Move"}

{"cXWarp":30,"cNewPos":[0,30],"cWhen":1.5300025458892148e9,"tag":"Move"}

{"cXWarp":30,"cNewPos":[0,30],"cWhen":1.530002545949227e9,"tag":"Move"}

{"cXWarp":30,"cNewPos":[0,30],"cWhen":1.5300025459992118e9,"tag":"Move"}

{"cXWarp":30,"cNewPos":[0,30],"cWhen":1.530002546059244e9,"tag":"Move"}

{"cOrigin":"+input","cTo":[0,30],"cNewPos":[0,31],"cWhen":1.530002546870632e9,"tag":"Change","cFrom":[0,30],"cText":[" "],"cRemoved":[""]}

{"cXWarp":31,"cNewPos":[0,31],"cWhen":1.5300025473583574e9,"tag":"Move"}

{"cXWarp":31,"cNewPos":[0,31],"cWhen":1.5300025476192348e9,"tag":"Move"}

{"cXWarp":31,"cNewPos":[0,31],"cWhen":1.5300025476692312e9,"tag":"Move"}

{"cXWarp":31,"cNewPos":[0,31],"cWhen":1.5300025477192209e9,"tag":"Move"}

{"cXWarp":31,"cNewPos":[0,31],"cWhen":1.530002547779245e9,"tag":"Move"}

{"cXWarp":31,"cNewPos":[0,31],"cWhen":1.530002547829247e9,"tag":"Move"}

{"cXWarp":31,"cNewPos":[0,31],"cWhen":1.5300025478891943e9,"tag":"Move"}

{"cXWarp":31,"cNewPos":[0,31],"cWhen":1.5300025479392524e9,"tag":"Move"}

{"cXWarp":31,"cNewPos":[0,31],"cWhen":1.530002547989242e9,"tag":"Move"}

{"cXWarp":31,"cNewPos":[0,31],"cWhen":1.5300025480392282e9,"tag":"Move"}

{"cXWarp":31,"cNewPos":[0,31],"cWhen":1.5300025480992544e9,"tag":"Move"}

{"cOrigin":"+input","cTo":[0,31],"cNewPos":[0,32],"cWhen":1.530002548118314e9,"tag":"Change","cFrom":[0,31],"cText":[" "],"cRemoved":[""]}

{"cOrigin":"+input","cTo":[0,32],"cNewPos":[0,33],"cWhen":1.5300025483343635e9,"tag":"Change","cFrom":[0,32],"cText":[" "],"cRemoved":[""]}

{"cOrigin":"+input","cTo":[0,33],"cNewPos":[0,34],"cWhen":1.5300025485184186e9,"tag":"Change","cFrom":[0,33],"cText":[" "],"cRemoved":[""]}

{"cOrigin":"+input","cTo":[0,34],"cNewPos":[0,35],"cWhen":1.5300025487793217e9,"tag":"Change","cFrom":[0,34],"cText":[" "],"cRemoved":[""]}

{"cOrigin":"+input","cTo":[0,35],"cNewPos":[0,36],"cWhen":1.5300025488393283e9,"tag":"Change","cFrom":[0,35],"cText":[" "],"cRemoved":[""]}

{"cOrigin":"+input","cTo":[0,36],"cNewPos":[0,37],"cWhen":1.5300025488893776e9,"tag":"Change","cFrom":[0,36],"cText":[" "],"cRemoved":[""]}

{"cOrigin":"+input","cTo":[0,37],"cNewPos":[0,38],"cWhen":1.5300025489396276e9,"tag":"Change","cFrom":[0,37],"cText":[" "],"cRemoved":[""]}

{"cOrigin":"+input","cTo":[0,38],"cNewPos":[0,39],"cWhen":1.5300025489893522e9,"tag":"Change","cFrom":[0,38],"cText":[" "],"cRemoved":[""]}

{"cOrigin":"+input","cTo":[0,39],"cNewPos":[0,40],"cWhen":1.5300025490393472e9,"tag":"Change","cFrom":[0,39],"cText":[" "],"cRemoved":[""]}

{"cOrigin":"+input","cTo":[0,40],"cNewPos":[0,41],"cWhen":1.5300025490893342e9,"tag":"Change","cFrom":[0,40],"cText":[" "],"cRemoved":[""]}

{"cOrigin":"+input","cTo":[0,41],"cNewPos":[0,42],"cWhen":1.530002549139308e9,"tag":"Change","cFrom":[0,41],"cText":[" "],"cRemoved":[""]}

{"cOrigin":"+input","cTo":[0,42],"cNewPos":[0,43],"cWhen":1.5300025492005634e9,"tag":"Change","cFrom":[0,42],"cText":[" "],"cRemoved":[""]}

{"cOrigin":"+input","cTo":[0,43],"cNewPos":[0,44],"cWhen":1.5300025492593267e9,"tag":"Change","cFrom":[0,43],"cText":[" "],"cRemoved":[""]}

{"cOrigin":"+input","cTo":[0,44],"cNewPos":[0,45],"cWhen":1.5300025493094037e9,"tag":"Change","cFrom":[0,44],"cText":[" "],"cRemoved":[""]}

{"cOrigin":"+input","cTo":[0,45],"cNewPos":[0,46],"cWhen":1.5300025493593638e9,"tag":"Change","cFrom":[0,45],"cText":[" "],"cRemoved":[""]}

{"cOrigin":"+input","cTo":[0,46],"cNewPos":[0,47],"cWhen":1.5300025494093423e9,"tag":"Change","cFrom":[0,46],"cText":[" "],"cRemoved":[""]}

{"cOrigin":"+input","cTo":[0,47],"cNewPos":[0,48],"cWhen":1.530002549459335e9,"tag":"Change","cFrom":[0,47],"cText":[" "],"cRemoved":[""]}

{"cOrigin":"+input","cTo":[0,48],"cNewPos":[0,49],"cWhen":1.5300025495193326e9,"tag":"Change","cFrom":[0,48],"cText":[" "],"cRemoved":[""]}

{"cOrigin":"+input","cTo":[0,49],"cNewPos":[0,50],"cWhen":1.5300025495693552e9,"tag":"Change","cFrom":[0,49],"cText":[" "],"cRemoved":[""]}

{"cOrigin":"+input","cTo":[0,50],"cNewPos":[0,51],"cWhen":1.5300025496193516e9,"tag":"Change","cFrom":[0,50],"cText":[" "],"cRemoved":[""]}

{"cOrigin":"+input","cTo":[0,51],"cNewPos":[0,52],"cWhen":1.530002549669348e9,"tag":"Change","cFrom":[0,51],"cText":[" "],"cRemoved":[""]}

{"cOrigin":"+input","cTo":[0,52],"cNewPos":[0,53],"cWhen":1.5300025497293377e9,"tag":"Change","cFrom":[0,52],"cText":[" "],"cRemoved":[""]}

{"cOrigin":"+input","cTo":[0,53],"cNewPos":[0,54],"cWhen":1.5300025497793455e9,"tag":"Change","cFrom":[0,53],"cText":[" "],"cRemoved":[""]}

{"cOrigin":"+input","cTo":[0,54],"cNewPos":[0,55],"cWhen":1.530002549829334e9,"tag":"Change","cFrom":[0,54],"cText":[" "],"cRemoved":[""]}

{"cOrigin":"+input","cTo":[0,55],"cNewPos":[0,56],"cWhen":1.530002549889373e9,"tag":"Change","cFrom":[0,55],"cText":[" "],"cRemoved":[""]}

{"cOrigin":"+input","cTo":[0,56],"cNewPos":[0,57],"cWhen":1.5300025499493146e9,"tag":"Change","cFrom":[0,56],"cText":[" "],"cRemoved":[""]}

{"cOrigin":"+input","cTo":[0,57],"cNewPos":[0,58],"cWhen":1.530002550009345e9,"tag":"Change","cFrom":[0,57],"cText":[" "],"cRemoved":[""]}

{"cOrigin":"+input","cTo":[0,58],"cNewPos":[0,59],"cWhen":1.530002550059336e9,"tag":"Change","cFrom":[0,58],"cText":[" "],"cRemoved":[""]}

{"cOrigin":"+input","cTo":[0,59],"cNewPos":[0,60],"cWhen":1.5300025501193116e9,"tag":"Change","cFrom":[0,59],"cText":[" "],"cRemoved":[""]}

{"cOrigin":"+input","cTo":[0,60],"cNewPos":[0,61],"cWhen":1.5300025501694171e9,"tag":"Change","cFrom":[0,60],"cText":[" "],"cRemoved":[""]}

{"cOrigin":"+input","cTo":[0,61],"cNewPos":[0,62],"cWhen":1.530002550229357e9,"tag":"Change","cFrom":[0,61],"cText":[" "],"cRemoved":[""]}

{"cOrigin":"+input","cTo":[0,62],"cNewPos":[0,63],"cWhen":1.530002550279348e9,"tag":"Change","cFrom":[0,62],"cText":[" "],"cRemoved":[""]}

{"cOrigin":"+input","cTo":[0,63],"cNewPos":[0,64],"cWhen":1.530002550329355e9,"tag":"Change","cFrom":[0,63],"cText":[" "],"cRemoved":[""]}

{"cOrigin":"+input","cTo":[0,64],"cNewPos":[0,65],"cWhen":1.5300025503793592e9,"tag":"Change","cFrom":[0,64],"cText":[" "],"cRemoved":[""]}

{"cOrigin":"+input","cTo":[0,65],"cNewPos":[0,66],"cWhen":1.5300025504293737e9,"tag":"Change","cFrom":[0,65],"cText":[" "],"cRemoved":[""]}

{"cOrigin":"+input","cTo":[0,66],"cNewPos":[0,67],"cWhen":1.5300025504792879e9,"tag":"Change","cFrom":[0,66],"cText":[" "],"cRemoved":[""]}

{"cOrigin":"+input","cTo":[0,67],"cNewPos":[0,68],"cWhen":1.5300025505393631e9,"tag":"Change","cFrom":[0,67],"cText":[" "],"cRemoved":[""]}

{"cOrigin":"+input","cTo":[0,68],"cNewPos":[0,69],"cWhen":1.5300025505893683e9,"tag":"Change","cFrom":[0,68],"cText":[" "],"cRemoved":[""]}

{"cOrigin":"+input","cTo":[0,69],"cNewPos":[0,70],"cWhen":1.5300025506396813e9,"tag":"Change","cFrom":[0,69],"cText":[" "],"cRemoved":[""]}

{"cOrigin":"+input","cTo":[0,70],"cNewPos":[0,71],"cWhen":1.5300025506896331e9,"tag":"Change","cFrom":[0,70],"cText":[" "],"cRemoved":[""]}

{"cOrigin":"+input","cTo":[0,71],"cNewPos":[0,72],"cWhen":1.5300025507493656e9,"tag":"Change","cFrom":[0,71],"cText":[" "],"cRemoved":[""]}

{"cOrigin":"+input","cTo":[0,72],"cNewPos":[0,73],"cWhen":1.5300025507993479e9,"tag":"Change","cFrom":[0,72],"cText":[" "],"cRemoved":[""]}

{"cOrigin":"+input","cTo":[0,73],"cNewPos":[0,74],"cWhen":1.530002550849349e9,"tag":"Change","cFrom":[0,73],"cText":[" "],"cRemoved":[""]}

{"cOrigin":"+input","cTo":[0,74],"cNewPos":[0,75],"cWhen":1.530002550899322e9,"tag":"Change","cFrom":[0,74],"cText":[" "],"cRemoved":[""]}

{"cOrigin":"+input","cTo":[0,75],"cNewPos":[0,76],"cWhen":1.5300025509493883e9,"tag":"Change","cFrom":[0,75],"cText":[" "],"cRemoved":[""]}

{"cOrigin":"+input","cTo":[0,76],"cNewPos":[0,77],"cWhen":1.5300025509993284e9,"tag":"Change","cFrom":[0,76],"cText":[" "],"cRemoved":[""]}

{"cOrigin":"+input","cTo":[0,77],"cNewPos":[0,78],"cWhen":1.5300025510493608e9,"tag":"Change","cFrom":[0,77],"cText":[" "],"cRemoved":[""]}

{"cOrigin":"+input","cTo":[0,78],"cNewPos":[0,79],"cWhen":1.5300025510993333e9,"tag":"Change","cFrom":[0,78],"cText":[" "],"cRemoved":[""]}

{"cOrigin":"+input","cTo":[0,79],"cNewPos":[0,80],"cWhen":1.5300025511493506e9,"tag":"Change","cFrom":[0,79],"cText":[" "],"cRemoved":[""]}

{"cOrigin":"+input","cTo":[0,80],"cNewPos":[0,81],"cWhen":1.5300025511993353e9,"tag":"Change","cFrom":[0,80],"cText":[" "],"cRemoved":[""]}

{"cOrigin":"+input","cTo":[0,81],"cNewPos":[0,82],"cWhen":1.5300025512492814e9,"tag":"Change","cFrom":[0,81],"cText":[" "],"cRemoved":[""]}

{"cOrigin":"+input","cTo":[0,82],"cNewPos":[0,83],"cWhen":1.5300025513094168e9,"tag":"Change","cFrom":[0,82],"cText":[" "],"cRemoved":[""]}

{"cOrigin":"+input","cTo":[0,83],"cNewPos":[0,84],"cWhen":1.5300025513593585e9,"tag":"Change","cFrom":[0,83],"cText":[" "],"cRemoved":[""]}

{"cOrigin":"+input","cTo":[0,84],"cNewPos":[0,85],"cWhen":1.5300025514093435e9,"tag":"Change","cFrom":[0,84],"cText":[" "],"cRemoved":[""]}

{"cOrigin":"+input","cTo":[0,85],"cNewPos":[0,86],"cWhen":1.530002551469354e9,"tag":"Change","cFrom":[0,85],"cText":[" "],"cRemoved":[""]}

{"cOrigin":"+input","cTo":[0,86],"cNewPos":[0,87],"cWhen":1.5300025515193489e9,"tag":"Change","cFrom":[0,86],"cText":[" "],"cRemoved":[""]}

{"cOrigin":"+input","cTo":[0,87],"cNewPos":[0,88],"cWhen":1.5300025515793214e9,"tag":"Change","cFrom":[0,87],"cText":[" "],"cRemoved":[""]}

{"cOrigin":"+input","cTo":[0,88],"cNewPos":[0,89],"cWhen":1.5300025516293802e9,"tag":"Change","cFrom":[0,88],"cText":[" "],"cRemoved":[""]}

{"cOrigin":"+input","cTo":[0,89],"cNewPos":[0,90],"cWhen":1.5300025516793597e9,"tag":"Change","cFrom":[0,89],"cText":[" "],"cRemoved":[""]}

{"cOrigin":"+input","cTo":[0,90],"cNewPos":[0,91],"cWhen":1.530002551729344e9,"tag":"Change","cFrom":[0,90],"cText":[" "],"cRemoved":[""]}

{"cOrigin":"+input","cTo":[0,91],"cNewPos":[0,92],"cWhen":1.5300025517893262e9,"tag":"Change","cFrom":[0,91],"cText":[" "],"cRemoved":[""]}

{"cOrigin":"+input","cTo":[0,92],"cNewPos":[0,93],"cWhen":1.5300025518393373e9,"tag":"Change","cFrom":[0,92],"cText":[" "],"cRemoved":[""]}

{"cOrigin":"+input","cTo":[0,93],"cNewPos":[0,94],"cWhen":1.5300025518893626e9,"tag":"Change","cFrom":[0,93],"cText":[" "],"cRemoved":[""]}

{"cOrigin":"+input","cTo":[0,94],"cNewPos":[0,95],"cWhen":1.5300025519393456e9,"tag":"Change","cFrom":[0,94],"cText":[" "],"cRemoved":[""]}

{"cOrigin":"+input","cTo":[0,95],"cNewPos":[0,96],"cWhen":1.5300025527017102e9,"tag":"Change","cFrom":[0,95],"cText":[" "],"cRemoved":[""]}

{"cOrigin":"+input","cTo":[0,96],"cNewPos":[1,0],"cWhen":1.5300025543254452e9,"tag":"Change","cFrom":[0,96],"cText":["",""],"cRemoved":[""]}

{"cOrigin":"+input","cTo":[1,0],"cNewPos":[2,0],"cWhen":1.5300025550614722e9,"tag":"Change","cFrom":[1,0],"cText":["",""],"cRemoved":[""]}

{"cOrigin":"+input","cTo":[2,0],"cNewPos":[2,1],"cWhen":1.5300025588128378e9,"tag":"Change","cFrom":[2,0],"cText":["f"],"cRemoved":[""]}

{"cOrigin":"+input","cTo":[2,1],"cNewPos":[2,2],"cWhen":1.530002559324698e9,"tag":"Change","cFrom":[2,1],"cText":["a"],"cRemoved":[""]}

{"cOrigin":"+input","cTo":[2,2],"cNewPos":[2,3],"cWhen":1.530002559580723e9,"tag":"Change","cFrom":[2,2],"cText":["s"],"cRemoved":[""]}

{"cOrigin":"+input","cTo":[2,3],"cNewPos":[2,4],"cWhen":1.5300025598686585e9,"tag":"Change","cFrom":[2,3],"cText":["t"],"cRemoved":[""]}

{"cOrigin":"+input","cTo":[2,4],"cNewPos":[2,5],"cWhen":1.5300025600446436e9,"tag":"Change","cFrom":[2,4],"cText":["e"],"cRemoved":[""]}

{"cOrigin":"+input","cTo":[2,5],"cNewPos":[2,6],"cWhen":1.5300025603006086e9,"tag":"Change","cFrom":[2,5],"cText":["r"],"cRemoved":[""]}

{"cOrigin":"+input","cTo":[2,6],"cNewPos":[2,7],"cWhen":1.5300025608686087e9,"tag":"Change","cFrom":[2,6],"cText":[" "],"cRemoved":[""]}

{"cOrigin":"+input","cTo":[2,7],"cNewPos":[2,8],"cWhen":1.530002562412283e9,"tag":"Change","cFrom":[2,7],"cText":["$"],"cRemoved":[""]}

{"cOrigin":"+input","cTo":[2,8],"cNewPos":[2,9],"cWhen":1.530002563396164e9,"tag":"Change","cFrom":[2,8],"cText":[" "],"cRemoved":[""]}

{"cOrigin":"+input","cTo":[2,9],"cNewPos":[2,10],"cWhen":1.5300025666518445e9,"tag":"Change","cFrom":[2,9],"cText":["e"],"cRemoved":[""]}

{"cOrigin":"+input","cTo":[2,10],"cNewPos":[2,11],"cWhen":1.530002566987685e9,"tag":"Change","cFrom":[2,10],"cText":["v"],"cRemoved":[""]}

{"cOrigin":"+input","cTo":[2,11],"cNewPos":[2,12],"cWhen":1.5300025675239656e9,"tag":"Change","cFrom":[2,11],"cText":["e"],"cRemoved":[""]}

{"cOrigin":"+input","cTo":[2,12],"cNewPos":[2,13],"cWhen":1.5300025677636788e9,"tag":"Change","cFrom":[2,12],"cText":["r"],"cRemoved":[""]}

{"cOrigin":"+input","cTo":[2,13],"cNewPos":[2,14],"cWhen":1.530002568099609e9,"tag":"Change","cFrom":[2,13],"cText":["y"],"cRemoved":[""]}

{"cOrigin":"+input","cTo":[2,14],"cNewPos":[2,15],"cWhen":1.5300025685155559e9,"tag":"Change","cFrom":[2,14],"cText":[" "],"cRemoved":[""]}

{"cOrigin":"+input","cTo":[2,15],"cNewPos":[2,16],"cWhen":1.5300025690594966e9,"tag":"Change","cFrom":[2,15],"cText":["3"],"cRemoved":[""]}

{"cOrigin":"+input","cTo":[2,16],"cNewPos":[2,17],"cWhen":1.5300025700993314e9,"tag":"Change","cFrom":[2,16],"cText":[" "],"cRemoved":[""]}

{"cOrigin":"+input","cTo":[2,17],"cNewPos":[2,18],"cWhen":1.53000257049919e9,"tag":"Change","cFrom":[2,17],"cText":["s"],"cRemoved":[""]}

{"cOrigin":"+input","cTo":[2,18],"cNewPos":[2,19],"cWhen":1.5300025707552502e9,"tag":"Change","cFrom":[2,18],"cText":["c"],"cRemoved":[""]}

{"cOrigin":"+input","cTo":[2,19],"cNewPos":[2,20],"cWhen":1.5300025710991058e9,"tag":"Change","cFrom":[2,19],"cText":["r"],"cRemoved":[""]}

{"cOrigin":"+input","cTo":[2,20],"cNewPos":[2,21],"cWhen":1.5300025714592001e9,"tag":"Change","cFrom":[2,20],"cText":["a"],"cRemoved":[""]}

{"cOrigin":"+input","cTo":[2,21],"cNewPos":[2,22],"cWhen":1.5300025717311041e9,"tag":"Change","cFrom":[2,21],"cText":["t"],"cRemoved":[""]}

{"cOrigin":"+input","cTo":[2,22],"cNewPos":[2,23],"cWhen":1.5300025720437574e9,"tag":"Change","cFrom":[2,22],"cText":["c"],"cRemoved":[""]}

{"cOrigin":"+input","cTo":[2,23],"cNewPos":[2,24],"cWhen":1.53000257231503e9,"tag":"Change","cFrom":[2,23],"cText":["h"],"cRemoved":[""]}

{"cOrigin":"+input","cTo":[2,24],"cNewPos":[2,25],"cWhen":1.5300025729549294e9,"tag":"Change","cFrom":[2,24],"cText":[" "],"cRemoved":[""]}

{"cOrigin":"+input","cTo":[2,25],"cNewPos":[2,26],"cWhen":1.5300025743946319e9,"tag":"Change","cFrom":[2,25],"cText":["\""],"cRemoved":[""]}

{"cOrigin":"+input","cTo":[2,26],"cNewPos":[2,27],"cWhen":1.5300025757064838e9,"tag":"Change","cFrom":[2,26],"cText":["l"],"cRemoved":[""]}

{"cOrigin":"+input","cTo":[2,27],"cNewPos":[2,28],"cWhen":1.5300025759464006e9,"tag":"Change","cFrom":[2,27],"cText":["o"],"cRemoved":[""]}

{"cOrigin":"+input","cTo":[2,28],"cNewPos":[2,29],"cWhen":1.530002576402499e9,"tag":"Change","cFrom":[2,28],"cText":[" "],"cRemoved":[""]}

{"cOrigin":"+input","cTo":[2,29],"cNewPos":[2,30],"cWhen":1.5300025767623165e9,"tag":"Change","cFrom":[2,29],"cText":["h"],"cRemoved":[""]}

{"cOrigin":"+input","cTo":[2,30],"cNewPos":[2,31],"cWhen":1.530002577058265e9,"tag":"Change","cFrom":[2,30],"cText":["i"],"cRemoved":[""]}

{"cOrigin":"+input","cTo":[2,31],"cNewPos":[2,32],"cWhen":1.5300025774341917e9,"tag":"Change","cFrom":[2,31],"cText":[" "],"cRemoved":[""]}

{"cOrigin":"+input","cTo":[2,32],"cNewPos":[2,33],"cWhen":1.530002577730184e9,"tag":"Change","cFrom":[2,32],"cText":["h"],"cRemoved":[""]}

{"cOrigin":"+input","cTo":[2,33],"cNewPos":[2,34],"cWhen":1.5300025780261283e9,"tag":"Change","cFrom":[2,33],"cText":["u"],"cRemoved":[""]}

{"cOrigin":"+input","cTo":[2,34],"cNewPos":[2,35],"cWhen":1.5300025784181666e9,"tag":"Change","cFrom":[2,34],"cText":["i"],"cRemoved":[""]}

{"cOrigin":"+input","cTo":[2,35],"cNewPos":[2,36],"cWhen":1.5300025791300988e9,"tag":"Change","cFrom":[2,35],"cText":[" "],"cRemoved":[""]}

{"cOrigin":"+delete","cTo":[2,36],"cNewPos":[2,35],"cWhen":1.530002580121814e9,"tag":"Change","cFrom":[2,35],"cText":[""],"cRemoved":[" "]}

{"cOrigin":"+delete","cTo":[2,35],"cNewPos":[2,34],"cWhen":1.5300025804176474e9,"tag":"Change","cFrom":[2,34],"cText":[""],"cRemoved":["i"]}

{"cOrigin":"+delete","cTo":[2,34],"cNewPos":[2,33],"cWhen":1.530002580769712e9,"tag":"Change","cFrom":[2,33],"cText":[""],"cRemoved":["u"]}

{"cOrigin":"+input","cTo":[2,33],"cNewPos":[2,34],"cWhen":1.5300025821935382e9,"tag":"Change","cFrom":[2,33],"cText":["i"],"cRemoved":[""]}

{"cOrigin":"+input","cTo":[2,34],"cNewPos":[2,35],"cWhen":1.5300025825535824e9,"tag":"Change","cFrom":[2,34],"cText":[" "],"cRemoved":[""]}

{"cOrigin":"+input","cTo":[2,35],"cNewPos":[2,36],"cWhen":1.5300025829295459e9,"tag":"Change","cFrom":[2,35],"cText":["l"],"cRemoved":[""]}

{"cOrigin":"+input","cTo":[2,36],"cNewPos":[2,37],"cWhen":1.5300025832013717e9,"tag":"Change","cFrom":[2,36],"cText":["o"],"cRemoved":[""]}

{"cOrigin":"+input","cTo":[2,37],"cNewPos":[2,38],"cWhen":1.5300025840733883e9,"tag":"Change","cFrom":[2,37],"cText":[" "],"cRemoved":[""]}

{"cOrigin":"+input","cTo":[2,38],"cNewPos":[2,39],"cWhen":1.5300025847851954e9,"tag":"Change","cFrom":[2,38],"cText":["h"],"cRemoved":[""]}

{"cOrigin":"+input","cTo":[2,39],"cNewPos":[2,40],"cWhen":1.5300025850981517e9,"tag":"Change","cFrom":[2,39],"cText":["i"],"cRemoved":[""]}

{"cOrigin":"+input","cTo":[2,40],"cNewPos":[2,41],"cWhen":1.5300025859450288e9,"tag":"Change","cFrom":[2,40],"cText":[" "],"cRemoved":[""]}

{"cOrigin":"+input","cTo":[2,41],"cNewPos":[2,42],"cWhen":1.530002586272963e9,"tag":"Change","cFrom":[2,41],"cText":["h"],"cRemoved":[""]}

{"cOrigin":"+input","cTo":[2,42],"cNewPos":[2,43],"cWhen":1.53000258658577e9,"tag":"Change","cFrom":[2,42],"cText":["i"],"cRemoved":[""]}

{"cOrigin":"+input","cTo":[2,43],"cNewPos":[2,44],"cWhen":1.5300025895445979e9,"tag":"Change","cFrom":[2,43],"cText":[" "],"cRemoved":[""]}

{"cOrigin":"+input","cTo":[2,44],"cNewPos":[2,45],"cWhen":1.530002589968535e9,"tag":"Change","cFrom":[2,44],"cText":["l"],"cRemoved":[""]}

{"cOrigin":"+input","cTo":[2,45],"cNewPos":[2,46],"cWhen":1.5300025902245257e9,"tag":"Change","cFrom":[2,45],"cText":["o"],"cRemoved":[""]}

{"cOrigin":"+input","cTo":[2,46],"cNewPos":[2,47],"cWhen":1.5300025922882688e9,"tag":"Change","cFrom":[2,46],"cText":["\""],"cRemoved":[""]}

{"cWhen":1.5300026056877148e9,"tag":"Eval","cAll":true}
