{"cWhen":1530017984,"tag":"Eval","cAll":true}
{"cOrigin":"+input","cTo":[0,0],"cNewPos":[0,1],"cWhen":1.5300179864369094e9,"tag":"Change","cFrom":[0,0],"cText":["\""],"cRemoved":[""]}

{"cOrigin":"+input","cTo":[0,1],"cNewPos":[0,2],"cWhen":1.530017987092936e9,"tag":"Change","cFrom":[0,1],"cText":[" "],"cRemoved":[""]}

{"cOrigin":"+input","cTo":[0,2],"cNewPos":[0,3],"cWhen":1.5300179879809492e9,"tag":"Change","cFrom":[0,2],"cText":["h"],"cRemoved":[""]}

{"cOrigin":"+input","cTo":[0,3],"cNewPos":[0,4],"cWhen":1.53001798837286e9,"tag":"Change","cFrom":[0,3],"cText":["i"],"cRemoved":[""]}

{"cOrigin":"+input","cTo":[0,4],"cNewPos":[0,5],"cWhen":1.5300179888049848e9,"tag":"Change","cFrom":[0,4],"cText":[" "],"cRemoved":[""]}

{"cOrigin":"+input","cTo":[0,5],"cNewPos":[0,6],"cWhen":1.5300179892929916e9,"tag":"Change","cFrom":[0,5],"cText":["h"],"cRemoved":[""]}

{"cOrigin":"+input","cTo":[0,6],"cNewPos":[0,7],"cWhen":1.5300179896848955e9,"tag":"Change","cFrom":[0,6],"cText":["i"],"cRemoved":[""]}

{"cOrigin":"+input","cTo":[0,7],"cNewPos":[0,8],"cWhen":1.5300179900450087e9,"tag":"Change","cFrom":[0,7],"cText":[" "],"cRemoved":[""]}

{"cOrigin":"+input","cTo":[0,8],"cNewPos":[0,9],"cWhen":1.5300179904129593e9,"tag":"Change","cFrom":[0,8],"cText":["l"],"cRemoved":[""]}

{"cOrigin":"+input","cTo":[0,9],"cNewPos":[0,10],"cWhen":1.5300179906928656e9,"tag":"Change","cFrom":[0,9],"cText":["o"],"cRemoved":[""]}

{"cOrigin":"+input","cTo":[0,10],"cNewPos":[0,11],"cWhen":1.530017991108985e9,"tag":"Change","cFrom":[0,10],"cText":[" "],"cRemoved":[""]}

{"cOrigin":"+input","cTo":[0,11],"cNewPos":[0,12],"cWhen":1.5300179989888105e9,"tag":"Change","cFrom":[0,11],"cText":["h"],"cRemoved":[""]}

{"cOrigin":"+input","cTo":[0,12],"cNewPos":[0,13],"cWhen":1.530017999284768e9,"tag":"Change","cFrom":[0,12],"cText":["i"],"cRemoved":[""]}

{"cOrigin":"+input","cTo":[0,13],"cNewPos":[0,14],"cWhen":1.5300179996528397e9,"tag":"Change","cFrom":[0,13],"cText":[" "],"cRemoved":[""]}

{"cOrigin":"+input","cTo":[0,14],"cNewPos":[0,15],"cWhen":1.5300179999728549e9,"tag":"Change","cFrom":[0,14],"cText":["h"],"cRemoved":[""]}

{"cOrigin":"+input","cTo":[0,15],"cNewPos":[0,16],"cWhen":1.5300180003487341e9,"tag":"Change","cFrom":[0,15],"cText":["i"],"cRemoved":[""]}

{"cOrigin":"+input","cTo":[0,16],"cNewPos":[0,17],"cWhen":1.5300180007088327e9,"tag":"Change","cFrom":[0,16],"cText":[" "],"cRemoved":[""]}

{"cOrigin":"+input","cTo":[0,17],"cNewPos":[0,18],"cWhen":1.5300180028046472e9,"tag":"Change","cFrom":[0,17],"cText":["\""],"cRemoved":[""]}

{"cXWarp":17,"cNewPos":[0,17],"cWhen":1.530018004460542e9,"tag":"Move"}

{"cXWarp":16,"cNewPos":[0,16],"cWhen":1.5300180047142942e9,"tag":"Move"}

{"cXWarp":15,"cNewPos":[0,15],"cWhen":1.5300180047643259e9,"tag":"Move"}

{"cXWarp":14,"cNewPos":[0,14],"cWhen":1.5300180048142912e9,"tag":"Move"}

{"cXWarp":13,"cNewPos":[0,13],"cWhen":1.530018004864287e9,"tag":"Move"}

{"cXWarp":12,"cNewPos":[0,12],"cWhen":1.5300180049142697e9,"tag":"Move"}

{"cXWarp":11,"cNewPos":[0,11],"cWhen":1.5300180049643157e9,"tag":"Move"}

{"cXWarp":10,"cNewPos":[0,10],"cWhen":1.5300180050142622e9,"tag":"Move"}

{"cXWarp":9,"cNewPos":[0,9],"cWhen":1.530018005064256e9,"tag":"Move"}

{"cXWarp":8,"cNewPos":[0,8],"cWhen":1.530018005114289e9,"tag":"Move"}

{"cXWarp":7,"cNewPos":[0,7],"cWhen":1.5300180051643283e9,"tag":"Move"}

{"cXWarp":6,"cNewPos":[0,6],"cWhen":1.5300180052142801e9,"tag":"Move"}

{"cXWarp":5,"cNewPos":[0,5],"cWhen":1.530018005264286e9,"tag":"Move"}

{"cXWarp":4,"cNewPos":[0,4],"cWhen":1.5300180053142538e9,"tag":"Move"}

{"cXWarp":3,"cNewPos":[0,3],"cWhen":1.5300180053642988e9,"tag":"Move"}

{"cXWarp":2,"cNewPos":[0,2],"cWhen":1.530018005414309e9,"tag":"Move"}

{"cXWarp":1,"cNewPos":[0,1],"cWhen":1.530018005464279e9,"tag":"Move"}

{"cXWarp":0,"cNewPos":[0,0],"cWhen":1.5300180055143263e9,"tag":"Move"}

{"cXWarp":0,"cNewPos":[0,0],"cWhen":1.530018005564328e9,"tag":"Move"}

{"cOrigin":"+input","cTo":[0,0],"cNewPos":[0,1],"cWhen":1.5300180075006444e9,"tag":"Change","cFrom":[0,0],"cText":["s"],"cRemoved":[""]}

{"cOrigin":"+input","cTo":[0,1],"cNewPos":[0,2],"cWhen":1.5300180080127566e9,"tag":"Change","cFrom":[0,1],"cText":["l"],"cRemoved":[""]}

{"cOrigin":"+input","cTo":[0,2],"cNewPos":[0,3],"cWhen":1.5300180082606456e9,"tag":"Change","cFrom":[0,2],"cText":["o"],"cRemoved":[""]}

{"cOrigin":"+input","cTo":[0,3],"cNewPos":[0,4],"cWhen":1.5300180091246588e9,"tag":"Change","cFrom":[0,3],"cText":["w"],"cRemoved":[""]}

{"cOrigin":"+input","cTo":[0,4],"cNewPos":[0,5],"cWhen":1.530018009348623e9,"tag":"Change","cFrom":[0,4],"cText":["e"],"cRemoved":[""]}

{"cOrigin":"+input","cTo":[0,5],"cNewPos":[0,6],"cWhen":1.5300180096046689e9,"tag":"Change","cFrom":[0,5],"cText":["r"],"cRemoved":[""]}

{"cOrigin":"+input","cTo":[0,6],"cNewPos":[0,7],"cWhen":1.5300180112447407e9,"tag":"Change","cFrom":[0,6],"cText":[" "],"cRemoved":[""]}

{"cWhen":1.5300180128540328e9,"tag":"Eval","cAll":true}

{"cXWarp":8,"cNewPos":[0,8],"cWhen":1.530018019372499e9,"tag":"Move"}

{"cXWarp":9,"cNewPos":[0,9],"cWhen":1.530018019624269e9,"tag":"Move"}

{"cXWarp":10,"cNewPos":[0,10],"cWhen":1.5300180196742969e9,"tag":"Move"}

{"cXWarp":11,"cNewPos":[0,11],"cWhen":1.5300180197242832e9,"tag":"Move"}

{"cXWarp":12,"cNewPos":[0,12],"cWhen":1.53001801977429e9,"tag":"Move"}

{"cXWarp":13,"cNewPos":[0,13],"cWhen":1.5300180198242776e9,"tag":"Move"}

{"cXWarp":14,"cNewPos":[0,14],"cWhen":1.530018019874261e9,"tag":"Move"}

{"cXWarp":15,"cNewPos":[0,15],"cWhen":1.530018019924272e9,"tag":"Move"}

{"cXWarp":16,"cNewPos":[0,16],"cWhen":1.530018019974276e9,"tag":"Move"}

{"cXWarp":17,"cNewPos":[0,17],"cWhen":1.530018020024396e9,"tag":"Move"}

{"cXWarp":18,"cNewPos":[0,18],"cWhen":1.5300180200743115e9,"tag":"Move"}

{"cXWarp":19,"cNewPos":[0,19],"cWhen":1.530018020124617e9,"tag":"Move"}

{"cXWarp":20,"cNewPos":[0,20],"cWhen":1.5300180201742828e9,"tag":"Move"}

{"cXWarp":21,"cNewPos":[0,21],"cWhen":1.5300180202242289e9,"tag":"Move"}

{"cXWarp":22,"cNewPos":[0,22],"cWhen":1.5300180202742615e9,"tag":"Move"}

{"cXWarp":23,"cNewPos":[0,23],"cWhen":1.5300180203242948e9,"tag":"Move"}

{"cXWarp":24,"cNewPos":[0,24],"cWhen":1.5300180203742614e9,"tag":"Move"}

{"cXWarp":25,"cNewPos":[0,25],"cWhen":1.5300180204242442e9,"tag":"Move"}

{"cXWarp":25,"cNewPos":[0,25],"cWhen":1.5300180204742575e9,"tag":"Move"}

{"cXWarp":25,"cNewPos":[0,25],"cWhen":1.5300180205242727e9,"tag":"Move"}

{"cXWarp":25,"cNewPos":[0,25],"cWhen":1.530018020574258e9,"tag":"Move"}

{"cOrigin":"+input","cTo":[0,25],"cNewPos":[1,0],"cWhen":1.5300180213565674e9,"tag":"Change","cFrom":[0,25],"cText":["",""],"cRemoved":[""]}

{"cOrigin":"+input","cTo":[1,0],"cNewPos":[2,0],"cWhen":1.5300180215646172e9,"tag":"Change","cFrom":[1,0],"cText":["",""],"cRemoved":[""]}

{"cOrigin":"+input","cTo":[2,0],"cNewPos":[2,1],"cWhen":1.5300180269804363e9,"tag":"Change","cFrom":[2,0],"cText":["e"],"cRemoved":[""]}

{"cOrigin":"+input","cTo":[2,1],"cNewPos":[2,2],"cWhen":1.5300180279083202e9,"tag":"Change","cFrom":[2,1],"cText":["v"],"cRemoved":[""]}

{"cOrigin":"+input","cTo":[2,2],"cNewPos":[2,3],"cWhen":1.5300180283563583e9,"tag":"Change","cFrom":[2,2],"cText":["e"],"cRemoved":[""]}

{"cOrigin":"+input","cTo":[2,3],"cNewPos":[2,4],"cWhen":1.5300180286364338e9,"tag":"Change","cFrom":[2,3],"cText":["r"],"cRemoved":[""]}

{"cOrigin":"+input","cTo":[2,4],"cNewPos":[2,5],"cWhen":1.5300180292047765e9,"tag":"Change","cFrom":[2,4],"cText":["y"],"cRemoved":[""]}

{"cOrigin":"+input","cTo":[2,5],"cNewPos":[2,6],"cWhen":1.5300180295645566e9,"tag":"Change","cFrom":[2,5],"cText":[" "],"cRemoved":[""]}

{"cOrigin":"+input","cTo":[2,6],"cNewPos":[2,7],"cWhen":1.530018034996247e9,"tag":"Change","cFrom":[2,6],"cText":["5"],"cRemoved":[""]}

{"cOrigin":"+input","cTo":[2,7],"cNewPos":[2,8],"cWhen":1.5300180354042532e9,"tag":"Change","cFrom":[2,7],"cText":[" "],"cRemoved":[""]}

{"cOrigin":"+input","cTo":[2,8],"cNewPos":[2,9],"cWhen":1.5300180432682717e9,"tag":"Change","cFrom":[2,8],"cText":["f"],"cRemoved":[""]}

{"cOrigin":"+input","cTo":[2,9],"cNewPos":[2,10],"cWhen":1.5300180440601296e9,"tag":"Change","cFrom":[2,9],"cText":["a"],"cRemoved":[""]}

{"cOrigin":"+input","cTo":[2,10],"cNewPos":[2,11],"cWhen":1.5300180443882551e9,"tag":"Change","cFrom":[2,10],"cText":["s"],"cRemoved":[""]}

{"cOrigin":"+input","cTo":[2,11],"cNewPos":[2,12],"cWhen":1.5300180449243312e9,"tag":"Change","cFrom":[2,11],"cText":["t"],"cRemoved":[""]}

{"cOrigin":"+input","cTo":[2,12],"cNewPos":[2,13],"cWhen":1.5300180452443593e9,"tag":"Change","cFrom":[2,12],"cText":["e"],"cRemoved":[""]}

{"cOrigin":"+input","cTo":[2,13],"cNewPos":[2,14],"cWhen":1.530018045620317e9,"tag":"Change","cFrom":[2,13],"cText":["r"],"cRemoved":[""]}

{"cOrigin":"+input","cTo":[2,14],"cNewPos":[2,15],"cWhen":1.530018047156071e9,"tag":"Change","cFrom":[2,14],"cText":[" "],"cRemoved":[""]}

{"cOrigin":"+input","cTo":[2,15],"cNewPos":[2,16],"cWhen":1.5300180484200933e9,"tag":"Change","cFrom":[2,15],"cText":["\""],"cRemoved":[""]}

{"cOrigin":"+input","cTo":[2,16],"cNewPos":[2,17],"cWhen":1.5300180497241952e9,"tag":"Change","cFrom":[2,16],"cText":[" "],"cRemoved":[""]}

{"cOrigin":"+input","cTo":[2,17],"cNewPos":[2,18],"cWhen":1.5300180517002642e9,"tag":"Change","cFrom":[2,17],"cText":["l"],"cRemoved":[""]}

{"cOrigin":"+input","cTo":[2,18],"cNewPos":[2,19],"cWhen":1.5300180519082284e9,"tag":"Change","cFrom":[2,18],"cText":["o"],"cRemoved":[""]}

{"cOrigin":"+input","cTo":[2,19],"cNewPos":[2,20],"cWhen":1.5300180538762057e9,"tag":"Change","cFrom":[2,19],"cText":["*"],"cRemoved":[""]}

{"cOrigin":"+input","cTo":[2,20],"cNewPos":[2,21],"cWhen":1.5300180561481526e9,"tag":"Change","cFrom":[2,20],"cText":["3"],"cRemoved":[""]}

{"cOrigin":"+input","cTo":[2,21],"cNewPos":[2,22],"cWhen":1.5300180575959551e9,"tag":"Change","cFrom":[2,21],"cText":[" "],"cRemoved":[""]}

{"cOrigin":"+input","cTo":[2,22],"cNewPos":[2,23],"cWhen":1.53001805993213e9,"tag":"Change","cFrom":[2,22],"cText":["h"],"cRemoved":[""]}

{"cOrigin":"+input","cTo":[2,23],"cNewPos":[2,24],"cWhen":1.5300180602920518e9,"tag":"Change","cFrom":[2,23],"cText":["i"],"cRemoved":[""]}

{"cOrigin":"+input","cTo":[2,24],"cNewPos":[2,25],"cWhen":1.5300180606600018e9,"tag":"Change","cFrom":[2,24],"cText":[" "],"cRemoved":[""]}

{"cOrigin":"+input","cTo":[2,25],"cNewPos":[2,26],"cWhen":1.5300180609881198e9,"tag":"Change","cFrom":[2,25],"cText":["l"],"cRemoved":[""]}

{"cOrigin":"+input","cTo":[2,26],"cNewPos":[2,27],"cWhen":1.530018061204059e9,"tag":"Change","cFrom":[2,26],"cText":["o"],"cRemoved":[""]}

{"cOrigin":"+input","cTo":[2,27],"cNewPos":[2,28],"cWhen":1.530018061516236e9,"tag":"Change","cFrom":[2,27],"cText":[" "],"cRemoved":[""]}

{"cOrigin":"+input","cTo":[2,28],"cNewPos":[2,29],"cWhen":1.5300180617880533e9,"tag":"Change","cFrom":[2,28],"cText":["h"],"cRemoved":[""]}

{"cOrigin":"+input","cTo":[2,29],"cNewPos":[2,30],"cWhen":1.5300180620441673e9,"tag":"Change","cFrom":[2,29],"cText":["i"],"cRemoved":[""]}

{"cOrigin":"+input","cTo":[2,30],"cNewPos":[2,31],"cWhen":1.530018062316209e9,"tag":"Change","cFrom":[2,30],"cText":[" "],"cRemoved":[""]}

{"cOrigin":"+input","cTo":[2,31],"cNewPos":[2,32],"cWhen":1.5300180626282244e9,"tag":"Change","cFrom":[2,31],"cText":["l"],"cRemoved":[""]}

{"cOrigin":"+input","cTo":[2,32],"cNewPos":[2,33],"cWhen":1.5300180628361201e9,"tag":"Change","cFrom":[2,32],"cText":["o"],"cRemoved":[""]}

{"cOrigin":"+input","cTo":[2,33],"cNewPos":[2,34],"cWhen":1.5300180641001267e9,"tag":"Change","cFrom":[2,33],"cText":["h"],"cRemoved":[""]}

{"cOrigin":"+input","cTo":[2,34],"cNewPos":[2,35],"cWhen":1.5300180643245826e9,"tag":"Change","cFrom":[2,34],"cText":["i"],"cRemoved":[""]}

{"cOrigin":"+delete","cTo":[2,35],"cNewPos":[2,34],"cWhen":1.5300180658040316e9,"tag":"Change","cFrom":[2,34],"cText":[""],"cRemoved":["i"]}

{"cOrigin":"+delete","cTo":[2,34],"cNewPos":[2,33],"cWhen":1.5300180660840313e9,"tag":"Change","cFrom":[2,33],"cText":[""],"cRemoved":["h"]}

{"cOrigin":"+input","cTo":[2,33],"cNewPos":[2,34],"cWhen":1.5300180672521572e9,"tag":"Change","cFrom":[2,33],"cText":[" "],"cRemoved":[""]}

{"cOrigin":"+input","cTo":[2,34],"cNewPos":[2,35],"cWhen":1.5300180676782641e9,"tag":"Change","cFrom":[2,34],"cText":["h"],"cRemoved":[""]}

{"cOrigin":"+input","cTo":[2,35],"cNewPos":[2,36],"cWhen":1.5300180680040643e9,"tag":"Change","cFrom":[2,35],"cText":["i"],"cRemoved":[""]}

{"cOrigin":"+input","cTo":[2,36],"cNewPos":[2,37],"cWhen":1.53001806839593e9,"tag":"Change","cFrom":[2,36],"cText":[" "],"cRemoved":[""]}

{"cOrigin":"+input","cTo":[2,37],"cNewPos":[2,38],"cWhen":1.5300180699559584e9,"tag":"Change","cFrom":[2,37],"cText":["\""],"cRemoved":[""]}

{"cWhen":1.5300180738618758e9,"tag":"Eval","cAll":true}

{"cOrigin":"+input","cTo":[2,38],"cNewPos":[3,0],"cWhen":1.5300180788440266e9,"tag":"Change","cFrom":[2,38],"cText":["",""],"cRemoved":[""]}

{"cOrigin":"+input","cTo":[3,0],"cNewPos":[4,0],"cWhen":1.5300180791336913e9,"tag":"Change","cFrom":[3,0],"cText":["",""],"cRemoved":[""]}

{"cOrigin":"+input","cTo":[4,0],"cNewPos":[4,1],"cWhen":1.5300180881315827e9,"tag":"Change","cFrom":[4,0],"cText":["l"],"cRemoved":[""]}

{"cOrigin":"+input","cTo":[4,1],"cNewPos":[4,2],"cWhen":1.5300180890276694e9,"tag":"Change","cFrom":[4,1],"cText":["o"],"cRemoved":[""]}

{"cOrigin":"+input","cTo":[4,2],"cNewPos":[4,3],"cWhen":1.5300180894754436e9,"tag":"Change","cFrom":[4,2],"cText":["w"],"cRemoved":[""]}

{"cOrigin":"+input","cTo":[4,3],"cNewPos":[4,4],"cWhen":1.5300180896995306e9,"tag":"Change","cFrom":[4,3],"cText":["e"],"cRemoved":[""]}

{"cOrigin":"+input","cTo":[4,4],"cNewPos":[4,5],"cWhen":1.530018089923431e9,"tag":"Change","cFrom":[4,4],"cText":["r"],"cRemoved":[""]}

{"cOrigin":"+input","cTo":[4,5],"cNewPos":[4,6],"cWhen":1.5300180911236944e9,"tag":"Change","cFrom":[4,5],"cText":[" "],"cRemoved":[""]}

{"cOrigin":"+delete","cTo":[4,6],"cNewPos":[4,5],"cWhen":1.5300180936755261e9,"tag":"Change","cFrom":[4,5],"cText":[""],"cRemoved":[" "]}

{"cOrigin":"+delete","cTo":[4,5],"cNewPos":[4,4],"cWhen":1.5300180939342315e9,"tag":"Change","cFrom":[4,4],"cText":[""],"cRemoved":["r"]}

{"cOrigin":"+delete","cTo":[4,4],"cNewPos":[4,3],"cWhen":1.5300180939842765e9,"tag":"Change","cFrom":[4,3],"cText":[""],"cRemoved":["e"]}

{"cOrigin":"+delete","cTo":[4,3],"cNewPos":[4,2],"cWhen":1.5300180940342653e9,"tag":"Change","cFrom":[4,2],"cText":[""],"cRemoved":["w"]}

{"cOrigin":"+delete","cTo":[4,2],"cNewPos":[4,1],"cWhen":1.5300180940842576e9,"tag":"Change","cFrom":[4,1],"cText":[""],"cRemoved":["o"]}

{"cOrigin":"+delete","cTo":[4,1],"cNewPos":[4,0],"cWhen":1.5300180941341107e9,"tag":"Change","cFrom":[4,0],"cText":[""],"cRemoved":["l"]}

{"cOrigin":"+delete","cTo":[4,0],"cNewPos":[3,0],"cWhen":1.530018094184118e9,"tag":"Change","cFrom":[3,0],"cText":[""],"cRemoved":["",""]}

{"cOrigin":"+input","cTo":[3,0],"cNewPos":[4,0],"cWhen":1.530018095803358e9,"tag":"Change","cFrom":[3,0],"cText":["",""],"cRemoved":[""]}

{"cOrigin":"+input","cTo":[4,0],"cNewPos":[4,1],"cWhen":1.5300180978276002e9,"tag":"Change","cFrom":[4,0],"cText":["s"],"cRemoved":[""]}

{"cOrigin":"+input","cTo":[4,1],"cNewPos":[4,2],"cWhen":1.530018100371566e9,"tag":"Change","cFrom":[4,1],"cText":["c"],"cRemoved":[""]}

{"cOrigin":"+input","cTo":[4,2],"cNewPos":[4,3],"cWhen":1.5300181008596623e9,"tag":"Change","cFrom":[4,2],"cText":["r"],"cRemoved":[""]}

{"cOrigin":"+input","cTo":[4,3],"cNewPos":[4,4],"cWhen":1.5300181033315902e9,"tag":"Change","cFrom":[4,3],"cText":["a"],"cRemoved":[""]}

{"cOrigin":"+input","cTo":[4,4],"cNewPos":[4,5],"cWhen":1.5300181039715028e9,"tag":"Change","cFrom":[4,4],"cText":["y"],"cRemoved":[""]}

{"cOrigin":"+input","cTo":[4,5],"cNewPos":[4,6],"cWhen":1.5300181046115315e9,"tag":"Change","cFrom":[4,5],"cText":["c"],"cRemoved":[""]}

{"cOrigin":"+input","cTo":[4,6],"cNewPos":[4,7],"cWhen":1.5300181051552262e9,"tag":"Change","cFrom":[4,6],"cText":["h"],"cRemoved":[""]}

{"cOrigin":"+input","cTo":[4,7],"cNewPos":[4,8],"cWhen":1.5300181058456168e9,"tag":"Change","cFrom":[4,7],"cText":[" "],"cRemoved":[""]}

{"cOrigin":"+delete","cTo":[4,8],"cNewPos":[4,7],"cWhen":1.5300181074673462e9,"tag":"Change","cFrom":[4,7],"cText":[""],"cRemoved":[" "]}

{"cOrigin":"+delete","cTo":[4,7],"cNewPos":[4,6],"cWhen":1.5300181078193548e9,"tag":"Change","cFrom":[4,6],"cText":[""],"cRemoved":["h"]}

{"cOrigin":"+delete","cTo":[4,6],"cNewPos":[4,5],"cWhen":1.5300181080671954e9,"tag":"Change","cFrom":[4,5],"cText":[""],"cRemoved":["c"]}

{"cOrigin":"+delete","cTo":[4,5],"cNewPos":[4,4],"cWhen":1.5300181084750917e9,"tag":"Change","cFrom":[4,4],"cText":[""],"cRemoved":["y"]}

{"cOrigin":"+input","cTo":[4,4],"cNewPos":[4,5],"cWhen":1.5300181095231686e9,"tag":"Change","cFrom":[4,4],"cText":["t"],"cRemoved":[""]}

{"cOrigin":"+input","cTo":[4,5],"cNewPos":[4,6],"cWhen":1.5300181113631809e9,"tag":"Change","cFrom":[4,5],"cText":["c"],"cRemoved":[""]}

{"cOrigin":"+input","cTo":[4,6],"cNewPos":[4,7],"cWhen":1.5300181118514774e9,"tag":"Change","cFrom":[4,6],"cText":["h"],"cRemoved":[""]}

{"cOrigin":"+input","cTo":[4,7],"cNewPos":[4,8],"cWhen":1.5300181122595277e9,"tag":"Change","cFrom":[4,7],"cText":[" "],"cRemoved":[""]}

{"cOrigin":"+input","cTo":[4,8],"cNewPos":[4,9],"cWhen":1.5300181151872368e9,"tag":"Change","cFrom":[4,8],"cText":["\""],"cRemoved":[""]}

{"cOrigin":"+input","cTo":[4,9],"cNewPos":[4,10],"cWhen":1.5300181159712696e9,"tag":"Change","cFrom":[4,9],"cText":[" "],"cRemoved":[""]}

{"cOrigin":"+input","cTo":[4,10],"cNewPos":[4,11],"cWhen":1.5300181175472398e9,"tag":"Change","cFrom":[4,10],"cText":["h"],"cRemoved":[""]}

{"cOrigin":"+input","cTo":[4,11],"cNewPos":[4,12],"cWhen":1.5300181177792358e9,"tag":"Change","cFrom":[4,11],"cText":["i"],"cRemoved":[""]}

{"cOrigin":"+input","cTo":[4,12],"cNewPos":[4,13],"cWhen":1.5300181180673497e9,"tag":"Change","cFrom":[4,12],"cText":[" "],"cRemoved":[""]}

{"cOrigin":"+input","cTo":[4,13],"cNewPos":[4,14],"cWhen":1.5300181183646665e9,"tag":"Change","cFrom":[4,13],"cText":["l"],"cRemoved":[""]}

{"cOrigin":"+input","cTo":[4,14],"cNewPos":[4,15],"cWhen":1.5300181185569952e9,"tag":"Change","cFrom":[4,14],"cText":["o"],"cRemoved":[""]}

{"cOrigin":"+input","cTo":[4,15],"cNewPos":[4,16],"cWhen":1.5300181188991096e9,"tag":"Change","cFrom":[4,15],"cText":[" "],"cRemoved":[""]}

{"cOrigin":"+input","cTo":[4,16],"cNewPos":[4,17],"cWhen":1.5300181191391501e9,"tag":"Change","cFrom":[4,16],"cText":["h"],"cRemoved":[""]}

{"cOrigin":"+input","cTo":[4,17],"cNewPos":[4,18],"cWhen":1.530018119363184e9,"tag":"Change","cFrom":[4,17],"cText":["i"],"cRemoved":[""]}

{"cOrigin":"+input","cTo":[4,18],"cNewPos":[4,19],"cWhen":1.5300181196194239e9,"tag":"Change","cFrom":[4,18],"cText":[" "],"cRemoved":[""]}

{"cOrigin":"+input","cTo":[4,19],"cNewPos":[4,20],"cWhen":1.5300181198513176e9,"tag":"Change","cFrom":[4,19],"cText":["h"],"cRemoved":[""]}

{"cOrigin":"+input","cTo":[4,20],"cNewPos":[4,21],"cWhen":1.5300181200673034e9,"tag":"Change","cFrom":[4,20],"cText":["i"],"cRemoved":[""]}

{"cOrigin":"+input","cTo":[4,21],"cNewPos":[4,22],"cWhen":1.5300181202990289e9,"tag":"Change","cFrom":[4,21],"cText":[" "],"cRemoved":[""]}

{"cOrigin":"+input","cTo":[4,22],"cNewPos":[4,23],"cWhen":1.5300181207230668e9,"tag":"Change","cFrom":[4,22],"cText":["l"],"cRemoved":[""]}

{"cOrigin":"+input","cTo":[4,23],"cNewPos":[4,24],"cWhen":1.5300181209073792e9,"tag":"Change","cFrom":[4,23],"cText":["o"],"cRemoved":[""]}

{"cOrigin":"+input","cTo":[4,24],"cNewPos":[4,25],"cWhen":1.530018121171438e9,"tag":"Change","cFrom":[4,24],"cText":[" "],"cRemoved":[""]}

{"cOrigin":"+input","cTo":[4,25],"cNewPos":[4,26],"cWhen":1.5300181214194133e9,"tag":"Change","cFrom":[4,25],"cText":["l"],"cRemoved":[""]}

{"cOrigin":"+input","cTo":[4,26],"cNewPos":[4,27],"cWhen":1.5300181216031642e9,"tag":"Change","cFrom":[4,26],"cText":["o"],"cRemoved":[""]}

{"cOrigin":"+input","cTo":[4,27],"cNewPos":[4,28],"cWhen":1.5300181230752568e9,"tag":"Change","cFrom":[4,27],"cText":[" "],"cRemoved":[""]}

{"cOrigin":"+input","cTo":[4,28],"cNewPos":[4,29],"cWhen":1.5300181254111087e9,"tag":"Change","cFrom":[4,28],"cText":["\""],"cRemoved":[""]}

{"cWhen":1.5300181270228548e9,"tag":"Eval","cAll":true}

{"cOrigin":"+delete","cTo":[4,29],"cNewPos":[4,28],"cWhen":1.5300181365948482e9,"tag":"Change","cFrom":[4,28],"cText":[""],"cRemoved":["\""]}

{"cOrigin":"+input","cTo":[4,28],"cNewPos":[4,29],"cWhen":1.5300181399359646e9,"tag":"Change","cFrom":[4,28],"cText":["\""],"cRemoved":[""]}

{"cOrigin":"+input","cTo":[4,29],"cNewPos":[5,0],"cWhen":1.5300181426136649e9,"tag":"Change","cFrom":[4,29],"cText":["",""],"cRemoved":[""]}

{"cOrigin":"+input","cTo":[5,0],"cNewPos":[6,0],"cWhen":1.5300181428670063e9,"tag":"Change","cFrom":[5,0],"cText":["",""],"cRemoved":[""]}

{"cOrigin":"+input","cTo":[6,0],"cNewPos":[6,1],"cWhen":1.5300181483807025e9,"tag":"Change","cFrom":[6,0],"cText":["\""],"cRemoved":[""]}

{"cOrigin":"+input","cTo":[6,1],"cNewPos":[6,2],"cWhen":1.530018149402855e9,"tag":"Change","cFrom":[6,1],"cText":[" "],"cRemoved":[""]}

{"cOrigin":"+input","cTo":[6,2],"cNewPos":[6,3],"cWhen":1.5300181497792788e9,"tag":"Change","cFrom":[6,2],"cText":["l"],"cRemoved":[""]}

{"cOrigin":"+input","cTo":[6,3],"cNewPos":[6,4],"cWhen":1.530018150034966e9,"tag":"Change","cFrom":[6,3],"cText":["o"],"cRemoved":[""]}

{"cOrigin":"+input","cTo":[6,4],"cNewPos":[6,5],"cWhen":1.5300181504267244e9,"tag":"Change","cFrom":[6,4],"cText":[" "],"cRemoved":[""]}

{"cOrigin":"+input","cTo":[6,5],"cNewPos":[6,6],"cWhen":1.5300181508507013e9,"tag":"Change","cFrom":[6,5],"cText":["h"],"cRemoved":[""]}

{"cOrigin":"+input","cTo":[6,6],"cNewPos":[6,7],"cWhen":1.5300181511548073e9,"tag":"Change","cFrom":[6,6],"cText":["i"],"cRemoved":[""]}

{"cOrigin":"+input","cTo":[6,7],"cNewPos":[6,8],"cWhen":1.53001815149871e9,"tag":"Change","cFrom":[6,7],"cText":[" "],"cRemoved":[""]}

{"cOrigin":"+input","cTo":[6,8],"cNewPos":[6,9],"cWhen":1.5300181518508766e9,"tag":"Change","cFrom":[6,8],"cText":["l"],"cRemoved":[""]}

{"cOrigin":"+input","cTo":[6,9],"cNewPos":[6,10],"cWhen":1.5300181520746975e9,"tag":"Change","cFrom":[6,9],"cText":["o"],"cRemoved":[""]}

{"cOrigin":"+input","cTo":[6,10],"cNewPos":[6,11],"cWhen":1.5300181524114783e9,"tag":"Change","cFrom":[6,10],"cText":[" "],"cRemoved":[""]}

{"cOrigin":"+input","cTo":[6,11],"cNewPos":[6,12],"cWhen":1.530018152690784e9,"tag":"Change","cFrom":[6,11],"cText":["h"],"cRemoved":[""]}

{"cOrigin":"+input","cTo":[6,12],"cNewPos":[6,13],"cWhen":1.5300181530101495e9,"tag":"Change","cFrom":[6,12],"cText":["i"],"cRemoved":[""]}

{"cOrigin":"+input","cTo":[6,13],"cNewPos":[6,14],"cWhen":1.530018153258699e9,"tag":"Change","cFrom":[6,13],"cText":[" "],"cRemoved":[""]}

{"cOrigin":"+input","cTo":[6,14],"cNewPos":[6,15],"cWhen":1.5300181535712712e9,"tag":"Change","cFrom":[6,14],"cText":["l"],"cRemoved":[""]}

{"cOrigin":"+input","cTo":[6,15],"cNewPos":[6,16],"cWhen":1.5300181538026674e9,"tag":"Change","cFrom":[6,15],"cText":["o"],"cRemoved":[""]}

{"cOrigin":"+input","cTo":[6,16],"cNewPos":[6,17],"cWhen":1.5300181541707463e9,"tag":"Change","cFrom":[6,16],"cText":[" "],"cRemoved":[""]}

{"cOrigin":"+input","cTo":[6,17],"cNewPos":[6,18],"cWhen":1.5300181544587646e9,"tag":"Change","cFrom":[6,17],"cText":["h"],"cRemoved":[""]}

{"cOrigin":"+input","cTo":[6,18],"cNewPos":[6,19],"cWhen":1.5300181547404923e9,"tag":"Change","cFrom":[6,18],"cText":["i"],"cRemoved":[""]}

{"cOrigin":"+input","cTo":[6,19],"cNewPos":[6,20],"cWhen":1.5300181550587707e9,"tag":"Change","cFrom":[6,19],"cText":[" "],"cRemoved":[""]}

{"cOrigin":"+input","cTo":[6,20],"cNewPos":[6,21],"cWhen":1.5300181570666673e9,"tag":"Change","cFrom":[6,20],"cText":["\""],"cRemoved":[""]}

{"cOrigin":"+input","cTo":[6,21],"cNewPos":[7,0],"cWhen":1.530018159234615e9,"tag":"Change","cFrom":[6,21],"cText":["",""],"cRemoved":[""]}

{"cOrigin":"+input","cTo":[7,0],"cNewPos":[8,0],"cWhen":1.530018159650697e9,"tag":"Change","cFrom":[7,0],"cText":["",""],"cRemoved":[""]}

{"cOrigin":"+input","cTo":[8,0],"cNewPos":[8,1],"cWhen":1.5300181696826088e9,"tag":"Change","cFrom":[8,0],"cText":["s"],"cRemoved":[""]}

{"cOrigin":"+input","cTo":[8,1],"cNewPos":[8,2],"cWhen":1.5300181710772378e9,"tag":"Change","cFrom":[8,1],"cText":["l"],"cRemoved":[""]}

{"cOrigin":"+input","cTo":[8,2],"cNewPos":[8,3],"cWhen":1.5300181713544664e9,"tag":"Change","cFrom":[8,2],"cText":["o"],"cRemoved":[""]}

{"cOrigin":"+input","cTo":[8,3],"cNewPos":[8,4],"cWhen":1.5300181723145509e9,"tag":"Change","cFrom":[8,3],"cText":["w"],"cRemoved":[""]}

{"cOrigin":"+input","cTo":[8,4],"cNewPos":[8,5],"cWhen":1.530018172522462e9,"tag":"Change","cFrom":[8,4],"cText":["e"],"cRemoved":[""]}

{"cOrigin":"+input","cTo":[8,5],"cNewPos":[8,6],"cWhen":1.5300181727228177e9,"tag":"Change","cFrom":[8,5],"cText":["r"],"cRemoved":[""]}

{"cOrigin":"+input","cTo":[8,6],"cNewPos":[8,7],"cWhen":1.5300181730667083e9,"tag":"Change","cFrom":[8,6],"cText":[" "],"cRemoved":[""]}

{"cOrigin":"+input","cTo":[8,7],"cNewPos":[8,8],"cWhen":1.5300181739247289e9,"tag":"Change","cFrom":[8,7],"cText":["\""],"cRemoved":[""]}

{"cOrigin":"+input","cTo":[8,8],"cNewPos":[8,9],"cWhen":1.5300181743547435e9,"tag":"Change","cFrom":[8,8],"cText":[" "],"cRemoved":[""]}

{"cOrigin":"+input","cTo":[8,9],"cNewPos":[8,10],"cWhen":1.530018177898668e9,"tag":"Change","cFrom":[8,9],"cText":["h"],"cRemoved":[""]}

{"cOrigin":"+input","cTo":[8,10],"cNewPos":[8,11],"cWhen":1.5300181781307364e9,"tag":"Change","cFrom":[8,10],"cText":["i"],"cRemoved":[""]}

{"cOrigin":"+input","cTo":[8,11],"cNewPos":[8,12],"cWhen":1.5300181784187613e9,"tag":"Change","cFrom":[8,11],"cText":[" "],"cRemoved":[""]}

{"cOrigin":"+input","cTo":[8,12],"cNewPos":[8,13],"cWhen":1.5300181786984844e9,"tag":"Change","cFrom":[8,12],"cText":["h"],"cRemoved":[""]}

{"cOrigin":"+input","cTo":[8,13],"cNewPos":[8,14],"cWhen":1.5300181789384973e9,"tag":"Change","cFrom":[8,13],"cText":["i"],"cRemoved":[""]}

{"cOrigin":"+input","cTo":[8,14],"cNewPos":[8,15],"cWhen":1.5300181792503572e9,"tag":"Change","cFrom":[8,14],"cText":[" "],"cRemoved":[""]}

{"cOrigin":"+input","cTo":[8,15],"cNewPos":[8,16],"cWhen":1.5300181795946271e9,"tag":"Change","cFrom":[8,15],"cText":["l"],"cRemoved":[""]}

{"cOrigin":"+input","cTo":[8,16],"cNewPos":[8,17],"cWhen":1.5300181798024757e9,"tag":"Change","cFrom":[8,16],"cText":["o"],"cRemoved":[""]}

{"cOrigin":"+input","cTo":[8,17],"cNewPos":[8,18],"cWhen":1.5300181801544638e9,"tag":"Change","cFrom":[8,17],"cText":[" "],"cRemoved":[""]}

{"cOrigin":"+input","cTo":[8,18],"cNewPos":[8,19],"cWhen":1.5300181804345691e9,"tag":"Change","cFrom":[8,18],"cText":["h"],"cRemoved":[""]}

{"cOrigin":"+input","cTo":[8,19],"cNewPos":[8,20],"cWhen":1.5300181806506746e9,"tag":"Change","cFrom":[8,19],"cText":["i"],"cRemoved":[""]}

{"cOrigin":"+input","cTo":[8,20],"cNewPos":[8,21],"cWhen":1.5300181809305925e9,"tag":"Change","cFrom":[8,20],"cText":[" "],"cRemoved":[""]}

{"cOrigin":"+input","cTo":[8,21],"cNewPos":[8,22],"cWhen":1.530018181218692e9,"tag":"Change","cFrom":[8,21],"cText":["h"],"cRemoved":[""]}

{"cOrigin":"+input","cTo":[8,22],"cNewPos":[8,23],"cWhen":1.5300181814267015e9,"tag":"Change","cFrom":[8,22],"cText":["i"],"cRemoved":[""]}

{"cOrigin":"+input","cTo":[8,23],"cNewPos":[8,24],"cWhen":1.5300181816622791e9,"tag":"Change","cFrom":[8,23],"cText":[" "],"cRemoved":[""]}

{"cOrigin":"+input","cTo":[8,24],"cNewPos":[8,25],"cWhen":1.5300181839702654e9,"tag":"Change","cFrom":[8,24],"cText":["\""],"cRemoved":[""]}

{"cOrigin":"+input","cTo":[8,25],"cNewPos":[9,0],"cWhen":1.5300181876424646e9,"tag":"Change","cFrom":[8,25],"cText":["",""],"cRemoved":[""]}

{"cOrigin":"+input","cTo":[9,0],"cNewPos":[10,0],"cWhen":1.5300181880663002e9,"tag":"Change","cFrom":[9,0],"cText":["",""],"cRemoved":[""]}

{"cOrigin":"+input","cTo":[10,0],"cNewPos":[10,1],"cWhen":1.53001819243377e9,"tag":"Change","cFrom":[10,0],"cText":["e"],"cRemoved":[""]}

{"cOrigin":"+input","cTo":[10,1],"cNewPos":[10,2],"cWhen":1.5300181935305202e9,"tag":"Change","cFrom":[10,1],"cText":["v"],"cRemoved":[""]}

{"cOrigin":"+input","cTo":[10,2],"cNewPos":[10,3],"cWhen":1.5300181939223034e9,"tag":"Change","cFrom":[10,2],"cText":["e"],"cRemoved":[""]}

{"cOrigin":"+input","cTo":[10,3],"cNewPos":[10,4],"cWhen":1.5300181942502196e9,"tag":"Change","cFrom":[10,3],"cText":["r"],"cRemoved":[""]}

{"cOrigin":"+input","cTo":[10,4],"cNewPos":[10,5],"cWhen":1.5300181946743484e9,"tag":"Change","cFrom":[10,4],"cText":["y"],"cRemoved":[""]}

{"cOrigin":"+input","cTo":[10,5],"cNewPos":[10,6],"cWhen":1.530018195050477e9,"tag":"Change","cFrom":[10,5],"cText":[" "],"cRemoved":[""]}

{"cOrigin":"+input","cTo":[10,6],"cNewPos":[10,7],"cWhen":1.5300181962261553e9,"tag":"Change","cFrom":[10,6],"cText":["2"],"cRemoved":[""]}

{"cOrigin":"+input","cTo":[10,7],"cNewPos":[10,8],"cWhen":1.5300181967063997e9,"tag":"Change","cFrom":[10,7],"cText":[" "],"cRemoved":[""]}

{"cOrigin":"+input","cTo":[10,8],"cNewPos":[10,9],"cWhen":1.530018199098482e9,"tag":"Change","cFrom":[10,8],"cText":["s"],"cRemoved":[""]}

{"cOrigin":"+input","cTo":[10,9],"cNewPos":[10,10],"cWhen":1.53001819964218e9,"tag":"Change","cFrom":[10,9],"cText":["l"],"cRemoved":[""]}

{"cOrigin":"+input","cTo":[10,10],"cNewPos":[10,11],"cWhen":1.5300181999222243e9,"tag":"Change","cFrom":[10,10],"cText":["o"],"cRemoved":[""]}

{"cOrigin":"+input","cTo":[10,11],"cNewPos":[10,12],"cWhen":1.5300182004182477e9,"tag":"Change","cFrom":[10,11],"cText":["w"],"cRemoved":[""]}

{"cOrigin":"+input","cTo":[10,12],"cNewPos":[10,13],"cWhen":1.5300182006502287e9,"tag":"Change","cFrom":[10,12],"cText":["e"],"cRemoved":[""]}

{"cOrigin":"+input","cTo":[10,13],"cNewPos":[10,14],"cWhen":1.5300182009063327e9,"tag":"Change","cFrom":[10,13],"cText":["r"],"cRemoved":[""]}

{"cOrigin":"+input","cTo":[10,14],"cNewPos":[10,15],"cWhen":1.530018201298382e9,"tag":"Change","cFrom":[10,14],"cText":[" "],"cRemoved":[""]}

{"cOrigin":"+input","cTo":[10,15],"cNewPos":[10,16],"cWhen":1.5300182084421515e9,"tag":"Change","cFrom":[10,15],"cText":["\""],"cRemoved":[""]}

{"cWhen":1.5300182126293192e9,"tag":"Eval","cAll":true}

{"cOrigin":"+input","cTo":[10,16],"cNewPos":[10,17],"cWhen":1.5300182168180366e9,"tag":"Change","cFrom":[10,16],"cText":[" "],"cRemoved":[""]}

{"cOrigin":"+input","cTo":[10,17],"cNewPos":[10,18],"cWhen":1.530018217569922e9,"tag":"Change","cFrom":[10,17],"cText":["h"],"cRemoved":[""]}

{"cOrigin":"+input","cTo":[10,18],"cNewPos":[10,19],"cWhen":1.530018217806715e9,"tag":"Change","cFrom":[10,18],"cText":["i"],"cRemoved":[""]}

{"cOrigin":"+input","cTo":[10,19],"cNewPos":[10,20],"cWhen":1.530018218106022e9,"tag":"Change","cFrom":[10,19],"cText":[" "],"cRemoved":[""]}

{"cOrigin":"+input","cTo":[10,20],"cNewPos":[10,21],"cWhen":1.5300182184179175e9,"tag":"Change","cFrom":[10,20],"cText":["h"],"cRemoved":[""]}

{"cOrigin":"+input","cTo":[10,21],"cNewPos":[10,22],"cWhen":1.530018218649936e9,"tag":"Change","cFrom":[10,21],"cText":["i"],"cRemoved":[""]}

{"cOrigin":"+input","cTo":[10,22],"cNewPos":[10,23],"cWhen":1.5300182189699113e9,"tag":"Change","cFrom":[10,22],"cText":[" "],"cRemoved":[""]}

{"cOrigin":"+input","cTo":[10,23],"cNewPos":[10,24],"cWhen":1.5300182192586114e9,"tag":"Change","cFrom":[10,23],"cText":["l"],"cRemoved":[""]}

{"cOrigin":"+input","cTo":[10,24],"cNewPos":[10,25],"cWhen":1.5300182194660373e9,"tag":"Change","cFrom":[10,24],"cText":["o"],"cRemoved":[""]}

{"cOrigin":"+input","cTo":[10,25],"cNewPos":[10,26],"cWhen":1.530018219812727e9,"tag":"Change","cFrom":[10,25],"cText":[" "],"cRemoved":[""]}

{"cOrigin":"+input","cTo":[10,26],"cNewPos":[10,27],"cWhen":1.5300182201540563e9,"tag":"Change","cFrom":[10,26],"cText":["h"],"cRemoved":[""]}

{"cOrigin":"+input","cTo":[10,27],"cNewPos":[10,28],"cWhen":1.530018220362044e9,"tag":"Change","cFrom":[10,27],"cText":["i"],"cRemoved":[""]}

{"cOrigin":"+input","cTo":[10,28],"cNewPos":[10,29],"cWhen":1.5300182206579804e9,"tag":"Change","cFrom":[10,28],"cText":[" "],"cRemoved":[""]}

{"cOrigin":"+input","cTo":[10,29],"cNewPos":[10,30],"cWhen":1.5300182209460087e9,"tag":"Change","cFrom":[10,29],"cText":["h"],"cRemoved":[""]}

{"cOrigin":"+input","cTo":[10,30],"cNewPos":[10,31],"cWhen":1.530018221202011e9,"tag":"Change","cFrom":[10,30],"cText":["i"],"cRemoved":[""]}

{"cOrigin":"+input","cTo":[10,31],"cNewPos":[10,32],"cWhen":1.5300182214738483e9,"tag":"Change","cFrom":[10,31],"cText":[" "],"cRemoved":[""]}

{"cOrigin":"+input","cTo":[10,32],"cNewPos":[10,33],"cWhen":1.5300182219219854e9,"tag":"Change","cFrom":[10,32],"cText":["l"],"cRemoved":[""]}

{"cOrigin":"+input","cTo":[10,33],"cNewPos":[10,34],"cWhen":1.5300182221059515e9,"tag":"Change","cFrom":[10,33],"cText":["o"],"cRemoved":[""]}

{"cOrigin":"+input","cTo":[10,34],"cNewPos":[10,35],"cWhen":1.5300182224259992e9,"tag":"Change","cFrom":[10,34],"cText":[" "],"cRemoved":[""]}

{"cOrigin":"+input","cTo":[10,35],"cNewPos":[10,36],"cWhen":1.5300182227218556e9,"tag":"Change","cFrom":[10,35],"cText":["h"],"cRemoved":[""]}

{"cOrigin":"+input","cTo":[10,36],"cNewPos":[10,37],"cWhen":1.530018222937885e9,"tag":"Change","cFrom":[10,36],"cText":["i"],"cRemoved":[""]}

{"cOrigin":"+input","cTo":[10,37],"cNewPos":[10,38],"cWhen":1.5300182231698759e9,"tag":"Change","cFrom":[10,37],"cText":[" "],"cRemoved":[""]}

{"cOrigin":"+input","cTo":[10,38],"cNewPos":[10,39],"cWhen":1.5300182234419692e9,"tag":"Change","cFrom":[10,38],"cText":["h"],"cRemoved":[""]}

{"cOrigin":"+input","cTo":[10,39],"cNewPos":[10,40],"cWhen":1.5300182236670938e9,"tag":"Change","cFrom":[10,39],"cText":["i"],"cRemoved":[""]}

{"cOrigin":"+input","cTo":[10,40],"cNewPos":[10,41],"cWhen":1.5300182259380424e9,"tag":"Change","cFrom":[10,40],"cText":["\""],"cRemoved":[""]}

{"cXWarp":40,"cNewPos":[10,40],"cWhen":1.5300182287858055e9,"tag":"Move"}

{"cOrigin":"+input","cTo":[10,40],"cNewPos":[10,41],"cWhen":1.5300182298417897e9,"tag":"Change","cFrom":[10,40],"cText":[" "],"cRemoved":[""]}

{"cXWarp":42,"cNewPos":[10,42],"cWhen":1.5300182311697764e9,"tag":"Move"}

{"cOrigin":"+input","cTo":[10,42],"cNewPos":[10,43],"cWhen":1.530018231881892e9,"tag":"Change","cFrom":[10,42],"cText":[" "],"cRemoved":[""]}

{"cOrigin":"+input","cTo":[10,43],"cNewPos":[10,44],"cWhen":1.530018232134286e9,"tag":"Change","cFrom":[10,43],"cText":[" "],"cRemoved":[""]}

{"cOrigin":"+input","cTo":[10,44],"cNewPos":[10,45],"cWhen":1.5300182321844904e9,"tag":"Change","cFrom":[10,44],"cText":[" "],"cRemoved":[""]}

{"cOrigin":"+input","cTo":[10,45],"cNewPos":[10,46],"cWhen":1.5300182322390049e9,"tag":"Change","cFrom":[10,45],"cText":[" "],"cRemoved":[""]}

{"cOrigin":"+input","cTo":[10,46],"cNewPos":[10,47],"cWhen":1.530018232284278e9,"tag":"Change","cFrom":[10,46],"cText":[" "],"cRemoved":[""]}

{"cOrigin":"+input","cTo":[10,47],"cNewPos":[10,48],"cWhen":1.5300182323342922e9,"tag":"Change","cFrom":[10,47],"cText":[" "],"cRemoved":[""]}

{"cOrigin":"+input","cTo":[10,48],"cNewPos":[10,49],"cWhen":1.5300182323842628e9,"tag":"Change","cFrom":[10,48],"cText":[" "],"cRemoved":[""]}

{"cOrigin":"+input","cTo":[10,49],"cNewPos":[11,0],"cWhen":1.5300182324338524e9,"tag":"Change","cFrom":[10,49],"cText":["",""],"cRemoved":[""]}

{"cOrigin":"+delete","cTo":[11,0],"cNewPos":[10,49],"cWhen":1.5300182394336894e9,"tag":"Change","cFrom":[10,49],"cText":[""],"cRemoved":["",""]}

{"cOrigin":"+delete","cTo":[10,49],"cNewPos":[10,48],"cWhen":1.5300182410634913e9,"tag":"Change","cFrom":[10,48],"cText":[""],"cRemoved":[" "]}

{"cOrigin":"+delete","cTo":[10,48],"cNewPos":[10,47],"cWhen":1.5300182413615265e9,"tag":"Change","cFrom":[10,47],"cText":[""],"cRemoved":[" "]}

{"cOrigin":"+delete","cTo":[10,47],"cNewPos":[10,46],"cWhen":1.5300182416621928e9,"tag":"Change","cFrom":[10,46],"cText":[""],"cRemoved":[" "]}

{"cOrigin":"+delete","cTo":[10,46],"cNewPos":[10,45],"cWhen":1.530018241913628e9,"tag":"Change","cFrom":[10,45],"cText":[""],"cRemoved":[" "]}

{"cOrigin":"+delete","cTo":[10,45],"cNewPos":[10,44],"cWhen":1.5300182421936228e9,"tag":"Change","cFrom":[10,44],"cText":[""],"cRemoved":[" "]}

{"cOrigin":"+delete","cTo":[10,44],"cNewPos":[10,43],"cWhen":1.5300182424575982e9,"tag":"Change","cFrom":[10,43],"cText":[""],"cRemoved":[" "]}

{"cOrigin":"+delete","cTo":[10,43],"cNewPos":[10,42],"cWhen":1.5300182428174999e9,"tag":"Change","cFrom":[10,42],"cText":[""],"cRemoved":[" "]}

{"cWhen":1.530018245565271e9,"tag":"Eval","cAll":true}
