{"cWhen":1530002229,"tag":"Eval","cAll":true}
{"cOrigin":"+input","cTo":[0,0],"cNewPos":[0,1],"cWhen":1.5300022558012562e9,"tag":"Change","cFrom":[0,0],"cText":["\""],"cRemoved":[""]}

{"cOrigin":"+input","cTo":[0,1],"cNewPos":[0,2],"cWhen":1.5300022584009562e9,"tag":"Change","cFrom":[0,1],"cText":["l"],"cRemoved":[""]}

{"cOrigin":"+input","cTo":[0,2],"cNewPos":[0,3],"cWhen":1.5300022585372505e9,"tag":"Change","cFrom":[0,2],"cText":["o"],"cRemoved":[""]}

{"cWhen":1.5300022598587453e9,"tag":"Eval","cAll":true}

{"cWhen":1.5300022634899192e9,"tag":"Eval","cAll":true}

{"cOrigin":"+input","cTo":[0,3],"cNewPos":[0,4],"cWhen":1.5300022667683082e9,"tag":"Change","cFrom":[0,3],"cText":[" "],"cRemoved":[""]}

{"cOrigin":"+input","cTo":[0,4],"cNewPos":[0,5],"cWhen":1.5300022671601868e9,"tag":"Change","cFrom":[0,4],"cText":["h"],"cRemoved":[""]}

{"cOrigin":"+input","cTo":[0,5],"cNewPos":[0,6],"cWhen":1.530002267880159e9,"tag":"Change","cFrom":[0,5],"cText":["i"],"cRemoved":[""]}

{"cOrigin":"+input","cTo":[0,6],"cNewPos":[0,7],"cWhen":1.5300022684720695e9,"tag":"Change","cFrom":[0,6],"cText":[" "],"cRemoved":[""]}

{"cOrigin":"+input","cTo":[0,7],"cNewPos":[0,8],"cWhen":1.5300022687281966e9,"tag":"Change","cFrom":[0,7],"cText":["l"],"cRemoved":[""]}

{"cOrigin":"+input","cTo":[0,8],"cNewPos":[0,9],"cWhen":1.5300022688801413e9,"tag":"Change","cFrom":[0,8],"cText":["o"],"cRemoved":[""]}

{"cOrigin":"+input","cTo":[0,9],"cNewPos":[0,10],"cWhen":1.5300022691039968e9,"tag":"Change","cFrom":[0,9],"cText":[" "],"cRemoved":[""]}

{"cOrigin":"+input","cTo":[0,10],"cNewPos":[0,11],"cWhen":1.5300022694560328e9,"tag":"Change","cFrom":[0,10],"cText":["h"],"cRemoved":[""]}

{"cOrigin":"+input","cTo":[0,11],"cNewPos":[0,12],"cWhen":1.530002269712024e9,"tag":"Change","cFrom":[0,11],"cText":["i"],"cRemoved":[""]}

{"cOrigin":"+input","cTo":[0,12],"cNewPos":[0,13],"cWhen":1.5300022700239491e9,"tag":"Change","cFrom":[0,12],"cText":[" "],"cRemoved":[""]}

{"cOrigin":"+input","cTo":[0,13],"cNewPos":[0,14],"cWhen":1.530002270239988e9,"tag":"Change","cFrom":[0,13],"cText":["l"],"cRemoved":[""]}

{"cOrigin":"+input","cTo":[0,14],"cNewPos":[0,15],"cWhen":1.5300022704879346e9,"tag":"Change","cFrom":[0,14],"cText":["o"],"cRemoved":[""]}

{"cOrigin":"+input","cTo":[0,15],"cNewPos":[0,16],"cWhen":1.5300022706958447e9,"tag":"Change","cFrom":[0,15],"cText":[" "],"cRemoved":[""]}

{"cOrigin":"+input","cTo":[0,16],"cNewPos":[0,17],"cWhen":1.5300022708957899e9,"tag":"Change","cFrom":[0,16],"cText":["h"],"cRemoved":[""]}

{"cOrigin":"+input","cTo":[0,17],"cNewPos":[0,18],"cWhen":1.5300022711519687e9,"tag":"Change","cFrom":[0,17],"cText":["i"],"cRemoved":[""]}

{"cOrigin":"+input","cTo":[0,18],"cNewPos":[0,19],"cWhen":1.5300022713838468e9,"tag":"Change","cFrom":[0,18],"cText":[" "],"cRemoved":[""]}

{"cOrigin":"+input","cTo":[0,19],"cNewPos":[0,20],"cWhen":1.5300022715837574e9,"tag":"Change","cFrom":[0,19],"cText":["l"],"cRemoved":[""]}

{"cOrigin":"+input","cTo":[0,20],"cNewPos":[0,21],"cWhen":1.5300022717997737e9,"tag":"Change","cFrom":[0,20],"cText":["o"],"cRemoved":[""]}

{"cOrigin":"+input","cTo":[0,21],"cNewPos":[0,22],"cWhen":1.5300022720719175e9,"tag":"Change","cFrom":[0,21],"cText":[" "],"cRemoved":[""]}

{"cOrigin":"+input","cTo":[0,22],"cNewPos":[0,23],"cWhen":1.5300022722477884e9,"tag":"Change","cFrom":[0,22],"cText":["h"],"cRemoved":[""]}

{"cOrigin":"+input","cTo":[0,23],"cNewPos":[0,24],"cWhen":1.5300022725197175e9,"tag":"Change","cFrom":[0,23],"cText":["i"],"cRemoved":[""]}

{"cOrigin":"+input","cTo":[0,24],"cNewPos":[0,25],"cWhen":1.5300022747513106e9,"tag":"Change","cFrom":[0,24],"cText":["\""],"cRemoved":[""]}

{"cWhen":1.5300022757287893e9,"tag":"Eval","cAll":true}

{"cXWarp":24,"cNewPos":[0,24],"cWhen":1.5300022831103623e9,"tag":"Move"}

{"cXWarp":23,"cNewPos":[0,23],"cWhen":1.5300022835264187e9,"tag":"Move"}

{"cXWarp":24,"cNewPos":[0,24],"cWhen":1.5300022846061177e9,"tag":"Move"}

{"cOrigin":"+input","cTo":[0,24],"cNewPos":[0,25],"cWhen":1.5300022853581867e9,"tag":"Change","cFrom":[0,24],"cText":[" "],"cRemoved":[""]}

{"cOrigin":"+input","cTo":[0,25],"cNewPos":[0,26],"cWhen":1.5300022860702336e9,"tag":"Change","cFrom":[0,25],"cText":["l"],"cRemoved":[""]}

{"cOrigin":"+input","cTo":[0,26],"cNewPos":[0,27],"cWhen":1.5300022863340554e9,"tag":"Change","cFrom":[0,26],"cText":["o"],"cRemoved":[""]}

{"cOrigin":"+input","cTo":[0,27],"cNewPos":[0,28],"cWhen":1.5300022865743208e9,"tag":"Change","cFrom":[0,27],"cText":[" "],"cRemoved":[""]}

{"cOrigin":"+input","cTo":[0,28],"cNewPos":[0,29],"cWhen":1.5300022868622348e9,"tag":"Change","cFrom":[0,28],"cText":["h"],"cRemoved":[""]}

{"cOrigin":"+input","cTo":[0,29],"cNewPos":[0,30],"cWhen":1.5300022872222877e9,"tag":"Change","cFrom":[0,29],"cText":["i"],"cRemoved":[""]}

{"cOrigin":"+input","cTo":[0,30],"cNewPos":[0,31],"cWhen":1.5300022874541852e9,"tag":"Change","cFrom":[0,30],"cText":[" "],"cRemoved":[""]}

{"cOrigin":"+input","cTo":[0,31],"cNewPos":[0,32],"cWhen":1.5300022877661085e9,"tag":"Change","cFrom":[0,31],"cText":["l"],"cRemoved":[""]}

{"cOrigin":"+input","cTo":[0,32],"cNewPos":[0,33],"cWhen":1.5300022880380995e9,"tag":"Change","cFrom":[0,32],"cText":["o"],"cRemoved":[""]}

{"cOrigin":"+input","cTo":[0,33],"cNewPos":[0,34],"cWhen":1.5300022882620053e9,"tag":"Change","cFrom":[0,33],"cText":[" "],"cRemoved":[""]}

{"cOrigin":"+input","cTo":[0,34],"cNewPos":[0,35],"cWhen":1.530002288573952e9,"tag":"Change","cFrom":[0,34],"cText":["h"],"cRemoved":[""]}

{"cOrigin":"+input","cTo":[0,35],"cNewPos":[0,36],"cWhen":1.530002288837816e9,"tag":"Change","cFrom":[0,35],"cText":["i"],"cRemoved":[""]}

{"cOrigin":"+input","cTo":[0,36],"cNewPos":[0,37],"cWhen":1.5300022891019826e9,"tag":"Change","cFrom":[0,36],"cText":[" "],"cRemoved":[""]}

{"cOrigin":"+input","cTo":[0,37],"cNewPos":[0,38],"cWhen":1.530002289365871e9,"tag":"Change","cFrom":[0,37],"cText":["l"],"cRemoved":[""]}

{"cOrigin":"+input","cTo":[0,38],"cNewPos":[0,39],"cWhen":1.5300022896377335e9,"tag":"Change","cFrom":[0,38],"cText":["o"],"cRemoved":[""]}

{"cOrigin":"+input","cTo":[0,39],"cNewPos":[0,40],"cWhen":1.5300022899178753e9,"tag":"Change","cFrom":[0,39],"cText":["h"],"cRemoved":[""]}

{"cOrigin":"+input","cTo":[0,40],"cNewPos":[0,41],"cWhen":1.530002290893676e9,"tag":"Change","cFrom":[0,40],"cText":["i"],"cRemoved":[""]}

{"cXWarp":40,"cNewPos":[0,40],"cWhen":1.53000229226942e9,"tag":"Move"}

{"cXWarp":39,"cNewPos":[0,39],"cWhen":1.5300022925335202e9,"tag":"Move"}

{"cOrigin":"+input","cTo":[0,39],"cNewPos":[0,40],"cWhen":1.5300022953172617e9,"tag":"Change","cFrom":[0,39],"cText":[" "],"cRemoved":[""]}

{"cWhen":1.5300022978942604e9,"tag":"Eval","cAll":true}

{"cXWarp":39,"cNewPos":[0,39],"cWhen":1.5300023032842665e9,"tag":"Move"}

{"cXWarp":38,"cNewPos":[0,38],"cWhen":1.5300023035421798e9,"tag":"Move"}

{"cXWarp":37,"cNewPos":[0,37],"cWhen":1.5300023035922346e9,"tag":"Move"}

{"cXWarp":36,"cNewPos":[0,36],"cWhen":1.5300023036422153e9,"tag":"Move"}

{"cXWarp":35,"cNewPos":[0,35],"cWhen":1.5300023036922333e9,"tag":"Move"}

{"cXWarp":34,"cNewPos":[0,34],"cWhen":1.5300023037421947e9,"tag":"Move"}

{"cXWarp":33,"cNewPos":[0,33],"cWhen":1.5300023037925792e9,"tag":"Move"}

{"cXWarp":32,"cNewPos":[0,32],"cWhen":1.5300023038421855e9,"tag":"Move"}

{"cXWarp":31,"cNewPos":[0,31],"cWhen":1.530002303892359e9,"tag":"Move"}

{"cXWarp":30,"cNewPos":[0,30],"cWhen":1.5300023039421792e9,"tag":"Move"}

{"cXWarp":29,"cNewPos":[0,29],"cWhen":1.530002303992182e9,"tag":"Move"}

{"cXWarp":28,"cNewPos":[0,28],"cWhen":1.5300023040421531e9,"tag":"Move"}

{"cXWarp":27,"cNewPos":[0,27],"cWhen":1.5300023040921626e9,"tag":"Move"}

{"cXWarp":26,"cNewPos":[0,26],"cWhen":1.5300023041421785e9,"tag":"Move"}

{"cXWarp":25,"cNewPos":[0,25],"cWhen":1.5300023041921463e9,"tag":"Move"}

{"cXWarp":24,"cNewPos":[0,24],"cWhen":1.5300023042421656e9,"tag":"Move"}

{"cXWarp":23,"cNewPos":[0,23],"cWhen":1.5300023042921717e9,"tag":"Move"}

{"cXWarp":22,"cNewPos":[0,22],"cWhen":1.5300023043421805e9,"tag":"Move"}

{"cXWarp":21,"cNewPos":[0,21],"cWhen":1.5300023043921537e9,"tag":"Move"}

{"cXWarp":20,"cNewPos":[0,20],"cWhen":1.5300023044421504e9,"tag":"Move"}

{"cXWarp":19,"cNewPos":[0,19],"cWhen":1.5300023044921362e9,"tag":"Move"}

{"cXWarp":18,"cNewPos":[0,18],"cWhen":1.5300023045421665e9,"tag":"Move"}

{"cXWarp":17,"cNewPos":[0,17],"cWhen":1.530002304592171e9,"tag":"Move"}

{"cXWarp":16,"cNewPos":[0,16],"cWhen":1.5300023046421728e9,"tag":"Move"}

{"cXWarp":15,"cNewPos":[0,15],"cWhen":1.5300023046921446e9,"tag":"Move"}

{"cXWarp":14,"cNewPos":[0,14],"cWhen":1.5300023047421534e9,"tag":"Move"}

{"cXWarp":13,"cNewPos":[0,13],"cWhen":1.5300023047921464e9,"tag":"Move"}

{"cXWarp":12,"cNewPos":[0,12],"cWhen":1.5300023048421557e9,"tag":"Move"}

{"cXWarp":11,"cNewPos":[0,11],"cWhen":1.5300023048921463e9,"tag":"Move"}

{"cXWarp":10,"cNewPos":[0,10],"cWhen":1.5300023049421554e9,"tag":"Move"}

{"cXWarp":9,"cNewPos":[0,9],"cWhen":1.5300023049921596e9,"tag":"Move"}

{"cXWarp":8,"cNewPos":[0,8],"cWhen":1.5300023050421479e9,"tag":"Move"}

{"cXWarp":7,"cNewPos":[0,7],"cWhen":1.5300023050921767e9,"tag":"Move"}

{"cXWarp":6,"cNewPos":[0,6],"cWhen":1.530002305142149e9,"tag":"Move"}

{"cXWarp":5,"cNewPos":[0,5],"cWhen":1.5300023051922033e9,"tag":"Move"}

{"cXWarp":4,"cNewPos":[0,4],"cWhen":1.5300023052421799e9,"tag":"Move"}

{"cXWarp":3,"cNewPos":[0,3],"cWhen":1.5300023052921865e9,"tag":"Move"}

{"cXWarp":2,"cNewPos":[0,2],"cWhen":1.5300023053421736e9,"tag":"Move"}

{"cXWarp":1,"cNewPos":[0,1],"cWhen":1.530002305392212e9,"tag":"Move"}

{"cXWarp":0,"cNewPos":[0,0],"cWhen":1.5300023054421735e9,"tag":"Move"}

{"cXWarp":0,"cNewPos":[0,0],"cWhen":1.5300023054921784e9,"tag":"Move"}

{"cXWarp":0,"cNewPos":[0,0],"cWhen":1.5300023055421934e9,"tag":"Move"}

{"cXWarp":0,"cNewPos":[0,0],"cWhen":1.5300023055922058e9,"tag":"Move"}

{"cXWarp":0,"cNewPos":[0,0],"cWhen":1.5300023056422098e9,"tag":"Move"}

{"cXWarp":0,"cNewPos":[0,0],"cWhen":1.5300023056921487e9,"tag":"Move"}

{"cXWarp":0,"cNewPos":[0,0],"cWhen":1.5300023057421656e9,"tag":"Move"}

{"cXWarp":0,"cNewPos":[0,0],"cWhen":1.5300023057921324e9,"tag":"Move"}

{"cOrigin":"+input","cTo":[0,0],"cNewPos":[0,1],"cWhen":1.5300023078678439e9,"tag":"Change","cFrom":[0,0],"cText":["f"],"cRemoved":[""]}

{"cOrigin":"+input","cTo":[0,1],"cNewPos":[0,2],"cWhen":1.5300023081238284e9,"tag":"Change","cFrom":[0,1],"cText":["a"],"cRemoved":[""]}

{"cOrigin":"+input","cTo":[0,2],"cNewPos":[0,3],"cWhen":1.5300023086837637e9,"tag":"Change","cFrom":[0,2],"cText":["r"],"cRemoved":[""]}

{"cOrigin":"+delete","cTo":[0,3],"cNewPos":[0,2],"cWhen":1.5300023108992462e9,"tag":"Change","cFrom":[0,2],"cText":[""],"cRemoved":["r"]}

{"cOrigin":"+input","cTo":[0,2],"cNewPos":[0,3],"cWhen":1.5300023120034614e9,"tag":"Change","cFrom":[0,2],"cText":["s"],"cRemoved":[""]}

{"cOrigin":"+input","cTo":[0,3],"cNewPos":[0,4],"cWhen":1.5300023123633077e9,"tag":"Change","cFrom":[0,3],"cText":["t"],"cRemoved":[""]}

{"cOrigin":"+input","cTo":[0,4],"cNewPos":[0,5],"cWhen":1.5300023126912506e9,"tag":"Change","cFrom":[0,4],"cText":["e"],"cRemoved":[""]}

{"cOrigin":"+input","cTo":[0,5],"cNewPos":[0,6],"cWhen":1.5300023129152381e9,"tag":"Change","cFrom":[0,5],"cText":["r"],"cRemoved":[""]}

{"cWhen":1.5300023138289046e9,"tag":"Eval","cAll":true}

{"cOrigin":"+delete","cTo":[0,6],"cNewPos":[0,5],"cWhen":1.5300023186583622e9,"tag":"Change","cFrom":[0,5],"cText":[""],"cRemoved":["r"]}

{"cOrigin":"+delete","cTo":[0,5],"cNewPos":[0,4],"cWhen":1.5300023189463403e9,"tag":"Change","cFrom":[0,4],"cText":[""],"cRemoved":["e"]}

{"cOrigin":"+delete","cTo":[0,4],"cNewPos":[0,3],"cWhen":1.5300023192423158e9,"tag":"Change","cFrom":[0,3],"cText":[""],"cRemoved":["t"]}

{"cOrigin":"+delete","cTo":[0,3],"cNewPos":[0,2],"cWhen":1.5300023195542603e9,"tag":"Change","cFrom":[0,2],"cText":[""],"cRemoved":["s"]}

{"cOrigin":"+delete","cTo":[0,2],"cNewPos":[0,1],"cWhen":1.5300023198422532e9,"tag":"Change","cFrom":[0,1],"cText":[""],"cRemoved":["a"]}

{"cOrigin":"+delete","cTo":[0,1],"cNewPos":[0,0],"cWhen":1.5300023201463315e9,"tag":"Change","cFrom":[0,0],"cText":[""],"cRemoved":["f"]}

{"cOrigin":"+input","cTo":[0,0],"cNewPos":[0,1],"cWhen":1.5300023209383016e9,"tag":"Change","cFrom":[0,0],"cText":["s"],"cRemoved":[""]}

{"cOrigin":"+input","cTo":[0,1],"cNewPos":[0,2],"cWhen":1.5300023214743543e9,"tag":"Change","cFrom":[0,1],"cText":["l"],"cRemoved":[""]}

{"cOrigin":"+input","cTo":[0,2],"cNewPos":[0,3],"cWhen":1.5300023217143316e9,"tag":"Change","cFrom":[0,2],"cText":["o"],"cRemoved":[""]}

{"cOrigin":"+input","cTo":[0,3],"cNewPos":[0,4],"cWhen":1.5300023222585912e9,"tag":"Change","cFrom":[0,3],"cText":["w"],"cRemoved":[""]}

{"cOrigin":"+input","cTo":[0,4],"cNewPos":[0,5],"cWhen":1.5300023225141695e9,"tag":"Change","cFrom":[0,4],"cText":["e"],"cRemoved":[""]}

{"cOrigin":"+input","cTo":[0,5],"cNewPos":[0,6],"cWhen":1.5300023227542276e9,"tag":"Change","cFrom":[0,5],"cText":["r"],"cRemoved":[""]}

{"cWhen":1.530002323755514e9,"tag":"Eval","cAll":true}

{"cOrigin":"+delete","cTo":[0,6],"cNewPos":[0,5],"cWhen":1.5300023291532674e9,"tag":"Change","cFrom":[0,5],"cText":[""],"cRemoved":["r"]}

{"cOrigin":"+delete","cTo":[0,5],"cNewPos":[0,4],"cWhen":1.5300023293852065e9,"tag":"Change","cFrom":[0,4],"cText":[""],"cRemoved":["e"]}

{"cOrigin":"+delete","cTo":[0,4],"cNewPos":[0,3],"cWhen":1.5300023296171155e9,"tag":"Change","cFrom":[0,3],"cText":[""],"cRemoved":["w"]}

{"cOrigin":"+delete","cTo":[0,3],"cNewPos":[0,2],"cWhen":1.5300023298490922e9,"tag":"Change","cFrom":[0,2],"cText":[""],"cRemoved":["o"]}

{"cOrigin":"+delete","cTo":[0,2],"cNewPos":[0,1],"cWhen":1.5300023300730078e9,"tag":"Change","cFrom":[0,1],"cText":[""],"cRemoved":["l"]}

{"cOrigin":"+delete","cTo":[0,1],"cNewPos":[0,0],"cWhen":1.5300023303211293e9,"tag":"Change","cFrom":[0,0],"cText":[""],"cRemoved":["s"]}

{"cOrigin":"+input","cTo":[0,0],"cNewPos":[0,1],"cWhen":1.5300023313691945e9,"tag":"Change","cFrom":[0,0],"cText":["f"],"cRemoved":[""]}

{"cOrigin":"+input","cTo":[0,1],"cNewPos":[0,2],"cWhen":1.530002331553097e9,"tag":"Change","cFrom":[0,1],"cText":["a"],"cRemoved":[""]}

{"cOrigin":"+input","cTo":[0,2],"cNewPos":[0,3],"cWhen":1.5300023323850014e9,"tag":"Change","cFrom":[0,2],"cText":["s"],"cRemoved":[""]}

{"cOrigin":"+input","cTo":[0,3],"cNewPos":[0,4],"cWhen":1.5300023328569028e9,"tag":"Change","cFrom":[0,3],"cText":["t"],"cRemoved":[""]}

{"cOrigin":"+input","cTo":[0,4],"cNewPos":[0,5],"cWhen":1.5300023331049914e9,"tag":"Change","cFrom":[0,4],"cText":["e"],"cRemoved":[""]}

{"cOrigin":"+input","cTo":[0,5],"cNewPos":[0,6],"cWhen":1.5300023333208337e9,"tag":"Change","cFrom":[0,5],"cText":["r"],"cRemoved":[""]}

{"cWhen":1.5300023340742257e9,"tag":"Eval","cAll":true}

{"cOrigin":"+delete","cTo":[0,6],"cNewPos":[0,5],"cWhen":1.5300023354003901e9,"tag":"Change","cFrom":[0,5],"cText":[""],"cRemoved":["r"]}

{"cOrigin":"+delete","cTo":[0,5],"cNewPos":[0,4],"cWhen":1.5300023356520343e9,"tag":"Change","cFrom":[0,4],"cText":[""],"cRemoved":["e"]}

{"cOrigin":"+delete","cTo":[0,4],"cNewPos":[0,3],"cWhen":1.5300023357020433e9,"tag":"Change","cFrom":[0,3],"cText":[""],"cRemoved":["t"]}

{"cOrigin":"+delete","cTo":[0,3],"cNewPos":[0,2],"cWhen":1.5300023357520444e9,"tag":"Change","cFrom":[0,2],"cText":[""],"cRemoved":["s"]}

{"cOrigin":"+delete","cTo":[0,2],"cNewPos":[0,1],"cWhen":1.5300023358019962e9,"tag":"Change","cFrom":[0,1],"cText":[""],"cRemoved":["a"]}

{"cOrigin":"+delete","cTo":[0,1],"cNewPos":[0,0],"cWhen":1.5300023358521144e9,"tag":"Change","cFrom":[0,0],"cText":[""],"cRemoved":["f"]}

{"cOrigin":"+input","cTo":[0,0],"cNewPos":[0,1],"cWhen":1.530002337213242e9,"tag":"Change","cFrom":[0,0],"cText":["s"],"cRemoved":[""]}

{"cOrigin":"+input","cTo":[0,1],"cNewPos":[0,2],"cWhen":1.5300023375525398e9,"tag":"Change","cFrom":[0,1],"cText":["l"],"cRemoved":[""]}

{"cOrigin":"+input","cTo":[0,2],"cNewPos":[0,3],"cWhen":1.530002337760647e9,"tag":"Change","cFrom":[0,2],"cText":["o"],"cRemoved":[""]}

{"cOrigin":"+input","cTo":[0,3],"cNewPos":[0,4],"cWhen":1.5300023380726104e9,"tag":"Change","cFrom":[0,3],"cText":["w"],"cRemoved":[""]}

{"cOrigin":"+input","cTo":[0,4],"cNewPos":[0,5],"cWhen":1.53000233831262e9,"tag":"Change","cFrom":[0,4],"cText":["e"],"cRemoved":[""]}

{"cOrigin":"+input","cTo":[0,5],"cNewPos":[0,6],"cWhen":1.5300023385367417e9,"tag":"Change","cFrom":[0,5],"cText":["r"],"cRemoved":[""]}

{"cWhen":1.530002339666555e9,"tag":"Eval","cAll":true}

{"cOrigin":"+delete","cTo":[0,6],"cNewPos":[0,5],"cWhen":1.5300023407450845e9,"tag":"Change","cFrom":[0,5],"cText":[""],"cRemoved":["r"]}

{"cOrigin":"+delete","cTo":[0,5],"cNewPos":[0,4],"cWhen":1.53000234100221e9,"tag":"Change","cFrom":[0,4],"cText":[""],"cRemoved":["e"]}

{"cOrigin":"+delete","cTo":[0,4],"cNewPos":[0,3],"cWhen":1.5300023410521188e9,"tag":"Change","cFrom":[0,3],"cText":[""],"cRemoved":["w"]}

{"cOrigin":"+delete","cTo":[0,3],"cNewPos":[0,2],"cWhen":1.530002341102104e9,"tag":"Change","cFrom":[0,2],"cText":[""],"cRemoved":["o"]}

{"cOrigin":"+delete","cTo":[0,2],"cNewPos":[0,1],"cWhen":1.5300023411521435e9,"tag":"Change","cFrom":[0,1],"cText":[""],"cRemoved":["l"]}

{"cOrigin":"+delete","cTo":[0,1],"cNewPos":[0,0],"cWhen":1.53000234120211e9,"tag":"Change","cFrom":[0,0],"cText":[""],"cRemoved":["s"]}

{"cOrigin":"+input","cTo":[0,0],"cNewPos":[0,1],"cWhen":1.530002343810698e9,"tag":"Change","cFrom":[0,0],"cText":["f"],"cRemoved":[""]}

{"cOrigin":"+input","cTo":[0,1],"cNewPos":[0,2],"cWhen":1.5300023440267937e9,"tag":"Change","cFrom":[0,1],"cText":["a"],"cRemoved":[""]}

{"cOrigin":"+input","cTo":[0,2],"cNewPos":[0,3],"cWhen":1.5300023444191175e9,"tag":"Change","cFrom":[0,2],"cText":["s"],"cRemoved":[""]}

{"cOrigin":"+input","cTo":[0,3],"cNewPos":[0,4],"cWhen":1.530002344939253e9,"tag":"Change","cFrom":[0,3],"cText":["t"],"cRemoved":[""]}

{"cOrigin":"+input","cTo":[0,4],"cNewPos":[0,5],"cWhen":1.530002345147514e9,"tag":"Change","cFrom":[0,4],"cText":["e"],"cRemoved":[""]}

{"cOrigin":"+input","cTo":[0,5],"cNewPos":[0,6],"cWhen":1.5300023453714666e9,"tag":"Change","cFrom":[0,5],"cText":["r"],"cRemoved":[""]}

{"cWhen":1.530002350399818e9,"tag":"Eval","cAll":true}

{"cXWarp":7,"cNewPos":[0,7],"cWhen":1.5300023546079323e9,"tag":"Move"}

{"cXWarp":8,"cNewPos":[0,8],"cWhen":1.5300023548621366e9,"tag":"Move"}

{"cXWarp":9,"cNewPos":[0,9],"cWhen":1.5300023549122214e9,"tag":"Move"}

{"cXWarp":10,"cNewPos":[0,10],"cWhen":1.5300023549621563e9,"tag":"Move"}

{"cXWarp":11,"cNewPos":[0,11],"cWhen":1.5300023550122597e9,"tag":"Move"}

{"cXWarp":12,"cNewPos":[0,12],"cWhen":1.530002355062101e9,"tag":"Move"}

{"cXWarp":13,"cNewPos":[0,13],"cWhen":1.5300023551120973e9,"tag":"Move"}

{"cXWarp":14,"cNewPos":[0,14],"cWhen":1.5300023551620586e9,"tag":"Move"}

{"cXWarp":15,"cNewPos":[0,15],"cWhen":1.5300023552120922e9,"tag":"Move"}

{"cXWarp":16,"cNewPos":[0,16],"cWhen":1.5300023552621062e9,"tag":"Move"}

{"cXWarp":17,"cNewPos":[0,17],"cWhen":1.5300023553121839e9,"tag":"Move"}

{"cXWarp":18,"cNewPos":[0,18],"cWhen":1.5300023553621085e9,"tag":"Move"}

{"cXWarp":19,"cNewPos":[0,19],"cWhen":1.5300023554120803e9,"tag":"Move"}

{"cXWarp":20,"cNewPos":[0,20],"cWhen":1.530002355462091e9,"tag":"Move"}

{"cXWarp":21,"cNewPos":[0,21],"cWhen":1.5300023555121188e9,"tag":"Move"}

{"cXWarp":22,"cNewPos":[0,22],"cWhen":1.5300023555621102e9,"tag":"Move"}

{"cXWarp":23,"cNewPos":[0,23],"cWhen":1.5300023556121218e9,"tag":"Move"}

{"cXWarp":24,"cNewPos":[0,24],"cWhen":1.5300023556621118e9,"tag":"Move"}

{"cXWarp":25,"cNewPos":[0,25],"cWhen":1.5300023557121518e9,"tag":"Move"}

{"cXWarp":26,"cNewPos":[0,26],"cWhen":1.5300023557620938e9,"tag":"Move"}

{"cXWarp":27,"cNewPos":[0,27],"cWhen":1.5300023558120794e9,"tag":"Move"}

{"cXWarp":28,"cNewPos":[0,28],"cWhen":1.530002355864805e9,"tag":"Move"}

{"cXWarp":29,"cNewPos":[0,29],"cWhen":1.5300023559121478e9,"tag":"Move"}

{"cXWarp":30,"cNewPos":[0,30],"cWhen":1.5300023559621258e9,"tag":"Move"}

{"cXWarp":31,"cNewPos":[0,31],"cWhen":1.530002356012101e9,"tag":"Move"}

{"cXWarp":32,"cNewPos":[0,32],"cWhen":1.530002356062133e9,"tag":"Move"}

{"cXWarp":33,"cNewPos":[0,33],"cWhen":1.5300023561121113e9,"tag":"Move"}

{"cXWarp":34,"cNewPos":[0,34],"cWhen":1.530002356162144e9,"tag":"Move"}

{"cXWarp":35,"cNewPos":[0,35],"cWhen":1.5300023562121418e9,"tag":"Move"}

{"cXWarp":36,"cNewPos":[0,36],"cWhen":1.5300023562621622e9,"tag":"Move"}

{"cXWarp":37,"cNewPos":[0,37],"cWhen":1.5300023563122032e9,"tag":"Move"}

{"cXWarp":38,"cNewPos":[0,38],"cWhen":1.5300023563621476e9,"tag":"Move"}

{"cXWarp":39,"cNewPos":[0,39],"cWhen":1.5300023564121127e9,"tag":"Move"}

{"cXWarp":40,"cNewPos":[0,40],"cWhen":1.5300023564621615e9,"tag":"Move"}

{"cXWarp":41,"cNewPos":[0,41],"cWhen":1.5300023565121524e9,"tag":"Move"}

{"cXWarp":42,"cNewPos":[0,42],"cWhen":1.5300023565621536e9,"tag":"Move"}

{"cXWarp":43,"cNewPos":[0,43],"cWhen":1.5300023566121492e9,"tag":"Move"}

{"cXWarp":44,"cNewPos":[0,44],"cWhen":1.5300023566621666e9,"tag":"Move"}

{"cXWarp":45,"cNewPos":[0,45],"cWhen":1.5300023567121606e9,"tag":"Move"}

{"cXWarp":46,"cNewPos":[0,46],"cWhen":1.530002356985239e9,"tag":"Move"}

{"cXWarp":47,"cNewPos":[0,47],"cWhen":1.5300023572332776e9,"tag":"Move"}

{"cXWarp":48,"cNewPos":[0,48],"cWhen":1.5300023576094403e9,"tag":"Move"}

{"cOrigin":"+input","cTo":[0,48],"cNewPos":[0,49],"cWhen":1.530002360354997e9,"tag":"Change","cFrom":[0,48],"cText":["*"],"cRemoved":[""]}

{"cOrigin":"+input","cTo":[0,49],"cNewPos":[0,50],"cWhen":1.5300023628283293e9,"tag":"Change","cFrom":[0,49],"cText":["9"],"cRemoved":[""]}

{"cWhen":1.5300023649429588e9,"tag":"Eval","cAll":true}

{"cXWarp":49,"cNewPos":[0,49],"cWhen":1.5300023758824017e9,"tag":"Move"}

{"cXWarp":48,"cNewPos":[0,48],"cWhen":1.530002376098511e9,"tag":"Move"}

{"cXWarp":47,"cNewPos":[0,47],"cWhen":1.530002376354764e9,"tag":"Move"}

{"cXWarp":46,"cNewPos":[0,46],"cWhen":1.530002376594866e9,"tag":"Move"}

{"cXWarp":45,"cNewPos":[0,45],"cWhen":1.5300023769230304e9,"tag":"Move"}

{"cOrigin":"+input","cTo":[0,45],"cNewPos":[0,46],"cWhen":1.530002378948103e9,"tag":"Change","cFrom":[0,45],"cText":["*"],"cRemoved":[""]}

{"cOrigin":"+input","cTo":[0,46],"cNewPos":[0,47],"cWhen":1.5300023802848365e9,"tag":"Change","cFrom":[0,46],"cText":["9"],"cRemoved":[""]}

{"cWhen":1.5300023824870296e9,"tag":"Eval","cAll":true}

{"cXWarp":46,"cNewPos":[0,46],"cWhen":1.530002389465204e9,"tag":"Move"}

{"cXWarp":45,"cNewPos":[0,45],"cWhen":1.5300023897774274e9,"tag":"Move"}

{"cXWarp":44,"cNewPos":[0,44],"cWhen":1.5300023900414872e9,"tag":"Move"}

{"cXWarp":43,"cNewPos":[0,43],"cWhen":1.5300023903456435e9,"tag":"Move"}

{"cXWarp":42,"cNewPos":[0,42],"cWhen":1.5300023906577818e9,"tag":"Move"}

{"cOrigin":"+input","cTo":[0,42],"cNewPos":[0,43],"cWhen":1.530002392386777e9,"tag":"Change","cFrom":[0,42],"cText":["*"],"cRemoved":[""]}

{"cOrigin":"+input","cTo":[0,43],"cNewPos":[0,44],"cWhen":1.5300023928110642e9,"tag":"Change","cFrom":[0,43],"cText":["9"],"cRemoved":[""]}

{"cWhen":1.5300023943966255e9,"tag":"Eval","cAll":true}

{"cXWarp":43,"cNewPos":[0,43],"cWhen":1.5300023963007312e9,"tag":"Move"}

{"cXWarp":42,"cNewPos":[0,42],"cWhen":1.5300023967249322e9,"tag":"Move"}

{"cXWarp":41,"cNewPos":[0,41],"cWhen":1.5300023971010268e9,"tag":"Move"}

{"cXWarp":40,"cNewPos":[0,40],"cWhen":1.5300023974052794e9,"tag":"Move"}

{"cXWarp":39,"cNewPos":[0,39],"cWhen":1.5300023977254896e9,"tag":"Move"}

{"cOrigin":"+input","cTo":[0,39],"cNewPos":[0,40],"cWhen":1.5300024002388034e9,"tag":"Change","cFrom":[0,39],"cText":["*"],"cRemoved":[""]}

{"cOrigin":"+input","cTo":[0,40],"cNewPos":[0,41],"cWhen":1.53000240051089e9,"tag":"Change","cFrom":[0,40],"cText":["9"],"cRemoved":[""]}

{"cWhen":1.530002401920325e9,"tag":"Eval","cAll":true}

{"cXWarp":40,"cNewPos":[0,40],"cWhen":1.5300024031794543e9,"tag":"Move"}

{"cXWarp":39,"cNewPos":[0,39],"cWhen":1.5300024034482946e9,"tag":"Move"}

{"cXWarp":38,"cNewPos":[0,38],"cWhen":1.5300024036883152e9,"tag":"Move"}

{"cXWarp":37,"cNewPos":[0,37],"cWhen":1.530002403928539e9,"tag":"Move"}

{"cXWarp":36,"cNewPos":[0,36],"cWhen":1.5300024041686206e9,"tag":"Move"}

{"cOrigin":"+input","cTo":[0,36],"cNewPos":[0,37],"cWhen":1.530002406225801e9,"tag":"Change","cFrom":[0,36],"cText":["*"],"cRemoved":[""]}

{"cOrigin":"+input","cTo":[0,37],"cNewPos":[0,38],"cWhen":1.5300024067379615e9,"tag":"Change","cFrom":[0,37],"cText":["9"],"cRemoved":[""]}

{"cWhen":1.5300024080758717e9,"tag":"Eval","cAll":true}

{"cWhen":1.5300024390269465e9,"tag":"Eval","cAll":true}

{"cXWarp":37,"cNewPos":[0,37],"cWhen":1.530002440258592e9,"tag":"Move"}

{"cXWarp":36,"cNewPos":[0,36],"cWhen":1.5300024404990788e9,"tag":"Move"}

{"cXWarp":35,"cNewPos":[0,35],"cWhen":1.530002441003075e9,"tag":"Move"}

{"cXWarp":34,"cNewPos":[0,34],"cWhen":1.5300024413074439e9,"tag":"Move"}

{"cXWarp":33,"cNewPos":[0,33],"cWhen":1.5300024415791643e9,"tag":"Move"}

{"cOrigin":"+input","cTo":[0,33],"cNewPos":[0,34],"cWhen":1.5300024440044737e9,"tag":"Change","cFrom":[0,33],"cText":["*"],"cRemoved":[""]}

{"cOrigin":"+input","cTo":[0,34],"cNewPos":[0,35],"cWhen":1.5300024444048345e9,"tag":"Change","cFrom":[0,34],"cText":["9"],"cRemoved":[""]}

{"cWhen":1.5300024473353877e9,"tag":"Eval","cAll":true}

{"cXWarp":34,"cNewPos":[0,34],"cWhen":1.5300024491509788e9,"tag":"Move"}

{"cXWarp":33,"cNewPos":[0,33],"cWhen":1.5300024494070888e9,"tag":"Move"}

{"cXWarp":32,"cNewPos":[0,32],"cWhen":1.530002449663335e9,"tag":"Move"}

{"cXWarp":31,"cNewPos":[0,31],"cWhen":1.5300024499203913e9,"tag":"Move"}

{"cXWarp":30,"cNewPos":[0,30],"cWhen":1.5300024501995924e9,"tag":"Move"}

{"cOrigin":"+input","cTo":[0,30],"cNewPos":[0,31],"cWhen":1.5300024522567165e9,"tag":"Change","cFrom":[0,30],"cText":["*"],"cRemoved":[""]}

{"cOrigin":"+input","cTo":[0,31],"cNewPos":[0,32],"cWhen":1.530002452576763e9,"tag":"Change","cFrom":[0,31],"cText":["9"],"cRemoved":[""]}

{"cWhen":1.5300024542505405e9,"tag":"Eval","cAll":true}

{"cXWarp":31,"cNewPos":[0,31],"cWhen":1.5300024550340407e9,"tag":"Move"}

{"cXWarp":30,"cNewPos":[0,30],"cWhen":1.5300024553621972e9,"tag":"Move"}

{"cXWarp":29,"cNewPos":[0,29],"cWhen":1.5300024556101801e9,"tag":"Move"}

{"cXWarp":28,"cNewPos":[0,28],"cWhen":1.5300024558984642e9,"tag":"Move"}

{"cXWarp":27,"cNewPos":[0,27],"cWhen":1.5300024561785803e9,"tag":"Move"}

{"cOrigin":"+input","cTo":[0,27],"cNewPos":[0,28],"cWhen":1.5300024578755395e9,"tag":"Change","cFrom":[0,27],"cText":["*"],"cRemoved":[""]}

{"cOrigin":"+input","cTo":[0,28],"cNewPos":[0,29],"cWhen":1.530002458852493e9,"tag":"Change","cFrom":[0,28],"cText":["3"],"cRemoved":[""]}

{"cWhen":1.5300024618065095e9,"tag":"Eval","cAll":true}

{"cXWarp":28,"cNewPos":[0,28],"cWhen":1.5300024673840172e9,"tag":"Move"}

{"cXWarp":27,"cNewPos":[0,27],"cWhen":1.5300024677282639e9,"tag":"Move"}

{"cXWarp":26,"cNewPos":[0,26],"cWhen":1.530002468064423e9,"tag":"Move"}

{"cXWarp":25,"cNewPos":[0,25],"cWhen":1.530002468384372e9,"tag":"Move"}

{"cXWarp":24,"cNewPos":[0,24],"cWhen":1.530002468824741e9,"tag":"Move"}

{"cOrigin":"+input","cTo":[0,24],"cNewPos":[0,25],"cWhen":1.5300024707294388e9,"tag":"Change","cFrom":[0,24],"cText":["*"],"cRemoved":[""]}

{"cOrigin":"+input","cTo":[0,25],"cNewPos":[0,26],"cWhen":1.5300024725141582e9,"tag":"Change","cFrom":[0,25],"cText":["3"],"cRemoved":[""]}

{"cWhen":1.5300024734272501e9,"tag":"Eval","cAll":true}

{"cXWarp":25,"cNewPos":[0,25],"cWhen":1.5300024842605982e9,"tag":"Move"}

{"cXWarp":24,"cNewPos":[0,24],"cWhen":1.5300024844526124e9,"tag":"Move"}

{"cXWarp":23,"cNewPos":[0,23],"cWhen":1.5300024846366487e9,"tag":"Move"}

{"cXWarp":22,"cNewPos":[0,22],"cWhen":1.530002484828595e9,"tag":"Move"}

{"cXWarp":21,"cNewPos":[0,21],"cWhen":1.5300024850127037e9,"tag":"Move"}

{"cXWarp":20,"cNewPos":[0,20],"cWhen":1.5300024851486294e9,"tag":"Move"}

{"cXWarp":19,"cNewPos":[0,19],"cWhen":1.5300024854020228e9,"tag":"Move"}

{"cXWarp":18,"cNewPos":[0,18],"cWhen":1.5300024854520752e9,"tag":"Move"}

{"cXWarp":17,"cNewPos":[0,17],"cWhen":1.5300024855048852e9,"tag":"Move"}

{"cXWarp":16,"cNewPos":[0,16],"cWhen":1.530002485552351e9,"tag":"Move"}

{"cXWarp":15,"cNewPos":[0,15],"cWhen":1.5300024856023018e9,"tag":"Move"}

{"cXWarp":14,"cNewPos":[0,14],"cWhen":1.530002485652443e9,"tag":"Move"}

{"cXWarp":13,"cNewPos":[0,13],"cWhen":1.5300024857021027e9,"tag":"Move"}

{"cXWarp":12,"cNewPos":[0,12],"cWhen":1.5300024857521124e9,"tag":"Move"}

{"cXWarp":11,"cNewPos":[0,11],"cWhen":1.5300024858020976e9,"tag":"Move"}

{"cXWarp":10,"cNewPos":[0,10],"cWhen":1.5300024858521352e9,"tag":"Move"}

{"cXWarp":9,"cNewPos":[0,9],"cWhen":1.5300024859121006e9,"tag":"Move"}

{"cXWarp":8,"cNewPos":[0,8],"cWhen":1.5300024861328268e9,"tag":"Move"}

{"cXWarp":7,"cNewPos":[0,7],"cWhen":1.5300024863968606e9,"tag":"Move"}

{"cXWarp":6,"cNewPos":[0,6],"cWhen":1.5300024869889736e9,"tag":"Move"}

{"cOrigin":"+delete","cTo":[0,6],"cNewPos":[0,5],"cWhen":1.5300024878290477e9,"tag":"Change","cFrom":[0,5],"cText":[""],"cRemoved":["r"]}

{"cOrigin":"+delete","cTo":[0,5],"cNewPos":[0,4],"cWhen":1.5300024881892366e9,"tag":"Change","cFrom":[0,4],"cText":[""],"cRemoved":["e"]}

{"cOrigin":"+delete","cTo":[0,4],"cNewPos":[0,3],"cWhen":1.5300024884691443e9,"tag":"Change","cFrom":[0,3],"cText":[""],"cRemoved":["t"]}

{"cOrigin":"+delete","cTo":[0,3],"cNewPos":[0,2],"cWhen":1.5300024887504642e9,"tag":"Change","cFrom":[0,2],"cText":[""],"cRemoved":["s"]}

{"cOrigin":"+delete","cTo":[0,2],"cNewPos":[0,1],"cWhen":1.5300024890292108e9,"tag":"Change","cFrom":[0,1],"cText":[""],"cRemoved":["a"]}

{"cOrigin":"+delete","cTo":[0,1],"cNewPos":[0,0],"cWhen":1.5300024894612339e9,"tag":"Change","cFrom":[0,0],"cText":[""],"cRemoved":["f"]}

{"cOrigin":"+input","cTo":[0,0],"cNewPos":[0,1],"cWhen":1.5300024905015488e9,"tag":"Change","cFrom":[0,0],"cText":["s"],"cRemoved":[""]}

{"cOrigin":"+input","cTo":[0,1],"cNewPos":[0,2],"cWhen":1.530002490886643e9,"tag":"Change","cFrom":[0,1],"cText":["l"],"cRemoved":[""]}

{"cOrigin":"+input","cTo":[0,2],"cNewPos":[0,3],"cWhen":1.530002491101701e9,"tag":"Change","cFrom":[0,2],"cText":["o"],"cRemoved":[""]}

{"cOrigin":"+input","cTo":[0,3],"cNewPos":[0,4],"cWhen":1.5300024919978056e9,"tag":"Change","cFrom":[0,3],"cText":["w"],"cRemoved":[""]}

{"cOrigin":"+input","cTo":[0,4],"cNewPos":[0,5],"cWhen":1.5300024922537458e9,"tag":"Change","cFrom":[0,4],"cText":["e"],"cRemoved":[""]}

{"cOrigin":"+input","cTo":[0,5],"cNewPos":[0,6],"cWhen":1.5300024925019171e9,"tag":"Change","cFrom":[0,5],"cText":["r"],"cRemoved":[""]}

{"cWhen":1.530002494950967e9,"tag":"Eval","cAll":true}

{"cXWarp":7,"cNewPos":[0,7],"cWhen":1.5300025083033278e9,"tag":"Move"}

{"cXWarp":8,"cNewPos":[0,8],"cWhen":1.5300025086471488e9,"tag":"Move"}

{"cXWarp":9,"cNewPos":[0,9],"cWhen":1.530002508991167e9,"tag":"Move"}

{"cOrigin":"+input","cTo":[0,9],"cNewPos":[0,10],"cWhen":1.530002510759328e9,"tag":"Change","cFrom":[0,9],"cText":["*"],"cRemoved":[""]}

{"cOrigin":"+input","cTo":[0,10],"cNewPos":[0,11],"cWhen":1.5300025110393097e9,"tag":"Change","cFrom":[0,10],"cText":["9"],"cRemoved":[""]}

{"cWhen":1.5300025124807851e9,"tag":"Eval","cAll":true}

{"cXWarp":12,"cNewPos":[0,12],"cWhen":1.5300025170635521e9,"tag":"Move"}

{"cXWarp":13,"cNewPos":[0,13],"cWhen":1.530002517447685e9,"tag":"Move"}

{"cXWarp":14,"cNewPos":[0,14],"cWhen":1.5300025178877227e9,"tag":"Move"}

{"cOrigin":"+input","cTo":[0,14],"cNewPos":[0,15],"cWhen":1.5300025202718987e9,"tag":"Change","cFrom":[0,14],"cText":["*"],"cRemoved":[""]}

{"cOrigin":"+input","cTo":[0,15],"cNewPos":[0,16],"cWhen":1.5300025205439808e9,"tag":"Change","cFrom":[0,15],"cText":["9"],"cRemoved":[""]}

{"cWhen":1.5300025222491102e9,"tag":"Eval","cAll":true}

{"cXWarp":17,"cNewPos":[0,17],"cWhen":1.530002524704097e9,"tag":"Move"}

{"cXWarp":18,"cNewPos":[0,18],"cWhen":1.5300025250400043e9,"tag":"Move"}

{"cXWarp":19,"cNewPos":[0,19],"cWhen":1.5300025258081546e9,"tag":"Move"}

{"cOrigin":"+input","cTo":[0,19],"cNewPos":[0,20],"cWhen":1.5300025292805517e9,"tag":"Change","cFrom":[0,19],"cText":["*"],"cRemoved":[""]}

{"cOrigin":"+input","cTo":[0,20],"cNewPos":[0,21],"cWhen":1.530002530440341e9,"tag":"Change","cFrom":[0,20],"cText":["9"],"cRemoved":[""]}

{"cWhen":1.5300025313375554e9,"tag":"Eval","cAll":true}

{"cXWarp":22,"cNewPos":[0,22],"cWhen":1.5300025340647235e9,"tag":"Move"}

{"cXWarp":23,"cNewPos":[0,23],"cWhen":1.5300025343764253e9,"tag":"Move"}

{"cXWarp":24,"cNewPos":[0,24],"cWhen":1.5300025347368662e9,"tag":"Move"}

{"cOrigin":"+input","cTo":[0,24],"cNewPos":[0,25],"cWhen":1.530002536352822e9,"tag":"Change","cFrom":[0,24],"cText":["*"],"cRemoved":[""]}

{"cOrigin":"+input","cTo":[0,25],"cNewPos":[0,26],"cWhen":1.5300025366887536e9,"tag":"Change","cFrom":[0,25],"cText":["9"],"cRemoved":[""]}

{"cWhen":1.5300025378577645e9,"tag":"Eval","cAll":true}

{"cXWarp":27,"cNewPos":[0,27],"cWhen":1.530002542176844e9,"tag":"Move"}

{"cXWarp":28,"cNewPos":[0,28],"cWhen":1.5300025425287504e9,"tag":"Move"}

{"cXWarp":29,"cNewPos":[0,29],"cWhen":1.530002543152781e9,"tag":"Move"}

{"cOrigin":"+input","cTo":[0,29],"cNewPos":[0,30],"cWhen":1.5300025450249398e9,"tag":"Change","cFrom":[0,29],"cText":["*"],"cRemoved":[""]}

{"cOrigin":"+input","cTo":[0,30],"cNewPos":[0,31],"cWhen":1.530002545425112e9,"tag":"Change","cFrom":[0,30],"cText":["9"],"cRemoved":[""]}

{"cWhen":1.530002546506223e9,"tag":"Eval","cAll":true}

{"cXWarp":30,"cNewPos":[0,30],"cWhen":1.5300025524047122e9,"tag":"Move"}

{"cXWarp":29,"cNewPos":[0,29],"cWhen":1.5300025526520202e9,"tag":"Move"}

{"cXWarp":28,"cNewPos":[0,28],"cWhen":1.5300025527020543e9,"tag":"Move"}

{"cXWarp":27,"cNewPos":[0,27],"cWhen":1.5300025527520292e9,"tag":"Move"}

{"cXWarp":26,"cNewPos":[0,26],"cWhen":1.5300025528020372e9,"tag":"Move"}

{"cXWarp":25,"cNewPos":[0,25],"cWhen":1.5300025528520184e9,"tag":"Move"}

{"cXWarp":24,"cNewPos":[0,24],"cWhen":1.5300025529020307e9,"tag":"Move"}

{"cXWarp":23,"cNewPos":[0,23],"cWhen":1.5300025529520123e9,"tag":"Move"}

{"cXWarp":22,"cNewPos":[0,22],"cWhen":1.5300025530021474e9,"tag":"Move"}

{"cXWarp":21,"cNewPos":[0,21],"cWhen":1.5300025530521567e9,"tag":"Move"}

{"cXWarp":20,"cNewPos":[0,20],"cWhen":1.530002553102018e9,"tag":"Move"}

{"cXWarp":19,"cNewPos":[0,19],"cWhen":1.5300025531520317e9,"tag":"Move"}

{"cXWarp":18,"cNewPos":[0,18],"cWhen":1.5300025532020304e9,"tag":"Move"}

{"cXWarp":17,"cNewPos":[0,17],"cWhen":1.5300025532520413e9,"tag":"Move"}

{"cXWarp":16,"cNewPos":[0,16],"cWhen":1.530002553302037e9,"tag":"Move"}

{"cXWarp":15,"cNewPos":[0,15],"cWhen":1.5300025533520231e9,"tag":"Move"}

{"cXWarp":14,"cNewPos":[0,14],"cWhen":1.5300025534020374e9,"tag":"Move"}

{"cXWarp":13,"cNewPos":[0,13],"cWhen":1.530002553452019e9,"tag":"Move"}

{"cXWarp":12,"cNewPos":[0,12],"cWhen":1.5300025535020316e9,"tag":"Move"}

{"cXWarp":11,"cNewPos":[0,11],"cWhen":1.5300025535520108e9,"tag":"Move"}

{"cXWarp":10,"cNewPos":[0,10],"cWhen":1.530002553602012e9,"tag":"Move"}

{"cXWarp":9,"cNewPos":[0,9],"cWhen":1.5300025536520088e9,"tag":"Move"}

{"cXWarp":8,"cNewPos":[0,8],"cWhen":1.5300025537020178e9,"tag":"Move"}

{"cXWarp":7,"cNewPos":[0,7],"cWhen":1.5300025537527285e9,"tag":"Move"}

{"cXWarp":6,"cNewPos":[0,6],"cWhen":1.530002553802027e9,"tag":"Move"}

{"cXWarp":5,"cNewPos":[0,5],"cWhen":1.5300025538520017e9,"tag":"Move"}

{"cXWarp":4,"cNewPos":[0,4],"cWhen":1.5300025539020185e9,"tag":"Move"}

{"cXWarp":5,"cNewPos":[0,5],"cWhen":1.5300025546892729e9,"tag":"Move"}

{"cXWarp":6,"cNewPos":[0,6],"cWhen":1.5300025551051865e9,"tag":"Move"}

{"cOrigin":"+delete","cTo":[0,6],"cNewPos":[0,5],"cWhen":1.5300025563293343e9,"tag":"Change","cFrom":[0,5],"cText":[""],"cRemoved":["r"]}

{"cOrigin":"+delete","cTo":[0,5],"cNewPos":[0,4],"cWhen":1.530002556465229e9,"tag":"Change","cFrom":[0,4],"cText":[""],"cRemoved":["e"]}

{"cOrigin":"+delete","cTo":[0,4],"cNewPos":[0,3],"cWhen":1.530002556609329e9,"tag":"Change","cFrom":[0,3],"cText":[""],"cRemoved":["w"]}

{"cOrigin":"+delete","cTo":[0,3],"cNewPos":[0,2],"cWhen":1.5300025567532308e9,"tag":"Change","cFrom":[0,2],"cText":[""],"cRemoved":["o"]}

{"cOrigin":"+delete","cTo":[0,2],"cNewPos":[0,1],"cWhen":1.5300025569293444e9,"tag":"Change","cFrom":[0,1],"cText":[""],"cRemoved":["l"]}

{"cOrigin":"+delete","cTo":[0,1],"cNewPos":[0,0],"cWhen":1.5300025570733607e9,"tag":"Change","cFrom":[0,0],"cText":[""],"cRemoved":["s"]}

{"cOrigin":"+input","cTo":[0,0],"cNewPos":[0,1],"cWhen":1.530002558241401e9,"tag":"Change","cFrom":[0,0],"cText":["f"],"cRemoved":[""]}

{"cOrigin":"+input","cTo":[0,1],"cNewPos":[0,2],"cWhen":1.5300025586815314e9,"tag":"Change","cFrom":[0,1],"cText":["a"],"cRemoved":[""]}

{"cOrigin":"+input","cTo":[0,2],"cNewPos":[0,3],"cWhen":1.5300025589615185e9,"tag":"Change","cFrom":[0,2],"cText":["s"],"cRemoved":[""]}

{"cOrigin":"+input","cTo":[0,3],"cNewPos":[0,4],"cWhen":1.5300025595454402e9,"tag":"Change","cFrom":[0,3],"cText":["t"],"cRemoved":[""]}

{"cOrigin":"+input","cTo":[0,4],"cNewPos":[0,5],"cWhen":1.530002559977452e9,"tag":"Change","cFrom":[0,4],"cText":["e"],"cRemoved":[""]}

{"cOrigin":"+input","cTo":[0,5],"cNewPos":[0,6],"cWhen":1.530002560233583e9,"tag":"Change","cFrom":[0,5],"cText":["r"],"cRemoved":[""]}

{"cWhen":1.5300025610983539e9,"tag":"Eval","cAll":true}

{"cXWarp":7,"cNewPos":[0,7],"cWhen":1.5300025767699206e9,"tag":"Move"}

{"cXWarp":8,"cNewPos":[0,8],"cWhen":1.5300025770247562e9,"tag":"Move"}

{"cXWarp":9,"cNewPos":[0,9],"cWhen":1.5300025770720682e9,"tag":"Move"}

{"cXWarp":10,"cNewPos":[0,10],"cWhen":1.5300025771220596e9,"tag":"Move"}

{"cXWarp":11,"cNewPos":[0,11],"cWhen":1.530002577172046e9,"tag":"Move"}

{"cXWarp":12,"cNewPos":[0,12],"cWhen":1.5300025772247329e9,"tag":"Move"}

{"cXWarp":13,"cNewPos":[0,13],"cWhen":1.5300025772720435e9,"tag":"Move"}

{"cXWarp":14,"cNewPos":[0,14],"cWhen":1.5300025773220615e9,"tag":"Move"}

{"cXWarp":15,"cNewPos":[0,15],"cWhen":1.5300025773720412e9,"tag":"Move"}

{"cXWarp":16,"cNewPos":[0,16],"cWhen":1.5300025774220657e9,"tag":"Move"}

{"cXWarp":17,"cNewPos":[0,17],"cWhen":1.53000257747205e9,"tag":"Move"}

{"cXWarp":18,"cNewPos":[0,18],"cWhen":1.5300025775220215e9,"tag":"Move"}

{"cXWarp":19,"cNewPos":[0,19],"cWhen":1.5300025775720303e9,"tag":"Move"}

{"cXWarp":20,"cNewPos":[0,20],"cWhen":1.5300025776220636e9,"tag":"Move"}

{"cXWarp":21,"cNewPos":[0,21],"cWhen":1.5300025776720493e9,"tag":"Move"}

{"cXWarp":22,"cNewPos":[0,22],"cWhen":1.5300025777220466e9,"tag":"Move"}

{"cXWarp":23,"cNewPos":[0,23],"cWhen":1.530002577772022e9,"tag":"Move"}

{"cXWarp":24,"cNewPos":[0,24],"cWhen":1.530002577822024e9,"tag":"Move"}

{"cXWarp":25,"cNewPos":[0,25],"cWhen":1.5300025778720365e9,"tag":"Move"}

{"cXWarp":26,"cNewPos":[0,26],"cWhen":1.530002577922053e9,"tag":"Move"}

{"cXWarp":27,"cNewPos":[0,27],"cWhen":1.5300025779720392e9,"tag":"Move"}

{"cXWarp":28,"cNewPos":[0,28],"cWhen":1.5300025780220332e9,"tag":"Move"}

{"cXWarp":29,"cNewPos":[0,29],"cWhen":1.5300025780720332e9,"tag":"Move"}

{"cXWarp":30,"cNewPos":[0,30],"cWhen":1.5300025781220367e9,"tag":"Move"}

{"cXWarp":31,"cNewPos":[0,31],"cWhen":1.5300025781761324e9,"tag":"Move"}

{"cXWarp":32,"cNewPos":[0,32],"cWhen":1.5300025782220283e9,"tag":"Move"}

{"cXWarp":33,"cNewPos":[0,33],"cWhen":1.5300025782720466e9,"tag":"Move"}

{"cXWarp":34,"cNewPos":[0,34],"cWhen":1.5300025783220484e9,"tag":"Move"}

{"cXWarp":35,"cNewPos":[0,35],"cWhen":1.5300025783731647e9,"tag":"Move"}

{"cXWarp":36,"cNewPos":[0,36],"cWhen":1.5300025784220328e9,"tag":"Move"}

{"cXWarp":37,"cNewPos":[0,37],"cWhen":1.5300025784720259e9,"tag":"Move"}

{"cXWarp":38,"cNewPos":[0,38],"cWhen":1.5300025785220194e9,"tag":"Move"}

{"cXWarp":39,"cNewPos":[0,39],"cWhen":1.5300025785753078e9,"tag":"Move"}

{"cXWarp":40,"cNewPos":[0,40],"cWhen":1.530002578622065e9,"tag":"Move"}

{"cXWarp":41,"cNewPos":[0,41],"cWhen":1.5300025786720405e9,"tag":"Move"}

{"cXWarp":42,"cNewPos":[0,42],"cWhen":1.5300025787220604e9,"tag":"Move"}

{"cXWarp":43,"cNewPos":[0,43],"cWhen":1.5300025787720454e9,"tag":"Move"}

{"cXWarp":44,"cNewPos":[0,44],"cWhen":1.530002578822013e9,"tag":"Move"}

{"cXWarp":45,"cNewPos":[0,45],"cWhen":1.53000257887204e9,"tag":"Move"}

{"cXWarp":46,"cNewPos":[0,46],"cWhen":1.5300025789220428e9,"tag":"Move"}

{"cXWarp":47,"cNewPos":[0,47],"cWhen":1.5300025789720447e9,"tag":"Move"}

{"cXWarp":48,"cNewPos":[0,48],"cWhen":1.5300025790220356e9,"tag":"Move"}

{"cXWarp":49,"cNewPos":[0,49],"cWhen":1.5300025790720494e9,"tag":"Move"}

{"cXWarp":50,"cNewPos":[0,50],"cWhen":1.530002579122052e9,"tag":"Move"}

{"cXWarp":51,"cNewPos":[0,51],"cWhen":1.5300025791720362e9,"tag":"Move"}

{"cXWarp":52,"cNewPos":[0,52],"cWhen":1.5300025792220426e9,"tag":"Move"}

{"cXWarp":53,"cNewPos":[0,53],"cWhen":1.5300025792720442e9,"tag":"Move"}

{"cXWarp":54,"cNewPos":[0,54],"cWhen":1.5300025793220475e9,"tag":"Move"}

{"cXWarp":55,"cNewPos":[0,55],"cWhen":1.530002579372024e9,"tag":"Move"}

{"cXWarp":56,"cNewPos":[0,56],"cWhen":1.5300025794220297e9,"tag":"Move"}

{"cXWarp":57,"cNewPos":[0,57],"cWhen":1.5300025794720201e9,"tag":"Move"}

{"cXWarp":58,"cNewPos":[0,58],"cWhen":1.5300025795247164e9,"tag":"Move"}

{"cXWarp":59,"cNewPos":[0,59],"cWhen":1.5300025795720851e9,"tag":"Move"}

{"cXWarp":60,"cNewPos":[0,60],"cWhen":1.5300025796220262e9,"tag":"Move"}

{"cXWarp":61,"cNewPos":[0,61],"cWhen":1.5300025796720185e9,"tag":"Move"}

{"cXWarp":62,"cNewPos":[0,62],"cWhen":1.5300025797220502e9,"tag":"Move"}

{"cXWarp":63,"cNewPos":[0,63],"cWhen":1.5300025797720187e9,"tag":"Move"}

{"cXWarp":64,"cNewPos":[0,64],"cWhen":1.5300025798220258e9,"tag":"Move"}

{"cXWarp":65,"cNewPos":[0,65],"cWhen":1.5300025798720312e9,"tag":"Move"}

{"cXWarp":66,"cNewPos":[0,66],"cWhen":1.5300025799220483e9,"tag":"Move"}

{"cXWarp":67,"cNewPos":[0,67],"cWhen":1.5300025799720252e9,"tag":"Move"}

{"cXWarp":68,"cNewPos":[0,68],"cWhen":1.530002580022061e9,"tag":"Move"}

{"cXWarp":69,"cNewPos":[0,69],"cWhen":1.5300025800720336e9,"tag":"Move"}

{"cXWarp":70,"cNewPos":[0,70],"cWhen":1.5300025801220355e9,"tag":"Move"}

{"cXWarp":71,"cNewPos":[0,71],"cWhen":1.5300025801720345e9,"tag":"Move"}

{"cXWarp":72,"cNewPos":[0,72],"cWhen":1.5300025802220385e9,"tag":"Move"}

{"cXWarp":73,"cNewPos":[0,73],"cWhen":1.5300025802720532e9,"tag":"Move"}

{"cXWarp":74,"cNewPos":[0,74],"cWhen":1.530002580322043e9,"tag":"Move"}

{"cXWarp":75,"cNewPos":[0,75],"cWhen":1.5300025803720295e9,"tag":"Move"}

{"cXWarp":76,"cNewPos":[0,76],"cWhen":1.5300025804220526e9,"tag":"Move"}

{"cXWarp":77,"cNewPos":[0,77],"cWhen":1.5300025804720397e9,"tag":"Move"}

{"cXWarp":76,"cNewPos":[0,76],"cWhen":1.5300025818579967e9,"tag":"Move"}

{"cXWarp":75,"cNewPos":[0,75],"cWhen":1.5300025837622643e9,"tag":"Move"}

{"cXWarp":74,"cNewPos":[0,74],"cWhen":1.5300025844100962e9,"tag":"Move"}

{"cXWarp":75,"cNewPos":[0,75],"cWhen":1.5300025852579887e9,"tag":"Move"}

{"cOrigin":"+delete","cTo":[0,75],"cNewPos":[0,74],"cWhen":1.5300025905860445e9,"tag":"Change","cFrom":[0,74],"cText":[""],"cRemoved":["*"]}

{"cOrigin":"+delete","cTo":[0,74],"cNewPos":[0,73],"cWhen":1.530002594386224e9,"tag":"Change","cFrom":[0,73],"cText":[""],"cRemoved":["i"]}

{"cXWarp":74,"cNewPos":[0,74],"cWhen":1.5300025959941988e9,"tag":"Move"}

{"cOrigin":"+delete","cTo":[0,74],"cNewPos":[0,73],"cWhen":1.5300025971860802e9,"tag":"Change","cFrom":[0,73],"cText":[""],"cRemoved":["9"]}

{"cOrigin":"+input","cTo":[0,73],"cNewPos":[0,74],"cWhen":1.5300025986820998e9,"tag":"Change","cFrom":[0,73],"cText":["i"],"cRemoved":[""]}

{"cOrigin":"+input","cTo":[0,74],"cNewPos":[0,75],"cWhen":1.5300026022657363e9,"tag":"Change","cFrom":[0,74],"cText":["*"],"cRemoved":[""]}

{"cOrigin":"+input","cTo":[0,75],"cNewPos":[0,76],"cWhen":1.5300026039563382e9,"tag":"Change","cFrom":[0,75],"cText":["1"],"cRemoved":[""]}

{"cOrigin":"+input","cTo":[0,76],"cNewPos":[0,77],"cWhen":1.5300026048093328e9,"tag":"Change","cFrom":[0,76],"cText":["0"],"cRemoved":[""]}

{"cOrigin":"+input","cTo":[0,77],"cNewPos":[0,78],"cWhen":1.5300026053852074e9,"tag":"Change","cFrom":[0,77],"cText":["0"],"cRemoved":[""]}

{"cWhen":1.5300026079780557e9,"tag":"Eval","cAll":true}

{"cOrigin":"+delete","cTo":[0,78],"cNewPos":[0,77],"cWhen":1.5300026277012246e9,"tag":"Change","cFrom":[0,77],"cText":[""],"cRemoved":["0"]}

{"cOrigin":"+delete","cTo":[0,77],"cNewPos":[0,76],"cWhen":1.5300026297262025e9,"tag":"Change","cFrom":[0,76],"cText":[""],"cRemoved":["0"]}

{"cOrigin":"+delete","cTo":[0,76],"cNewPos":[0,75],"cWhen":1.5300026326852407e9,"tag":"Change","cFrom":[0,75],"cText":[""],"cRemoved":["1"]}

{"cOrigin":"+input","cTo":[0,75],"cNewPos":[0,76],"cWhen":1.5300026368679192e9,"tag":"Change","cFrom":[0,75],"cText":["9"],"cRemoved":[""]}

{"cWhen":1.5300026376157286e9,"tag":"Eval","cAll":true}

{"cOrigin":"+delete","cTo":[0,76],"cNewPos":[0,75],"cWhen":1.5300026466743886e9,"tag":"Change","cFrom":[0,75],"cText":[""],"cRemoved":["9"]}

{"cOrigin":"+input","cTo":[0,75],"cNewPos":[0,76],"cWhen":1.5300026484821658e9,"tag":"Change","cFrom":[0,75],"cText":["4"],"cRemoved":[""]}

{"cWhen":1.530002649979009e9,"tag":"Eval","cAll":true}

{"cOrigin":"+input","cTo":[0,76],"cNewPos":[0,77],"cWhen":1.5300026536895058e9,"tag":"Change","cFrom":[0,76],"cText":["H"],"cRemoved":[""]}

{"cWhen":1.5300022558012562e9,"tag":"Change","cFrom":[0,0],"cText":["\""],"cRemoved":[""],"cOrigin":"+input","cTo":[0,0],"cNewPos":[0,1]}

{"cWhen":1.5300022584009562e9,"tag":"Change","cFrom":[0,1],"cText":["l"],"cRemoved":[""],"cOrigin":"+input","cTo":[0,1],"cNewPos":[0,2]}

{"cWhen":1.5300022585372505e9,"tag":"Change","cFrom":[0,2],"cText":["o"],"cRemoved":[""],"cOrigin":"+input","cTo":[0,2],"cNewPos":[0,3]}

{"cWhen":1.5300022598587453e9,"cAll":true,"tag":"Eval"}

{"cWhen":1.5300022634899192e9,"cAll":true,"tag":"Eval"}

{"cWhen":1.5300022667683082e9,"tag":"Change","cFrom":[0,3],"cText":[" "],"cRemoved":[""],"cOrigin":"+input","cTo":[0,3],"cNewPos":[0,4]}

{"cWhen":1.5300022671601868e9,"tag":"Change","cFrom":[0,4],"cText":["h"],"cRemoved":[""],"cOrigin":"+input","cTo":[0,4],"cNewPos":[0,5]}

{"cWhen":1.530002267880159e9,"tag":"Change","cFrom":[0,5],"cText":["i"],"cRemoved":[""],"cOrigin":"+input","cTo":[0,5],"cNewPos":[0,6]}

{"cWhen":1.5300022684720695e9,"tag":"Change","cFrom":[0,6],"cText":[" "],"cRemoved":[""],"cOrigin":"+input","cTo":[0,6],"cNewPos":[0,7]}

{"cWhen":1.5300022687281966e9,"tag":"Change","cFrom":[0,7],"cText":["l"],"cRemoved":[""],"cOrigin":"+input","cTo":[0,7],"cNewPos":[0,8]}

{"cWhen":1.5300022688801413e9,"tag":"Change","cFrom":[0,8],"cText":["o"],"cRemoved":[""],"cOrigin":"+input","cTo":[0,8],"cNewPos":[0,9]}

{"cWhen":1.5300022691039968e9,"tag":"Change","cFrom":[0,9],"cText":[" "],"cRemoved":[""],"cOrigin":"+input","cTo":[0,9],"cNewPos":[0,10]}

{"cWhen":1.5300022694560328e9,"tag":"Change","cFrom":[0,10],"cText":["h"],"cRemoved":[""],"cOrigin":"+input","cTo":[0,10],"cNewPos":[0,11]}

{"cWhen":1.530002269712024e9,"tag":"Change","cFrom":[0,11],"cText":["i"],"cRemoved":[""],"cOrigin":"+input","cTo":[0,11],"cNewPos":[0,12]}

{"cWhen":1.5300022700239491e9,"tag":"Change","cFrom":[0,12],"cText":[" "],"cRemoved":[""],"cOrigin":"+input","cTo":[0,12],"cNewPos":[0,13]}

{"cWhen":1.530002270239988e9,"tag":"Change","cFrom":[0,13],"cText":["l"],"cRemoved":[""],"cOrigin":"+input","cTo":[0,13],"cNewPos":[0,14]}

{"cWhen":1.5300022704879346e9,"tag":"Change","cFrom":[0,14],"cText":["o"],"cRemoved":[""],"cOrigin":"+input","cTo":[0,14],"cNewPos":[0,15]}

{"cWhen":1.5300022706958447e9,"tag":"Change","cFrom":[0,15],"cText":[" "],"cRemoved":[""],"cOrigin":"+input","cTo":[0,15],"cNewPos":[0,16]}

{"cWhen":1.5300022708957899e9,"tag":"Change","cFrom":[0,16],"cText":["h"],"cRemoved":[""],"cOrigin":"+input","cTo":[0,16],"cNewPos":[0,17]}

{"cWhen":1.5300022711519687e9,"tag":"Change","cFrom":[0,17],"cText":["i"],"cRemoved":[""],"cOrigin":"+input","cTo":[0,17],"cNewPos":[0,18]}

{"cWhen":1.5300022713838468e9,"tag":"Change","cFrom":[0,18],"cText":[" "],"cRemoved":[""],"cOrigin":"+input","cTo":[0,18],"cNewPos":[0,19]}

{"cWhen":1.5300022715837574e9,"tag":"Change","cFrom":[0,19],"cText":["l"],"cRemoved":[""],"cOrigin":"+input","cTo":[0,19],"cNewPos":[0,20]}

{"cWhen":1.5300022717997737e9,"tag":"Change","cFrom":[0,20],"cText":["o"],"cRemoved":[""],"cOrigin":"+input","cTo":[0,20],"cNewPos":[0,21]}

{"cWhen":1.5300022720719175e9,"tag":"Change","cFrom":[0,21],"cText":[" "],"cRemoved":[""],"cOrigin":"+input","cTo":[0,21],"cNewPos":[0,22]}

{"cWhen":1.5300022722477884e9,"tag":"Change","cFrom":[0,22],"cText":["h"],"cRemoved":[""],"cOrigin":"+input","cTo":[0,22],"cNewPos":[0,23]}

{"cWhen":1.5300022725197175e9,"tag":"Change","cFrom":[0,23],"cText":["i"],"cRemoved":[""],"cOrigin":"+input","cTo":[0,23],"cNewPos":[0,24]}

{"cWhen":1.5300022747513106e9,"tag":"Change","cFrom":[0,24],"cText":["\""],"cRemoved":[""],"cOrigin":"+input","cTo":[0,24],"cNewPos":[0,25]}

{"cWhen":1.5300022757287893e9,"cAll":true,"tag":"Eval"}

{"cWhen":1.5300022831103623e9,"tag":"Move","cXWarp":24,"cNewPos":[0,24]}

{"cWhen":1.5300022835264187e9,"tag":"Move","cXWarp":23,"cNewPos":[0,23]}

{"cWhen":1.5300022846061177e9,"tag":"Move","cXWarp":24,"cNewPos":[0,24]}

{"cWhen":1.5300022853581867e9,"tag":"Change","cFrom":[0,24],"cText":[" "],"cRemoved":[""],"cOrigin":"+input","cTo":[0,24],"cNewPos":[0,25]}

{"cWhen":1.5300022860702336e9,"tag":"Change","cFrom":[0,25],"cText":["l"],"cRemoved":[""],"cOrigin":"+input","cTo":[0,25],"cNewPos":[0,26]}

{"cWhen":1.5300022863340554e9,"tag":"Change","cFrom":[0,26],"cText":["o"],"cRemoved":[""],"cOrigin":"+input","cTo":[0,26],"cNewPos":[0,27]}

{"cWhen":1.5300022865743208e9,"tag":"Change","cFrom":[0,27],"cText":[" "],"cRemoved":[""],"cOrigin":"+input","cTo":[0,27],"cNewPos":[0,28]}

{"cWhen":1.5300022868622348e9,"tag":"Change","cFrom":[0,28],"cText":["h"],"cRemoved":[""],"cOrigin":"+input","cTo":[0,28],"cNewPos":[0,29]}

{"cWhen":1.5300022872222877e9,"tag":"Change","cFrom":[0,29],"cText":["i"],"cRemoved":[""],"cOrigin":"+input","cTo":[0,29],"cNewPos":[0,30]}

{"cWhen":1.5300022874541852e9,"tag":"Change","cFrom":[0,30],"cText":[" "],"cRemoved":[""],"cOrigin":"+input","cTo":[0,30],"cNewPos":[0,31]}

{"cWhen":1.5300022877661085e9,"tag":"Change","cFrom":[0,31],"cText":["l"],"cRemoved":[""],"cOrigin":"+input","cTo":[0,31],"cNewPos":[0,32]}

{"cWhen":1.5300022880380995e9,"tag":"Change","cFrom":[0,32],"cText":["o"],"cRemoved":[""],"cOrigin":"+input","cTo":[0,32],"cNewPos":[0,33]}

{"cWhen":1.5300022882620053e9,"tag":"Change","cFrom":[0,33],"cText":[" "],"cRemoved":[""],"cOrigin":"+input","cTo":[0,33],"cNewPos":[0,34]}

{"cWhen":1.530002288573952e9,"tag":"Change","cFrom":[0,34],"cText":["h"],"cRemoved":[""],"cOrigin":"+input","cTo":[0,34],"cNewPos":[0,35]}

{"cWhen":1.530002288837816e9,"tag":"Change","cFrom":[0,35],"cText":["i"],"cRemoved":[""],"cOrigin":"+input","cTo":[0,35],"cNewPos":[0,36]}

{"cWhen":1.5300022891019826e9,"tag":"Change","cFrom":[0,36],"cText":[" "],"cRemoved":[""],"cOrigin":"+input","cTo":[0,36],"cNewPos":[0,37]}

{"cWhen":1.530002289365871e9,"tag":"Change","cFrom":[0,37],"cText":["l"],"cRemoved":[""],"cOrigin":"+input","cTo":[0,37],"cNewPos":[0,38]}

{"cWhen":1.5300022896377335e9,"tag":"Change","cFrom":[0,38],"cText":["o"],"cRemoved":[""],"cOrigin":"+input","cTo":[0,38],"cNewPos":[0,39]}

{"cWhen":1.5300022899178753e9,"tag":"Change","cFrom":[0,39],"cText":["h"],"cRemoved":[""],"cOrigin":"+input","cTo":[0,39],"cNewPos":[0,40]}

{"cWhen":1.530002290893676e9,"tag":"Change","cFrom":[0,40],"cText":["i"],"cRemoved":[""],"cOrigin":"+input","cTo":[0,40],"cNewPos":[0,41]}

{"cWhen":1.53000229226942e9,"tag":"Move","cXWarp":40,"cNewPos":[0,40]}

{"cWhen":1.5300022925335202e9,"tag":"Move","cXWarp":39,"cNewPos":[0,39]}

{"cWhen":1.5300022953172617e9,"tag":"Change","cFrom":[0,39],"cText":[" "],"cRemoved":[""],"cOrigin":"+input","cTo":[0,39],"cNewPos":[0,40]}

{"cWhen":1.5300022978942604e9,"cAll":true,"tag":"Eval"}

{"cWhen":1.5300023032842665e9,"tag":"Move","cXWarp":39,"cNewPos":[0,39]}

{"cWhen":1.5300023035421798e9,"tag":"Move","cXWarp":38,"cNewPos":[0,38]}

{"cWhen":1.5300023035922346e9,"tag":"Move","cXWarp":37,"cNewPos":[0,37]}

{"cWhen":1.5300023036422153e9,"tag":"Move","cXWarp":36,"cNewPos":[0,36]}

{"cWhen":1.5300023036922333e9,"tag":"Move","cXWarp":35,"cNewPos":[0,35]}

{"cWhen":1.5300023037421947e9,"tag":"Move","cXWarp":34,"cNewPos":[0,34]}

{"cWhen":1.5300023037925792e9,"tag":"Move","cXWarp":33,"cNewPos":[0,33]}

{"cWhen":1.5300023038421855e9,"tag":"Move","cXWarp":32,"cNewPos":[0,32]}

{"cWhen":1.530002303892359e9,"tag":"Move","cXWarp":31,"cNewPos":[0,31]}

{"cWhen":1.5300023039421792e9,"tag":"Move","cXWarp":30,"cNewPos":[0,30]}

{"cWhen":1.530002303992182e9,"tag":"Move","cXWarp":29,"cNewPos":[0,29]}

{"cWhen":1.5300023040421531e9,"tag":"Move","cXWarp":28,"cNewPos":[0,28]}

{"cWhen":1.5300023040921626e9,"tag":"Move","cXWarp":27,"cNewPos":[0,27]}

{"cWhen":1.5300023041421785e9,"tag":"Move","cXWarp":26,"cNewPos":[0,26]}

{"cWhen":1.5300023041921463e9,"tag":"Move","cXWarp":25,"cNewPos":[0,25]}

{"cWhen":1.5300023042421656e9,"tag":"Move","cXWarp":24,"cNewPos":[0,24]}

{"cWhen":1.5300023042921717e9,"tag":"Move","cXWarp":23,"cNewPos":[0,23]}

{"cWhen":1.5300023043421805e9,"tag":"Move","cXWarp":22,"cNewPos":[0,22]}

{"cWhen":1.5300023043921537e9,"tag":"Move","cXWarp":21,"cNewPos":[0,21]}

{"cWhen":1.5300023044421504e9,"tag":"Move","cXWarp":20,"cNewPos":[0,20]}

{"cWhen":1.5300023044921362e9,"tag":"Move","cXWarp":19,"cNewPos":[0,19]}

{"cWhen":1.5300023045421665e9,"tag":"Move","cXWarp":18,"cNewPos":[0,18]}

{"cWhen":1.530002304592171e9,"tag":"Move","cXWarp":17,"cNewPos":[0,17]}

{"cWhen":1.5300023046421728e9,"tag":"Move","cXWarp":16,"cNewPos":[0,16]}

{"cWhen":1.5300023046921446e9,"tag":"Move","cXWarp":15,"cNewPos":[0,15]}

{"cWhen":1.5300023047421534e9,"tag":"Move","cXWarp":14,"cNewPos":[0,14]}

{"cWhen":1.5300023047921464e9,"tag":"Move","cXWarp":13,"cNewPos":[0,13]}

{"cWhen":1.5300023048421557e9,"tag":"Move","cXWarp":12,"cNewPos":[0,12]}

{"cWhen":1.5300023048921463e9,"tag":"Move","cXWarp":11,"cNewPos":[0,11]}

{"cWhen":1.5300023049421554e9,"tag":"Move","cXWarp":10,"cNewPos":[0,10]}

{"cWhen":1.5300023049921596e9,"tag":"Move","cXWarp":9,"cNewPos":[0,9]}

{"cWhen":1.5300023050421479e9,"tag":"Move","cXWarp":8,"cNewPos":[0,8]}

{"cWhen":1.5300023050921767e9,"tag":"Move","cXWarp":7,"cNewPos":[0,7]}

{"cWhen":1.530002305142149e9,"tag":"Move","cXWarp":6,"cNewPos":[0,6]}

{"cWhen":1.5300023051922033e9,"tag":"Move","cXWarp":5,"cNewPos":[0,5]}

{"cWhen":1.5300023052421799e9,"tag":"Move","cXWarp":4,"cNewPos":[0,4]}

{"cWhen":1.5300023052921865e9,"tag":"Move","cXWarp":3,"cNewPos":[0,3]}

{"cWhen":1.5300023053421736e9,"tag":"Move","cXWarp":2,"cNewPos":[0,2]}

{"cWhen":1.530002305392212e9,"tag":"Move","cXWarp":1,"cNewPos":[0,1]}

{"cWhen":1.5300023054421735e9,"tag":"Move","cXWarp":0,"cNewPos":[0,0]}

{"cWhen":1.5300023054921784e9,"tag":"Move","cXWarp":0,"cNewPos":[0,0]}

{"cWhen":1.5300023055421934e9,"tag":"Move","cXWarp":0,"cNewPos":[0,0]}

{"cWhen":1.5300023055922058e9,"tag":"Move","cXWarp":0,"cNewPos":[0,0]}

{"cWhen":1.5300023056422098e9,"tag":"Move","cXWarp":0,"cNewPos":[0,0]}

{"cWhen":1.5300023056921487e9,"tag":"Move","cXWarp":0,"cNewPos":[0,0]}

{"cWhen":1.5300023057421656e9,"tag":"Move","cXWarp":0,"cNewPos":[0,0]}

{"cWhen":1.5300023057921324e9,"tag":"Move","cXWarp":0,"cNewPos":[0,0]}

{"cWhen":1.5300023078678439e9,"tag":"Change","cFrom":[0,0],"cText":["f"],"cRemoved":[""],"cOrigin":"+input","cTo":[0,0],"cNewPos":[0,1]}

{"cWhen":1.5300023081238284e9,"tag":"Change","cFrom":[0,1],"cText":["a"],"cRemoved":[""],"cOrigin":"+input","cTo":[0,1],"cNewPos":[0,2]}

{"cWhen":1.5300023086837637e9,"tag":"Change","cFrom":[0,2],"cText":["r"],"cRemoved":[""],"cOrigin":"+input","cTo":[0,2],"cNewPos":[0,3]}

{"cWhen":1.5300023108992462e9,"tag":"Change","cFrom":[0,2],"cText":[""],"cRemoved":["r"],"cOrigin":"+delete","cTo":[0,3],"cNewPos":[0,2]}

{"cWhen":1.5300023120034614e9,"tag":"Change","cFrom":[0,2],"cText":["s"],"cRemoved":[""],"cOrigin":"+input","cTo":[0,2],"cNewPos":[0,3]}

{"cWhen":1.5300023123633077e9,"tag":"Change","cFrom":[0,3],"cText":["t"],"cRemoved":[""],"cOrigin":"+input","cTo":[0,3],"cNewPos":[0,4]}

{"cWhen":1.5300023126912506e9,"tag":"Change","cFrom":[0,4],"cText":["e"],"cRemoved":[""],"cOrigin":"+input","cTo":[0,4],"cNewPos":[0,5]}

{"cWhen":1.5300023129152381e9,"tag":"Change","cFrom":[0,5],"cText":["r"],"cRemoved":[""],"cOrigin":"+input","cTo":[0,5],"cNewPos":[0,6]}

{"cWhen":1.5300023138289046e9,"cAll":true,"tag":"Eval"}

{"cWhen":1.5300023186583622e9,"tag":"Change","cFrom":[0,5],"cText":[""],"cRemoved":["r"],"cOrigin":"+delete","cTo":[0,6],"cNewPos":[0,5]}

{"cWhen":1.5300023189463403e9,"tag":"Change","cFrom":[0,4],"cText":[""],"cRemoved":["e"],"cOrigin":"+delete","cTo":[0,5],"cNewPos":[0,4]}

{"cWhen":1.5300023192423158e9,"tag":"Change","cFrom":[0,3],"cText":[""],"cRemoved":["t"],"cOrigin":"+delete","cTo":[0,4],"cNewPos":[0,3]}

{"cWhen":1.5300023195542603e9,"tag":"Change","cFrom":[0,2],"cText":[""],"cRemoved":["s"],"cOrigin":"+delete","cTo":[0,3],"cNewPos":[0,2]}

{"cWhen":1.5300023198422532e9,"tag":"Change","cFrom":[0,1],"cText":[""],"cRemoved":["a"],"cOrigin":"+delete","cTo":[0,2],"cNewPos":[0,1]}

{"cWhen":1.5300023201463315e9,"tag":"Change","cFrom":[0,0],"cText":[""],"cRemoved":["f"],"cOrigin":"+delete","cTo":[0,1],"cNewPos":[0,0]}

{"cWhen":1.5300023209383016e9,"tag":"Change","cFrom":[0,0],"cText":["s"],"cRemoved":[""],"cOrigin":"+input","cTo":[0,0],"cNewPos":[0,1]}

{"cWhen":1.5300023214743543e9,"tag":"Change","cFrom":[0,1],"cText":["l"],"cRemoved":[""],"cOrigin":"+input","cTo":[0,1],"cNewPos":[0,2]}

{"cWhen":1.5300023217143316e9,"tag":"Change","cFrom":[0,2],"cText":["o"],"cRemoved":[""],"cOrigin":"+input","cTo":[0,2],"cNewPos":[0,3]}

{"cWhen":1.5300023222585912e9,"tag":"Change","cFrom":[0,3],"cText":["w"],"cRemoved":[""],"cOrigin":"+input","cTo":[0,3],"cNewPos":[0,4]}

{"cWhen":1.5300023225141695e9,"tag":"Change","cFrom":[0,4],"cText":["e"],"cRemoved":[""],"cOrigin":"+input","cTo":[0,4],"cNewPos":[0,5]}

{"cWhen":1.5300023227542276e9,"tag":"Change","cFrom":[0,5],"cText":["r"],"cRemoved":[""],"cOrigin":"+input","cTo":[0,5],"cNewPos":[0,6]}

{"cWhen":1.530002323755514e9,"cAll":true,"tag":"Eval"}

{"cWhen":1.5300023291532674e9,"tag":"Change","cFrom":[0,5],"cText":[""],"cRemoved":["r"],"cOrigin":"+delete","cTo":[0,6],"cNewPos":[0,5]}

{"cWhen":1.5300023293852065e9,"tag":"Change","cFrom":[0,4],"cText":[""],"cRemoved":["e"],"cOrigin":"+delete","cTo":[0,5],"cNewPos":[0,4]}

{"cWhen":1.5300023296171155e9,"tag":"Change","cFrom":[0,3],"cText":[""],"cRemoved":["w"],"cOrigin":"+delete","cTo":[0,4],"cNewPos":[0,3]}

{"cWhen":1.5300023298490922e9,"tag":"Change","cFrom":[0,2],"cText":[""],"cRemoved":["o"],"cOrigin":"+delete","cTo":[0,3],"cNewPos":[0,2]}

{"cWhen":1.5300023300730078e9,"tag":"Change","cFrom":[0,1],"cText":[""],"cRemoved":["l"],"cOrigin":"+delete","cTo":[0,2],"cNewPos":[0,1]}

{"cWhen":1.5300023303211293e9,"tag":"Change","cFrom":[0,0],"cText":[""],"cRemoved":["s"],"cOrigin":"+delete","cTo":[0,1],"cNewPos":[0,0]}

{"cWhen":1.5300023313691945e9,"tag":"Change","cFrom":[0,0],"cText":["f"],"cRemoved":[""],"cOrigin":"+input","cTo":[0,0],"cNewPos":[0,1]}

{"cWhen":1.530002331553097e9,"tag":"Change","cFrom":[0,1],"cText":["a"],"cRemoved":[""],"cOrigin":"+input","cTo":[0,1],"cNewPos":[0,2]}

{"cWhen":1.5300023323850014e9,"tag":"Change","cFrom":[0,2],"cText":["s"],"cRemoved":[""],"cOrigin":"+input","cTo":[0,2],"cNewPos":[0,3]}

{"cWhen":1.5300023328569028e9,"tag":"Change","cFrom":[0,3],"cText":["t"],"cRemoved":[""],"cOrigin":"+input","cTo":[0,3],"cNewPos":[0,4]}

{"cWhen":1.5300023331049914e9,"tag":"Change","cFrom":[0,4],"cText":["e"],"cRemoved":[""],"cOrigin":"+input","cTo":[0,4],"cNewPos":[0,5]}

{"cWhen":1.5300023333208337e9,"tag":"Change","cFrom":[0,5],"cText":["r"],"cRemoved":[""],"cOrigin":"+input","cTo":[0,5],"cNewPos":[0,6]}

{"cWhen":1.5300023340742257e9,"cAll":true,"tag":"Eval"}

{"cWhen":1.5300023354003901e9,"tag":"Change","cFrom":[0,5],"cText":[""],"cRemoved":["r"],"cOrigin":"+delete","cTo":[0,6],"cNewPos":[0,5]}

{"cWhen":1.5300023356520343e9,"tag":"Change","cFrom":[0,4],"cText":[""],"cRemoved":["e"],"cOrigin":"+delete","cTo":[0,5],"cNewPos":[0,4]}

{"cWhen":1.5300023357020433e9,"tag":"Change","cFrom":[0,3],"cText":[""],"cRemoved":["t"],"cOrigin":"+delete","cTo":[0,4],"cNewPos":[0,3]}

{"cWhen":1.5300023357520444e9,"tag":"Change","cFrom":[0,2],"cText":[""],"cRemoved":["s"],"cOrigin":"+delete","cTo":[0,3],"cNewPos":[0,2]}

{"cWhen":1.5300023358019962e9,"tag":"Change","cFrom":[0,1],"cText":[""],"cRemoved":["a"],"cOrigin":"+delete","cTo":[0,2],"cNewPos":[0,1]}

{"cWhen":1.5300023358521144e9,"tag":"Change","cFrom":[0,0],"cText":[""],"cRemoved":["f"],"cOrigin":"+delete","cTo":[0,1],"cNewPos":[0,0]}

{"cWhen":1.530002337213242e9,"tag":"Change","cFrom":[0,0],"cText":["s"],"cRemoved":[""],"cOrigin":"+input","cTo":[0,0],"cNewPos":[0,1]}

{"cWhen":1.5300023375525398e9,"tag":"Change","cFrom":[0,1],"cText":["l"],"cRemoved":[""],"cOrigin":"+input","cTo":[0,1],"cNewPos":[0,2]}

{"cWhen":1.530002337760647e9,"tag":"Change","cFrom":[0,2],"cText":["o"],"cRemoved":[""],"cOrigin":"+input","cTo":[0,2],"cNewPos":[0,3]}

{"cWhen":1.5300023380726104e9,"tag":"Change","cFrom":[0,3],"cText":["w"],"cRemoved":[""],"cOrigin":"+input","cTo":[0,3],"cNewPos":[0,4]}

{"cWhen":1.53000233831262e9,"tag":"Change","cFrom":[0,4],"cText":["e"],"cRemoved":[""],"cOrigin":"+input","cTo":[0,4],"cNewPos":[0,5]}

{"cWhen":1.5300023385367417e9,"tag":"Change","cFrom":[0,5],"cText":["r"],"cRemoved":[""],"cOrigin":"+input","cTo":[0,5],"cNewPos":[0,6]}

{"cWhen":1.530002339666555e9,"cAll":true,"tag":"Eval"}

{"cWhen":1.5300023407450845e9,"tag":"Change","cFrom":[0,5],"cText":[""],"cRemoved":["r"],"cOrigin":"+delete","cTo":[0,6],"cNewPos":[0,5]}

{"cWhen":1.53000234100221e9,"tag":"Change","cFrom":[0,4],"cText":[""],"cRemoved":["e"],"cOrigin":"+delete","cTo":[0,5],"cNewPos":[0,4]}

{"cWhen":1.5300023410521188e9,"tag":"Change","cFrom":[0,3],"cText":[""],"cRemoved":["w"],"cOrigin":"+delete","cTo":[0,4],"cNewPos":[0,3]}

{"cWhen":1.530002341102104e9,"tag":"Change","cFrom":[0,2],"cText":[""],"cRemoved":["o"],"cOrigin":"+delete","cTo":[0,3],"cNewPos":[0,2]}

{"cWhen":1.5300023411521435e9,"tag":"Change","cFrom":[0,1],"cText":[""],"cRemoved":["l"],"cOrigin":"+delete","cTo":[0,2],"cNewPos":[0,1]}

{"cWhen":1.53000234120211e9,"tag":"Change","cFrom":[0,0],"cText":[""],"cRemoved":["s"],"cOrigin":"+delete","cTo":[0,1],"cNewPos":[0,0]}

{"cWhen":1.530002343810698e9,"tag":"Change","cFrom":[0,0],"cText":["f"],"cRemoved":[""],"cOrigin":"+input","cTo":[0,0],"cNewPos":[0,1]}

{"cWhen":1.5300023440267937e9,"tag":"Change","cFrom":[0,1],"cText":["a"],"cRemoved":[""],"cOrigin":"+input","cTo":[0,1],"cNewPos":[0,2]}

{"cWhen":1.5300023444191175e9,"tag":"Change","cFrom":[0,2],"cText":["s"],"cRemoved":[""],"cOrigin":"+input","cTo":[0,2],"cNewPos":[0,3]}

{"cWhen":1.530002344939253e9,"tag":"Change","cFrom":[0,3],"cText":["t"],"cRemoved":[""],"cOrigin":"+input","cTo":[0,3],"cNewPos":[0,4]}

{"cWhen":1.530002345147514e9,"tag":"Change","cFrom":[0,4],"cText":["e"],"cRemoved":[""],"cOrigin":"+input","cTo":[0,4],"cNewPos":[0,5]}

{"cWhen":1.5300023453714666e9,"tag":"Change","cFrom":[0,5],"cText":["r"],"cRemoved":[""],"cOrigin":"+input","cTo":[0,5],"cNewPos":[0,6]}

{"cWhen":1.530002350399818e9,"cAll":true,"tag":"Eval"}

{"cWhen":1.5300023546079323e9,"tag":"Move","cXWarp":7,"cNewPos":[0,7]}

{"cWhen":1.5300023548621366e9,"tag":"Move","cXWarp":8,"cNewPos":[0,8]}

{"cWhen":1.5300023549122214e9,"tag":"Move","cXWarp":9,"cNewPos":[0,9]}

{"cWhen":1.5300023549621563e9,"tag":"Move","cXWarp":10,"cNewPos":[0,10]}

{"cWhen":1.5300023550122597e9,"tag":"Move","cXWarp":11,"cNewPos":[0,11]}

{"cWhen":1.530002355062101e9,"tag":"Move","cXWarp":12,"cNewPos":[0,12]}

{"cWhen":1.5300023551120973e9,"tag":"Move","cXWarp":13,"cNewPos":[0,13]}

{"cWhen":1.5300023551620586e9,"tag":"Move","cXWarp":14,"cNewPos":[0,14]}

{"cWhen":1.5300023552120922e9,"tag":"Move","cXWarp":15,"cNewPos":[0,15]}

{"cWhen":1.5300023552621062e9,"tag":"Move","cXWarp":16,"cNewPos":[0,16]}

{"cWhen":1.5300023553121839e9,"tag":"Move","cXWarp":17,"cNewPos":[0,17]}

{"cWhen":1.5300023553621085e9,"tag":"Move","cXWarp":18,"cNewPos":[0,18]}

{"cWhen":1.5300023554120803e9,"tag":"Move","cXWarp":19,"cNewPos":[0,19]}

{"cWhen":1.530002355462091e9,"tag":"Move","cXWarp":20,"cNewPos":[0,20]}

{"cWhen":1.5300023555121188e9,"tag":"Move","cXWarp":21,"cNewPos":[0,21]}

{"cWhen":1.5300023555621102e9,"tag":"Move","cXWarp":22,"cNewPos":[0,22]}

{"cWhen":1.5300023556121218e9,"tag":"Move","cXWarp":23,"cNewPos":[0,23]}

{"cWhen":1.5300023556621118e9,"tag":"Move","cXWarp":24,"cNewPos":[0,24]}

{"cWhen":1.5300023557121518e9,"tag":"Move","cXWarp":25,"cNewPos":[0,25]}

{"cWhen":1.5300023557620938e9,"tag":"Move","cXWarp":26,"cNewPos":[0,26]}

{"cWhen":1.5300023558120794e9,"tag":"Move","cXWarp":27,"cNewPos":[0,27]}

{"cWhen":1.530002355864805e9,"tag":"Move","cXWarp":28,"cNewPos":[0,28]}

{"cWhen":1.5300023559121478e9,"tag":"Move","cXWarp":29,"cNewPos":[0,29]}

{"cWhen":1.5300023559621258e9,"tag":"Move","cXWarp":30,"cNewPos":[0,30]}

{"cWhen":1.530002356012101e9,"tag":"Move","cXWarp":31,"cNewPos":[0,31]}

{"cWhen":1.530002356062133e9,"tag":"Move","cXWarp":32,"cNewPos":[0,32]}

{"cWhen":1.5300023561121113e9,"tag":"Move","cXWarp":33,"cNewPos":[0,33]}

{"cWhen":1.530002356162144e9,"tag":"Move","cXWarp":34,"cNewPos":[0,34]}

{"cWhen":1.5300023562121418e9,"tag":"Move","cXWarp":35,"cNewPos":[0,35]}

{"cWhen":1.5300023562621622e9,"tag":"Move","cXWarp":36,"cNewPos":[0,36]}

{"cWhen":1.5300023563122032e9,"tag":"Move","cXWarp":37,"cNewPos":[0,37]}

{"cWhen":1.5300023563621476e9,"tag":"Move","cXWarp":38,"cNewPos":[0,38]}

{"cWhen":1.5300023564121127e9,"tag":"Move","cXWarp":39,"cNewPos":[0,39]}

{"cWhen":1.5300023564621615e9,"tag":"Move","cXWarp":40,"cNewPos":[0,40]}

{"cWhen":1.5300023565121524e9,"tag":"Move","cXWarp":41,"cNewPos":[0,41]}

{"cWhen":1.5300023565621536e9,"tag":"Move","cXWarp":42,"cNewPos":[0,42]}

{"cWhen":1.5300023566121492e9,"tag":"Move","cXWarp":43,"cNewPos":[0,43]}

{"cWhen":1.5300023566621666e9,"tag":"Move","cXWarp":44,"cNewPos":[0,44]}

{"cWhen":1.5300023567121606e9,"tag":"Move","cXWarp":45,"cNewPos":[0,45]}

{"cWhen":1.530002356985239e9,"tag":"Move","cXWarp":46,"cNewPos":[0,46]}

{"cWhen":1.5300023572332776e9,"tag":"Move","cXWarp":47,"cNewPos":[0,47]}

{"cWhen":1.5300023576094403e9,"tag":"Move","cXWarp":48,"cNewPos":[0,48]}

{"cWhen":1.530002360354997e9,"tag":"Change","cFrom":[0,48],"cText":["*"],"cRemoved":[""],"cOrigin":"+input","cTo":[0,48],"cNewPos":[0,49]}

{"cWhen":1.5300023628283293e9,"tag":"Change","cFrom":[0,49],"cText":["9"],"cRemoved":[""],"cOrigin":"+input","cTo":[0,49],"cNewPos":[0,50]}

{"cWhen":1.5300023649429588e9,"cAll":true,"tag":"Eval"}

{"cWhen":1.5300022558012562e9,"tag":"Change","cFrom":[0,0],"cText":["\""],"cRemoved":[""],"cOrigin":"+input","cTo":[0,0],"cNewPos":[0,1]}

{"cWhen":1.5300022584009562e9,"tag":"Change","cFrom":[0,1],"cText":["l"],"cRemoved":[""],"cOrigin":"+input","cTo":[0,1],"cNewPos":[0,2]}

{"cWhen":1.5300022585372505e9,"tag":"Change","cFrom":[0,2],"cText":["o"],"cRemoved":[""],"cOrigin":"+input","cTo":[0,2],"cNewPos":[0,3]}

{"cWhen":1.5300022598587453e9,"cAll":true,"tag":"Eval"}

{"cWhen":1.5300022634899192e9,"cAll":true,"tag":"Eval"}

{"cWhen":1.5300022667683082e9,"tag":"Change","cFrom":[0,3],"cText":[" "],"cRemoved":[""],"cOrigin":"+input","cTo":[0,3],"cNewPos":[0,4]}

{"cWhen":1.5300022671601868e9,"tag":"Change","cFrom":[0,4],"cText":["h"],"cRemoved":[""],"cOrigin":"+input","cTo":[0,4],"cNewPos":[0,5]}

{"cWhen":1.530002267880159e9,"tag":"Change","cFrom":[0,5],"cText":["i"],"cRemoved":[""],"cOrigin":"+input","cTo":[0,5],"cNewPos":[0,6]}

{"cWhen":1.5300022684720695e9,"tag":"Change","cFrom":[0,6],"cText":[" "],"cRemoved":[""],"cOrigin":"+input","cTo":[0,6],"cNewPos":[0,7]}

{"cWhen":1.5300022687281966e9,"tag":"Change","cFrom":[0,7],"cText":["l"],"cRemoved":[""],"cOrigin":"+input","cTo":[0,7],"cNewPos":[0,8]}

{"cWhen":1.5300022688801413e9,"tag":"Change","cFrom":[0,8],"cText":["o"],"cRemoved":[""],"cOrigin":"+input","cTo":[0,8],"cNewPos":[0,9]}

{"cWhen":1.5300022691039968e9,"tag":"Change","cFrom":[0,9],"cText":[" "],"cRemoved":[""],"cOrigin":"+input","cTo":[0,9],"cNewPos":[0,10]}

{"cWhen":1.5300022694560328e9,"tag":"Change","cFrom":[0,10],"cText":["h"],"cRemoved":[""],"cOrigin":"+input","cTo":[0,10],"cNewPos":[0,11]}

{"cWhen":1.530002269712024e9,"tag":"Change","cFrom":[0,11],"cText":["i"],"cRemoved":[""],"cOrigin":"+input","cTo":[0,11],"cNewPos":[0,12]}

{"cWhen":1.5300022700239491e9,"tag":"Change","cFrom":[0,12],"cText":[" "],"cRemoved":[""],"cOrigin":"+input","cTo":[0,12],"cNewPos":[0,13]}

{"cWhen":1.530002270239988e9,"tag":"Change","cFrom":[0,13],"cText":["l"],"cRemoved":[""],"cOrigin":"+input","cTo":[0,13],"cNewPos":[0,14]}

{"cWhen":1.5300022704879346e9,"tag":"Change","cFrom":[0,14],"cText":["o"],"cRemoved":[""],"cOrigin":"+input","cTo":[0,14],"cNewPos":[0,15]}

{"cWhen":1.5300022706958447e9,"tag":"Change","cFrom":[0,15],"cText":[" "],"cRemoved":[""],"cOrigin":"+input","cTo":[0,15],"cNewPos":[0,16]}

{"cWhen":1.5300022708957899e9,"tag":"Change","cFrom":[0,16],"cText":["h"],"cRemoved":[""],"cOrigin":"+input","cTo":[0,16],"cNewPos":[0,17]}

{"cWhen":1.5300022711519687e9,"tag":"Change","cFrom":[0,17],"cText":["i"],"cRemoved":[""],"cOrigin":"+input","cTo":[0,17],"cNewPos":[0,18]}

{"cWhen":1.5300022713838468e9,"tag":"Change","cFrom":[0,18],"cText":[" "],"cRemoved":[""],"cOrigin":"+input","cTo":[0,18],"cNewPos":[0,19]}

{"cWhen":1.5300022715837574e9,"tag":"Change","cFrom":[0,19],"cText":["l"],"cRemoved":[""],"cOrigin":"+input","cTo":[0,19],"cNewPos":[0,20]}

{"cWhen":1.5300022717997737e9,"tag":"Change","cFrom":[0,20],"cText":["o"],"cRemoved":[""],"cOrigin":"+input","cTo":[0,20],"cNewPos":[0,21]}

{"cWhen":1.5300022720719175e9,"tag":"Change","cFrom":[0,21],"cText":[" "],"cRemoved":[""],"cOrigin":"+input","cTo":[0,21],"cNewPos":[0,22]}

{"cWhen":1.5300022722477884e9,"tag":"Change","cFrom":[0,22],"cText":["h"],"cRemoved":[""],"cOrigin":"+input","cTo":[0,22],"cNewPos":[0,23]}

{"cWhen":1.5300022725197175e9,"tag":"Change","cFrom":[0,23],"cText":["i"],"cRemoved":[""],"cOrigin":"+input","cTo":[0,23],"cNewPos":[0,24]}

{"cWhen":1.5300022747513106e9,"tag":"Change","cFrom":[0,24],"cText":["\""],"cRemoved":[""],"cOrigin":"+input","cTo":[0,24],"cNewPos":[0,25]}

{"cWhen":1.5300022757287893e9,"cAll":true,"tag":"Eval"}

{"cWhen":1.5300022831103623e9,"tag":"Move","cXWarp":24,"cNewPos":[0,24]}

{"cWhen":1.5300022835264187e9,"tag":"Move","cXWarp":23,"cNewPos":[0,23]}

{"cWhen":1.5300022846061177e9,"tag":"Move","cXWarp":24,"cNewPos":[0,24]}

{"cWhen":1.5300022853581867e9,"tag":"Change","cFrom":[0,24],"cText":[" "],"cRemoved":[""],"cOrigin":"+input","cTo":[0,24],"cNewPos":[0,25]}

{"cWhen":1.5300022860702336e9,"tag":"Change","cFrom":[0,25],"cText":["l"],"cRemoved":[""],"cOrigin":"+input","cTo":[0,25],"cNewPos":[0,26]}

{"cWhen":1.5300022863340554e9,"tag":"Change","cFrom":[0,26],"cText":["o"],"cRemoved":[""],"cOrigin":"+input","cTo":[0,26],"cNewPos":[0,27]}

{"cWhen":1.5300022865743208e9,"tag":"Change","cFrom":[0,27],"cText":[" "],"cRemoved":[""],"cOrigin":"+input","cTo":[0,27],"cNewPos":[0,28]}

{"cWhen":1.5300022868622348e9,"tag":"Change","cFrom":[0,28],"cText":["h"],"cRemoved":[""],"cOrigin":"+input","cTo":[0,28],"cNewPos":[0,29]}

{"cWhen":1.5300022872222877e9,"tag":"Change","cFrom":[0,29],"cText":["i"],"cRemoved":[""],"cOrigin":"+input","cTo":[0,29],"cNewPos":[0,30]}

{"cWhen":1.5300022874541852e9,"tag":"Change","cFrom":[0,30],"cText":[" "],"cRemoved":[""],"cOrigin":"+input","cTo":[0,30],"cNewPos":[0,31]}

{"cWhen":1.5300022877661085e9,"tag":"Change","cFrom":[0,31],"cText":["l"],"cRemoved":[""],"cOrigin":"+input","cTo":[0,31],"cNewPos":[0,32]}

{"cWhen":1.5300022880380995e9,"tag":"Change","cFrom":[0,32],"cText":["o"],"cRemoved":[""],"cOrigin":"+input","cTo":[0,32],"cNewPos":[0,33]}

{"cWhen":1.5300022882620053e9,"tag":"Change","cFrom":[0,33],"cText":[" "],"cRemoved":[""],"cOrigin":"+input","cTo":[0,33],"cNewPos":[0,34]}

{"cWhen":1.530002288573952e9,"tag":"Change","cFrom":[0,34],"cText":["h"],"cRemoved":[""],"cOrigin":"+input","cTo":[0,34],"cNewPos":[0,35]}

{"cWhen":1.530002288837816e9,"tag":"Change","cFrom":[0,35],"cText":["i"],"cRemoved":[""],"cOrigin":"+input","cTo":[0,35],"cNewPos":[0,36]}

{"cWhen":1.5300022891019826e9,"tag":"Change","cFrom":[0,36],"cText":[" "],"cRemoved":[""],"cOrigin":"+input","cTo":[0,36],"cNewPos":[0,37]}

{"cWhen":1.530002289365871e9,"tag":"Change","cFrom":[0,37],"cText":["l"],"cRemoved":[""],"cOrigin":"+input","cTo":[0,37],"cNewPos":[0,38]}

{"cWhen":1.5300022896377335e9,"tag":"Change","cFrom":[0,38],"cText":["o"],"cRemoved":[""],"cOrigin":"+input","cTo":[0,38],"cNewPos":[0,39]}

{"cWhen":1.5300022899178753e9,"tag":"Change","cFrom":[0,39],"cText":["h"],"cRemoved":[""],"cOrigin":"+input","cTo":[0,39],"cNewPos":[0,40]}

{"cWhen":1.530002290893676e9,"tag":"Change","cFrom":[0,40],"cText":["i"],"cRemoved":[""],"cOrigin":"+input","cTo":[0,40],"cNewPos":[0,41]}

{"cWhen":1.53000229226942e9,"tag":"Move","cXWarp":40,"cNewPos":[0,40]}

{"cWhen":1.5300022925335202e9,"tag":"Move","cXWarp":39,"cNewPos":[0,39]}

{"cWhen":1.5300022953172617e9,"tag":"Change","cFrom":[0,39],"cText":[" "],"cRemoved":[""],"cOrigin":"+input","cTo":[0,39],"cNewPos":[0,40]}

{"cWhen":1.5300022978942604e9,"cAll":true,"tag":"Eval"}

{"cWhen":1.5300023032842665e9,"tag":"Move","cXWarp":39,"cNewPos":[0,39]}

{"cWhen":1.5300023035421798e9,"tag":"Move","cXWarp":38,"cNewPos":[0,38]}

{"cWhen":1.5300023035922346e9,"tag":"Move","cXWarp":37,"cNewPos":[0,37]}

{"cWhen":1.5300023036422153e9,"tag":"Move","cXWarp":36,"cNewPos":[0,36]}

{"cWhen":1.5300023036922333e9,"tag":"Move","cXWarp":35,"cNewPos":[0,35]}

{"cWhen":1.5300023037421947e9,"tag":"Move","cXWarp":34,"cNewPos":[0,34]}

{"cWhen":1.5300023037925792e9,"tag":"Move","cXWarp":33,"cNewPos":[0,33]}

{"cWhen":1.5300023038421855e9,"tag":"Move","cXWarp":32,"cNewPos":[0,32]}

{"cWhen":1.530002303892359e9,"tag":"Move","cXWarp":31,"cNewPos":[0,31]}

{"cWhen":1.5300023039421792e9,"tag":"Move","cXWarp":30,"cNewPos":[0,30]}

{"cWhen":1.530002303992182e9,"tag":"Move","cXWarp":29,"cNewPos":[0,29]}

{"cWhen":1.5300023040421531e9,"tag":"Move","cXWarp":28,"cNewPos":[0,28]}

{"cWhen":1.5300023040921626e9,"tag":"Move","cXWarp":27,"cNewPos":[0,27]}

{"cWhen":1.5300023041421785e9,"tag":"Move","cXWarp":26,"cNewPos":[0,26]}

{"cWhen":1.5300023041921463e9,"tag":"Move","cXWarp":25,"cNewPos":[0,25]}

{"cWhen":1.5300023042421656e9,"tag":"Move","cXWarp":24,"cNewPos":[0,24]}

{"cWhen":1.5300023042921717e9,"tag":"Move","cXWarp":23,"cNewPos":[0,23]}

{"cWhen":1.5300023043421805e9,"tag":"Move","cXWarp":22,"cNewPos":[0,22]}

{"cWhen":1.5300023043921537e9,"tag":"Move","cXWarp":21,"cNewPos":[0,21]}

{"cWhen":1.5300023044421504e9,"tag":"Move","cXWarp":20,"cNewPos":[0,20]}

{"cWhen":1.5300023044921362e9,"tag":"Move","cXWarp":19,"cNewPos":[0,19]}

{"cWhen":1.5300023045421665e9,"tag":"Move","cXWarp":18,"cNewPos":[0,18]}

{"cWhen":1.530002304592171e9,"tag":"Move","cXWarp":17,"cNewPos":[0,17]}

{"cWhen":1.5300023046421728e9,"tag":"Move","cXWarp":16,"cNewPos":[0,16]}

{"cWhen":1.5300023046921446e9,"tag":"Move","cXWarp":15,"cNewPos":[0,15]}

{"cWhen":1.5300023047421534e9,"tag":"Move","cXWarp":14,"cNewPos":[0,14]}

{"cWhen":1.5300023047921464e9,"tag":"Move","cXWarp":13,"cNewPos":[0,13]}

{"cWhen":1.5300023048421557e9,"tag":"Move","cXWarp":12,"cNewPos":[0,12]}

{"cWhen":1.5300023048921463e9,"tag":"Move","cXWarp":11,"cNewPos":[0,11]}

{"cWhen":1.5300023049421554e9,"tag":"Move","cXWarp":10,"cNewPos":[0,10]}

{"cWhen":1.5300023049921596e9,"tag":"Move","cXWarp":9,"cNewPos":[0,9]}

{"cWhen":1.5300023050421479e9,"tag":"Move","cXWarp":8,"cNewPos":[0,8]}

{"cWhen":1.5300023050921767e9,"tag":"Move","cXWarp":7,"cNewPos":[0,7]}

{"cWhen":1.530002305142149e9,"tag":"Move","cXWarp":6,"cNewPos":[0,6]}

{"cWhen":1.5300023051922033e9,"tag":"Move","cXWarp":5,"cNewPos":[0,5]}

{"cWhen":1.5300023052421799e9,"tag":"Move","cXWarp":4,"cNewPos":[0,4]}

{"cWhen":1.5300023052921865e9,"tag":"Move","cXWarp":3,"cNewPos":[0,3]}

{"cWhen":1.5300023053421736e9,"tag":"Move","cXWarp":2,"cNewPos":[0,2]}

{"cWhen":1.530002305392212e9,"tag":"Move","cXWarp":1,"cNewPos":[0,1]}

{"cWhen":1.5300023054421735e9,"tag":"Move","cXWarp":0,"cNewPos":[0,0]}

{"cWhen":1.5300023054921784e9,"tag":"Move","cXWarp":0,"cNewPos":[0,0]}

{"cWhen":1.5300023055421934e9,"tag":"Move","cXWarp":0,"cNewPos":[0,0]}

{"cWhen":1.5300023055922058e9,"tag":"Move","cXWarp":0,"cNewPos":[0,0]}

{"cWhen":1.5300023056422098e9,"tag":"Move","cXWarp":0,"cNewPos":[0,0]}

{"cWhen":1.5300023056921487e9,"tag":"Move","cXWarp":0,"cNewPos":[0,0]}

{"cWhen":1.5300023057421656e9,"tag":"Move","cXWarp":0,"cNewPos":[0,0]}

{"cWhen":1.5300023057921324e9,"tag":"Move","cXWarp":0,"cNewPos":[0,0]}
