{"cWhen":1530002747,"tag":"Eval","cAll":true}
{"cOrigin":"+input","cTo":[0,0],"cNewPos":[0,1],"cWhen":1.5300027516117685e9,"tag":"Change","cFrom":[0,0],"cText":["c"],"cRemoved":[""]}

{"cOrigin":"+input","cTo":[0,1],"cNewPos":[0,2],"cWhen":1.5300027518035226e9,"tag":"Change","cFrom":[0,1],"cText":["r"],"cRemoved":[""]}

{"cOrigin":"+input","cTo":[0,2],"cNewPos":[0,3],"cWhen":1.5300027522356222e9,"tag":"Change","cFrom":[0,2],"cText":["u"],"cRemoved":[""]}

{"cOrigin":"+input","cTo":[0,3],"cNewPos":[0,4],"cWhen":1.530002752563551e9,"tag":"Change","cFrom":[0,3],"cText":["n"],"cRemoved":[""]}

{"cOrigin":"+input","cTo":[0,4],"cNewPos":[0,5],"cWhen":1.5300027529635816e9,"tag":"Change","cFrom":[0,4],"cText":["v"],"cRemoved":[""]}

{"cOrigin":"+delete","cTo":[0,5],"cNewPos":[0,4],"cWhen":1.5300027544993446e9,"tag":"Change","cFrom":[0,4],"cText":[""],"cRemoved":["v"]}

{"cOrigin":"+delete","cTo":[0,4],"cNewPos":[0,3],"cWhen":1.5300027548672507e9,"tag":"Change","cFrom":[0,3],"cText":[""],"cRemoved":["n"]}

{"cOrigin":"+input","cTo":[0,3],"cNewPos":[0,4],"cWhen":1.5300027597790656e9,"tag":"Change","cFrom":[0,3],"cText":["n"],"cRemoved":[""]}

{"cOrigin":"+input","cTo":[0,4],"cNewPos":[0,5],"cWhen":1.5300027607950041e9,"tag":"Change","cFrom":[0,4],"cText":["c"],"cRemoved":[""]}

{"cOrigin":"+input","cTo":[0,5],"cNewPos":[0,6],"cWhen":1.5300027616751697e9,"tag":"Change","cFrom":[0,5],"cText":["h"],"cRemoved":[""]}

{"cOrigin":"+input","cTo":[0,6],"cNewPos":[0,7],"cWhen":1.5300027619391181e9,"tag":"Change","cFrom":[0,6],"cText":[" "],"cRemoved":[""]}

{"cOrigin":"+delete","cTo":[0,7],"cNewPos":[0,6],"cWhen":1.530002764410722e9,"tag":"Change","cFrom":[0,6],"cText":[""],"cRemoved":[" "]}

{"cOrigin":"+delete","cTo":[0,6],"cNewPos":[0,5],"cWhen":1.5300027646612184e9,"tag":"Change","cFrom":[0,5],"cText":[""],"cRemoved":["h"]}

{"cOrigin":"+delete","cTo":[0,5],"cNewPos":[0,4],"cWhen":1.5300027647111921e9,"tag":"Change","cFrom":[0,4],"cText":[""],"cRemoved":["c"]}

{"cOrigin":"+delete","cTo":[0,4],"cNewPos":[0,3],"cWhen":1.5300027647611818e9,"tag":"Change","cFrom":[0,3],"cText":[""],"cRemoved":["n"]}

{"cOrigin":"+delete","cTo":[0,3],"cNewPos":[0,2],"cWhen":1.530002764811181e9,"tag":"Change","cFrom":[0,2],"cText":[""],"cRemoved":["u"]}

{"cOrigin":"+delete","cTo":[0,2],"cNewPos":[0,1],"cWhen":1.530002764861195e9,"tag":"Change","cFrom":[0,1],"cText":[""],"cRemoved":["r"]}

{"cOrigin":"+delete","cTo":[0,1],"cNewPos":[0,0],"cWhen":1.5300027649111404e9,"tag":"Change","cFrom":[0,0],"cText":[""],"cRemoved":["c"]}

{"cOrigin":"+input","cTo":[0,0],"cNewPos":[0,1],"cWhen":1.5300027664587533e9,"tag":"Change","cFrom":[0,0],"cText":["e"],"cRemoved":[""]}

{"cOrigin":"+input","cTo":[0,1],"cNewPos":[0,2],"cWhen":1.5300027667787607e9,"tag":"Change","cFrom":[0,1],"cText":["v"],"cRemoved":[""]}

{"cOrigin":"+input","cTo":[0,2],"cNewPos":[0,3],"cWhen":1.53000276741883e9,"tag":"Change","cFrom":[0,2],"cText":["e"],"cRemoved":[""]}

{"cOrigin":"+input","cTo":[0,3],"cNewPos":[0,4],"cWhen":1.5300027676507413e9,"tag":"Change","cFrom":[0,3],"cText":["r"],"cRemoved":[""]}

{"cOrigin":"+input","cTo":[0,4],"cNewPos":[0,5],"cWhen":1.5300027679786448e9,"tag":"Change","cFrom":[0,4],"cText":["y"],"cRemoved":[""]}

{"cOrigin":"+input","cTo":[0,5],"cNewPos":[0,6],"cWhen":1.530002768370764e9,"tag":"Change","cFrom":[0,5],"cText":[" "],"cRemoved":[""]}

{"cOrigin":"+input","cTo":[0,6],"cNewPos":[0,7],"cWhen":1.5300027698505266e9,"tag":"Change","cFrom":[0,6],"cText":["5"],"cRemoved":[""]}

{"cOrigin":"+input","cTo":[0,7],"cNewPos":[0,8],"cWhen":1.530002770194492e9,"tag":"Change","cFrom":[0,7],"cText":[" "],"cRemoved":[""]}

{"cOrigin":"+input","cTo":[0,8],"cNewPos":[0,9],"cWhen":1.5300027705386064e9,"tag":"Change","cFrom":[0,8],"cText":["c"],"cRemoved":[""]}

{"cOrigin":"+input","cTo":[0,9],"cNewPos":[0,10],"cWhen":1.5300027713784256e9,"tag":"Change","cFrom":[0,9],"cText":["r"],"cRemoved":[""]}

{"cOrigin":"+input","cTo":[0,10],"cNewPos":[0,11],"cWhen":1.5300027718424919e9,"tag":"Change","cFrom":[0,10],"cText":["u"],"cRemoved":[""]}

{"cOrigin":"+input","cTo":[0,11],"cNewPos":[0,12],"cWhen":1.530002772122492e9,"tag":"Change","cFrom":[0,11],"cText":["n"],"cRemoved":[""]}

{"cOrigin":"+input","cTo":[0,12],"cNewPos":[0,13],"cWhen":1.5300027726344612e9,"tag":"Change","cFrom":[0,12],"cText":["c"],"cRemoved":[""]}

{"cOrigin":"+input","cTo":[0,13],"cNewPos":[0,14],"cWhen":1.530002773858513e9,"tag":"Change","cFrom":[0,13],"cText":["h"],"cRemoved":[""]}

{"cOrigin":"+input","cTo":[0,14],"cNewPos":[0,15],"cWhen":1.5300027748343666e9,"tag":"Change","cFrom":[0,14],"cText":[" "],"cRemoved":[""]}

{"cOrigin":"+input","cTo":[0,15],"cNewPos":[0,16],"cWhen":1.530002779290038e9,"tag":"Change","cFrom":[0,15],"cText":["\""],"cRemoved":[""]}

{"cOrigin":"+input","cTo":[0,16],"cNewPos":[0,17],"cWhen":1.5300027802500849e9,"tag":"Change","cFrom":[0,16],"cText":["h"],"cRemoved":[""]}

{"cOrigin":"+input","cTo":[0,17],"cNewPos":[0,18],"cWhen":1.530002780586052e9,"tag":"Change","cFrom":[0,17],"cText":["i"],"cRemoved":[""]}

{"cOrigin":"+input","cTo":[0,18],"cNewPos":[0,19],"cWhen":1.5300027809941337e9,"tag":"Change","cFrom":[0,18],"cText":[" "],"cRemoved":[""]}

{"cOrigin":"+input","cTo":[0,19],"cNewPos":[0,20],"cWhen":1.5300027836819277e9,"tag":"Change","cFrom":[0,19],"cText":["l"],"cRemoved":[""]}

{"cOrigin":"+input","cTo":[0,20],"cNewPos":[0,21],"cWhen":1.5300027840099144e9,"tag":"Change","cFrom":[0,20],"cText":["o"],"cRemoved":[""]}

{"cOrigin":"+input","cTo":[0,21],"cNewPos":[0,22],"cWhen":1.5300027869777615e9,"tag":"Change","cFrom":[0,21],"cText":["*"],"cRemoved":[""]}

{"cOrigin":"+input","cTo":[0,22],"cNewPos":[0,23],"cWhen":1.5300027877377467e9,"tag":"Change","cFrom":[0,22],"cText":["5"],"cRemoved":[""]}

{"cWhen":1.5300027890830603e9,"tag":"Eval","cAll":true}

{"cOrigin":"+delete","cTo":[0,23],"cNewPos":[0,22],"cWhen":1.5300027906655211e9,"tag":"Change","cFrom":[0,22],"cText":[""],"cRemoved":["5"]}

{"cOrigin":"+delete","cTo":[0,22],"cNewPos":[0,21],"cWhen":1.5300027909212604e9,"tag":"Change","cFrom":[0,21],"cText":[""],"cRemoved":["*"]}

{"cOrigin":"+delete","cTo":[0,21],"cNewPos":[0,20],"cWhen":1.53000279097122e9,"tag":"Change","cFrom":[0,20],"cText":[""],"cRemoved":["o"]}

{"cOrigin":"+delete","cTo":[0,20],"cNewPos":[0,19],"cWhen":1.5300027910212238e9,"tag":"Change","cFrom":[0,19],"cText":[""],"cRemoved":["l"]}

{"cOrigin":"+delete","cTo":[0,19],"cNewPos":[0,18],"cWhen":1.530002791513339e9,"tag":"Change","cFrom":[0,18],"cText":[""],"cRemoved":[" "]}

{"cOrigin":"+input","cTo":[0,18],"cNewPos":[0,19],"cWhen":1.5300027964253824e9,"tag":"Change","cFrom":[0,18],"cText":[" "],"cRemoved":[""]}

{"cOrigin":"+input","cTo":[0,19],"cNewPos":[0,20],"cWhen":1.5300028001611888e9,"tag":"Change","cFrom":[0,19],"cText":["\""],"cRemoved":[""]}

{"cOrigin":"+delete","cTo":[0,20],"cNewPos":[0,19],"cWhen":1.5300028017368875e9,"tag":"Change","cFrom":[0,19],"cText":[""],"cRemoved":["\""]}

{"cOrigin":"+delete","cTo":[0,19],"cNewPos":[0,18],"cWhen":1.530002802312833e9,"tag":"Change","cFrom":[0,18],"cText":[""],"cRemoved":[" "]}

{"cOrigin":"+input","cTo":[0,18],"cNewPos":[0,19],"cWhen":1.5300028040890915e9,"tag":"Change","cFrom":[0,18],"cText":["\""],"cRemoved":[""]}

{"cWhen":1.5300028058744829e9,"tag":"Eval","cAll":true}

{"cWhen":1.530002808894986e9,"tag":"Eval","cAll":true}

{"cOrigin":"+delete","cTo":[0,19],"cNewPos":[0,18],"cWhen":1.5300028256960928e9,"tag":"Change","cFrom":[0,18],"cText":[""],"cRemoved":["\""]}

{"cOrigin":"+input","cTo":[0,18],"cNewPos":[0,19],"cWhen":1.5300028268401222e9,"tag":"Change","cFrom":[0,18],"cText":[" "],"cRemoved":[""]}

{"cOrigin":"+input","cTo":[0,19],"cNewPos":[0,20],"cWhen":1.5300028285281875e9,"tag":"Change","cFrom":[0,19],"cText":["l"],"cRemoved":[""]}

{"cOrigin":"+input","cTo":[0,20],"cNewPos":[0,21],"cWhen":1.5300028288321264e9,"tag":"Change","cFrom":[0,20],"cText":["o"],"cRemoved":[""]}

{"cOrigin":"+input","cTo":[0,21],"cNewPos":[0,22],"cWhen":1.5300028315920613e9,"tag":"Change","cFrom":[0,21],"cText":["*"],"cRemoved":[""]}

{"cOrigin":"+input","cTo":[0,22],"cNewPos":[0,23],"cWhen":1.5300028331280253e9,"tag":"Change","cFrom":[0,22],"cText":["4"],"cRemoved":[""]}

{"cWhen":1.5300028407620523e9,"tag":"Eval","cAll":true}

{"cOrigin":"+delete","cTo":[0,23],"cNewPos":[0,22],"cWhen":1.5300028422876678e9,"tag":"Change","cFrom":[0,22],"cText":[""],"cRemoved":["4"]}

{"cOrigin":"+delete","cTo":[0,22],"cNewPos":[0,21],"cWhen":1.5300028426635108e9,"tag":"Change","cFrom":[0,21],"cText":[""],"cRemoved":["*"]}

{"cOrigin":"+delete","cTo":[0,21],"cNewPos":[0,20],"cWhen":1.5300028430715523e9,"tag":"Change","cFrom":[0,20],"cText":[""],"cRemoved":["o"]}

{"cOrigin":"+delete","cTo":[0,20],"cNewPos":[0,19],"cWhen":1.530002843471623e9,"tag":"Change","cFrom":[0,19],"cText":[""],"cRemoved":["l"]}

{"cOrigin":"+delete","cTo":[0,19],"cNewPos":[0,18],"cWhen":1.530002843847591e9,"tag":"Change","cFrom":[0,18],"cText":[""],"cRemoved":[" "]}

{"cOrigin":"+input","cTo":[0,18],"cNewPos":[0,19],"cWhen":1.5300028456957893e9,"tag":"Change","cFrom":[0,18],"cText":["l"],"cRemoved":[""]}

{"cOrigin":"+input","cTo":[0,19],"cNewPos":[0,20],"cWhen":1.5300028469437373e9,"tag":"Change","cFrom":[0,19],"cText":["o"],"cRemoved":[""]}

{"cOrigin":"+delete","cTo":[0,20],"cNewPos":[0,19],"cWhen":1.5300028478153973e9,"tag":"Change","cFrom":[0,19],"cText":[""],"cRemoved":["o"]}

{"cOrigin":"+delete","cTo":[0,19],"cNewPos":[0,18],"cWhen":1.5300028481115038e9,"tag":"Change","cFrom":[0,18],"cText":[""],"cRemoved":["l"]}

{"cOrigin":"+input","cTo":[0,18],"cNewPos":[0,19],"cWhen":1.530002848632389e9,"tag":"Change","cFrom":[0,18],"cText":[" "],"cRemoved":[""]}

{"cOrigin":"+input","cTo":[0,19],"cNewPos":[0,20],"cWhen":1.5300028490715485e9,"tag":"Change","cFrom":[0,19],"cText":["l"],"cRemoved":[""]}

{"cOrigin":"+input","cTo":[0,20],"cNewPos":[0,21],"cWhen":1.5300028493595204e9,"tag":"Change","cFrom":[0,20],"cText":["o"],"cRemoved":[""]}

{"cOrigin":"+input","cTo":[0,21],"cNewPos":[0,22],"cWhen":1.5300028523833604e9,"tag":"Change","cFrom":[0,21],"cText":["*"],"cRemoved":[""]}

{"cOrigin":"+input","cTo":[0,22],"cNewPos":[0,23],"cWhen":1.5300028564313803e9,"tag":"Change","cFrom":[0,22],"cText":["6"],"cRemoved":[""]}

{"cOrigin":"+input","cTo":[0,23],"cNewPos":[0,24],"cWhen":1.5300028576313028e9,"tag":"Change","cFrom":[0,23],"cText":[" "],"cRemoved":[""]}

{"cOrigin":"+input","cTo":[0,24],"cNewPos":[0,25],"cWhen":1.5300028590072808e9,"tag":"Change","cFrom":[0,24],"cText":["\""],"cRemoved":[""]}

{"cOrigin":"+delete","cTo":[0,25],"cNewPos":[0,24],"cWhen":1.5300028600963898e9,"tag":"Change","cFrom":[0,24],"cText":[""],"cRemoved":["\""]}

{"cOrigin":"+delete","cTo":[0,24],"cNewPos":[0,23],"cWhen":1.5300028603990467e9,"tag":"Change","cFrom":[0,23],"cText":[""],"cRemoved":[" "]}

{"cOrigin":"+input","cTo":[0,23],"cNewPos":[0,24],"cWhen":1.530002862007256e9,"tag":"Change","cFrom":[0,23],"cText":["\""],"cRemoved":[""]}

{"cWhen":1.5300028647204626e9,"tag":"Eval","cAll":true}

{"cOrigin":"+delete","cTo":[0,24],"cNewPos":[0,23],"cWhen":1.5300028887423613e9,"tag":"Change","cFrom":[0,23],"cText":[""],"cRemoved":["\""]}

{"cOrigin":"+input","cTo":[0,23],"cNewPos":[0,24],"cWhen":1.5300028903347175e9,"tag":"Change","cFrom":[0,23],"cText":[" "],"cRemoved":[""]}

{"cOrigin":"+delete","cTo":[0,24],"cNewPos":[0,23],"cWhen":1.5300029049180388e9,"tag":"Change","cFrom":[0,23],"cText":[""],"cRemoved":[" "]}

{"cOrigin":"+input","cTo":[0,23],"cNewPos":[0,24],"cWhen":1.5300029066061847e9,"tag":"Change","cFrom":[0,23],"cText":["\""],"cRemoved":[""]}

{"cOrigin":"+input","cTo":[0,24],"cNewPos":[1,0],"cWhen":1.530002909094233e9,"tag":"Change","cFrom":[0,24],"cText":["",""],"cRemoved":[""]}

{"cXWarp":0,"cNewPos":[0,0],"cWhen":1.5300029125260308e9,"tag":"Move"}

{"cXWarp":0,"cNewPos":[1,0],"cWhen":1.530002913710106e9,"tag":"Move"}

{"cXWarp":0,"cNewPos":[1,0],"cWhen":1.53000291412594e9,"tag":"Move"}

{"cXWarp":0,"cNewPos":[0,0],"cWhen":1.5300029191740026e9,"tag":"Move"}

{"cXWarp":0,"cNewPos":[1,0],"cWhen":1.5300029216378813e9,"tag":"Move"}

{"cXWarp":0,"cNewPos":[1,0],"cWhen":1.5300029221657538e9,"tag":"Move"}

{"cOrigin":"+input","cTo":[1,0],"cNewPos":[1,1],"cWhen":1.530002926869906e9,"tag":"Change","cFrom":[1,0],"cText":["e"],"cRemoved":[""]}

{"cOrigin":"+input","cTo":[1,1],"cNewPos":[1,2],"cWhen":1.5300029276219752e9,"tag":"Change","cFrom":[1,1],"cText":["v"],"cRemoved":[""]}

{"cOrigin":"+input","cTo":[1,2],"cNewPos":[1,3],"cWhen":1.5300029278618891e9,"tag":"Change","cFrom":[1,2],"cText":["e"],"cRemoved":[""]}

{"cOrigin":"+input","cTo":[1,3],"cNewPos":[1,4],"cWhen":1.5300029281099997e9,"tag":"Change","cFrom":[1,3],"cText":["r"],"cRemoved":[""]}

{"cOrigin":"+delete","cTo":[1,4],"cNewPos":[1,3],"cWhen":1.5300029294939299e9,"tag":"Change","cFrom":[1,3],"cText":[""],"cRemoved":["r"]}

{"cOrigin":"+delete","cTo":[1,3],"cNewPos":[1,2],"cWhen":1.5300029297257688e9,"tag":"Change","cFrom":[1,2],"cText":[""],"cRemoved":["e"]}

{"cOrigin":"+delete","cTo":[1,2],"cNewPos":[1,1],"cWhen":1.5300029299907453e9,"tag":"Change","cFrom":[1,1],"cText":[""],"cRemoved":["v"]}

{"cOrigin":"+delete","cTo":[1,1],"cNewPos":[1,0],"cWhen":1.5300029302616086e9,"tag":"Change","cFrom":[1,0],"cText":[""],"cRemoved":["e"]}

{"cXWarp":0,"cNewPos":[1,0],"cWhen":1.530002931805651e9,"tag":"Move"}

{"cXWarp":0,"cNewPos":[1,0],"cWhen":1.5300029325656474e9,"tag":"Move"}

{"cXWarp":0,"cNewPos":[0,0],"cWhen":1.5300029335817575e9,"tag":"Move"}

{"cXWarp":0,"cNewPos":[0,0],"cWhen":1.530002933821635e9,"tag":"Move"}

{"cXWarp":0,"cNewPos":[1,0],"cWhen":1.530002934781725e9,"tag":"Move"}

{"cXWarp":0,"cNewPos":[1,0],"cWhen":1.530002935389643e9,"tag":"Move"}

{"cXWarp":0,"cNewPos":[1,0],"cWhen":1.5300029362696025e9,"tag":"Move"}

{"cOrigin":"+input","cTo":[1,0],"cNewPos":[1,1],"cWhen":1.5300029381498497e9,"tag":"Change","cFrom":[1,0],"cText":["j"],"cRemoved":[""]}

{"cOrigin":"+delete","cTo":[1,1],"cNewPos":[1,0],"cWhen":1.530002939221635e9,"tag":"Change","cFrom":[1,0],"cText":[""],"cRemoved":["j"]}

{"cXWarp":0,"cNewPos":[1,0],"cWhen":1.5300029398215675e9,"tag":"Move"}

{"cXWarp":0,"cNewPos":[0,0],"cWhen":1.5300029398296356e9,"tag":"Move"}

{"cXWarp":1,"cNewPos":[0,1],"cWhen":1.5300029414616284e9,"tag":"Move"}

{"cXWarp":2,"cNewPos":[0,2],"cWhen":1.5300029417495127e9,"tag":"Move"}

{"cXWarp":3,"cNewPos":[0,3],"cWhen":1.5300029420536604e9,"tag":"Move"}

{"cXWarp":4,"cNewPos":[0,4],"cWhen":1.5300029422294896e9,"tag":"Move"}

{"cXWarp":5,"cNewPos":[0,5],"cWhen":1.5300029424055388e9,"tag":"Move"}

{"cXWarp":6,"cNewPos":[0,6],"cWhen":1.5300029425662727e9,"tag":"Move"}

{"cXWarp":7,"cNewPos":[0,7],"cWhen":1.53000294274952e9,"tag":"Move"}

{"cXWarp":8,"cNewPos":[0,8],"cWhen":1.530002942911296e9,"tag":"Move"}

{"cXWarp":9,"cNewPos":[0,9],"cWhen":1.5300029431096327e9,"tag":"Move"}

{"cXWarp":10,"cNewPos":[0,10],"cWhen":1.5300029433016407e9,"tag":"Move"}

{"cXWarp":11,"cNewPos":[0,11],"cWhen":1.5300029434935136e9,"tag":"Move"}

{"cXWarp":12,"cNewPos":[0,12],"cWhen":1.5300029437015944e9,"tag":"Move"}

{"cXWarp":13,"cNewPos":[0,13],"cWhen":1.5300029438854885e9,"tag":"Move"}

{"cXWarp":14,"cNewPos":[0,14],"cWhen":1.5300029440776038e9,"tag":"Move"}

{"cXWarp":15,"cNewPos":[0,15],"cWhen":1.5300029442695844e9,"tag":"Move"}

{"cXWarp":16,"cNewPos":[0,16],"cWhen":1.5300029444455895e9,"tag":"Move"}

{"cXWarp":17,"cNewPos":[0,17],"cWhen":1.5300029446295092e9,"tag":"Move"}

{"cXWarp":18,"cNewPos":[0,18],"cWhen":1.530002944829562e9,"tag":"Move"}

{"cXWarp":19,"cNewPos":[0,19],"cWhen":1.5300029450374763e9,"tag":"Move"}

{"cXWarp":20,"cNewPos":[0,20],"cWhen":1.5300029452215822e9,"tag":"Move"}

{"cXWarp":21,"cNewPos":[0,21],"cWhen":1.530002945573569e9,"tag":"Move"}

{"cXWarp":22,"cNewPos":[0,22],"cWhen":1.5300029458454795e9,"tag":"Move"}

{"cXWarp":23,"cNewPos":[0,23],"cWhen":1.5300029525893693e9,"tag":"Move"}

{"cXWarp":24,"cNewPos":[0,24],"cWhen":1.5300029592854311e9,"tag":"Move"}

{"cXWarp":24,"cNewPos":[0,24],"cWhen":1.5300029669892874e9,"tag":"Move"}

{"cXWarp":23,"cNewPos":[0,23],"cWhen":1.530002968165176e9,"tag":"Move"}

{"cXWarp":23,"cNewPos":[0,23],"cWhen":1.5300029696452074e9,"tag":"Move"}

{"cXWarp":24,"cNewPos":[0,24],"cWhen":1.5300029706532705e9,"tag":"Move"}

{"cOrigin":"+delete","cTo":[0,24],"cNewPos":[0,23],"cWhen":1.5300029845329838e9,"tag":"Change","cFrom":[0,23],"cText":[""],"cRemoved":["\""]}

{"cOrigin":"+input","cTo":[0,23],"cNewPos":[0,24],"cWhen":1.5300029855971923e9,"tag":"Change","cFrom":[0,23],"cText":[" "],"cRemoved":[""]}

{"cOrigin":"+input","cTo":[0,24],"cNewPos":[0,25],"cWhen":1.530002987885245e9,"tag":"Change","cFrom":[0,24],"cText":["h"],"cRemoved":[""]}

{"cOrigin":"+input","cTo":[0,25],"cNewPos":[0,26],"cWhen":1.530002988509143e9,"tag":"Change","cFrom":[0,25],"cText":["i"],"cRemoved":[""]}

{"cOrigin":"+input","cTo":[0,26],"cNewPos":[0,27],"cWhen":1.5300029891732528e9,"tag":"Change","cFrom":[0,26],"cText":[" "],"cRemoved":[""]}

{"cOrigin":"+input","cTo":[0,27],"cNewPos":[0,28],"cWhen":1.5300029899891312e9,"tag":"Change","cFrom":[0,27],"cText":["l"],"cRemoved":[""]}

{"cOrigin":"+input","cTo":[0,28],"cNewPos":[0,29],"cWhen":1.5300029904691172e9,"tag":"Change","cFrom":[0,28],"cText":["o"],"cRemoved":[""]}

{"cOrigin":"+input","cTo":[0,29],"cNewPos":[0,30],"cWhen":1.530002995989009e9,"tag":"Change","cFrom":[0,29],"cText":["*"],"cRemoved":[""]}

{"cOrigin":"+input","cTo":[0,30],"cNewPos":[0,31],"cWhen":1.5300029980212464e9,"tag":"Change","cFrom":[0,30],"cText":["3"],"cRemoved":[""]}

{"cOrigin":"+input","cTo":[0,31],"cNewPos":[0,32],"cWhen":1.5300030025411804e9,"tag":"Change","cFrom":[0,31],"cText":["\""],"cRemoved":[""]}

{"cXWarp":0,"cNewPos":[1,0],"cWhen":1.53000302386864e9,"tag":"Move"}

{"cXWarp":0,"cNewPos":[1,0],"cWhen":1.5300030243566387e9,"tag":"Move"}

{"cXWarp":0,"cNewPos":[1,0],"cWhen":1.5300030248605988e9,"tag":"Move"}

{"cXWarp":0,"cNewPos":[1,0],"cWhen":1.530003025111163e9,"tag":"Move"}

{"cXWarp":0,"cNewPos":[1,0],"cWhen":1.5300030251612914e9,"tag":"Move"}

{"cXWarp":0,"cNewPos":[1,0],"cWhen":1.5300030252112856e9,"tag":"Move"}

{"cXWarp":0,"cNewPos":[1,0],"cWhen":1.5300030252614038e9,"tag":"Move"}

{"cXWarp":0,"cNewPos":[1,0],"cWhen":1.5300030253113768e9,"tag":"Move"}

{"cXWarp":0,"cNewPos":[1,0],"cWhen":1.5300030253613694e9,"tag":"Move"}

{"cXWarp":0,"cNewPos":[1,0],"cWhen":1.530003026340935e9,"tag":"Move"}

{"cXWarp":0,"cNewPos":[1,0],"cWhen":1.5300030275887406e9,"tag":"Move"}

{"cOrigin":"+input","cTo":[1,0],"cNewPos":[1,1],"cWhen":1.530003029069004e9,"tag":"Change","cFrom":[1,0],"cText":["h"],"cRemoved":[""]}

{"cOrigin":"+delete","cTo":[1,1],"cNewPos":[1,0],"cWhen":1.5300030305887554e9,"tag":"Change","cFrom":[1,0],"cText":[""],"cRemoved":["h"]}

{"cXWarp":1,"cNewPos":[0,1],"cWhen":1.530003032852692e9,"tag":"Move"}

{"cXWarp":0,"cNewPos":[1,0],"cWhen":1.5300030368767488e9,"tag":"Move"}

{"cXWarp":0,"cNewPos":[1,0],"cWhen":1.5300030372207515e9,"tag":"Move"}

{"cOrigin":"+input","cTo":[1,0],"cNewPos":[1,1],"cWhen":1.5300030384448063e9,"tag":"Change","cFrom":[1,0],"cText":["j"],"cRemoved":[""]}

{"cOrigin":"+delete","cTo":[1,1],"cNewPos":[1,0],"cWhen":1.530003039492695e9,"tag":"Change","cFrom":[1,0],"cText":[""],"cRemoved":["j"]}

{"cOrigin":"+input","cTo":[1,0],"cNewPos":[1,1],"cWhen":1.530003041524895e9,"tag":"Change","cFrom":[1,0],"cText":["e"],"cRemoved":[""]}

{"cOrigin":"+delete","cTo":[1,1],"cNewPos":[1,0],"cWhen":1.530003042716684e9,"tag":"Change","cFrom":[1,0],"cText":[""],"cRemoved":["e"]}

{"cXWarp":1,"cNewPos":[0,1],"cWhen":1.5300030439007227e9,"tag":"Move"}

{"cXWarp":1,"cNewPos":[0,1],"cWhen":1.5300030441566274e9,"tag":"Move"}

{"cXWarp":0,"cNewPos":[0,0],"cWhen":1.5300030463166413e9,"tag":"Move"}

{"cXWarp":0,"cNewPos":[1,0],"cWhen":1.5300030471885664e9,"tag":"Move"}

{"cXWarp":0,"cNewPos":[1,0],"cWhen":1.5300030475966628e9,"tag":"Move"}

{"cXWarp":0,"cNewPos":[0,0],"cWhen":1.5300030595644443e9,"tag":"Move"}

{"cXWarp":1,"cNewPos":[0,1],"cWhen":1.5300030604443607e9,"tag":"Move"}

{"cXWarp":2,"cNewPos":[0,2],"cWhen":1.530003060701234e9,"tag":"Move"}

{"cXWarp":3,"cNewPos":[0,3],"cWhen":1.5300030607512524e9,"tag":"Move"}

{"cXWarp":4,"cNewPos":[0,4],"cWhen":1.5300030608012626e9,"tag":"Move"}

{"cXWarp":5,"cNewPos":[0,5],"cWhen":1.530003060851272e9,"tag":"Move"}

{"cXWarp":6,"cNewPos":[0,6],"cWhen":1.5300030609012635e9,"tag":"Move"}

{"cXWarp":7,"cNewPos":[0,7],"cWhen":1.5300030609512825e9,"tag":"Move"}

{"cXWarp":8,"cNewPos":[0,8],"cWhen":1.5300030610012786e9,"tag":"Move"}

{"cXWarp":9,"cNewPos":[0,9],"cWhen":1.5300030610512655e9,"tag":"Move"}

{"cXWarp":10,"cNewPos":[0,10],"cWhen":1.5300030611012542e9,"tag":"Move"}

{"cXWarp":11,"cNewPos":[0,11],"cWhen":1.530003061151267e9,"tag":"Move"}

{"cXWarp":12,"cNewPos":[0,12],"cWhen":1.53000306120127e9,"tag":"Move"}

{"cXWarp":13,"cNewPos":[0,13],"cWhen":1.5300030612512822e9,"tag":"Move"}

{"cXWarp":14,"cNewPos":[0,14],"cWhen":1.530003061301294e9,"tag":"Move"}

{"cXWarp":15,"cNewPos":[0,15],"cWhen":1.5300030613512812e9,"tag":"Move"}

{"cXWarp":16,"cNewPos":[0,16],"cWhen":1.5300030614012408e9,"tag":"Move"}

{"cXWarp":17,"cNewPos":[0,17],"cWhen":1.5300030614512477e9,"tag":"Move"}

{"cXWarp":18,"cNewPos":[0,18],"cWhen":1.5300030615013723e9,"tag":"Move"}

{"cXWarp":19,"cNewPos":[0,19],"cWhen":1.5300030615512743e9,"tag":"Move"}

{"cXWarp":20,"cNewPos":[0,20],"cWhen":1.5300030616012616e9,"tag":"Move"}

{"cXWarp":21,"cNewPos":[0,21],"cWhen":1.5300030616512566e9,"tag":"Move"}

{"cXWarp":22,"cNewPos":[0,22],"cWhen":1.5300030617012248e9,"tag":"Move"}

{"cXWarp":23,"cNewPos":[0,23],"cWhen":1.5300030617512865e9,"tag":"Move"}

{"cXWarp":24,"cNewPos":[0,24],"cWhen":1.530003061801379e9,"tag":"Move"}

{"cXWarp":25,"cNewPos":[0,25],"cWhen":1.5300030618512254e9,"tag":"Move"}

{"cXWarp":26,"cNewPos":[0,26],"cWhen":1.5300030619011967e9,"tag":"Move"}

{"cXWarp":27,"cNewPos":[0,27],"cWhen":1.5300030620842288e9,"tag":"Move"}

{"cXWarp":28,"cNewPos":[0,28],"cWhen":1.5300030625243952e9,"tag":"Move"}

{"cXWarp":29,"cNewPos":[0,29],"cWhen":1.5300030627889638e9,"tag":"Move"}

{"cXWarp":30,"cNewPos":[0,30],"cWhen":1.5300030630203505e9,"tag":"Move"}

{"cXWarp":31,"cNewPos":[0,31],"cWhen":1.5300030632682161e9,"tag":"Move"}

{"cOrigin":"+delete","cTo":[0,31],"cNewPos":[0,30],"cWhen":1.530003065524281e9,"tag":"Change","cFrom":[0,30],"cText":[""],"cRemoved":["3"]}

{"cXWarp":31,"cNewPos":[0,31],"cWhen":1.5300030675322828e9,"tag":"Move"}

{"cOrigin":"+delete","cTo":[0,31],"cNewPos":[0,30],"cWhen":1.5300030709643133e9,"tag":"Change","cFrom":[0,30],"cText":[""],"cRemoved":["\""]}

{"cOrigin":"+delete","cTo":[0,30],"cNewPos":[0,29],"cWhen":1.5300030772603166e9,"tag":"Change","cFrom":[0,29],"cText":[""],"cRemoved":["*"]}

{"cOrigin":"+delete","cTo":[0,29],"cNewPos":[0,28],"cWhen":1.5300030775003183e9,"tag":"Change","cFrom":[0,28],"cText":[""],"cRemoved":["o"]}

{"cOrigin":"+delete","cTo":[0,28],"cNewPos":[0,27],"cWhen":1.5300030777883132e9,"tag":"Change","cFrom":[0,27],"cText":[""],"cRemoved":["l"]}

{"cOrigin":"+input","cTo":[0,27],"cNewPos":[0,28],"cWhen":1.5300030790443656e9,"tag":"Change","cFrom":[0,27],"cText":["h"],"cRemoved":[""]}

{"cOrigin":"+input","cTo":[0,28],"cNewPos":[0,29],"cWhen":1.5300030794204655e9,"tag":"Change","cFrom":[0,28],"cText":["i"],"cRemoved":[""]}

{"cOrigin":"+input","cTo":[0,29],"cNewPos":[0,30],"cWhen":1.530003084948356e9,"tag":"Change","cFrom":[0,29],"cText":["*"],"cRemoved":[""]}

{"cOrigin":"+input","cTo":[0,30],"cNewPos":[0,31],"cWhen":1.5300030874604366e9,"tag":"Change","cFrom":[0,30],"cText":["8"],"cRemoved":[""]}

{"cOrigin":"+input","cTo":[0,31],"cNewPos":[0,32],"cWhen":1.5300030897243626e9,"tag":"Change","cFrom":[0,31],"cText":[" "],"cRemoved":[""]}

{"cOrigin":"+input","cTo":[0,32],"cNewPos":[0,33],"cWhen":1.5300030922602725e9,"tag":"Change","cFrom":[0,32],"cText":["l"],"cRemoved":[""]}

{"cOrigin":"+input","cTo":[0,33],"cNewPos":[0,34],"cWhen":1.530003092508409e9,"tag":"Change","cFrom":[0,33],"cText":["o"],"cRemoved":[""]}

{"cOrigin":"+input","cTo":[0,34],"cNewPos":[0,35],"cWhen":1.5300030928203945e9,"tag":"Change","cFrom":[0,34],"cText":["l"],"cRemoved":[""]}

{"cOrigin":"+delete","cTo":[0,35],"cNewPos":[0,34],"cWhen":1.530003094220072e9,"tag":"Change","cFrom":[0,34],"cText":[""],"cRemoved":["l"]}

{"cOrigin":"+input","cTo":[0,34],"cNewPos":[0,35],"cWhen":1.53000309490438e9,"tag":"Change","cFrom":[0,34],"cText":[" "],"cRemoved":[""]}

{"cOrigin":"+input","cTo":[0,35],"cNewPos":[0,36],"cWhen":1.530003095684326e9,"tag":"Change","cFrom":[0,35],"cText":["h"],"cRemoved":[""]}

{"cOrigin":"+input","cTo":[0,36],"cNewPos":[0,37],"cWhen":1.530003096068216e9,"tag":"Change","cFrom":[0,36],"cText":["i"],"cRemoved":[""]}

{"cOrigin":"+input","cTo":[0,37],"cNewPos":[0,38],"cWhen":1.5300030963803105e9,"tag":"Change","cFrom":[0,37],"cText":[" "],"cRemoved":[""]}

{"cOrigin":"+input","cTo":[0,38],"cNewPos":[0,39],"cWhen":1.5300031010522523e9,"tag":"Change","cFrom":[0,38],"cText":["e"],"cRemoved":[""]}

{"cOrigin":"+input","cTo":[0,39],"cNewPos":[0,40],"cWhen":1.5300031014042923e9,"tag":"Change","cFrom":[0,39],"cText":["v"],"cRemoved":[""]}

{"cOrigin":"+input","cTo":[0,40],"cNewPos":[0,41],"cWhen":1.5300031018203316e9,"tag":"Change","cFrom":[0,40],"cText":["r"],"cRemoved":[""]}

{"cOrigin":"+delete","cTo":[0,41],"cNewPos":[0,40],"cWhen":1.5300031038680897e9,"tag":"Change","cFrom":[0,40],"cText":[""],"cRemoved":["r"]}

{"cOrigin":"+delete","cTo":[0,40],"cNewPos":[0,39],"cWhen":1.5300031041801372e9,"tag":"Change","cFrom":[0,39],"cText":[""],"cRemoved":["v"]}

{"cOrigin":"+delete","cTo":[0,39],"cNewPos":[0,38],"cWhen":1.5300031044520981e9,"tag":"Change","cFrom":[0,38],"cText":[""],"cRemoved":["e"]}

{"cWhen":1.5300031072939477e9,"tag":"Eval","cAll":true}

{"cOrigin":"+delete","cTo":[0,38],"cNewPos":[0,37],"cWhen":1.530003109140274e9,"tag":"Change","cFrom":[0,37],"cText":[""],"cRemoved":[" "]}

{"cOrigin":"+delete","cTo":[0,37],"cNewPos":[0,36],"cWhen":1.5300031093912146e9,"tag":"Change","cFrom":[0,36],"cText":[""],"cRemoved":["i"]}

{"cOrigin":"+delete","cTo":[0,36],"cNewPos":[0,35],"cWhen":1.53000310944119e9,"tag":"Change","cFrom":[0,35],"cText":[""],"cRemoved":["h"]}

{"cOrigin":"+delete","cTo":[0,35],"cNewPos":[0,34],"cWhen":1.5300031094912095e9,"tag":"Change","cFrom":[0,34],"cText":[""],"cRemoved":[" "]}

{"cOrigin":"+delete","cTo":[0,34],"cNewPos":[0,33],"cWhen":1.5300031095412462e9,"tag":"Change","cFrom":[0,33],"cText":[""],"cRemoved":["o"]}

{"cOrigin":"+delete","cTo":[0,33],"cNewPos":[0,32],"cWhen":1.530003109892261e9,"tag":"Change","cFrom":[0,32],"cText":[""],"cRemoved":["l"]}

{"cOrigin":"+delete","cTo":[0,32],"cNewPos":[0,31],"cWhen":1.5300031102362978e9,"tag":"Change","cFrom":[0,31],"cText":[""],"cRemoved":[" "]}

{"cOrigin":"+delete","cTo":[0,31],"cNewPos":[0,30],"cWhen":1.5300031105081375e9,"tag":"Change","cFrom":[0,30],"cText":[""],"cRemoved":["8"]}

{"cOrigin":"+delete","cTo":[0,30],"cNewPos":[0,29],"cWhen":1.5300031107612035e9,"tag":"Change","cFrom":[0,29],"cText":[""],"cRemoved":["*"]}

{"cOrigin":"+delete","cTo":[0,29],"cNewPos":[0,28],"cWhen":1.5300031109722407e9,"tag":"Change","cFrom":[0,28],"cText":[""],"cRemoved":["i"]}

{"cOrigin":"+delete","cTo":[0,28],"cNewPos":[0,27],"cWhen":1.5300031112041426e9,"tag":"Change","cFrom":[0,27],"cText":[""],"cRemoved":["h"]}

{"cOrigin":"+delete","cTo":[0,27],"cNewPos":[0,26],"cWhen":1.5300031138124936e9,"tag":"Change","cFrom":[0,26],"cText":[""],"cRemoved":[" "]}

{"cOrigin":"+input","cTo":[0,26],"cNewPos":[0,27],"cWhen":1.530003115356765e9,"tag":"Change","cFrom":[0,26],"cText":["\""],"cRemoved":[""]}

{"cOrigin":"+input","cTo":[0,27],"cNewPos":[1,0],"cWhen":1.5300031168369555e9,"tag":"Change","cFrom":[0,27],"cText":["",""],"cRemoved":[""]}

{"cOrigin":"+input","cTo":[1,0],"cNewPos":[2,0],"cWhen":1.5300031170914714e9,"tag":"Change","cFrom":[1,0],"cText":["",""],"cRemoved":[""]}

{"cXWarp":0,"cNewPos":[1,0],"cWhen":1.5300031218375115e9,"tag":"Move"}

{"cXWarp":0,"cNewPos":[0,0],"cWhen":1.5300031220615413e9,"tag":"Move"}

{"cXWarp":1,"cNewPos":[0,1],"cWhen":1.5300031229095683e9,"tag":"Move"}

{"cXWarp":2,"cNewPos":[0,2],"cWhen":1.5300031231576824e9,"tag":"Move"}

{"cXWarp":3,"cNewPos":[0,3],"cWhen":1.5300031233577344e9,"tag":"Move"}

{"cXWarp":4,"cNewPos":[0,4],"cWhen":1.5300031235417345e9,"tag":"Move"}

{"cXWarp":5,"cNewPos":[0,5],"cWhen":1.5300031237576613e9,"tag":"Move"}

{"cXWarp":6,"cNewPos":[0,6],"cWhen":1.5300031239336698e9,"tag":"Move"}

{"cXWarp":7,"cNewPos":[0,7],"cWhen":1.5300031241257157e9,"tag":"Move"}

{"cXWarp":8,"cNewPos":[0,8],"cWhen":1.530003124309775e9,"tag":"Move"}

{"cXWarp":9,"cNewPos":[0,9],"cWhen":1.5300031244618847e9,"tag":"Move"}

{"cXWarp":10,"cNewPos":[0,10],"cWhen":1.530003124685879e9,"tag":"Move"}

{"cXWarp":11,"cNewPos":[0,11],"cWhen":1.5300031248539476e9,"tag":"Move"}

{"cXWarp":12,"cNewPos":[0,12],"cWhen":1.5300031250059962e9,"tag":"Move"}

{"cXWarp":13,"cNewPos":[0,13],"cWhen":1.5300031252614179e9,"tag":"Move"}

{"cXWarp":14,"cNewPos":[0,14],"cWhen":1.5300031253112772e9,"tag":"Move"}

{"cXWarp":15,"cNewPos":[0,15],"cWhen":1.530003125361307e9,"tag":"Move"}

{"cXWarp":16,"cNewPos":[0,16],"cWhen":1.5300031254112911e9,"tag":"Move"}

{"cXWarp":17,"cNewPos":[0,17],"cWhen":1.530003125461373e9,"tag":"Move"}

{"cXWarp":18,"cNewPos":[0,18],"cWhen":1.530003125511307e9,"tag":"Move"}

{"cXWarp":19,"cNewPos":[0,19],"cWhen":1.5300031255612884e9,"tag":"Move"}

{"cXWarp":20,"cNewPos":[0,20],"cWhen":1.530003125611317e9,"tag":"Move"}

{"cXWarp":21,"cNewPos":[0,21],"cWhen":1.5300031258803496e9,"tag":"Move"}

{"cXWarp":22,"cNewPos":[0,22],"cWhen":1.5300031260860188e9,"tag":"Move"}

{"cXWarp":23,"cNewPos":[0,23],"cWhen":1.5300031262701426e9,"tag":"Move"}

{"cXWarp":24,"cNewPos":[0,24],"cWhen":1.5300031264700763e9,"tag":"Move"}

{"cXWarp":25,"cNewPos":[0,25],"cWhen":1.5300031266542583e9,"tag":"Move"}

{"cXWarp":26,"cNewPos":[0,26],"cWhen":1.530003127014265e9,"tag":"Move"}

{"cXWarp":27,"cNewPos":[0,27],"cWhen":1.5300031273342338e9,"tag":"Move"}

{"cWhen":1.5300031291928523e9,"tag":"Eval","cAll":true}

{"cXWarp":27,"cNewPos":[0,27],"cWhen":1.5300031347272978e9,"tag":"Move"}

{"cXWarp":0,"cNewPos":[1,0],"cWhen":1.5300031404000144e9,"tag":"Move"}

{"cXWarp":0,"cNewPos":[2,0],"cWhen":1.5300031430404105e9,"tag":"Move"}

{"cXWarp":0,"cNewPos":[2,0],"cWhen":1.5300031442406588e9,"tag":"Move"}

{"cOrigin":"+input","cTo":[2,0],"cNewPos":[2,1],"cWhen":1.5300031454968436e9,"tag":"Change","cFrom":[2,0],"cText":["g"],"cRemoved":[""]}

{"cOrigin":"+delete","cTo":[2,1],"cNewPos":[2,0],"cWhen":1.5300031467049413e9,"tag":"Change","cFrom":[2,0],"cText":[""],"cRemoved":["g"]}

{"cOrigin":"+input","cTo":[2,0],"cNewPos":[2,1],"cWhen":1.5300031494980056e9,"tag":"Change","cFrom":[2,0],"cText":["e"],"cRemoved":[""]}

{"cOrigin":"+input","cTo":[2,1],"cNewPos":[2,2],"cWhen":1.5300031509138992e9,"tag":"Change","cFrom":[2,1],"cText":["v"],"cRemoved":[""]}

{"cOrigin":"+input","cTo":[2,2],"cNewPos":[2,3],"cWhen":1.5300031522020147e9,"tag":"Change","cFrom":[2,2],"cText":["e"],"cRemoved":[""]}

{"cOrigin":"+input","cTo":[2,3],"cNewPos":[2,4],"cWhen":1.5300031524980202e9,"tag":"Change","cFrom":[2,3],"cText":["r"],"cRemoved":[""]}

{"cOrigin":"+input","cTo":[2,4],"cNewPos":[2,5],"cWhen":1.530003152979035e9,"tag":"Change","cFrom":[2,4],"cText":["y"],"cRemoved":[""]}

{"cOrigin":"+input","cTo":[2,5],"cNewPos":[2,6],"cWhen":1.5300031534578407e9,"tag":"Change","cFrom":[2,5],"cText":["3"],"cRemoved":[""]}

{"cOrigin":"+delete","cTo":[2,6],"cNewPos":[2,5],"cWhen":1.530003155322127e9,"tag":"Change","cFrom":[2,5],"cText":[""],"cRemoved":["3"]}

{"cOrigin":"+input","cTo":[2,5],"cNewPos":[2,6],"cWhen":1.5300031557224722e9,"tag":"Change","cFrom":[2,5],"cText":[" "],"cRemoved":[""]}

{"cOrigin":"+input","cTo":[2,6],"cNewPos":[2,7],"cWhen":1.5300031560583785e9,"tag":"Change","cFrom":[2,6],"cText":["3"],"cRemoved":[""]}

{"cOrigin":"+input","cTo":[2,7],"cNewPos":[2,8],"cWhen":1.53000315663448e9,"tag":"Change","cFrom":[2,7],"cText":[" "],"cRemoved":[""]}

{"cOrigin":"+input","cTo":[2,8],"cNewPos":[2,9],"cWhen":1.5300031576025422e9,"tag":"Change","cFrom":[2,8],"cText":["f"],"cRemoved":[""]}

{"cOrigin":"+input","cTo":[2,9],"cNewPos":[2,10],"cWhen":1.5300031578104937e9,"tag":"Change","cFrom":[2,9],"cText":["a"],"cRemoved":[""]}

{"cOrigin":"+input","cTo":[2,10],"cNewPos":[2,11],"cWhen":1.5300031580824385e9,"tag":"Change","cFrom":[2,10],"cText":["s"],"cRemoved":[""]}

{"cOrigin":"+input","cTo":[2,11],"cNewPos":[2,12],"cWhen":1.530003158482869e9,"tag":"Change","cFrom":[2,11],"cText":["t"],"cRemoved":[""]}

{"cOrigin":"+input","cTo":[2,12],"cNewPos":[2,13],"cWhen":1.5300031586992478e9,"tag":"Change","cFrom":[2,12],"cText":["e"],"cRemoved":[""]}

{"cOrigin":"+input","cTo":[2,13],"cNewPos":[2,14],"cWhen":1.53000315892283e9,"tag":"Change","cFrom":[2,13],"cText":["r"],"cRemoved":[""]}

{"cOrigin":"+input","cTo":[2,14],"cNewPos":[2,15],"cWhen":1.5300031593950107e9,"tag":"Change","cFrom":[2,14],"cText":[" "],"cRemoved":[""]}

{"cOrigin":"+input","cTo":[2,15],"cNewPos":[2,16],"cWhen":1.5300031715966234e9,"tag":"Change","cFrom":[2,15],"cText":["\""],"cRemoved":[""]}

{"cOrigin":"+input","cTo":[2,16],"cNewPos":[2,17],"cWhen":1.5300031753409553e9,"tag":"Change","cFrom":[2,16],"cText":["h"],"cRemoved":[""]}

{"cOrigin":"+input","cTo":[2,17],"cNewPos":[2,18],"cWhen":1.5300031757731922e9,"tag":"Change","cFrom":[2,17],"cText":["i"],"cRemoved":[""]}

{"cOrigin":"+input","cTo":[2,18],"cNewPos":[2,19],"cWhen":1.530003176637008e9,"tag":"Change","cFrom":[2,18],"cText":[" "],"cRemoved":[""]}

{"cOrigin":"+delete","cTo":[2,19],"cNewPos":[2,18],"cWhen":1.530003178397201e9,"tag":"Change","cFrom":[2,18],"cText":[""],"cRemoved":[" "]}

{"cOrigin":"+input","cTo":[2,18],"cNewPos":[2,19],"cWhen":1.5300031955594993e9,"tag":"Change","cFrom":[2,18],"cText":[" "],"cRemoved":[""]}

{"cOrigin":"+input","cTo":[2,19],"cNewPos":[2,20],"cWhen":1.530003197159646e9,"tag":"Change","cFrom":[2,19],"cText":["l"],"cRemoved":[""]}

{"cOrigin":"+input","cTo":[2,20],"cNewPos":[2,21],"cWhen":1.5300031975598094e9,"tag":"Change","cFrom":[2,20],"cText":["o"],"cRemoved":[""]}

{"cOrigin":"+input","cTo":[2,21],"cNewPos":[2,22],"cWhen":1.5300032014081059e9,"tag":"Change","cFrom":[2,21],"cText":["*"],"cRemoved":[""]}

{"cOrigin":"+input","cTo":[2,22],"cNewPos":[2,23],"cWhen":1.530003204288518e9,"tag":"Change","cFrom":[2,22],"cText":["9"],"cRemoved":[""]}

{"cOrigin":"+input","cTo":[2,23],"cNewPos":[2,24],"cWhen":1.5300032075206673e9,"tag":"Change","cFrom":[2,23],"cText":["\""],"cRemoved":[""]}

{"cWhen":1.5300032097900407e9,"tag":"Eval","cAll":true}

{"cXWarp":0,"cNewPos":[3,0],"cWhen":1.5300032261145215e9,"tag":"Move"}

{"cXWarp":0,"cNewPos":[3,0],"cWhen":1.5300032291549544e9,"tag":"Move"}

{"cOrigin":"+input","cTo":[3,0],"cNewPos":[3,1],"cWhen":1.530003236859699e9,"tag":"Change","cFrom":[3,0],"cText":["\""],"cRemoved":[""]}

{"cOrigin":"+delete","cTo":[3,1],"cNewPos":[3,0],"cWhen":1.530003241580322e9,"tag":"Change","cFrom":[3,0],"cText":[""],"cRemoved":["\""]}

{"cXWarp":0,"cNewPos":[3,0],"cWhen":1.5300032471167421e9,"tag":"Move"}

{"cXWarp":0,"cNewPos":[3,0],"cWhen":1.5300032475167718e9,"tag":"Move"}

{"cOrigin":"+input","cTo":[3,0],"cNewPos":[3,1],"cWhen":1.5300032593498783e9,"tag":"Change","cFrom":[3,0],"cText":["H"],"cRemoved":[""]}

{"cOrigin":"+delete","cTo":[3,1],"cNewPos":[3,0],"cWhen":1.5300032606299462e9,"tag":"Change","cFrom":[3,0],"cText":[""],"cRemoved":["H"]}
