{"cWhen":1530017984,"tag":"Eval","cAll":true}
{"cOrigin":"+input","cTo":[0,0],"cNewPos":[0,1],"cWhen":1.5300179955381198e9,"tag":"Change","cFrom":[0,0],"cText":["\""],"cRemoved":[""]}

{"cOrigin":"+delete","cTo":[0,1],"cNewPos":[0,0],"cWhen":1.5300179990900214e9,"tag":"Change","cFrom":[0,0],"cText":[""],"cRemoved":["\""]}

{"cXWarp":1,"cNewPos":[0,1],"cWhen":1.5300180015302935e9,"tag":"Move"}

{"cXWarp":2,"cNewPos":[0,2],"cWhen":1.5300180017860472e9,"tag":"Move"}

{"cXWarp":3,"cNewPos":[0,3],"cWhen":1.5300180020900471e9,"tag":"Move"}

{"cXWarp":4,"cNewPos":[0,4],"cWhen":1.530018002394034e9,"tag":"Move"}

{"cOrigin":"+delete","cTo":[0,4],"cNewPos":[0,3],"cWhen":1.5300180041300507e9,"tag":"Change","cFrom":[0,3],"cText":[""],"cRemoved":["\""]}

{"cOrigin":"+delete","cTo":[0,3],"cNewPos":[0,2],"cWhen":1.5300180052500327e9,"tag":"Change","cFrom":[0,2],"cText":[""],"cRemoved":[" "]}

{"cOrigin":"+delete","cTo":[0,2],"cNewPos":[0,1],"cWhen":1.530018005762023e9,"tag":"Change","cFrom":[0,1],"cText":[""],"cRemoved":[" "]}

{"cOrigin":"+delete","cTo":[0,1],"cNewPos":[0,0],"cWhen":1.530018006018024e9,"tag":"Change","cFrom":[0,0],"cText":[""],"cRemoved":[" "]}

{"cOrigin":"+input","cTo":[0,0],"cNewPos":[0,1],"cWhen":1.530018008698165e9,"tag":"Change","cFrom":[0,0],"cText":["1"],"cRemoved":[""]}

{"cOrigin":"+delete","cTo":[0,1],"cNewPos":[0,0],"cWhen":1.530018011410029e9,"tag":"Change","cFrom":[0,0],"cText":[""],"cRemoved":["1"]}

{"cWhen":1.5300180130029209e9,"tag":"MuteToggle","cOrbit":1}

{"cWhen":1.5300180130029209e9,"tag":"Eval","cAll":true}

{"cOrigin":"+input","cTo":[0,0],"cNewPos":[0,1],"cWhen":1.5300180157222242e9,"tag":"Change","cFrom":[0,0],"cText":["!"],"cRemoved":[""]}

{"cOrigin":"+delete","cTo":[0,1],"cNewPos":[0,0],"cWhen":1.5300180235461726e9,"tag":"Change","cFrom":[0,0],"cText":[""],"cRemoved":["!"]}

{"cOrigin":"+input","cTo":[0,0],"cNewPos":[0,1],"cWhen":1.5300180292263165e9,"tag":"Change","cFrom":[0,0],"cText":["\""],"cRemoved":[""]}

{"cOrigin":"+input","cTo":[0,1],"cNewPos":[0,2],"cWhen":1.530018035146756e9,"tag":"Change","cFrom":[0,1],"cText":["h"],"cRemoved":[""]}

{"cOrigin":"+input","cTo":[0,2],"cNewPos":[0,3],"cWhen":1.5300180355383177e9,"tag":"Change","cFrom":[0,2],"cText":["i"],"cRemoved":[""]}

{"cOrigin":"+input","cTo":[0,3],"cNewPos":[0,4],"cWhen":1.5300180364263246e9,"tag":"Change","cFrom":[0,3],"cText":[" "],"cRemoved":[""]}

{"cOrigin":"+input","cTo":[0,4],"cNewPos":[0,5],"cWhen":1.530018040026386e9,"tag":"Change","cFrom":[0,4],"cText":["\""],"cRemoved":[""]}

{"cOrigin":"+delete","cTo":[0,5],"cNewPos":[0,4],"cWhen":1.5300180456022542e9,"tag":"Change","cFrom":[0,4],"cText":[""],"cRemoved":["\""]}

{"cOrigin":"+delete","cTo":[0,4],"cNewPos":[0,3],"cWhen":1.530018045882229e9,"tag":"Change","cFrom":[0,3],"cText":[""],"cRemoved":[" "]}

{"cOrigin":"+delete","cTo":[0,3],"cNewPos":[0,2],"cWhen":1.53001804616225e9,"tag":"Change","cFrom":[0,2],"cText":[""],"cRemoved":["i"]}

{"cOrigin":"+delete","cTo":[0,2],"cNewPos":[0,1],"cWhen":1.5300180464342582e9,"tag":"Change","cFrom":[0,1],"cText":[""],"cRemoved":["h"]}

{"cOrigin":"+input","cTo":[0,1],"cNewPos":[0,2],"cWhen":1.530018050210416e9,"tag":"Change","cFrom":[0,1],"cText":["f"],"cRemoved":[""]}

{"cOrigin":"+input","cTo":[0,2],"cNewPos":[0,3],"cWhen":1.5300180519224062e9,"tag":"Change","cFrom":[0,2],"cText":["a"],"cRemoved":[""]}

{"cOrigin":"+input","cTo":[0,3],"cNewPos":[0,4],"cWhen":1.5300180522744253e9,"tag":"Change","cFrom":[0,3],"cText":["s"],"cRemoved":[""]}

{"cOrigin":"+input","cTo":[0,4],"cNewPos":[0,5],"cWhen":1.5300180536344414e9,"tag":"Change","cFrom":[0,4],"cText":["t"],"cRemoved":[""]}

{"cOrigin":"+input","cTo":[0,5],"cNewPos":[0,6],"cWhen":1.5300180566104398e9,"tag":"Change","cFrom":[0,5],"cText":["e"],"cRemoved":[""]}

{"cOrigin":"+input","cTo":[0,6],"cNewPos":[0,7],"cWhen":1.530018057922435e9,"tag":"Change","cFrom":[0,6],"cText":["r"],"cRemoved":[""]}

{"cOrigin":"+input","cTo":[0,7],"cNewPos":[0,8],"cWhen":1.5300180604424489e9,"tag":"Change","cFrom":[0,7],"cText":[" "],"cRemoved":[""]}

{"cOrigin":"+input","cTo":[0,8],"cNewPos":[0,9],"cWhen":1.530018070106439e9,"tag":"Change","cFrom":[0,8],"cText":["\""],"cRemoved":[""]}

{"cOrigin":"+input","cTo":[0,9],"cNewPos":[0,10],"cWhen":1.5300180741145134e9,"tag":"Change","cFrom":[0,9],"cText":["h"],"cRemoved":[""]}

{"cOrigin":"+input","cTo":[0,10],"cNewPos":[0,11],"cWhen":1.5300180751624913e9,"tag":"Change","cFrom":[0,10],"cText":["i"],"cRemoved":[""]}

{"cOrigin":"+input","cTo":[0,11],"cNewPos":[0,12],"cWhen":1.5300180794585073e9,"tag":"Change","cFrom":[0,11],"cText":["\""],"cRemoved":[""]}

{"cOrigin":"+input","cTo":[0,12],"cNewPos":[0,13],"cWhen":1.5300180820345008e9,"tag":"Change","cFrom":[0,12],"cText":["l"],"cRemoved":[""]}

{"cOrigin":"+input","cTo":[0,13],"cNewPos":[0,14],"cWhen":1.530018082298499e9,"tag":"Change","cFrom":[0,13],"cText":["o"],"cRemoved":[""]}

{"cOrigin":"+input","cTo":[0,14],"cNewPos":[0,15],"cWhen":1.5300180846185133e9,"tag":"Change","cFrom":[0,14],"cText":["\""],"cRemoved":[""]}

{"cOrigin":"+input","cTo":[0,15],"cNewPos":[0,16],"cWhen":1.5300180872827334e9,"tag":"Change","cFrom":[0,15],"cText":["h"],"cRemoved":[""]}

{"cOrigin":"+input","cTo":[0,16],"cNewPos":[0,17],"cWhen":1.53001808765084e9,"tag":"Change","cFrom":[0,16],"cText":["i"],"cRemoved":[""]}

{"cOrigin":"+input","cTo":[0,17],"cNewPos":[0,18],"cWhen":1.5300180940025492e9,"tag":"Change","cFrom":[0,17],"cText":["\""],"cRemoved":[""]}

{"cOrigin":"+input","cTo":[0,18],"cNewPos":[0,19],"cWhen":1.5300180962985837e9,"tag":"Change","cFrom":[0,18],"cText":["l"],"cRemoved":[""]}

{"cOrigin":"+input","cTo":[0,19],"cNewPos":[0,20],"cWhen":1.53001809656254e9,"tag":"Change","cFrom":[0,19],"cText":["o"],"cRemoved":[""]}

{"cOrigin":"+input","cTo":[0,20],"cNewPos":[1,0],"cWhen":1.530018098306619e9,"tag":"Change","cFrom":[0,20],"cText":["",""],"cRemoved":[""]}

{"cOrigin":"+delete","cTo":[1,0],"cNewPos":[0,20],"cWhen":1.530018100970443e9,"tag":"Change","cFrom":[0,20],"cText":[""],"cRemoved":["",""]}

{"cWhen":1.5300181046434925e9,"tag":"Eval","cAll":true}

{"cOrigin":"+input","cTo":[0,20],"cNewPos":[1,0],"cWhen":1.5300181068826287e9,"tag":"Change","cFrom":[0,20],"cText":["",""],"cRemoved":[""]}

{"cOrigin":"+input","cTo":[1,0],"cNewPos":[2,0],"cWhen":1.530018107322635e9,"tag":"Change","cFrom":[1,0],"cText":["",""],"cRemoved":[""]}

{"cOrigin":"+delete","cTo":[2,0],"cNewPos":[1,0],"cWhen":1.5300181104756544e9,"tag":"Change","cFrom":[1,0],"cText":[""],"cRemoved":["",""]}

{"cOrigin":"+delete","cTo":[1,0],"cNewPos":[0,20],"cWhen":1.53001811111449e9,"tag":"Change","cFrom":[0,20],"cText":[""],"cRemoved":["",""]}

{"cOrigin":"+delete","cTo":[0,20],"cNewPos":[0,19],"cWhen":1.530018112714501e9,"tag":"Change","cFrom":[0,19],"cText":[""],"cRemoved":["o"]}

{"cOrigin":"+delete","cTo":[0,19],"cNewPos":[0,18],"cWhen":1.5300181130105162e9,"tag":"Change","cFrom":[0,18],"cText":[""],"cRemoved":["l"]}

{"cOrigin":"+delete","cTo":[0,18],"cNewPos":[0,17],"cWhen":1.53001811361851e9,"tag":"Change","cFrom":[0,17],"cText":[""],"cRemoved":["\""]}

{"cOrigin":"+delete","cTo":[0,17],"cNewPos":[0,16],"cWhen":1.530018113930501e9,"tag":"Change","cFrom":[0,16],"cText":[""],"cRemoved":["i"]}

{"cOrigin":"+delete","cTo":[0,16],"cNewPos":[0,15],"cWhen":1.5300181142424905e9,"tag":"Change","cFrom":[0,15],"cText":[""],"cRemoved":["h"]}

{"cOrigin":"+delete","cTo":[0,15],"cNewPos":[0,14],"cWhen":1.5300181146026332e9,"tag":"Change","cFrom":[0,14],"cText":[""],"cRemoved":["\""]}

{"cOrigin":"+delete","cTo":[0,14],"cNewPos":[0,13],"cWhen":1.5300181154025228e9,"tag":"Change","cFrom":[0,13],"cText":[""],"cRemoved":["o"]}

{"cOrigin":"+delete","cTo":[0,13],"cNewPos":[0,12],"cWhen":1.530018115778517e9,"tag":"Change","cFrom":[0,12],"cText":[""],"cRemoved":["l"]}

{"cOrigin":"+delete","cTo":[0,12],"cNewPos":[0,11],"cWhen":1.530018116258542e9,"tag":"Change","cFrom":[0,11],"cText":[""],"cRemoved":["\""]}

{"cOrigin":"+delete","cTo":[0,11],"cNewPos":[0,10],"cWhen":1.5300181165945146e9,"tag":"Change","cFrom":[0,10],"cText":[""],"cRemoved":["i"]}

{"cOrigin":"+delete","cTo":[0,10],"cNewPos":[0,9],"cWhen":1.530018116849546e9,"tag":"Change","cFrom":[0,9],"cText":[""],"cRemoved":["h"]}

{"cOrigin":"+delete","cTo":[0,9],"cNewPos":[0,8],"cWhen":1.5300181168995404e9,"tag":"Change","cFrom":[0,8],"cText":[""],"cRemoved":["\""]}

{"cOrigin":"+delete","cTo":[0,8],"cNewPos":[0,7],"cWhen":1.5300181169495435e9,"tag":"Change","cFrom":[0,7],"cText":[""],"cRemoved":[" "]}

{"cOrigin":"+delete","cTo":[0,7],"cNewPos":[0,6],"cWhen":1.5300181169995522e9,"tag":"Change","cFrom":[0,6],"cText":[""],"cRemoved":["r"]}

{"cOrigin":"+delete","cTo":[0,6],"cNewPos":[0,5],"cWhen":1.5300181170495684e9,"tag":"Change","cFrom":[0,5],"cText":[""],"cRemoved":["e"]}

{"cOrigin":"+delete","cTo":[0,5],"cNewPos":[0,4],"cWhen":1.5300181170995607e9,"tag":"Change","cFrom":[0,4],"cText":[""],"cRemoved":["t"]}

{"cOrigin":"+delete","cTo":[0,4],"cNewPos":[0,3],"cWhen":1.5300181171495435e9,"tag":"Change","cFrom":[0,3],"cText":[""],"cRemoved":["s"]}

{"cOrigin":"+delete","cTo":[0,3],"cNewPos":[0,2],"cWhen":1.5300181171995525e9,"tag":"Change","cFrom":[0,2],"cText":[""],"cRemoved":["a"]}

{"cOrigin":"+delete","cTo":[0,2],"cNewPos":[0,1],"cWhen":1.530018117522507e9,"tag":"Change","cFrom":[0,1],"cText":[""],"cRemoved":["f"]}

{"cOrigin":"+delete","cTo":[0,1],"cNewPos":[0,0],"cWhen":1.5300181185065138e9,"tag":"Change","cFrom":[0,0],"cText":[""],"cRemoved":["\""]}

{"cOrigin":"+input","cTo":[0,0],"cNewPos":[0,1],"cWhen":1.5300181222507021e9,"tag":"Change","cFrom":[0,0],"cText":["1"],"cRemoved":[""]}

{"cOrigin":"+delete","cTo":[0,1],"cNewPos":[0,0],"cWhen":1.530018125114542e9,"tag":"Change","cFrom":[0,0],"cText":[""],"cRemoved":["1"]}

{"cOrigin":"+input","cTo":[0,0],"cNewPos":[0,1],"cWhen":1.5300181270426621e9,"tag":"Change","cFrom":[0,0],"cText":["1"],"cRemoved":[""]}

{"cOrigin":"+delete","cTo":[0,1],"cNewPos":[0,0],"cWhen":1.5300181292505474e9,"tag":"Change","cFrom":[0,0],"cText":[""],"cRemoved":["1"]}

{"cWhen":1.5300181308914554e9,"tag":"MuteToggle","cOrbit":1}

{"cWhen":1.5300181308914554e9,"tag":"Eval","cAll":true}

{"cWhen":1.5300181334594522e9,"tag":"MuteToggle","cOrbit":1}

{"cWhen":1.5300181334594522e9,"tag":"Eval","cAll":true}

{"cOrigin":"+input","cTo":[0,0],"cNewPos":[0,1],"cWhen":1.5300181343707507e9,"tag":"Change","cFrom":[0,0],"cText":["1"],"cRemoved":[""]}

{"cOrigin":"+input","cTo":[0,1],"cNewPos":[0,2],"cWhen":1.5300181438907974e9,"tag":"Change","cFrom":[0,1],"cText":["f"],"cRemoved":[""]}

{"cOrigin":"+input","cTo":[0,2],"cNewPos":[0,3],"cWhen":1.5300181451387424e9,"tag":"Change","cFrom":[0,2],"cText":["s"],"cRemoved":[""]}

{"cOrigin":"+input","cTo":[0,3],"cNewPos":[0,4],"cWhen":1.530018147250752e9,"tag":"Change","cFrom":[0,3],"cText":["t"],"cRemoved":[""]}

{"cOrigin":"+input","cTo":[0,4],"cNewPos":[0,5],"cWhen":1.5300181479308088e9,"tag":"Change","cFrom":[0,4],"cText":["e"],"cRemoved":[""]}

{"cOrigin":"+input","cTo":[0,5],"cNewPos":[0,6],"cWhen":1.5300181481387875e9,"tag":"Change","cFrom":[0,5],"cText":["r"],"cRemoved":[""]}

{"cOrigin":"+delete","cTo":[0,6],"cNewPos":[0,5],"cWhen":1.5300181547706568e9,"tag":"Change","cFrom":[0,5],"cText":[""],"cRemoved":["r"]}

{"cOrigin":"+delete","cTo":[0,5],"cNewPos":[0,4],"cWhen":1.5300181550906582e9,"tag":"Change","cFrom":[0,4],"cText":[""],"cRemoved":["e"]}

{"cOrigin":"+delete","cTo":[0,4],"cNewPos":[0,3],"cWhen":1.5300181555546618e9,"tag":"Change","cFrom":[0,3],"cText":[""],"cRemoved":["t"]}

{"cOrigin":"+delete","cTo":[0,3],"cNewPos":[0,2],"cWhen":1.5300181559066741e9,"tag":"Change","cFrom":[0,2],"cText":[""],"cRemoved":["s"]}

{"cOrigin":"+input","cTo":[0,2],"cNewPos":[0,3],"cWhen":1.530018157218814e9,"tag":"Change","cFrom":[0,2],"cText":["a"],"cRemoved":[""]}

{"cOrigin":"+input","cTo":[0,3],"cNewPos":[0,4],"cWhen":1.5300181590988517e9,"tag":"Change","cFrom":[0,3],"cText":["s"],"cRemoved":[""]}

{"cOrigin":"+input","cTo":[0,4],"cNewPos":[0,5],"cWhen":1.5300181601628094e9,"tag":"Change","cFrom":[0,4],"cText":["t"],"cRemoved":[""]}

{"cOrigin":"+input","cTo":[0,5],"cNewPos":[0,6],"cWhen":1.530018160490781e9,"tag":"Change","cFrom":[0,5],"cText":["e"],"cRemoved":[""]}

{"cOrigin":"+input","cTo":[0,6],"cNewPos":[0,7],"cWhen":1.5300181607708504e9,"tag":"Change","cFrom":[0,6],"cText":["r"],"cRemoved":[""]}

{"cOrigin":"+input","cTo":[0,7],"cNewPos":[0,8],"cWhen":1.5300181625308373e9,"tag":"Change","cFrom":[0,7],"cText":[" "],"cRemoved":[""]}

{"cOrigin":"+input","cTo":[0,8],"cNewPos":[0,9],"cWhen":1.5300181696828384e9,"tag":"Change","cFrom":[0,8],"cText":[" "],"cRemoved":[""]}

{"cOrigin":"+input","cTo":[0,9],"cNewPos":[0,10],"cWhen":1.530018173170837e9,"tag":"Change","cFrom":[0,9],"cText":["h"],"cRemoved":[""]}

{"cOrigin":"+input","cTo":[0,10],"cNewPos":[0,11],"cWhen":1.5300181737628415e9,"tag":"Change","cFrom":[0,10],"cText":["i"],"cRemoved":[""]}

{"cOrigin":"+input","cTo":[0,11],"cNewPos":[0,12],"cWhen":1.5300181743468444e9,"tag":"Change","cFrom":[0,11],"cText":[" "],"cRemoved":[""]}

{"cOrigin":"+input","cTo":[0,12],"cNewPos":[0,13],"cWhen":1.5300181750908892e9,"tag":"Change","cFrom":[0,12],"cText":["l"],"cRemoved":[""]}

{"cOrigin":"+input","cTo":[0,13],"cNewPos":[0,14],"cWhen":1.5300181754828227e9,"tag":"Change","cFrom":[0,13],"cText":["o"],"cRemoved":[""]}

{"cOrigin":"+input","cTo":[0,14],"cNewPos":[1,0],"cWhen":1.5300181772988765e9,"tag":"Change","cFrom":[0,14],"cText":["",""],"cRemoved":[""]}

{"cOrigin":"+delete","cTo":[1,0],"cNewPos":[0,14],"cWhen":1.5300181789067733e9,"tag":"Change","cFrom":[0,14],"cText":[""],"cRemoved":["",""]}

{"cWhen":1.5300181811719027e9,"tag":"Eval","cAll":true}

{"cXWarp":13,"cNewPos":[0,13],"cWhen":1.5300181933068397e9,"tag":"Move"}

{"cXWarp":12,"cNewPos":[0,12],"cWhen":1.5300181934908419e9,"tag":"Move"}

{"cXWarp":11,"cNewPos":[0,11],"cWhen":1.5300181936348343e9,"tag":"Move"}

{"cXWarp":10,"cNewPos":[0,10],"cWhen":1.5300181937788374e9,"tag":"Move"}

{"cXWarp":9,"cNewPos":[0,9],"cWhen":1.5300181939228063e9,"tag":"Move"}

{"cXWarp":8,"cNewPos":[0,8],"cWhen":1.530018194050834e9,"tag":"Move"}

{"cXWarp":7,"cNewPos":[0,7],"cWhen":1.5300181941948333e9,"tag":"Move"}

{"cXWarp":6,"cNewPos":[0,6],"cWhen":1.5300181943468235e9,"tag":"Move"}

{"cXWarp":5,"cNewPos":[0,5],"cWhen":1.5300181944988337e9,"tag":"Move"}

{"cXWarp":4,"cNewPos":[0,4],"cWhen":1.5300181946508386e9,"tag":"Move"}

{"cXWarp":3,"cNewPos":[0,3],"cWhen":1.530018194802836e9,"tag":"Move"}

{"cXWarp":2,"cNewPos":[0,2],"cWhen":1.530018194946818e9,"tag":"Move"}

{"cXWarp":1,"cNewPos":[0,1],"cWhen":1.530018195266834e9,"tag":"Move"}

{"cOrigin":"+delete","cTo":[0,1],"cNewPos":[0,0],"cWhen":1.5300181960508168e9,"tag":"Change","cFrom":[0,0],"cText":[""],"cRemoved":["1"]}

{"cXWarp":1,"cNewPos":[0,1],"cWhen":1.5300181967868652e9,"tag":"Move"}

{"cXWarp":2,"cNewPos":[0,2],"cWhen":1.530018196970873e9,"tag":"Move"}

{"cXWarp":3,"cNewPos":[0,3],"cWhen":1.5300181971388555e9,"tag":"Move"}

{"cXWarp":4,"cNewPos":[0,4],"cWhen":1.5300181972988634e9,"tag":"Move"}

{"cXWarp":5,"cNewPos":[0,5],"cWhen":1.5300181974588706e9,"tag":"Move"}

{"cXWarp":6,"cNewPos":[0,6],"cWhen":1.5300181976188588e9,"tag":"Move"}

{"cXWarp":7,"cNewPos":[0,7],"cWhen":1.5300181977708414e9,"tag":"Move"}

{"cXWarp":8,"cNewPos":[0,8],"cWhen":1.5300181979308326e9,"tag":"Move"}

{"cOrigin":"+input","cTo":[0,8],"cNewPos":[0,9],"cWhen":1.5300182008109539e9,"tag":"Change","cFrom":[0,8],"cText":["\""],"cRemoved":[""]}

{"cXWarp":10,"cNewPos":[0,10],"cWhen":1.530018201906857e9,"tag":"Move"}

{"cXWarp":11,"cNewPos":[0,11],"cWhen":1.5300182021148677e9,"tag":"Move"}

{"cXWarp":12,"cNewPos":[0,12],"cWhen":1.5300182022588587e9,"tag":"Move"}

{"cXWarp":13,"cNewPos":[0,13],"cWhen":1.5300182024028695e9,"tag":"Move"}

{"cXWarp":14,"cNewPos":[0,14],"cWhen":1.53001820254687e9,"tag":"Move"}

{"cXWarp":14,"cNewPos":[0,14],"cWhen":1.530018202690882e9,"tag":"Move"}

{"cOrigin":"+input","cTo":[0,14],"cNewPos":[0,15],"cWhen":1.5300182067789721e9,"tag":"Change","cFrom":[0,14],"cText":["\""],"cRemoved":[""]}

{"cOrigin":"+input","cTo":[0,15],"cNewPos":[1,0],"cWhen":1.5300182089710188e9,"tag":"Change","cFrom":[0,15],"cText":["",""],"cRemoved":[""]}

{"cWhen":1.5300182191080596e9,"tag":"Eval","cAll":true}
