{"cWhen":1530002229,"tag":"Eval","cAll":true}
{"cOrigin":"+input","cTo":[0,0],"cNewPos":[0,1],"cWhen":1.530002263783292e9,"tag":"Change","cFrom":[0,0],"cText":["\""],"cRemoved":[""]}

{"cOrigin":"+input","cTo":[0,1],"cNewPos":[0,2],"cWhen":1.5300022669350667e9,"tag":"Change","cFrom":[0,1],"cText":["h"],"cRemoved":[""]}

{"cOrigin":"+input","cTo":[0,2],"cNewPos":[0,3],"cWhen":1.530002267254996e9,"tag":"Change","cFrom":[0,2],"cText":["i"],"cRemoved":[""]}

{"cOrigin":"+input","cTo":[0,3],"cNewPos":[0,4],"cWhen":1.5300022699347138e9,"tag":"Change","cFrom":[0,3],"cText":[" "],"cRemoved":[""]}

{"cOrigin":"+input","cTo":[0,4],"cNewPos":[0,5],"cWhen":1.530002271454538e9,"tag":"Change","cFrom":[0,4],"cText":["l"],"cRemoved":[""]}

{"cOrigin":"+input","cTo":[0,5],"cNewPos":[0,6],"cWhen":1.53000227178259e9,"tag":"Change","cFrom":[0,5],"cText":["o"],"cRemoved":[""]}

{"cOrigin":"+input","cTo":[0,6],"cNewPos":[0,7],"cWhen":1.5300022746382554e9,"tag":"Change","cFrom":[0,6],"cText":["\""],"cRemoved":[""]}

{"cWhen":1.5300022821271572e9,"tag":"Eval","cAll":true}

{"cXWarp":6,"cNewPos":[0,6],"cWhen":1.5300022906604722e9,"tag":"Move"}

{"cXWarp":5,"cNewPos":[0,5],"cWhen":1.5300022908604436e9,"tag":"Move"}

{"cXWarp":4,"cNewPos":[0,4],"cWhen":1.5300022910523622e9,"tag":"Move"}

{"cXWarp":3,"cNewPos":[0,3],"cWhen":1.530002291252445e9,"tag":"Move"}

{"cXWarp":2,"cNewPos":[0,2],"cWhen":1.530002291596258e9,"tag":"Move"}

{"cXWarp":1,"cNewPos":[0,1],"cWhen":1.5300022917642212e9,"tag":"Move"}

{"cXWarp":0,"cNewPos":[0,0],"cWhen":1.5300022921083298e9,"tag":"Move"}

{"cXWarp":0,"cNewPos":[0,0],"cWhen":1.530002292812205e9,"tag":"Move"}

{"cOrigin":"+input","cTo":[0,0],"cNewPos":[0,1],"cWhen":1.5300023089067168e9,"tag":"Change","cFrom":[0,0],"cText":["s"],"cRemoved":[""]}

{"cOrigin":"+input","cTo":[0,1],"cNewPos":[0,2],"cWhen":1.5300023110423646e9,"tag":"Change","cFrom":[0,1],"cText":["c"],"cRemoved":[""]}

{"cOrigin":"+input","cTo":[0,2],"cNewPos":[0,3],"cWhen":1.530002312658498e9,"tag":"Change","cFrom":[0,2],"cText":["r"],"cRemoved":[""]}

{"cOrigin":"+input","cTo":[0,3],"cNewPos":[0,4],"cWhen":1.5300023135140815e9,"tag":"Change","cFrom":[0,3],"cText":["a"],"cRemoved":[""]}

{"cOrigin":"+input","cTo":[0,4],"cNewPos":[0,5],"cWhen":1.530002316337871e9,"tag":"Change","cFrom":[0,4],"cText":["c"],"cRemoved":[""]}

{"cOrigin":"+input","cTo":[0,5],"cNewPos":[0,6],"cWhen":1.5300023171056905e9,"tag":"Change","cFrom":[0,5],"cText":["h"],"cRemoved":[""]}

{"cWhen":1.5300023278817174e9,"tag":"Eval","cAll":true}

{"cOrigin":"+input","cTo":[0,6],"cNewPos":[1,0],"cWhen":1.5300023362155359e9,"tag":"Change","cFrom":[0,6],"cText":["",""],"cRemoved":[""]}

{"cOrigin":"+input","cTo":[1,0],"cNewPos":[2,0],"cWhen":1.5300023363915725e9,"tag":"Change","cFrom":[1,0],"cText":["",""],"cRemoved":[""]}

{"cXWarp":1,"cNewPos":[2,1],"cWhen":1.5300023407602262e9,"tag":"Move"}

{"cXWarp":2,"cNewPos":[2,2],"cWhen":1.5300023409202797e9,"tag":"Move"}

{"cXWarp":3,"cNewPos":[2,3],"cWhen":1.5300023410883389e9,"tag":"Move"}

{"cXWarp":4,"cNewPos":[2,4],"cWhen":1.5300023412642717e9,"tag":"Move"}

{"cXWarp":5,"cNewPos":[2,5],"cWhen":1.5300023416005447e9,"tag":"Move"}

{"cXWarp":6,"cNewPos":[2,6],"cWhen":1.5300023417365255e9,"tag":"Move"}

{"cXWarp":7,"cNewPos":[2,7],"cWhen":1.530002341976729e9,"tag":"Move"}

{"cOrigin":"+delete","cTo":[2,7],"cNewPos":[2,6],"cWhen":1.5300023432173169e9,"tag":"Change","cFrom":[2,6],"cText":[""],"cRemoved":["\""]}

{"cOrigin":"+delete","cTo":[2,6],"cNewPos":[2,5],"cWhen":1.5300023433773885e9,"tag":"Change","cFrom":[2,5],"cText":[""],"cRemoved":["o"]}

{"cOrigin":"+delete","cTo":[2,5],"cNewPos":[2,4],"cWhen":1.5300023435693936e9,"tag":"Change","cFrom":[2,4],"cText":[""],"cRemoved":["l"]}

{"cOrigin":"+delete","cTo":[2,4],"cNewPos":[2,3],"cWhen":1.5300023437215848e9,"tag":"Change","cFrom":[2,3],"cText":[""],"cRemoved":[" "]}

{"cOrigin":"+delete","cTo":[2,3],"cNewPos":[2,2],"cWhen":1.5300023440577066e9,"tag":"Change","cFrom":[2,2],"cText":[""],"cRemoved":["i"]}

{"cOrigin":"+delete","cTo":[2,2],"cNewPos":[2,1],"cWhen":1.530002344209829e9,"tag":"Change","cFrom":[2,1],"cText":[""],"cRemoved":["h"]}

{"cOrigin":"+delete","cTo":[2,1],"cNewPos":[2,0],"cWhen":1.5300023445301518e9,"tag":"Change","cFrom":[2,0],"cText":[""],"cRemoved":["\""]}

{"cOrigin":"+delete","cTo":[2,0],"cNewPos":[1,0],"cWhen":1.5300023447299387e9,"tag":"Change","cFrom":[1,0],"cText":[""],"cRemoved":["",""]}

{"cOrigin":"+delete","cTo":[1,0],"cNewPos":[0,6],"cWhen":1.5300023450741422e9,"tag":"Change","cFrom":[0,6],"cText":[""],"cRemoved":["",""]}

{"cOrigin":"+delete","cTo":[0,6],"cNewPos":[0,5],"cWhen":1.530002345282247e9,"tag":"Change","cFrom":[0,5],"cText":[""],"cRemoved":["h"]}

{"cOrigin":"+delete","cTo":[0,5],"cNewPos":[0,4],"cWhen":1.5300023455704134e9,"tag":"Change","cFrom":[0,4],"cText":[""],"cRemoved":["c"]}

{"cOrigin":"+delete","cTo":[0,4],"cNewPos":[0,3],"cWhen":1.5300023457625992e9,"tag":"Change","cFrom":[0,3],"cText":[""],"cRemoved":["a"]}

{"cOrigin":"+delete","cTo":[0,3],"cNewPos":[0,2],"cWhen":1.530002345930658e9,"tag":"Change","cFrom":[0,2],"cText":[""],"cRemoved":["r"]}

{"cOrigin":"+delete","cTo":[0,2],"cNewPos":[0,1],"cWhen":1.5300023460667408e9,"tag":"Change","cFrom":[0,1],"cText":[""],"cRemoved":["c"]}

{"cOrigin":"+delete","cTo":[0,1],"cNewPos":[0,0],"cWhen":1.5300023462827308e9,"tag":"Change","cFrom":[0,0],"cText":[""],"cRemoved":["s"]}

{"cOrigin":"+input","cTo":[0,0],"cNewPos":[0,1],"cWhen":1.530002351773869e9,"tag":"Change","cFrom":[0,0],"cText":["\""],"cRemoved":[""]}

{"cOrigin":"+input","cTo":[0,1],"cNewPos":[0,2],"cWhen":1.5300023536706426e9,"tag":"Change","cFrom":[0,1],"cText":["h"],"cRemoved":[""]}

{"cOrigin":"+input","cTo":[0,2],"cNewPos":[0,3],"cWhen":1.53000235410293e9,"tag":"Change","cFrom":[0,2],"cText":["i"],"cRemoved":[""]}

{"cOrigin":"+input","cTo":[0,3],"cNewPos":[0,4],"cWhen":1.5300023568483279e9,"tag":"Change","cFrom":[0,3],"cText":[" "],"cRemoved":[""]}

{"cOrigin":"+input","cTo":[0,4],"cNewPos":[0,5],"cWhen":1.5300023579768488e9,"tag":"Change","cFrom":[0,4],"cText":["l"],"cRemoved":[""]}

{"cOrigin":"+input","cTo":[0,5],"cNewPos":[0,6],"cWhen":1.5300023583457084e9,"tag":"Change","cFrom":[0,5],"cText":["o"],"cRemoved":[""]}

{"cOrigin":"+input","cTo":[0,6],"cNewPos":[0,7],"cWhen":1.5300023619787645e9,"tag":"Change","cFrom":[0,6],"cText":["\""],"cRemoved":[""]}

{"cWhen":1.5300023659582436e9,"tag":"Eval","cAll":true}

{"cOrigin":"+input","cTo":[0,7],"cNewPos":[0,8],"cWhen":1.5300023814605281e9,"tag":"Change","cFrom":[0,7],"cText":[" "],"cRemoved":[""]}

{"cOrigin":"+input","cTo":[0,8],"cNewPos":[0,9],"cWhen":1.530002381713495e9,"tag":"Change","cFrom":[0,8],"cText":[" "],"cRemoved":[""]}

{"cOrigin":"+input","cTo":[0,9],"cNewPos":[0,10],"cWhen":1.5300023817635367e9,"tag":"Change","cFrom":[0,9],"cText":[" "],"cRemoved":[""]}

{"cOrigin":"+input","cTo":[0,10],"cNewPos":[0,11],"cWhen":1.5300023818137562e9,"tag":"Change","cFrom":[0,10],"cText":[" "],"cRemoved":[""]}

{"cOrigin":"+input","cTo":[0,11],"cNewPos":[0,12],"cWhen":1.5300023818635547e9,"tag":"Change","cFrom":[0,11],"cText":[" "],"cRemoved":[""]}

{"cOrigin":"+input","cTo":[0,12],"cNewPos":[0,13],"cWhen":1.5300023829972615e9,"tag":"Change","cFrom":[0,12],"cText":["l"],"cRemoved":[""]}

{"cOrigin":"+input","cTo":[0,13],"cNewPos":[0,14],"cWhen":1.5300023833014607e9,"tag":"Change","cFrom":[0,13],"cText":["o"],"cRemoved":[""]}

{"cOrigin":"+input","cTo":[0,14],"cNewPos":[0,15],"cWhen":1.5300023840458403e9,"tag":"Change","cFrom":[0,14],"cText":[" "],"cRemoved":[""]}

{"cOrigin":"+input","cTo":[0,15],"cNewPos":[0,16],"cWhen":1.530002384477998e9,"tag":"Change","cFrom":[0,15],"cText":["l"],"cRemoved":[""]}

{"cOrigin":"+input","cTo":[0,16],"cNewPos":[0,17],"cWhen":1.530002384774255e9,"tag":"Change","cFrom":[0,16],"cText":["o"],"cRemoved":[""]}

{"cOrigin":"+input","cTo":[0,17],"cNewPos":[0,18],"cWhen":1.530002384782211e9,"tag":"Change","cFrom":[0,17],"cText":["0"],"cRemoved":[""]}

{"cOrigin":"+delete","cTo":[0,18],"cNewPos":[0,17],"cWhen":1.5300023883598013e9,"tag":"Change","cFrom":[0,17],"cText":[""],"cRemoved":["0"]}

{"cOrigin":"+delete","cTo":[0,17],"cNewPos":[0,16],"cWhen":1.5300023922497132e9,"tag":"Change","cFrom":[0,16],"cText":[""],"cRemoved":["o"]}

{"cOrigin":"+delete","cTo":[0,16],"cNewPos":[0,15],"cWhen":1.5300023924178493e9,"tag":"Change","cFrom":[0,15],"cText":[""],"cRemoved":["l"]}

{"cOrigin":"+delete","cTo":[0,15],"cNewPos":[0,14],"cWhen":1.5300023925952752e9,"tag":"Change","cFrom":[0,14],"cText":[""],"cRemoved":[" "]}

{"cOrigin":"+delete","cTo":[0,14],"cNewPos":[0,13],"cWhen":1.530002392866095e9,"tag":"Change","cFrom":[0,13],"cText":[""],"cRemoved":["o"]}

{"cOrigin":"+delete","cTo":[0,13],"cNewPos":[0,12],"cWhen":1.530002393058112e9,"tag":"Change","cFrom":[0,12],"cText":[""],"cRemoved":["l"]}

{"cOrigin":"+delete","cTo":[0,12],"cNewPos":[0,11],"cWhen":1.530002393242271e9,"tag":"Change","cFrom":[0,11],"cText":[""],"cRemoved":[" "]}

{"cOrigin":"+delete","cTo":[0,11],"cNewPos":[0,10],"cWhen":1.5300023934182558e9,"tag":"Change","cFrom":[0,10],"cText":[""],"cRemoved":[" "]}

{"cOrigin":"+delete","cTo":[0,10],"cNewPos":[0,9],"cWhen":1.5300023936664202e9,"tag":"Change","cFrom":[0,9],"cText":[""],"cRemoved":[" "]}

{"cOrigin":"+delete","cTo":[0,9],"cNewPos":[0,8],"cWhen":1.5300023939626017e9,"tag":"Change","cFrom":[0,8],"cText":[""],"cRemoved":[" "]}

{"cOrigin":"+input","cTo":[0,8],"cNewPos":[0,9],"cWhen":1.53000239679623e9,"tag":"Change","cFrom":[0,8],"cText":["l"],"cRemoved":[""]}

{"cOrigin":"+input","cTo":[0,9],"cNewPos":[0,10],"cWhen":1.5300023971964216e9,"tag":"Change","cFrom":[0,9],"cText":["o"],"cRemoved":[""]}

{"cOrigin":"+input","cTo":[0,10],"cNewPos":[0,11],"cWhen":1.5300023976927269e9,"tag":"Change","cFrom":[0,10],"cText":[" "],"cRemoved":[""]}

{"cOrigin":"+input","cTo":[0,11],"cNewPos":[0,12],"cWhen":1.5300023982849607e9,"tag":"Change","cFrom":[0,11],"cText":["l"],"cRemoved":[""]}

{"cOrigin":"+input","cTo":[0,12],"cNewPos":[0,13],"cWhen":1.5300023986852703e9,"tag":"Change","cFrom":[0,12],"cText":["o"],"cRemoved":[""]}

{"cOrigin":"+input","cTo":[0,13],"cNewPos":[0,14],"cWhen":1.5300024035115817e9,"tag":"Change","cFrom":[0,13],"cText":["\""],"cRemoved":[""]}

{"cWhen":1.5300024071467104e9,"tag":"Eval","cAll":true}

{"cXWarp":13,"cNewPos":[0,13],"cWhen":1.5300024286599302e9,"tag":"Move"}

{"cXWarp":12,"cNewPos":[0,12],"cWhen":1.5300024288921745e9,"tag":"Move"}

{"cXWarp":11,"cNewPos":[0,11],"cWhen":1.530002429068161e9,"tag":"Move"}

{"cXWarp":10,"cNewPos":[0,10],"cWhen":1.530002429484371e9,"tag":"Move"}

{"cXWarp":9,"cNewPos":[0,9],"cWhen":1.5300024297165833e9,"tag":"Move"}

{"cXWarp":8,"cNewPos":[0,8],"cWhen":1.5300024299967055e9,"tag":"Move"}

{"cXWarp":7,"cNewPos":[0,7],"cWhen":1.5300024302528524e9,"tag":"Move"}

{"cOrigin":"+delete","cTo":[0,7],"cNewPos":[0,6],"cWhen":1.5300024330462973e9,"tag":"Change","cFrom":[0,6],"cText":[""],"cRemoved":["\""]}

{"cWhen":1.5300024372260442e9,"tag":"Eval","cAll":true}

{"cXWarp":5,"cNewPos":[0,5],"cWhen":1.530002446396811e9,"tag":"Move"}

{"cXWarp":4,"cNewPos":[0,4],"cWhen":1.5300024467010598e9,"tag":"Move"}

{"cXWarp":3,"cNewPos":[0,3],"cWhen":1.5300024469571168e9,"tag":"Move"}

{"cXWarp":2,"cNewPos":[0,2],"cWhen":1.5300024473332865e9,"tag":"Move"}

{"cXWarp":1,"cNewPos":[0,1],"cWhen":1.5300024477815893e9,"tag":"Move"}

{"cXWarp":0,"cNewPos":[0,0],"cWhen":1.530002449542356e9,"tag":"Move"}

{"cOrigin":"+input","cTo":[0,0],"cNewPos":[0,1],"cWhen":1.530002453312422e9,"tag":"Change","cFrom":[0,0],"cText":["f"],"cRemoved":[""]}

{"cOrigin":"+input","cTo":[0,1],"cNewPos":[0,2],"cWhen":1.530002453808799e9,"tag":"Change","cFrom":[0,1],"cText":["a"],"cRemoved":[""]}

{"cOrigin":"+input","cTo":[0,2],"cNewPos":[0,3],"cWhen":1.5300024540809102e9,"tag":"Change","cFrom":[0,2],"cText":["s"],"cRemoved":[""]}

{"cOrigin":"+input","cTo":[0,3],"cNewPos":[1,0],"cWhen":1.530002456081907e9,"tag":"Change","cFrom":[0,3],"cText":["",""],"cRemoved":[""]}

{"cOrigin":"+input","cTo":[1,0],"cNewPos":[2,0],"cWhen":1.530002456434148e9,"tag":"Change","cFrom":[1,0],"cText":["",""],"cRemoved":[""]}

{"cOrigin":"+delete","cTo":[2,0],"cNewPos":[1,0],"cWhen":1.5300024599716582e9,"tag":"Change","cFrom":[1,0],"cText":[""],"cRemoved":["",""]}

{"cOrigin":"+delete","cTo":[1,0],"cNewPos":[0,3],"cWhen":1.5300024601637175e9,"tag":"Change","cFrom":[0,3],"cText":[""],"cRemoved":["",""]}

{"cOrigin":"+delete","cTo":[0,3],"cNewPos":[0,2],"cWhen":1.530002460347825e9,"tag":"Change","cFrom":[0,2],"cText":[""],"cRemoved":["s"]}

{"cOrigin":"+input","cTo":[0,2],"cNewPos":[1,0],"cWhen":1.5300024648943312e9,"tag":"Change","cFrom":[0,2],"cText":["",""],"cRemoved":[""]}

{"cOrigin":"+delete","cTo":[1,0],"cNewPos":[0,2],"cWhen":1.5300024720412772e9,"tag":"Change","cFrom":[0,2],"cText":[""],"cRemoved":["",""]}

{"cOrigin":"+delete","cTo":[0,2],"cNewPos":[0,1],"cWhen":1.5300024778908284e9,"tag":"Change","cFrom":[0,1],"cText":[""],"cRemoved":["a"]}

{"cOrigin":"+delete","cTo":[0,1],"cNewPos":[0,0],"cWhen":1.5300024785310795e9,"tag":"Change","cFrom":[0,0],"cText":[""],"cRemoved":["f"]}

{"cOrigin":"+input","cTo":[0,0],"cNewPos":[0,1],"cWhen":1.5300024803555987e9,"tag":"Change","cFrom":[0,0],"cText":["e"],"cRemoved":[""]}

{"cOrigin":"+input","cTo":[0,1],"cNewPos":[0,2],"cWhen":1.5300024819165637e9,"tag":"Change","cFrom":[0,1],"cText":["v"],"cRemoved":[""]}

{"cOrigin":"+input","cTo":[0,2],"cNewPos":[0,3],"cWhen":1.5300024826361198e9,"tag":"Change","cFrom":[0,2],"cText":["e"],"cRemoved":[""]}

{"cOrigin":"+input","cTo":[0,3],"cNewPos":[0,4],"cWhen":1.5300024829161148e9,"tag":"Change","cFrom":[0,3],"cText":["r"],"cRemoved":[""]}

{"cOrigin":"+input","cTo":[0,4],"cNewPos":[0,5],"cWhen":1.5300024837512357e9,"tag":"Change","cFrom":[0,4],"cText":["y"],"cRemoved":[""]}

{"cOrigin":"+input","cTo":[0,5],"cNewPos":[0,6],"cWhen":1.530002486404778e9,"tag":"Change","cFrom":[0,5],"cText":[" "],"cRemoved":[""]}

{"cOrigin":"+input","cTo":[0,6],"cNewPos":[0,7],"cWhen":1.5300024871088645e9,"tag":"Change","cFrom":[0,6],"cText":["5"],"cRemoved":[""]}

{"cOrigin":"+input","cTo":[0,7],"cNewPos":[0,8],"cWhen":1.530002489301121e9,"tag":"Change","cFrom":[0,7],"cText":[" "],"cRemoved":[""]}

{"cOrigin":"+input","cTo":[0,8],"cNewPos":[0,9],"cWhen":1.5300024951177626e9,"tag":"Change","cFrom":[0,8],"cText":["s"],"cRemoved":[""]}

{"cOrigin":"+input","cTo":[0,9],"cNewPos":[0,10],"cWhen":1.5300024976380963e9,"tag":"Change","cFrom":[0,9],"cText":["l"],"cRemoved":[""]}

{"cOrigin":"+input","cTo":[0,10],"cNewPos":[0,11],"cWhen":1.5300024979580832e9,"tag":"Change","cFrom":[0,10],"cText":["o"],"cRemoved":[""]}

{"cOrigin":"+input","cTo":[0,11],"cNewPos":[0,12],"cWhen":1.530002499390213e9,"tag":"Change","cFrom":[0,11],"cText":["w"],"cRemoved":[""]}

{"cOrigin":"+input","cTo":[0,12],"cNewPos":[0,13],"cWhen":1.5300024996943007e9,"tag":"Change","cFrom":[0,12],"cText":["e"],"cRemoved":[""]}

{"cOrigin":"+input","cTo":[0,13],"cNewPos":[0,14],"cWhen":1.5300024999903953e9,"tag":"Change","cFrom":[0,13],"cText":["r"],"cRemoved":[""]}

{"cWhen":1.5300025052163153e9,"tag":"Eval","cAll":true}

{"cXWarp":15,"cNewPos":[0,15],"cWhen":1.5300025299605324e9,"tag":"Move"}

{"cXWarp":16,"cNewPos":[0,16],"cWhen":1.5300025301122787e9,"tag":"Move"}

{"cXWarp":17,"cNewPos":[0,17],"cWhen":1.5300025303042715e9,"tag":"Move"}

{"cXWarp":18,"cNewPos":[0,18],"cWhen":1.5300025305122705e9,"tag":"Move"}

{"cXWarp":19,"cNewPos":[0,19],"cWhen":1.5300025307522495e9,"tag":"Move"}

{"cXWarp":20,"cNewPos":[0,20],"cWhen":1.5300025309122236e9,"tag":"Move"}

{"cXWarp":21,"cNewPos":[0,21],"cWhen":1.5300025311123555e9,"tag":"Move"}

{"cXWarp":22,"cNewPos":[0,22],"cWhen":1.5300025312882602e9,"tag":"Move"}

{"cXWarp":23,"cNewPos":[0,23],"cWhen":1.530002531504255e9,"tag":"Move"}

{"cXWarp":24,"cNewPos":[0,24],"cWhen":1.53000253168039e9,"tag":"Move"}

{"cXWarp":25,"cNewPos":[0,25],"cWhen":1.5300025321602573e9,"tag":"Move"}

{"cXWarp":26,"cNewPos":[0,26],"cWhen":1.530002532912329e9,"tag":"Move"}

{"cOrigin":"+input","cTo":[0,26],"cNewPos":[0,27],"cWhen":1.5300025340726578e9,"tag":"Change","cFrom":[0,26],"cText":[" "],"cRemoved":[""]}

{"cOrigin":"+input","cTo":[0,27],"cNewPos":[0,28],"cWhen":1.530002541800958e9,"tag":"Change","cFrom":[0,27],"cText":["l"],"cRemoved":[""]}

{"cOrigin":"+input","cTo":[0,28],"cNewPos":[0,29],"cWhen":1.5300025421769516e9,"tag":"Change","cFrom":[0,28],"cText":["o"],"cRemoved":[""]}

{"cOrigin":"+input","cTo":[0,29],"cNewPos":[0,30],"cWhen":1.5300025429449646e9,"tag":"Change","cFrom":[0,29],"cText":[" "],"cRemoved":[""]}

{"cOrigin":"+input","cTo":[0,30],"cNewPos":[0,31],"cWhen":1.5300025437849097e9,"tag":"Change","cFrom":[0,30],"cText":["l"],"cRemoved":[""]}

{"cOrigin":"+input","cTo":[0,31],"cNewPos":[0,32],"cWhen":1.5300025441290138e9,"tag":"Change","cFrom":[0,31],"cText":["o"],"cRemoved":[""]}

{"cWhen":1.5300025598992183e9,"tag":"Eval","cAll":true}

{"cOrigin":"+input","cTo":[0,32],"cNewPos":[0,33],"cWhen":1.5300025795300322e9,"tag":"Change","cFrom":[0,32],"cText":[" "],"cRemoved":[""]}

{"cOrigin":"+input","cTo":[0,33],"cNewPos":[0,34],"cWhen":1.5300025805702481e9,"tag":"Change","cFrom":[0,33],"cText":[" "],"cRemoved":[""]}

{"cOrigin":"+input","cTo":[0,34],"cNewPos":[0,35],"cWhen":1.5300025888503163e9,"tag":"Change","cFrom":[0,34],"cText":["h"],"cRemoved":[""]}

{"cOrigin":"+input","cTo":[0,35],"cNewPos":[0,36],"cWhen":1.5300025893784213e9,"tag":"Change","cFrom":[0,35],"cText":["i"],"cRemoved":[""]}

{"cOrigin":"+input","cTo":[0,36],"cNewPos":[0,37],"cWhen":1.5300025909305234e9,"tag":"Change","cFrom":[0,36],"cText":["h"],"cRemoved":[""]}

{"cOrigin":"+delete","cTo":[0,37],"cNewPos":[0,36],"cWhen":1.5300025924983428e9,"tag":"Change","cFrom":[0,36],"cText":[""],"cRemoved":["h"]}

{"cOrigin":"+input","cTo":[0,36],"cNewPos":[0,37],"cWhen":1.530002593082453e9,"tag":"Change","cFrom":[0,36],"cText":[" "],"cRemoved":[""]}

{"cOrigin":"+input","cTo":[0,37],"cNewPos":[0,38],"cWhen":1.5300025939148567e9,"tag":"Change","cFrom":[0,37],"cText":["h"],"cRemoved":[""]}

{"cOrigin":"+input","cTo":[0,38],"cNewPos":[0,39],"cWhen":1.5300025942185583e9,"tag":"Change","cFrom":[0,38],"cText":["i"],"cRemoved":[""]}

{"cOrigin":"+input","cTo":[0,39],"cNewPos":[0,40],"cWhen":1.5300025970424004e9,"tag":"Change","cFrom":[0,39],"cText":[" "],"cRemoved":[""]}

{"cOrigin":"+input","cTo":[0,40],"cNewPos":[0,41],"cWhen":1.530002598514282e9,"tag":"Change","cFrom":[0,40],"cText":["l"],"cRemoved":[""]}

{"cOrigin":"+input","cTo":[0,41],"cNewPos":[0,42],"cWhen":1.530002598754633e9,"tag":"Change","cFrom":[0,41],"cText":["o"],"cRemoved":[""]}

{"cWhen":1.5300026030192182e9,"tag":"Eval","cAll":true}

{"cOrigin":"+input","cTo":[0,42],"cNewPos":[0,43],"cWhen":1.5300026242704308e9,"tag":"Change","cFrom":[0,42],"cText":[" "],"cRemoved":[""]}

{"cOrigin":"+input","cTo":[0,43],"cNewPos":[0,44],"cWhen":1.5300026245234635e9,"tag":"Change","cFrom":[0,43],"cText":[" "],"cRemoved":[""]}

{"cOrigin":"+input","cTo":[0,44],"cNewPos":[0,45],"cWhen":1.5300026245734856e9,"tag":"Change","cFrom":[0,44],"cText":[" "],"cRemoved":[""]}

{"cOrigin":"+input","cTo":[0,45],"cNewPos":[0,46],"cWhen":1.5300026246235049e9,"tag":"Change","cFrom":[0,45],"cText":[" "],"cRemoved":[""]}

{"cOrigin":"+input","cTo":[0,46],"cNewPos":[0,47],"cWhen":1.530002624673543e9,"tag":"Change","cFrom":[0,46],"cText":[" "],"cRemoved":[""]}

{"cOrigin":"+input","cTo":[0,47],"cNewPos":[0,48],"cWhen":1.5300026247234778e9,"tag":"Change","cFrom":[0,47],"cText":[" "],"cRemoved":[""]}

{"cOrigin":"+input","cTo":[0,48],"cNewPos":[0,49],"cWhen":1.5300026247739778e9,"tag":"Change","cFrom":[0,48],"cText":[" "],"cRemoved":[""]}

{"cOrigin":"+input","cTo":[0,49],"cNewPos":[0,50],"cWhen":1.5300026248234887e9,"tag":"Change","cFrom":[0,49],"cText":[" "],"cRemoved":[""]}

{"cOrigin":"+input","cTo":[0,50],"cNewPos":[0,51],"cWhen":1.530002624873492e9,"tag":"Change","cFrom":[0,50],"cText":[" "],"cRemoved":[""]}

{"cOrigin":"+input","cTo":[0,51],"cNewPos":[0,52],"cWhen":1.5300026249235582e9,"tag":"Change","cFrom":[0,51],"cText":[" "],"cRemoved":[""]}

{"cOrigin":"+input","cTo":[0,52],"cNewPos":[0,53],"cWhen":1.5300026249735246e9,"tag":"Change","cFrom":[0,52],"cText":[" "],"cRemoved":[""]}

{"cOrigin":"+input","cTo":[0,53],"cNewPos":[0,54],"cWhen":1.5300026250236356e9,"tag":"Change","cFrom":[0,53],"cText":[" "],"cRemoved":[""]}

{"cOrigin":"+input","cTo":[0,54],"cNewPos":[0,55],"cWhen":1.5300026250735323e9,"tag":"Change","cFrom":[0,54],"cText":[" "],"cRemoved":[""]}

{"cOrigin":"+input","cTo":[0,55],"cNewPos":[0,56],"cWhen":1.5300026251234121e9,"tag":"Change","cFrom":[0,55],"cText":[" "],"cRemoved":[""]}

{"cOrigin":"+input","cTo":[0,56],"cNewPos":[0,57],"cWhen":1.5300026251734838e9,"tag":"Change","cFrom":[0,56],"cText":[" "],"cRemoved":[""]}

{"cOrigin":"+input","cTo":[0,57],"cNewPos":[0,58],"cWhen":1.5300026252234588e9,"tag":"Change","cFrom":[0,57],"cText":[" "],"cRemoved":[""]}

{"cOrigin":"+input","cTo":[0,58],"cNewPos":[0,59],"cWhen":1.5300026252734528e9,"tag":"Change","cFrom":[0,58],"cText":[" "],"cRemoved":[""]}

{"cOrigin":"+input","cTo":[0,59],"cNewPos":[0,60],"cWhen":1.5300026253235044e9,"tag":"Change","cFrom":[0,59],"cText":[" "],"cRemoved":[""]}

{"cOrigin":"+input","cTo":[0,60],"cNewPos":[0,61],"cWhen":1.5300026253735604e9,"tag":"Change","cFrom":[0,60],"cText":[" "],"cRemoved":[""]}

{"cOrigin":"+input","cTo":[0,61],"cNewPos":[0,62],"cWhen":1.5300026254235024e9,"tag":"Change","cFrom":[0,61],"cText":[" "],"cRemoved":[""]}

{"cOrigin":"+input","cTo":[0,62],"cNewPos":[0,63],"cWhen":1.530002625473519e9,"tag":"Change","cFrom":[0,62],"cText":[" "],"cRemoved":[""]}

{"cOrigin":"+input","cTo":[0,63],"cNewPos":[0,64],"cWhen":1.5300026255235097e9,"tag":"Change","cFrom":[0,63],"cText":[" "],"cRemoved":[""]}

{"cOrigin":"+input","cTo":[0,64],"cNewPos":[0,65],"cWhen":1.5300026255735314e9,"tag":"Change","cFrom":[0,64],"cText":[" "],"cRemoved":[""]}

{"cOrigin":"+input","cTo":[0,65],"cNewPos":[0,66],"cWhen":1.5300026256235187e9,"tag":"Change","cFrom":[0,65],"cText":[" "],"cRemoved":[""]}

{"cOrigin":"+input","cTo":[0,66],"cNewPos":[0,67],"cWhen":1.5300026256735306e9,"tag":"Change","cFrom":[0,66],"cText":[" "],"cRemoved":[""]}

{"cOrigin":"+input","cTo":[0,67],"cNewPos":[0,68],"cWhen":1.5300026257236154e9,"tag":"Change","cFrom":[0,67],"cText":[" "],"cRemoved":[""]}

{"cOrigin":"+input","cTo":[0,68],"cNewPos":[0,69],"cWhen":1.5300026257735407e9,"tag":"Change","cFrom":[0,68],"cText":[" "],"cRemoved":[""]}

{"cOrigin":"+input","cTo":[0,69],"cNewPos":[0,70],"cWhen":1.5300026258235075e9,"tag":"Change","cFrom":[0,69],"cText":[" "],"cRemoved":[""]}

{"cOrigin":"+input","cTo":[0,70],"cNewPos":[0,71],"cWhen":1.5300026258735077e9,"tag":"Change","cFrom":[0,70],"cText":[" "],"cRemoved":[""]}

{"cOrigin":"+input","cTo":[0,71],"cNewPos":[0,72],"cWhen":1.5300026259235146e9,"tag":"Change","cFrom":[0,71],"cText":[" "],"cRemoved":[""]}

{"cOrigin":"+input","cTo":[0,72],"cNewPos":[0,73],"cWhen":1.5300026259735816e9,"tag":"Change","cFrom":[0,72],"cText":[" "],"cRemoved":[""]}

{"cOrigin":"+input","cTo":[0,73],"cNewPos":[0,74],"cWhen":1.5300026260235806e9,"tag":"Change","cFrom":[0,73],"cText":[" "],"cRemoved":[""]}

{"cOrigin":"+delete","cTo":[0,74],"cNewPos":[0,73],"cWhen":1.530002627093711e9,"tag":"Change","cFrom":[0,73],"cText":[""],"cRemoved":[" "]}

{"cOrigin":"+delete","cTo":[0,73],"cNewPos":[0,72],"cWhen":1.5300026273533225e9,"tag":"Change","cFrom":[0,72],"cText":[""],"cRemoved":[" "]}

{"cOrigin":"+delete","cTo":[0,72],"cNewPos":[0,71],"cWhen":1.5300026274033365e9,"tag":"Change","cFrom":[0,71],"cText":[""],"cRemoved":[" "]}

{"cOrigin":"+delete","cTo":[0,71],"cNewPos":[0,70],"cWhen":1.5300026274532797e9,"tag":"Change","cFrom":[0,70],"cText":[""],"cRemoved":[" "]}

{"cOrigin":"+delete","cTo":[0,70],"cNewPos":[0,69],"cWhen":1.5300026275033007e9,"tag":"Change","cFrom":[0,69],"cText":[""],"cRemoved":[" "]}

{"cOrigin":"+delete","cTo":[0,69],"cNewPos":[0,68],"cWhen":1.530002627553315e9,"tag":"Change","cFrom":[0,68],"cText":[""],"cRemoved":[" "]}

{"cOrigin":"+delete","cTo":[0,68],"cNewPos":[0,67],"cWhen":1.530002627603362e9,"tag":"Change","cFrom":[0,67],"cText":[""],"cRemoved":[" "]}

{"cOrigin":"+delete","cTo":[0,67],"cNewPos":[0,66],"cWhen":1.5300026276533346e9,"tag":"Change","cFrom":[0,66],"cText":[""],"cRemoved":[" "]}

{"cOrigin":"+delete","cTo":[0,66],"cNewPos":[0,65],"cWhen":1.5300026277033873e9,"tag":"Change","cFrom":[0,65],"cText":[""],"cRemoved":[" "]}

{"cOrigin":"+delete","cTo":[0,65],"cNewPos":[0,64],"cWhen":1.5300026277533143e9,"tag":"Change","cFrom":[0,64],"cText":[""],"cRemoved":[" "]}

{"cOrigin":"+delete","cTo":[0,64],"cNewPos":[0,63],"cWhen":1.5300026278033195e9,"tag":"Change","cFrom":[0,63],"cText":[""],"cRemoved":[" "]}

{"cOrigin":"+delete","cTo":[0,63],"cNewPos":[0,62],"cWhen":1.5300026278533435e9,"tag":"Change","cFrom":[0,62],"cText":[""],"cRemoved":[" "]}

{"cOrigin":"+delete","cTo":[0,62],"cNewPos":[0,61],"cWhen":1.5300026279034011e9,"tag":"Change","cFrom":[0,61],"cText":[""],"cRemoved":[" "]}

{"cOrigin":"+delete","cTo":[0,61],"cNewPos":[0,60],"cWhen":1.530002627953335e9,"tag":"Change","cFrom":[0,60],"cText":[""],"cRemoved":[" "]}

{"cOrigin":"+delete","cTo":[0,60],"cNewPos":[0,59],"cWhen":1.5300026280033402e9,"tag":"Change","cFrom":[0,59],"cText":[""],"cRemoved":[" "]}

{"cOrigin":"+delete","cTo":[0,59],"cNewPos":[0,58],"cWhen":1.5300026280533006e9,"tag":"Change","cFrom":[0,58],"cText":[""],"cRemoved":[" "]}

{"cOrigin":"+delete","cTo":[0,58],"cNewPos":[0,57],"cWhen":1.530002628103285e9,"tag":"Change","cFrom":[0,57],"cText":[""],"cRemoved":[" "]}

{"cOrigin":"+delete","cTo":[0,57],"cNewPos":[0,56],"cWhen":1.5300026281533227e9,"tag":"Change","cFrom":[0,56],"cText":[""],"cRemoved":[" "]}

{"cOrigin":"+delete","cTo":[0,56],"cNewPos":[0,55],"cWhen":1.530002628203336e9,"tag":"Change","cFrom":[0,55],"cText":[""],"cRemoved":[" "]}

{"cOrigin":"+delete","cTo":[0,55],"cNewPos":[0,54],"cWhen":1.5300026282533329e9,"tag":"Change","cFrom":[0,54],"cText":[""],"cRemoved":[" "]}

{"cOrigin":"+delete","cTo":[0,54],"cNewPos":[0,53],"cWhen":1.5300026283035793e9,"tag":"Change","cFrom":[0,53],"cText":[""],"cRemoved":[" "]}

{"cOrigin":"+delete","cTo":[0,53],"cNewPos":[0,52],"cWhen":1.5300026283533394e9,"tag":"Change","cFrom":[0,52],"cText":[""],"cRemoved":[" "]}

{"cOrigin":"+delete","cTo":[0,52],"cNewPos":[0,51],"cWhen":1.5300026284033427e9,"tag":"Change","cFrom":[0,51],"cText":[""],"cRemoved":[" "]}

{"cOrigin":"+delete","cTo":[0,51],"cNewPos":[0,50],"cWhen":1.5300026284533458e9,"tag":"Change","cFrom":[0,50],"cText":[""],"cRemoved":[" "]}

{"cOrigin":"+delete","cTo":[0,50],"cNewPos":[0,49],"cWhen":1.5300026287093837e9,"tag":"Change","cFrom":[0,49],"cText":[""],"cRemoved":[" "]}

{"cOrigin":"+delete","cTo":[0,49],"cNewPos":[0,48],"cWhen":1.5300026289174516e9,"tag":"Change","cFrom":[0,48],"cText":[""],"cRemoved":[" "]}

{"cOrigin":"+delete","cTo":[0,48],"cNewPos":[0,47],"cWhen":1.530002629101304e9,"tag":"Change","cFrom":[0,47],"cText":[""],"cRemoved":[" "]}

{"cOrigin":"+delete","cTo":[0,47],"cNewPos":[0,46],"cWhen":1.5300026292454152e9,"tag":"Change","cFrom":[0,46],"cText":[""],"cRemoved":[" "]}

{"cOrigin":"+delete","cTo":[0,46],"cNewPos":[0,45],"cWhen":1.5300026294293673e9,"tag":"Change","cFrom":[0,45],"cText":[""],"cRemoved":[" "]}

{"cOrigin":"+delete","cTo":[0,45],"cNewPos":[0,44],"cWhen":1.5300026295732875e9,"tag":"Change","cFrom":[0,44],"cText":[""],"cRemoved":[" "]}

{"cOrigin":"+delete","cTo":[0,44],"cNewPos":[0,43],"cWhen":1.5300026297572272e9,"tag":"Change","cFrom":[0,43],"cText":[""],"cRemoved":[" "]}

{"cOrigin":"+delete","cTo":[0,43],"cNewPos":[0,42],"cWhen":1.5300026299652994e9,"tag":"Change","cFrom":[0,42],"cText":[""],"cRemoved":[" "]}

{"cOrigin":"+input","cTo":[0,42],"cNewPos":[0,43],"cWhen":1.5300026312772515e9,"tag":"Change","cFrom":[0,42],"cText":[" "],"cRemoved":[""]}

{"cOrigin":"+delete","cTo":[0,43],"cNewPos":[0,42],"cWhen":1.5300026327006943e9,"tag":"Change","cFrom":[0,42],"cText":[""],"cRemoved":[" "]}

{"cXWarp":43,"cNewPos":[0,43],"cWhen":1.5300026346605592e9,"tag":"Move"}

{"cOrigin":"+input","cTo":[0,43],"cNewPos":[0,44],"cWhen":1.5300026354445233e9,"tag":"Change","cFrom":[0,43],"cText":[" "],"cRemoved":[""]}

{"cOrigin":"+input","cTo":[0,44],"cNewPos":[0,45],"cWhen":1.5300026357035615e9,"tag":"Change","cFrom":[0,44],"cText":[" "],"cRemoved":[""]}

{"cOrigin":"+input","cTo":[0,45],"cNewPos":[0,46],"cWhen":1.53000263575353e9,"tag":"Change","cFrom":[0,45],"cText":[" "],"cRemoved":[""]}

{"cOrigin":"+input","cTo":[0,46],"cNewPos":[0,47],"cWhen":1.5300026358036046e9,"tag":"Change","cFrom":[0,46],"cText":[" "],"cRemoved":[""]}

{"cOrigin":"+input","cTo":[0,47],"cNewPos":[0,48],"cWhen":1.5300026358535435e9,"tag":"Change","cFrom":[0,47],"cText":[" "],"cRemoved":[""]}

{"cOrigin":"+input","cTo":[0,48],"cNewPos":[0,49],"cWhen":1.5300026359035022e9,"tag":"Change","cFrom":[0,48],"cText":[" "],"cRemoved":[""]}

{"cOrigin":"+input","cTo":[0,49],"cNewPos":[0,50],"cWhen":1.5300026359535341e9,"tag":"Change","cFrom":[0,49],"cText":[" "],"cRemoved":[""]}

{"cOrigin":"+input","cTo":[0,50],"cNewPos":[0,51],"cWhen":1.530002636003564e9,"tag":"Change","cFrom":[0,50],"cText":[" "],"cRemoved":[""]}

{"cOrigin":"+input","cTo":[0,51],"cNewPos":[0,52],"cWhen":1.5300026360535536e9,"tag":"Change","cFrom":[0,51],"cText":[" "],"cRemoved":[""]}

{"cOrigin":"+input","cTo":[0,52],"cNewPos":[0,53],"cWhen":1.5300026361035235e9,"tag":"Change","cFrom":[0,52],"cText":[" "],"cRemoved":[""]}

{"cOrigin":"+input","cTo":[0,53],"cNewPos":[0,54],"cWhen":1.5300026361535194e9,"tag":"Change","cFrom":[0,53],"cText":[" "],"cRemoved":[""]}

{"cOrigin":"+input","cTo":[0,54],"cNewPos":[0,55],"cWhen":1.530002636203493e9,"tag":"Change","cFrom":[0,54],"cText":[" "],"cRemoved":[""]}

{"cOrigin":"+input","cTo":[0,55],"cNewPos":[0,56],"cWhen":1.530002636253483e9,"tag":"Change","cFrom":[0,55],"cText":[" "],"cRemoved":[""]}

{"cOrigin":"+input","cTo":[0,56],"cNewPos":[0,57],"cWhen":1.5300026363037703e9,"tag":"Change","cFrom":[0,56],"cText":[" "],"cRemoved":[""]}

{"cOrigin":"+input","cTo":[0,57],"cNewPos":[0,58],"cWhen":1.5300026363535638e9,"tag":"Change","cFrom":[0,57],"cText":[" "],"cRemoved":[""]}

{"cOrigin":"+input","cTo":[0,58],"cNewPos":[0,59],"cWhen":1.5300026364038699e9,"tag":"Change","cFrom":[0,58],"cText":[" "],"cRemoved":[""]}

{"cOrigin":"+input","cTo":[0,59],"cNewPos":[0,60],"cWhen":1.5300026364535012e9,"tag":"Change","cFrom":[0,59],"cText":[" "],"cRemoved":[""]}

{"cOrigin":"+input","cTo":[0,60],"cNewPos":[0,61],"cWhen":1.5300026365035071e9,"tag":"Change","cFrom":[0,60],"cText":[" "],"cRemoved":[""]}

{"cOrigin":"+input","cTo":[0,61],"cNewPos":[0,62],"cWhen":1.5300026365535102e9,"tag":"Change","cFrom":[0,61],"cText":[" "],"cRemoved":[""]}

{"cOrigin":"+input","cTo":[0,62],"cNewPos":[0,63],"cWhen":1.5300026366035464e9,"tag":"Change","cFrom":[0,62],"cText":[" "],"cRemoved":[""]}

{"cOrigin":"+input","cTo":[0,63],"cNewPos":[0,64],"cWhen":1.530002636653473e9,"tag":"Change","cFrom":[0,63],"cText":[" "],"cRemoved":[""]}

{"cOrigin":"+input","cTo":[0,64],"cNewPos":[0,65],"cWhen":1.5300026367035565e9,"tag":"Change","cFrom":[0,64],"cText":[" "],"cRemoved":[""]}

{"cOrigin":"+input","cTo":[0,65],"cNewPos":[0,66],"cWhen":1.5300026367535217e9,"tag":"Change","cFrom":[0,65],"cText":[" "],"cRemoved":[""]}

{"cOrigin":"+input","cTo":[0,66],"cNewPos":[0,67],"cWhen":1.5300026368035495e9,"tag":"Change","cFrom":[0,66],"cText":[" "],"cRemoved":[""]}

{"cOrigin":"+input","cTo":[0,67],"cNewPos":[0,68],"cWhen":1.530002636853507e9,"tag":"Change","cFrom":[0,67],"cText":[" "],"cRemoved":[""]}

{"cOrigin":"+input","cTo":[0,68],"cNewPos":[0,69],"cWhen":1.5300026369035213e9,"tag":"Change","cFrom":[0,68],"cText":[" "],"cRemoved":[""]}

{"cOrigin":"+input","cTo":[0,69],"cNewPos":[0,70],"cWhen":1.530002636953534e9,"tag":"Change","cFrom":[0,69],"cText":[" "],"cRemoved":[""]}

{"cOrigin":"+input","cTo":[0,70],"cNewPos":[0,71],"cWhen":1.5300026370035446e9,"tag":"Change","cFrom":[0,70],"cText":[" "],"cRemoved":[""]}

{"cOrigin":"+input","cTo":[0,71],"cNewPos":[0,72],"cWhen":1.530002637053531e9,"tag":"Change","cFrom":[0,71],"cText":[" "],"cRemoved":[""]}

{"cOrigin":"+input","cTo":[0,72],"cNewPos":[0,73],"cWhen":1.5300026371035218e9,"tag":"Change","cFrom":[0,72],"cText":[" "],"cRemoved":[""]}

{"cOrigin":"+input","cTo":[0,73],"cNewPos":[0,74],"cWhen":1.5300026371535084e9,"tag":"Change","cFrom":[0,73],"cText":[" "],"cRemoved":[""]}

{"cOrigin":"+input","cTo":[0,74],"cNewPos":[0,75],"cWhen":1.5300026372035253e9,"tag":"Change","cFrom":[0,74],"cText":[" "],"cRemoved":[""]}

{"cOrigin":"+input","cTo":[0,75],"cNewPos":[0,76],"cWhen":1.5300026372535238e9,"tag":"Change","cFrom":[0,75],"cText":[" "],"cRemoved":[""]}

{"cOrigin":"+input","cTo":[0,76],"cNewPos":[0,77],"cWhen":1.5300026373038108e9,"tag":"Change","cFrom":[0,76],"cText":[" "],"cRemoved":[""]}

{"cOrigin":"+input","cTo":[0,77],"cNewPos":[0,78],"cWhen":1.5300026373535216e9,"tag":"Change","cFrom":[0,77],"cText":[" "],"cRemoved":[""]}

{"cOrigin":"+input","cTo":[0,78],"cNewPos":[0,79],"cWhen":1.530002637403455e9,"tag":"Change","cFrom":[0,78],"cText":[" "],"cRemoved":[""]}

{"cOrigin":"+input","cTo":[0,79],"cNewPos":[0,80],"cWhen":1.5300026374535196e9,"tag":"Change","cFrom":[0,79],"cText":[" "],"cRemoved":[""]}

{"cOrigin":"+input","cTo":[0,80],"cNewPos":[0,81],"cWhen":1.5300026375034878e9,"tag":"Change","cFrom":[0,80],"cText":[" "],"cRemoved":[""]}

{"cOrigin":"+input","cTo":[0,81],"cNewPos":[0,82],"cWhen":1.5300026375535033e9,"tag":"Change","cFrom":[0,81],"cText":[" "],"cRemoved":[""]}

{"cOrigin":"+input","cTo":[0,82],"cNewPos":[0,83],"cWhen":1.5300026376040819e9,"tag":"Change","cFrom":[0,82],"cText":[" "],"cRemoved":[""]}

{"cOrigin":"+input","cTo":[0,83],"cNewPos":[0,84],"cWhen":1.5300026376535378e9,"tag":"Change","cFrom":[0,83],"cText":[" "],"cRemoved":[""]}

{"cOrigin":"+input","cTo":[0,84],"cNewPos":[0,85],"cWhen":1.530002637703507e9,"tag":"Change","cFrom":[0,84],"cText":[" "],"cRemoved":[""]}

{"cOrigin":"+input","cTo":[0,85],"cNewPos":[0,86],"cWhen":1.5300026377535086e9,"tag":"Change","cFrom":[0,85],"cText":[" "],"cRemoved":[""]}

{"cOrigin":"+input","cTo":[0,86],"cNewPos":[0,87],"cWhen":1.5300026378035e9,"tag":"Change","cFrom":[0,86],"cText":[" "],"cRemoved":[""]}

{"cOrigin":"+input","cTo":[0,87],"cNewPos":[0,88],"cWhen":1.5300026378535497e9,"tag":"Change","cFrom":[0,87],"cText":[" "],"cRemoved":[""]}

{"cOrigin":"+input","cTo":[0,88],"cNewPos":[0,89],"cWhen":1.5300026379035015e9,"tag":"Change","cFrom":[0,88],"cText":[" "],"cRemoved":[""]}

{"cOrigin":"+input","cTo":[0,89],"cNewPos":[0,90],"cWhen":1.5300026379535205e9,"tag":"Change","cFrom":[0,89],"cText":[" "],"cRemoved":[""]}

{"cOrigin":"+input","cTo":[0,90],"cNewPos":[0,91],"cWhen":1.5300026380035765e9,"tag":"Change","cFrom":[0,90],"cText":[" "],"cRemoved":[""]}

{"cOrigin":"+input","cTo":[0,91],"cNewPos":[0,92],"cWhen":1.530002638053519e9,"tag":"Change","cFrom":[0,91],"cText":[" "],"cRemoved":[""]}

{"cOrigin":"+input","cTo":[0,92],"cNewPos":[0,93],"cWhen":1.5300026381035292e9,"tag":"Change","cFrom":[0,92],"cText":[" "],"cRemoved":[""]}

{"cOrigin":"+input","cTo":[0,93],"cNewPos":[0,94],"cWhen":1.5300026381534941e9,"tag":"Change","cFrom":[0,93],"cText":[" "],"cRemoved":[""]}

{"cOrigin":"+input","cTo":[0,94],"cNewPos":[0,95],"cWhen":1.5300026382035625e9,"tag":"Change","cFrom":[0,94],"cText":[" "],"cRemoved":[""]}

{"cOrigin":"+input","cTo":[0,95],"cNewPos":[0,96],"cWhen":1.5300026382534957e9,"tag":"Change","cFrom":[0,95],"cText":[" "],"cRemoved":[""]}

{"cOrigin":"+input","cTo":[0,96],"cNewPos":[0,97],"cWhen":1.5300026383037326e9,"tag":"Change","cFrom":[0,96],"cText":[" "],"cRemoved":[""]}

{"cOrigin":"+delete","cTo":[0,97],"cNewPos":[0,96],"cWhen":1.5300026408273757e9,"tag":"Change","cFrom":[0,96],"cText":[""],"cRemoved":[" "]}

{"cOrigin":"+input","cTo":[0,96],"cNewPos":[1,0],"cWhen":1.5300026433645723e9,"tag":"Change","cFrom":[0,96],"cText":["",""],"cRemoved":[""]}

{"cOrigin":"+input","cTo":[1,0],"cNewPos":[2,0],"cWhen":1.5300026439963672e9,"tag":"Change","cFrom":[1,0],"cText":["",""],"cRemoved":[""]}
