{"cWhen":1530002747,"tag":"Eval","cAll":true}
{"cOrigin":"+input","cTo":[0,0],"cNewPos":[0,1],"cWhen":1.5300027585680275e9,"tag":"Change","cFrom":[0,0],"cText":["\""],"cRemoved":[""]}

{"cOrigin":"+input","cTo":[0,1],"cNewPos":[0,2],"cWhen":1.5300027603519847e9,"tag":"Change","cFrom":[0,1],"cText":["h"],"cRemoved":[""]}

{"cOrigin":"+input","cTo":[0,2],"cNewPos":[0,3],"cWhen":1.5300027617997608e9,"tag":"Change","cFrom":[0,2],"cText":["i"],"cRemoved":[""]}

{"cOrigin":"+input","cTo":[0,3],"cNewPos":[0,4],"cWhen":1.5300027642397346e9,"tag":"Change","cFrom":[0,3],"cText":[" "],"cRemoved":[""]}

{"cOrigin":"+input","cTo":[0,4],"cNewPos":[0,5],"cWhen":1.5300027656397352e9,"tag":"Change","cFrom":[0,4],"cText":["h"],"cRemoved":[""]}

{"cOrigin":"+input","cTo":[0,5],"cNewPos":[0,6],"cWhen":1.530002766063652e9,"tag":"Change","cFrom":[0,5],"cText":["i"],"cRemoved":[""]}

{"cOrigin":"+input","cTo":[0,6],"cNewPos":[0,7],"cWhen":1.530002770671211e9,"tag":"Change","cFrom":[0,6],"cText":["\""],"cRemoved":[""]}

{"cWhen":1.5300027742406464e9,"tag":"Eval","cAll":true}

{"cOrigin":"+input","cTo":[0,7],"cNewPos":[0,8],"cWhen":1.530002793366271e9,"tag":"Change","cFrom":[0,7],"cText":[" "],"cRemoved":[""]}

{"cOrigin":"+input","cTo":[0,8],"cNewPos":[0,9],"cWhen":1.5300027935582387e9,"tag":"Change","cFrom":[0,8],"cText":[" "],"cRemoved":[""]}

{"cOrigin":"+input","cTo":[0,9],"cNewPos":[0,10],"cWhen":1.5300027937741523e9,"tag":"Change","cFrom":[0,9],"cText":[" "],"cRemoved":[""]}

{"cOrigin":"+input","cTo":[0,10],"cNewPos":[0,11],"cWhen":1.5300027939902523e9,"tag":"Change","cFrom":[0,10],"cText":[" "],"cRemoved":[""]}

{"cXWarp":10,"cNewPos":[0,10],"cWhen":1.530002796398205e9,"tag":"Move"}

{"cXWarp":9,"cNewPos":[0,9],"cWhen":1.5300027965820942e9,"tag":"Move"}

{"cXWarp":8,"cNewPos":[0,8],"cWhen":1.5300027967820928e9,"tag":"Move"}

{"cXWarp":7,"cNewPos":[0,7],"cWhen":1.5300027969339697e9,"tag":"Move"}

{"cXWarp":6,"cNewPos":[0,6],"cWhen":1.5300027970779417e9,"tag":"Move"}

{"cXWarp":5,"cNewPos":[0,5],"cWhen":1.5300027972860744e9,"tag":"Move"}

{"cXWarp":6,"cNewPos":[0,6],"cWhen":1.5300028018217933e9,"tag":"Move"}

{"cOrigin":"+input","cTo":[0,6],"cNewPos":[0,7],"cWhen":1.5300028042218468e9,"tag":"Change","cFrom":[0,6],"cText":[" "],"cRemoved":[""]}

{"cOrigin":"+input","cTo":[0,7],"cNewPos":[0,8],"cWhen":1.530002804541798e9,"tag":"Change","cFrom":[0,7],"cText":[" "],"cRemoved":[""]}

{"cOrigin":"+input","cTo":[0,8],"cNewPos":[0,9],"cWhen":1.5300028049337962e9,"tag":"Change","cFrom":[0,8],"cText":[" "],"cRemoved":[""]}

{"cOrigin":"+input","cTo":[0,9],"cNewPos":[0,10],"cWhen":1.5300028094218073e9,"tag":"Change","cFrom":[0,9],"cText":["l"],"cRemoved":[""]}

{"cOrigin":"+input","cTo":[0,10],"cNewPos":[0,11],"cWhen":1.5300028097496736e9,"tag":"Change","cFrom":[0,10],"cText":["o"],"cRemoved":[""]}

{"cOrigin":"+input","cTo":[0,11],"cNewPos":[0,12],"cWhen":1.5300028124945614e9,"tag":"Change","cFrom":[0,11],"cText":[" "],"cRemoved":[""]}

{"cOrigin":"+input","cTo":[0,12],"cNewPos":[0,13],"cWhen":1.5300028128854613e9,"tag":"Change","cFrom":[0,12],"cText":["l"],"cRemoved":[""]}

{"cOrigin":"+input","cTo":[0,13],"cNewPos":[0,14],"cWhen":1.5300028131814601e9,"tag":"Change","cFrom":[0,13],"cText":["o"],"cRemoved":[""]}

{"cXWarp":13,"cNewPos":[0,13],"cWhen":1.5300028163812633e9,"tag":"Move"}

{"cXWarp":12,"cNewPos":[0,12],"cWhen":1.5300028167093027e9,"tag":"Move"}

{"cXWarp":11,"cNewPos":[0,11],"cWhen":1.5300028169172933e9,"tag":"Move"}

{"cXWarp":10,"cNewPos":[0,10],"cWhen":1.530002817125314e9,"tag":"Move"}

{"cXWarp":9,"cNewPos":[0,9],"cWhen":1.5300028174933324e9,"tag":"Move"}

{"cXWarp":8,"cNewPos":[0,8],"cWhen":1.5300028178933272e9,"tag":"Move"}

{"cXWarp":7,"cNewPos":[0,7],"cWhen":1.5300028181011722e9,"tag":"Move"}

{"cXWarp":6,"cNewPos":[0,6],"cWhen":1.530002818509249e9,"tag":"Move"}

{"cXWarp":5,"cNewPos":[0,5],"cWhen":1.530002818693157e9,"tag":"Move"}

{"cXWarp":4,"cNewPos":[0,4],"cWhen":1.5300028189172275e9,"tag":"Move"}

{"cXWarp":3,"cNewPos":[0,3],"cWhen":1.530002819717184e9,"tag":"Move"}

{"cXWarp":4,"cNewPos":[0,4],"cWhen":1.5300028211091316e9,"tag":"Move"}

{"cWhen":1.5300028301103659e9,"tag":"Eval","cAll":true}

{"cXWarp":5,"cNewPos":[0,5],"cWhen":1.5300028394924767e9,"tag":"Move"}

{"cXWarp":6,"cNewPos":[0,6],"cWhen":1.5300028398524368e9,"tag":"Move"}

{"cXWarp":7,"cNewPos":[0,7],"cWhen":1.530002840244389e9,"tag":"Move"}

{"cXWarp":8,"cNewPos":[0,8],"cWhen":1.530002840468446e9,"tag":"Move"}

{"cXWarp":9,"cNewPos":[0,9],"cWhen":1.530002840660535e9,"tag":"Move"}

{"cXWarp":10,"cNewPos":[0,10],"cWhen":1.5300028409324062e9,"tag":"Move"}

{"cXWarp":11,"cNewPos":[0,11],"cWhen":1.530002841140444e9,"tag":"Move"}

{"cXWarp":12,"cNewPos":[0,12],"cWhen":1.5300028415405521e9,"tag":"Move"}

{"cXWarp":13,"cNewPos":[0,13],"cWhen":1.5300028421564984e9,"tag":"Move"}

{"cXWarp":14,"cNewPos":[0,14],"cWhen":1.5300028429243374e9,"tag":"Move"}

{"cOrigin":"+input","cTo":[0,14],"cNewPos":[0,15],"cWhen":1.530002847117589e9,"tag":"Change","cFrom":[0,14],"cText":[" "],"cRemoved":[""]}

{"cOrigin":"+input","cTo":[0,15],"cNewPos":[0,16],"cWhen":1.5300028475565004e9,"tag":"Change","cFrom":[0,15],"cText":[" "],"cRemoved":[""]}

{"cOrigin":"+input","cTo":[0,16],"cNewPos":[0,17],"cWhen":1.530002847988413e9,"tag":"Change","cFrom":[0,16],"cText":[" "],"cRemoved":[""]}

{"cOrigin":"+delete","cTo":[0,17],"cNewPos":[0,16],"cWhen":1.5300028520680754e9,"tag":"Change","cFrom":[0,16],"cText":[""],"cRemoved":[" "]}

{"cOrigin":"+delete","cTo":[0,16],"cNewPos":[0,15],"cWhen":1.5300028522920594e9,"tag":"Change","cFrom":[0,15],"cText":[""],"cRemoved":[" "]}

{"cOrigin":"+delete","cTo":[0,15],"cNewPos":[0,14],"cWhen":1.5300028524760747e9,"tag":"Change","cFrom":[0,14],"cText":[""],"cRemoved":[" "]}

{"cOrigin":"+input","cTo":[0,14],"cNewPos":[0,15],"cWhen":1.5300028536923146e9,"tag":"Change","cFrom":[0,14],"cText":[" "],"cRemoved":[""]}

{"cOrigin":"+input","cTo":[0,15],"cNewPos":[0,16],"cWhen":1.5300028583081112e9,"tag":"Change","cFrom":[0,15],"cText":["h"],"cRemoved":[""]}

{"cOrigin":"+input","cTo":[0,16],"cNewPos":[0,17],"cWhen":1.5300028586522655e9,"tag":"Change","cFrom":[0,16],"cText":["i"],"cRemoved":[""]}

{"cOrigin":"+input","cTo":[0,17],"cNewPos":[0,18],"cWhen":1.5300028599560995e9,"tag":"Change","cFrom":[0,17],"cText":[" "],"cRemoved":[""]}

{"cOrigin":"+input","cTo":[0,18],"cNewPos":[0,19],"cWhen":1.530002860284079e9,"tag":"Change","cFrom":[0,18],"cText":["h"],"cRemoved":[""]}

{"cOrigin":"+input","cTo":[0,19],"cNewPos":[0,20],"cWhen":1.5300028608041482e9,"tag":"Change","cFrom":[0,19],"cText":["i"],"cRemoved":[""]}

{"cOrigin":"+input","cTo":[0,20],"cNewPos":[0,21],"cWhen":1.5300028617880561e9,"tag":"Change","cFrom":[0,20],"cText":[" "],"cRemoved":[""]}

{"cOrigin":"+input","cTo":[0,21],"cNewPos":[0,22],"cWhen":1.5300028625880775e9,"tag":"Change","cFrom":[0,21],"cText":["l"],"cRemoved":[""]}

{"cOrigin":"+input","cTo":[0,22],"cNewPos":[0,23],"cWhen":1.5300028629240966e9,"tag":"Change","cFrom":[0,22],"cText":["o"],"cRemoved":[""]}

{"cOrigin":"+input","cTo":[0,23],"cNewPos":[0,24],"cWhen":1.530002863862322e9,"tag":"Change","cFrom":[0,23],"cText":[" "],"cRemoved":[""]}

{"cOrigin":"+input","cTo":[0,24],"cNewPos":[0,25],"cWhen":1.5300028643879762e9,"tag":"Change","cFrom":[0,24],"cText":["l"],"cRemoved":[""]}

{"cOrigin":"+input","cTo":[0,25],"cNewPos":[0,26],"cWhen":1.5300028646600404e9,"tag":"Change","cFrom":[0,25],"cText":["o"],"cRemoved":[""]}

{"cWhen":1.5300028684693315e9,"tag":"Eval","cAll":true}

{"cOrigin":"+input","cTo":[0,26],"cNewPos":[0,27],"cWhen":1.5300029024592452e9,"tag":"Change","cFrom":[0,26],"cText":[" "],"cRemoved":[""]}

{"cOrigin":"+input","cTo":[0,27],"cNewPos":[0,28],"cWhen":1.5300029027233129e9,"tag":"Change","cFrom":[0,27],"cText":[" "],"cRemoved":[""]}

{"cOrigin":"+input","cTo":[0,28],"cNewPos":[0,29],"cWhen":1.5300029029632263e9,"tag":"Change","cFrom":[0,28],"cText":[" "],"cRemoved":[""]}

{"cOrigin":"+delete","cTo":[0,29],"cNewPos":[0,28],"cWhen":1.530002904106986e9,"tag":"Change","cFrom":[0,28],"cText":[""],"cRemoved":[" "]}

{"cOrigin":"+delete","cTo":[0,28],"cNewPos":[0,27],"cWhen":1.530002904458925e9,"tag":"Change","cFrom":[0,27],"cText":[""],"cRemoved":[" "]}

{"cOrigin":"+delete","cTo":[0,27],"cNewPos":[0,26],"cWhen":1.5300029046349006e9,"tag":"Change","cFrom":[0,26],"cText":[""],"cRemoved":[" "]}

{"cOrigin":"+input","cTo":[0,26],"cNewPos":[0,27],"cWhen":1.530002905611219e9,"tag":"Change","cFrom":[0,26],"cText":[" "],"cRemoved":[""]}

{"cOrigin":"+input","cTo":[0,27],"cNewPos":[0,28],"cWhen":1.5300029093151362e9,"tag":"Change","cFrom":[0,27],"cText":["h"],"cRemoved":[""]}

{"cOrigin":"+input","cTo":[0,28],"cNewPos":[0,29],"cWhen":1.5300029097309997e9,"tag":"Change","cFrom":[0,28],"cText":["i"],"cRemoved":[""]}

{"cOrigin":"+input","cTo":[0,29],"cNewPos":[0,30],"cWhen":1.5300029110510786e9,"tag":"Change","cFrom":[0,29],"cText":[" "],"cRemoved":[""]}

{"cOrigin":"+input","cTo":[0,30],"cNewPos":[0,31],"cWhen":1.5300029114111042e9,"tag":"Change","cFrom":[0,30],"cText":["h"],"cRemoved":[""]}

{"cOrigin":"+input","cTo":[0,31],"cNewPos":[0,32],"cWhen":1.5300029117230244e9,"tag":"Change","cFrom":[0,31],"cText":["i"],"cRemoved":[""]}

{"cOrigin":"+input","cTo":[0,32],"cNewPos":[0,33],"cWhen":1.5300029148911483e9,"tag":"Change","cFrom":[0,32],"cText":[" "],"cRemoved":[""]}

{"cOrigin":"+input","cTo":[0,33],"cNewPos":[0,34],"cWhen":1.530002915250932e9,"tag":"Change","cFrom":[0,33],"cText":["h"],"cRemoved":[""]}

{"cOrigin":"+input","cTo":[0,34],"cNewPos":[0,35],"cWhen":1.5300029156430957e9,"tag":"Change","cFrom":[0,34],"cText":["i"],"cRemoved":[""]}

{"cOrigin":"+input","cTo":[0,35],"cNewPos":[0,36],"cWhen":1.530002917986932e9,"tag":"Change","cFrom":[0,35],"cText":[" "],"cRemoved":[""]}

{"cOrigin":"+input","cTo":[0,36],"cNewPos":[0,37],"cWhen":1.530002920690925e9,"tag":"Change","cFrom":[0,36],"cText":["l"],"cRemoved":[""]}

{"cOrigin":"+input","cTo":[0,37],"cNewPos":[0,38],"cWhen":1.530002921042955e9,"tag":"Change","cFrom":[0,37],"cText":["o"],"cRemoved":[""]}

{"cOrigin":"+input","cTo":[0,38],"cNewPos":[0,39],"cWhen":1.5300029218508384e9,"tag":"Change","cFrom":[0,38],"cText":[" "],"cRemoved":[""]}

{"cOrigin":"+input","cTo":[0,39],"cNewPos":[0,40],"cWhen":1.5300029222029517e9,"tag":"Change","cFrom":[0,39],"cText":["l"],"cRemoved":[""]}

{"cOrigin":"+input","cTo":[0,40],"cNewPos":[0,41],"cWhen":1.530002922506923e9,"tag":"Change","cFrom":[0,40],"cText":["o"],"cRemoved":[""]}

{"cOrigin":"+input","cTo":[0,41],"cNewPos":[0,42],"cWhen":1.5300029229629436e9,"tag":"Change","cFrom":[0,41],"cText":[" "],"cRemoved":[""]}

{"cOrigin":"+input","cTo":[0,42],"cNewPos":[0,43],"cWhen":1.5300029233788614e9,"tag":"Change","cFrom":[0,42],"cText":["l"],"cRemoved":[""]}

{"cOrigin":"+input","cTo":[0,43],"cNewPos":[0,44],"cWhen":1.5300029237308812e9,"tag":"Change","cFrom":[0,43],"cText":["o"],"cRemoved":[""]}

{"cWhen":1.5300029297800665e9,"tag":"Eval","cAll":true}

{"cOrigin":"+input","cTo":[0,44],"cNewPos":[1,0],"cWhen":1.5300029418505354e9,"tag":"Change","cFrom":[0,44],"cText":["",""],"cRemoved":[""]}

{"cXWarp":0,"cNewPos":[0,0],"cWhen":1.5300029499063833e9,"tag":"Move"}

{"cXWarp":0,"cNewPos":[0,0],"cWhen":1.5300029512023535e9,"tag":"Move"}

{"cXWarp":0,"cNewPos":[0,0],"cWhen":1.5300029515382361e9,"tag":"Move"}

{"cXWarp":0,"cNewPos":[0,0],"cWhen":1.5300029517383313e9,"tag":"Move"}

{"cXWarp":0,"cNewPos":[0,0],"cWhen":1.5300029519222312e9,"tag":"Move"}

{"cXWarp":0,"cNewPos":[0,0],"cWhen":1.5300029521063218e9,"tag":"Move"}

{"cXWarp":0,"cNewPos":[0,0],"cWhen":1.5300029522663145e9,"tag":"Move"}

{"cXWarp":0,"cNewPos":[0,0],"cWhen":1.5300029524342136e9,"tag":"Move"}

{"cXWarp":0,"cNewPos":[0,0],"cWhen":1.5300029525782125e9,"tag":"Move"}

{"cXWarp":0,"cNewPos":[0,0],"cWhen":1.5300029571622884e9,"tag":"Move"}

{"cXWarp":0,"cNewPos":[0,0],"cWhen":1.5300029574133754e9,"tag":"Move"}

{"cXWarp":0,"cNewPos":[0,0],"cWhen":1.530002957810242e9,"tag":"Move"}

{"cXWarp":1,"cNewPos":[0,1],"cWhen":1.5300029583382528e9,"tag":"Move"}

{"cXWarp":2,"cNewPos":[0,2],"cWhen":1.5300029585941782e9,"tag":"Move"}

{"cXWarp":3,"cNewPos":[0,3],"cWhen":1.530002958859089e9,"tag":"Move"}

{"cXWarp":3,"cNewPos":[1,3],"cWhen":1.5300029660181646e9,"tag":"Move"}

{"cXWarp":3,"cNewPos":[1,3],"cWhen":1.5300029662734127e9,"tag":"Move"}

{"cXWarp":3,"cNewPos":[1,3],"cWhen":1.530002966323386e9,"tag":"Move"}

{"cXWarp":3,"cNewPos":[1,3],"cWhen":1.5300029663733835e9,"tag":"Move"}

{"cXWarp":3,"cNewPos":[1,3],"cWhen":1.5300029664233882e9,"tag":"Move"}

{"cXWarp":3,"cNewPos":[1,3],"cWhen":1.5300029664734256e9,"tag":"Move"}

{"cXWarp":4,"cNewPos":[1,4],"cWhen":1.5300029688181148e9,"tag":"Move"}

{"cXWarp":5,"cNewPos":[1,5],"cWhen":1.5300029696181295e9,"tag":"Move"}

{"cXWarp":5,"cNewPos":[1,5],"cWhen":1.5300029698734314e9,"tag":"Move"}

{"cXWarp":5,"cNewPos":[1,5],"cWhen":1.530002969923414e9,"tag":"Move"}

{"cXWarp":5,"cNewPos":[1,5],"cWhen":1.5300029699734542e9,"tag":"Move"}

{"cXWarp":5,"cNewPos":[1,5],"cWhen":1.5300029700233908e9,"tag":"Move"}

{"cXWarp":5,"cNewPos":[1,5],"cWhen":1.53000297007341e9,"tag":"Move"}

{"cXWarp":5,"cNewPos":[1,5],"cWhen":1.5300029701233878e9,"tag":"Move"}

{"cXWarp":5,"cNewPos":[1,5],"cWhen":1.5300029701733892e9,"tag":"Move"}

{"cXWarp":5,"cNewPos":[1,5],"cWhen":1.5300029702234075e9,"tag":"Move"}

{"cXWarp":5,"cNewPos":[1,5],"cWhen":1.530002970273432e9,"tag":"Move"}

{"cXWarp":5,"cNewPos":[1,5],"cWhen":1.5300029703234556e9,"tag":"Move"}

{"cXWarp":5,"cNewPos":[1,5],"cWhen":1.530002970373388e9,"tag":"Move"}

{"cXWarp":5,"cNewPos":[1,5],"cWhen":1.530002970423382e9,"tag":"Move"}

{"cXWarp":5,"cNewPos":[1,5],"cWhen":1.5300029704733994e9,"tag":"Move"}

{"cXWarp":5,"cNewPos":[1,5],"cWhen":1.5300029705233927e9,"tag":"Move"}

{"cXWarp":5,"cNewPos":[1,5],"cWhen":1.5300029705733962e9,"tag":"Move"}

{"cXWarp":5,"cNewPos":[1,5],"cWhen":1.5300029706233945e9,"tag":"Move"}

{"cXWarp":5,"cNewPos":[1,5],"cWhen":1.5300029708661177e9,"tag":"Move"}

{"cXWarp":5,"cNewPos":[1,5],"cWhen":1.530002971146031e9,"tag":"Move"}

{"cXWarp":5,"cNewPos":[1,5],"cWhen":1.5300029713701015e9,"tag":"Move"}

{"cXWarp":4,"cNewPos":[1,4],"cWhen":1.5300029725221245e9,"tag":"Move"}

{"cXWarp":3,"cNewPos":[1,3],"cWhen":1.5300029727914965e9,"tag":"Move"}

{"cXWarp":2,"cNewPos":[1,2],"cWhen":1.53000297295398e9,"tag":"Move"}

{"cXWarp":1,"cNewPos":[1,1],"cWhen":1.5300029731460953e9,"tag":"Move"}

{"cXWarp":0,"cNewPos":[1,0],"cWhen":1.5300029735939867e9,"tag":"Move"}

{"cXWarp":0,"cNewPos":[1,0],"cWhen":1.5300029741299832e9,"tag":"Move"}

{"cOrigin":"+delete","cTo":[1,0],"cNewPos":[0,44],"cWhen":1.5300029770978923e9,"tag":"Change","cFrom":[0,44],"cText":[""],"cRemoved":["",""]}

{"cWhen":1.5300029806034997e9,"tag":"Eval","cAll":true}

{"cOrigin":"+input","cTo":[0,44],"cNewPos":[0,45],"cWhen":1.5300029918180432e9,"tag":"Change","cFrom":[0,44],"cText":[" "],"cRemoved":[""]}

{"cOrigin":"+input","cTo":[0,45],"cNewPos":[0,46],"cWhen":1.530002995538036e9,"tag":"Change","cFrom":[0,45],"cText":[" "],"cRemoved":[""]}

{"cOrigin":"+input","cTo":[0,46],"cNewPos":[0,47],"cWhen":1.5300029995539865e9,"tag":"Change","cFrom":[0,46],"cText":["h"],"cRemoved":[""]}

{"cOrigin":"+input","cTo":[0,47],"cNewPos":[0,48],"cWhen":1.5300030001138158e9,"tag":"Change","cFrom":[0,47],"cText":["i"],"cRemoved":[""]}

{"cOrigin":"+input","cTo":[0,48],"cNewPos":[0,49],"cWhen":1.530003001169802e9,"tag":"Change","cFrom":[0,48],"cText":[" "],"cRemoved":[""]}

{"cOrigin":"+input","cTo":[0,49],"cNewPos":[0,50],"cWhen":1.5300030016019173e9,"tag":"Change","cFrom":[0,49],"cText":["h"],"cRemoved":[""]}

{"cOrigin":"+input","cTo":[0,50],"cNewPos":[0,51],"cWhen":1.5300030019618652e9,"tag":"Change","cFrom":[0,50],"cText":["i"],"cRemoved":[""]}

{"cOrigin":"+input","cTo":[0,51],"cNewPos":[0,52],"cWhen":1.5300030025947444e9,"tag":"Change","cFrom":[0,51],"cText":[" "],"cRemoved":[""]}

{"cOrigin":"+input","cTo":[0,52],"cNewPos":[0,53],"cWhen":1.5300030029696128e9,"tag":"Change","cFrom":[0,52],"cText":["h"],"cRemoved":[""]}

{"cOrigin":"+input","cTo":[0,53],"cNewPos":[0,54],"cWhen":1.5300030033778796e9,"tag":"Change","cFrom":[0,53],"cText":["i"],"cRemoved":[""]}

{"cOrigin":"+input","cTo":[0,54],"cNewPos":[0,55],"cWhen":1.5300030038655944e9,"tag":"Change","cFrom":[0,54],"cText":[" "],"cRemoved":[""]}

{"cOrigin":"+input","cTo":[0,55],"cNewPos":[0,56],"cWhen":1.5300030042899299e9,"tag":"Change","cFrom":[0,55],"cText":["h"],"cRemoved":[""]}

{"cOrigin":"+input","cTo":[0,56],"cNewPos":[0,57],"cWhen":1.5300030045938e9,"tag":"Change","cFrom":[0,56],"cText":["i"],"cRemoved":[""]}

{"cOrigin":"+input","cTo":[0,57],"cNewPos":[0,58],"cWhen":1.5300030086103528e9,"tag":"Change","cFrom":[0,57],"cText":[" "],"cRemoved":[""]}

{"cOrigin":"+input","cTo":[0,58],"cNewPos":[0,59],"cWhen":1.5300030096578038e9,"tag":"Change","cFrom":[0,58],"cText":["l"],"cRemoved":[""]}

{"cOrigin":"+input","cTo":[0,59],"cNewPos":[0,60],"cWhen":1.5300030099457264e9,"tag":"Change","cFrom":[0,59],"cText":["o"],"cRemoved":[""]}

{"cOrigin":"+input","cTo":[0,60],"cNewPos":[0,61],"cWhen":1.5300030108578372e9,"tag":"Change","cFrom":[0,60],"cText":[" "],"cRemoved":[""]}

{"cOrigin":"+input","cTo":[0,61],"cNewPos":[0,62],"cWhen":1.5300030114578037e9,"tag":"Change","cFrom":[0,61],"cText":["l"],"cRemoved":[""]}

{"cOrigin":"+input","cTo":[0,62],"cNewPos":[0,63],"cWhen":1.5300030116737566e9,"tag":"Change","cFrom":[0,62],"cText":["o"],"cRemoved":[""]}

{"cOrigin":"+input","cTo":[0,63],"cNewPos":[0,64],"cWhen":1.5300030120737429e9,"tag":"Change","cFrom":[0,63],"cText":[" "],"cRemoved":[""]}

{"cOrigin":"+input","cTo":[0,64],"cNewPos":[0,65],"cWhen":1.5300030125297532e9,"tag":"Change","cFrom":[0,64],"cText":["l"],"cRemoved":[""]}

{"cOrigin":"+input","cTo":[0,65],"cNewPos":[0,66],"cWhen":1.5300030127617998e9,"tag":"Change","cFrom":[0,65],"cText":["o"],"cRemoved":[""]}

{"cOrigin":"+input","cTo":[0,66],"cNewPos":[0,67],"cWhen":1.530003013185717e9,"tag":"Change","cFrom":[0,66],"cText":[" "],"cRemoved":[""]}

{"cOrigin":"+input","cTo":[0,67],"cNewPos":[0,68],"cWhen":1.5300030137057443e9,"tag":"Change","cFrom":[0,67],"cText":["l"],"cRemoved":[""]}

{"cOrigin":"+input","cTo":[0,68],"cNewPos":[0,69],"cWhen":1.5300030139297924e9,"tag":"Change","cFrom":[0,68],"cText":["o"],"cRemoved":[""]}

{"cWhen":1.5300030216190615e9,"tag":"Eval","cAll":true}

{"cXWarp":68,"cNewPos":[0,68],"cWhen":1.5300030276414063e9,"tag":"Move"}

{"cXWarp":67,"cNewPos":[0,67],"cWhen":1.5300030278932223e9,"tag":"Move"}

{"cXWarp":66,"cNewPos":[0,66],"cWhen":1.5300030279432354e9,"tag":"Move"}

{"cXWarp":65,"cNewPos":[0,65],"cWhen":1.5300030279932811e9,"tag":"Move"}

{"cXWarp":64,"cNewPos":[0,64],"cWhen":1.5300030280432532e9,"tag":"Move"}

{"cXWarp":63,"cNewPos":[0,63],"cWhen":1.5300030280932283e9,"tag":"Move"}

{"cXWarp":62,"cNewPos":[0,62],"cWhen":1.5300030281432319e9,"tag":"Move"}

{"cXWarp":61,"cNewPos":[0,61],"cWhen":1.5300030281932633e9,"tag":"Move"}

{"cXWarp":60,"cNewPos":[0,60],"cWhen":1.5300030282432897e9,"tag":"Move"}

{"cXWarp":59,"cNewPos":[0,59],"cWhen":1.5300030282933836e9,"tag":"Move"}

{"cXWarp":58,"cNewPos":[0,58],"cWhen":1.5300030283434227e9,"tag":"Move"}

{"cXWarp":57,"cNewPos":[0,57],"cWhen":1.5300030283932304e9,"tag":"Move"}

{"cXWarp":56,"cNewPos":[0,56],"cWhen":1.5300030284432054e9,"tag":"Move"}

{"cXWarp":55,"cNewPos":[0,55],"cWhen":1.53000302849322e9,"tag":"Move"}

{"cXWarp":54,"cNewPos":[0,54],"cWhen":1.5300030285432324e9,"tag":"Move"}

{"cXWarp":53,"cNewPos":[0,53],"cWhen":1.5300030285932288e9,"tag":"Move"}

{"cXWarp":52,"cNewPos":[0,52],"cWhen":1.5300030286432498e9,"tag":"Move"}

{"cXWarp":51,"cNewPos":[0,51],"cWhen":1.530003028693239e9,"tag":"Move"}

{"cXWarp":50,"cNewPos":[0,50],"cWhen":1.5300030287432258e9,"tag":"Move"}

{"cXWarp":49,"cNewPos":[0,49],"cWhen":1.5300030287932377e9,"tag":"Move"}

{"cXWarp":48,"cNewPos":[0,48],"cWhen":1.530003028843218e9,"tag":"Move"}

{"cXWarp":47,"cNewPos":[0,47],"cWhen":1.5300030288932204e9,"tag":"Move"}

{"cXWarp":46,"cNewPos":[0,46],"cWhen":1.5300030289432657e9,"tag":"Move"}

{"cXWarp":45,"cNewPos":[0,45],"cWhen":1.5300030289932425e9,"tag":"Move"}

{"cXWarp":44,"cNewPos":[0,44],"cWhen":1.5300030290432217e9,"tag":"Move"}

{"cXWarp":43,"cNewPos":[0,43],"cWhen":1.530003029093364e9,"tag":"Move"}

{"cXWarp":42,"cNewPos":[0,42],"cWhen":1.530003029143393e9,"tag":"Move"}

{"cXWarp":41,"cNewPos":[0,41],"cWhen":1.5300030291933873e9,"tag":"Move"}

{"cXWarp":40,"cNewPos":[0,40],"cWhen":1.5300030292434008e9,"tag":"Move"}

{"cXWarp":39,"cNewPos":[0,39],"cWhen":1.5300030292932255e9,"tag":"Move"}

{"cXWarp":38,"cNewPos":[0,38],"cWhen":1.5300030293432775e9,"tag":"Move"}

{"cXWarp":37,"cNewPos":[0,37],"cWhen":1.5300030293932414e9,"tag":"Move"}

{"cXWarp":36,"cNewPos":[0,36],"cWhen":1.5300030294432218e9,"tag":"Move"}

{"cXWarp":35,"cNewPos":[0,35],"cWhen":1.5300030294932106e9,"tag":"Move"}

{"cXWarp":34,"cNewPos":[0,34],"cWhen":1.5300030295432281e9,"tag":"Move"}

{"cXWarp":33,"cNewPos":[0,33],"cWhen":1.5300030295932336e9,"tag":"Move"}

{"cXWarp":32,"cNewPos":[0,32],"cWhen":1.530003029643243e9,"tag":"Move"}

{"cXWarp":31,"cNewPos":[0,31],"cWhen":1.5300030296932313e9,"tag":"Move"}

{"cXWarp":30,"cNewPos":[0,30],"cWhen":1.5300030297432327e9,"tag":"Move"}

{"cXWarp":29,"cNewPos":[0,29],"cWhen":1.5300030297932265e9,"tag":"Move"}

{"cXWarp":28,"cNewPos":[0,28],"cWhen":1.5300030298432443e9,"tag":"Move"}

{"cXWarp":27,"cNewPos":[0,27],"cWhen":1.530003029893219e9,"tag":"Move"}

{"cXWarp":26,"cNewPos":[0,26],"cWhen":1.5300030299432447e9,"tag":"Move"}

{"cXWarp":25,"cNewPos":[0,25],"cWhen":1.530003029993407e9,"tag":"Move"}

{"cXWarp":24,"cNewPos":[0,24],"cWhen":1.5300030300433533e9,"tag":"Move"}

{"cXWarp":23,"cNewPos":[0,23],"cWhen":1.5300030300953047e9,"tag":"Move"}

{"cXWarp":22,"cNewPos":[0,22],"cWhen":1.530003030143201e9,"tag":"Move"}

{"cXWarp":21,"cNewPos":[0,21],"cWhen":1.5300030301932123e9,"tag":"Move"}

{"cXWarp":20,"cNewPos":[0,20],"cWhen":1.530003030243222e9,"tag":"Move"}

{"cXWarp":19,"cNewPos":[0,19],"cWhen":1.5300030302932415e9,"tag":"Move"}

{"cXWarp":18,"cNewPos":[0,18],"cWhen":1.5300030303432302e9,"tag":"Move"}

{"cXWarp":17,"cNewPos":[0,17],"cWhen":1.530003030393226e9,"tag":"Move"}

{"cXWarp":16,"cNewPos":[0,16],"cWhen":1.5300030304432247e9,"tag":"Move"}

{"cXWarp":15,"cNewPos":[0,15],"cWhen":1.5300030304932165e9,"tag":"Move"}

{"cXWarp":14,"cNewPos":[0,14],"cWhen":1.5300030305432212e9,"tag":"Move"}

{"cXWarp":13,"cNewPos":[0,13],"cWhen":1.5300030305932424e9,"tag":"Move"}

{"cXWarp":12,"cNewPos":[0,12],"cWhen":1.530003030643281e9,"tag":"Move"}

{"cXWarp":11,"cNewPos":[0,11],"cWhen":1.5300030306932304e9,"tag":"Move"}

{"cXWarp":10,"cNewPos":[0,10],"cWhen":1.5300030307432237e9,"tag":"Move"}

{"cXWarp":9,"cNewPos":[0,9],"cWhen":1.5300030307933447e9,"tag":"Move"}

{"cXWarp":8,"cNewPos":[0,8],"cWhen":1.5300030308433664e9,"tag":"Move"}

{"cXWarp":7,"cNewPos":[0,7],"cWhen":1.5300030308932445e9,"tag":"Move"}

{"cXWarp":6,"cNewPos":[0,6],"cWhen":1.530003030943249e9,"tag":"Move"}

{"cXWarp":5,"cNewPos":[0,5],"cWhen":1.5300030309932392e9,"tag":"Move"}

{"cXWarp":4,"cNewPos":[0,4],"cWhen":1.5300030310432196e9,"tag":"Move"}

{"cXWarp":3,"cNewPos":[0,3],"cWhen":1.530003031093228e9,"tag":"Move"}

{"cXWarp":2,"cNewPos":[0,2],"cWhen":1.530003031143227e9,"tag":"Move"}

{"cXWarp":1,"cNewPos":[0,1],"cWhen":1.5300030311931944e9,"tag":"Move"}

{"cXWarp":0,"cNewPos":[0,0],"cWhen":1.530003031243226e9,"tag":"Move"}

{"cXWarp":0,"cNewPos":[0,0],"cWhen":1.530003031293234e9,"tag":"Move"}

{"cXWarp":0,"cNewPos":[0,0],"cWhen":1.5300030313432288e9,"tag":"Move"}

{"cXWarp":0,"cNewPos":[0,0],"cWhen":1.5300030313932142e9,"tag":"Move"}

{"cXWarp":0,"cNewPos":[0,0],"cWhen":1.5300030314432251e9,"tag":"Move"}

{"cXWarp":0,"cNewPos":[0,0],"cWhen":1.5300030314932222e9,"tag":"Move"}

{"cXWarp":0,"cNewPos":[0,0],"cWhen":1.530003031543238e9,"tag":"Move"}

{"cXWarp":0,"cNewPos":[0,0],"cWhen":1.530003031953387e9,"tag":"Move"}

{"cOrigin":"+input","cTo":[0,0],"cNewPos":[0,1],"cWhen":1.5300030337774904e9,"tag":"Change","cFrom":[0,0],"cText":["c"],"cRemoved":[""]}

{"cOrigin":"+input","cTo":[0,1],"cNewPos":[0,2],"cWhen":1.5300030364893587e9,"tag":"Change","cFrom":[0,1],"cText":["r"],"cRemoved":[""]}

{"cOrigin":"+input","cTo":[0,2],"cNewPos":[0,3],"cWhen":1.5300030371053646e9,"tag":"Change","cFrom":[0,2],"cText":["u"],"cRemoved":[""]}

{"cOrigin":"+input","cTo":[0,3],"cNewPos":[0,4],"cWhen":1.5300030380014555e9,"tag":"Change","cFrom":[0,3],"cText":["n"],"cRemoved":[""]}

{"cOrigin":"+input","cTo":[0,4],"cNewPos":[0,5],"cWhen":1.5300030399134e9,"tag":"Change","cFrom":[0,4],"cText":["c"],"cRemoved":[""]}

{"cOrigin":"+input","cTo":[0,5],"cNewPos":[0,6],"cWhen":1.5300030404842467e9,"tag":"Change","cFrom":[0,5],"cText":["h"],"cRemoved":[""]}

{"cWhen":1.5300030449383423e9,"tag":"Eval","cAll":true}

{"cXWarp":5,"cNewPos":[0,5],"cWhen":1.530003115553409e9,"tag":"Move"}

{"cXWarp":4,"cNewPos":[0,4],"cWhen":1.5300031159535682e9,"tag":"Move"}

{"cXWarp":5,"cNewPos":[0,5],"cWhen":1.530003119017923e9,"tag":"Move"}

{"cXWarp":4,"cNewPos":[0,4],"cWhen":1.5300031205060866e9,"tag":"Move"}

{"cXWarp":3,"cNewPos":[0,3],"cWhen":1.530003120690127e9,"tag":"Move"}

{"cXWarp":2,"cNewPos":[0,2],"cWhen":1.5300031208981442e9,"tag":"Move"}

{"cXWarp":1,"cNewPos":[0,1],"cWhen":1.5300031213780847e9,"tag":"Move"}

{"cXWarp":0,"cNewPos":[0,0],"cWhen":1.5300031217702336e9,"tag":"Move"}

{"cXWarp":0,"cNewPos":[0,0],"cWhen":1.530003125034718e9,"tag":"Move"}

{"cOrigin":"+input","cTo":[0,0],"cNewPos":[0,1],"cWhen":1.5300031272833354e9,"tag":"Change","cFrom":[0,0],"cText":["e"],"cRemoved":[""]}

{"cOrigin":"+input","cTo":[0,1],"cNewPos":[0,2],"cWhen":1.5300031282111251e9,"tag":"Change","cFrom":[0,1],"cText":["v"],"cRemoved":[""]}

{"cOrigin":"+input","cTo":[0,2],"cNewPos":[0,3],"cWhen":1.5300031288513253e9,"tag":"Change","cFrom":[0,2],"cText":["e"],"cRemoved":[""]}

{"cOrigin":"+input","cTo":[0,3],"cNewPos":[0,4],"cWhen":1.5300031292512925e9,"tag":"Change","cFrom":[0,3],"cText":["r"],"cRemoved":[""]}

{"cOrigin":"+input","cTo":[0,4],"cNewPos":[0,5],"cWhen":1.5300031296514673e9,"tag":"Change","cFrom":[0,4],"cText":["y"],"cRemoved":[""]}

{"cOrigin":"+input","cTo":[0,5],"cNewPos":[0,6],"cWhen":1.530003130915533e9,"tag":"Change","cFrom":[0,5],"cText":[" "],"cRemoved":[""]}

{"cOrigin":"+input","cTo":[0,6],"cNewPos":[0,7],"cWhen":1.5300031331079767e9,"tag":"Change","cFrom":[0,6],"cText":["4"],"cRemoved":[""]}

{"cOrigin":"+input","cTo":[0,7],"cNewPos":[0,8],"cWhen":1.5300031359724076e9,"tag":"Change","cFrom":[0,7],"cText":[" "],"cRemoved":[""]}

{"cWhen":1.5300031388870113e9,"tag":"Eval","cAll":true}

{"cXWarp":9,"cNewPos":[0,9],"cWhen":1.5300031667126603e9,"tag":"Move"}

{"cXWarp":10,"cNewPos":[0,10],"cWhen":1.5300031669634216e9,"tag":"Move"}

{"cXWarp":11,"cNewPos":[0,11],"cWhen":1.5300031670134194e9,"tag":"Move"}

{"cXWarp":12,"cNewPos":[0,12],"cWhen":1.5300031670632458e9,"tag":"Move"}

{"cXWarp":13,"cNewPos":[0,13],"cWhen":1.5300031671132529e9,"tag":"Move"}

{"cXWarp":14,"cNewPos":[0,14],"cWhen":1.5300031671632137e9,"tag":"Move"}

{"cXWarp":15,"cNewPos":[0,15],"cWhen":1.5300031672133045e9,"tag":"Move"}

{"cXWarp":16,"cNewPos":[0,16],"cWhen":1.5300031672632399e9,"tag":"Move"}

{"cXWarp":17,"cNewPos":[0,17],"cWhen":1.5300031673132179e9,"tag":"Move"}

{"cXWarp":18,"cNewPos":[0,18],"cWhen":1.5300031673634293e9,"tag":"Move"}

{"cXWarp":19,"cNewPos":[0,19],"cWhen":1.5300031674133234e9,"tag":"Move"}

{"cXWarp":20,"cNewPos":[0,20],"cWhen":1.5300031674632373e9,"tag":"Move"}

{"cXWarp":21,"cNewPos":[0,21],"cWhen":1.53000316751323e9,"tag":"Move"}

{"cXWarp":22,"cNewPos":[0,22],"cWhen":1.530003167563228e9,"tag":"Move"}

{"cXWarp":23,"cNewPos":[0,23],"cWhen":1.5300031676132376e9,"tag":"Move"}

{"cXWarp":24,"cNewPos":[0,24],"cWhen":1.530003167663229e9,"tag":"Move"}

{"cXWarp":25,"cNewPos":[0,25],"cWhen":1.5300031677132266e9,"tag":"Move"}

{"cXWarp":26,"cNewPos":[0,26],"cWhen":1.530003167763369e9,"tag":"Move"}

{"cXWarp":27,"cNewPos":[0,27],"cWhen":1.530003167813392e9,"tag":"Move"}

{"cXWarp":28,"cNewPos":[0,28],"cWhen":1.530003167863248e9,"tag":"Move"}

{"cXWarp":29,"cNewPos":[0,29],"cWhen":1.5300031679132109e9,"tag":"Move"}

{"cXWarp":30,"cNewPos":[0,30],"cWhen":1.5300031679632158e9,"tag":"Move"}

{"cXWarp":31,"cNewPos":[0,31],"cWhen":1.5300031680132458e9,"tag":"Move"}

{"cXWarp":32,"cNewPos":[0,32],"cWhen":1.5300031680632348e9,"tag":"Move"}

{"cXWarp":33,"cNewPos":[0,33],"cWhen":1.530003168113248e9,"tag":"Move"}

{"cXWarp":34,"cNewPos":[0,34],"cWhen":1.530003168163238e9,"tag":"Move"}

{"cXWarp":35,"cNewPos":[0,35],"cWhen":1.5300031682132673e9,"tag":"Move"}

{"cXWarp":36,"cNewPos":[0,36],"cWhen":1.5300031682632236e9,"tag":"Move"}

{"cXWarp":37,"cNewPos":[0,37],"cWhen":1.5300031683132012e9,"tag":"Move"}

{"cXWarp":38,"cNewPos":[0,38],"cWhen":1.5300031683650637e9,"tag":"Move"}

{"cXWarp":39,"cNewPos":[0,39],"cWhen":1.53000316841324e9,"tag":"Move"}

{"cXWarp":40,"cNewPos":[0,40],"cWhen":1.5300031684632142e9,"tag":"Move"}

{"cXWarp":41,"cNewPos":[0,41],"cWhen":1.5300031685132334e9,"tag":"Move"}

{"cXWarp":42,"cNewPos":[0,42],"cWhen":1.530003168563233e9,"tag":"Move"}

{"cXWarp":43,"cNewPos":[0,43],"cWhen":1.530003168613418e9,"tag":"Move"}

{"cXWarp":44,"cNewPos":[0,44],"cWhen":1.5300031686634712e9,"tag":"Move"}

{"cXWarp":45,"cNewPos":[0,45],"cWhen":1.5300031687132328e9,"tag":"Move"}

{"cXWarp":46,"cNewPos":[0,46],"cWhen":1.530003168763242e9,"tag":"Move"}

{"cXWarp":47,"cNewPos":[0,47],"cWhen":1.5300031688132417e9,"tag":"Move"}

{"cXWarp":48,"cNewPos":[0,48],"cWhen":1.5300031688632128e9,"tag":"Move"}

{"cXWarp":49,"cNewPos":[0,49],"cWhen":1.5300031689132264e9,"tag":"Move"}

{"cXWarp":50,"cNewPos":[0,50],"cWhen":1.530003168963227e9,"tag":"Move"}

{"cXWarp":51,"cNewPos":[0,51],"cWhen":1.530003169013234e9,"tag":"Move"}

{"cXWarp":52,"cNewPos":[0,52],"cWhen":1.5300031690632505e9,"tag":"Move"}

{"cXWarp":53,"cNewPos":[0,53],"cWhen":1.5300031691132286e9,"tag":"Move"}

{"cXWarp":54,"cNewPos":[0,54],"cWhen":1.5300031691632237e9,"tag":"Move"}

{"cXWarp":55,"cNewPos":[0,55],"cWhen":1.5300031692132478e9,"tag":"Move"}

{"cXWarp":56,"cNewPos":[0,56],"cWhen":1.5300031692632143e9,"tag":"Move"}

{"cXWarp":57,"cNewPos":[0,57],"cWhen":1.5300031693132055e9,"tag":"Move"}

{"cXWarp":58,"cNewPos":[0,58],"cWhen":1.5300031693632329e9,"tag":"Move"}

{"cXWarp":59,"cNewPos":[0,59],"cWhen":1.53000316941341e9,"tag":"Move"}

{"cXWarp":60,"cNewPos":[0,60],"cWhen":1.5300031694633563e9,"tag":"Move"}

{"cXWarp":61,"cNewPos":[0,61],"cWhen":1.5300031695134013e9,"tag":"Move"}

{"cXWarp":62,"cNewPos":[0,62],"cWhen":1.5300031695633714e9,"tag":"Move"}

{"cXWarp":63,"cNewPos":[0,63],"cWhen":1.5300031696132193e9,"tag":"Move"}

{"cXWarp":64,"cNewPos":[0,64],"cWhen":1.5300031696632278e9,"tag":"Move"}

{"cXWarp":65,"cNewPos":[0,65],"cWhen":1.5300031697132483e9,"tag":"Move"}

{"cXWarp":66,"cNewPos":[0,66],"cWhen":1.5300031697632291e9,"tag":"Move"}

{"cXWarp":67,"cNewPos":[0,67],"cWhen":1.530003169813213e9,"tag":"Move"}

{"cXWarp":68,"cNewPos":[0,68],"cWhen":1.5300031698632514e9,"tag":"Move"}

{"cXWarp":69,"cNewPos":[0,69],"cWhen":1.5300031699132392e9,"tag":"Move"}

{"cXWarp":70,"cNewPos":[0,70],"cWhen":1.5300031699632318e9,"tag":"Move"}

{"cXWarp":71,"cNewPos":[0,71],"cWhen":1.5300031700132408e9,"tag":"Move"}

{"cXWarp":72,"cNewPos":[0,72],"cWhen":1.5300031700632472e9,"tag":"Move"}

{"cXWarp":73,"cNewPos":[0,73],"cWhen":1.5300031701132562e9,"tag":"Move"}

{"cXWarp":74,"cNewPos":[0,74],"cWhen":1.5300031701632323e9,"tag":"Move"}

{"cXWarp":75,"cNewPos":[0,75],"cWhen":1.5300031702131999e9,"tag":"Move"}

{"cXWarp":76,"cNewPos":[0,76],"cWhen":1.5300031702632227e9,"tag":"Move"}

{"cXWarp":77,"cNewPos":[0,77],"cWhen":1.5300031703133378e9,"tag":"Move"}

{"cXWarp":78,"cNewPos":[0,78],"cWhen":1.530003170363488e9,"tag":"Move"}

{"cXWarp":79,"cNewPos":[0,79],"cWhen":1.5300031704133744e9,"tag":"Move"}

{"cXWarp":80,"cNewPos":[0,80],"cWhen":1.5300031704633791e9,"tag":"Move"}

{"cXWarp":81,"cNewPos":[0,81],"cWhen":1.5300031705132303e9,"tag":"Move"}

{"cXWarp":82,"cNewPos":[0,82],"cWhen":1.5300031708331738e9,"tag":"Move"}

{"cXWarp":83,"cNewPos":[0,83],"cWhen":1.5300031721214578e9,"tag":"Move"}

{"cXWarp":84,"cNewPos":[0,84],"cWhen":1.5300031724892306e9,"tag":"Move"}

{"cOrigin":"+input","cTo":[0,84],"cNewPos":[0,85],"cWhen":1.530003173873563e9,"tag":"Change","cFrom":[0,84],"cText":[" "],"cRemoved":[""]}

{"cOrigin":"+input","cTo":[0,85],"cNewPos":[0,86],"cWhen":1.5300031740896478e9,"tag":"Change","cFrom":[0,85],"cText":[" "],"cRemoved":[""]}

{"cOrigin":"+input","cTo":[0,86],"cNewPos":[0,87],"cWhen":1.5300031742656932e9,"tag":"Change","cFrom":[0,86],"cText":[" "],"cRemoved":[""]}

{"cOrigin":"+input","cTo":[0,87],"cNewPos":[0,88],"cWhen":1.5300031744496076e9,"tag":"Change","cFrom":[0,87],"cText":[" "],"cRemoved":[""]}

{"cOrigin":"+input","cTo":[0,88],"cNewPos":[0,89],"cWhen":1.5300031746497364e9,"tag":"Change","cFrom":[0,88],"cText":[" "],"cRemoved":[""]}

{"cOrigin":"+input","cTo":[0,89],"cNewPos":[0,90],"cWhen":1.5300031749936688e9,"tag":"Change","cFrom":[0,89],"cText":[" "],"cRemoved":[""]}

{"cOrigin":"+input","cTo":[0,90],"cNewPos":[0,91],"cWhen":1.5300031751296804e9,"tag":"Change","cFrom":[0,90],"cText":[" "],"cRemoved":[""]}

{"cOrigin":"+input","cTo":[0,91],"cNewPos":[0,92],"cWhen":1.530003175473758e9,"tag":"Change","cFrom":[0,91],"cText":[" "],"cRemoved":[""]}

{"cOrigin":"+input","cTo":[0,92],"cNewPos":[0,93],"cWhen":1.530003175674217e9,"tag":"Change","cFrom":[0,92],"cText":[" "],"cRemoved":[""]}

{"cOrigin":"+input","cTo":[0,93],"cNewPos":[0,94],"cWhen":1.5300031759457963e9,"tag":"Change","cFrom":[0,93],"cText":[" "],"cRemoved":[""]}

{"cOrigin":"+input","cTo":[0,94],"cNewPos":[0,95],"cWhen":1.5300031766424687e9,"tag":"Change","cFrom":[0,94],"cText":[" "],"cRemoved":[""]}

{"cOrigin":"+input","cTo":[0,95],"cNewPos":[1,0],"cWhen":1.5300031779461932e9,"tag":"Change","cFrom":[0,95],"cText":["",""],"cRemoved":[""]}

{"cOrigin":"+input","cTo":[1,0],"cNewPos":[2,0],"cWhen":1.5300031785224912e9,"tag":"Change","cFrom":[1,0],"cText":["",""],"cRemoved":[""]}

{"cOrigin":"+input","cTo":[2,0],"cNewPos":[2,1],"cWhen":1.5300031925959775e9,"tag":"Change","cFrom":[2,0],"cText":["\""],"cRemoved":[""]}

{"cOrigin":"+input","cTo":[2,1],"cNewPos":[2,2],"cWhen":1.5300031981725717e9,"tag":"Change","cFrom":[2,1],"cText":["l"],"cRemoved":[""]}

{"cOrigin":"+input","cTo":[2,2],"cNewPos":[2,3],"cWhen":1.5300031985807154e9,"tag":"Change","cFrom":[2,2],"cText":["o"],"cRemoved":[""]}

{"cOrigin":"+input","cTo":[2,3],"cNewPos":[2,4],"cWhen":1.5300031990767643e9,"tag":"Change","cFrom":[2,3],"cText":["l"],"cRemoved":[""]}

{"cOrigin":"+input","cTo":[2,4],"cNewPos":[2,5],"cWhen":1.5300031993166966e9,"tag":"Change","cFrom":[2,4],"cText":["o"],"cRemoved":[""]}

{"cOrigin":"+input","cTo":[2,5],"cNewPos":[2,6],"cWhen":1.53000320221304e9,"tag":"Change","cFrom":[2,5],"cText":[" "],"cRemoved":[""]}

{"cOrigin":"+input","cTo":[2,6],"cNewPos":[2,7],"cWhen":1.5300032047496293e9,"tag":"Change","cFrom":[2,6],"cText":["h"],"cRemoved":[""]}

{"cOrigin":"+input","cTo":[2,7],"cNewPos":[2,8],"cWhen":1.530003205709421e9,"tag":"Change","cFrom":[2,7],"cText":["i"],"cRemoved":[""]}

{"cOrigin":"+input","cTo":[2,8],"cNewPos":[2,9],"cWhen":1.5300032067896502e9,"tag":"Change","cFrom":[2,8],"cText":[" "],"cRemoved":[""]}

{"cOrigin":"+input","cTo":[2,9],"cNewPos":[2,10],"cWhen":1.5300032071736104e9,"tag":"Change","cFrom":[2,9],"cText":["h"],"cRemoved":[""]}

{"cOrigin":"+input","cTo":[2,10],"cNewPos":[2,11],"cWhen":1.5300032075337002e9,"tag":"Change","cFrom":[2,10],"cText":["i"],"cRemoved":[""]}

{"cOrigin":"+input","cTo":[2,11],"cNewPos":[2,12],"cWhen":1.5300032163745322e9,"tag":"Change","cFrom":[2,11],"cText":["\""],"cRemoved":[""]}

{"cWhen":1.5300032218485541e9,"tag":"Eval","cAll":true}

{"cXWarp":11,"cNewPos":[2,11],"cWhen":1.5300032309841542e9,"tag":"Move"}

{"cXWarp":10,"cNewPos":[2,10],"cWhen":1.5300032311762052e9,"tag":"Move"}

{"cXWarp":9,"cNewPos":[2,9],"cWhen":1.5300032313441923e9,"tag":"Move"}

{"cXWarp":8,"cNewPos":[2,8],"cWhen":1.530003231512058e9,"tag":"Move"}

{"cXWarp":7,"cNewPos":[2,7],"cWhen":1.5300032316880765e9,"tag":"Move"}

{"cXWarp":6,"cNewPos":[2,6],"cWhen":1.5300032319603927e9,"tag":"Move"}

{"cXWarp":5,"cNewPos":[2,5],"cWhen":1.5300032321762664e9,"tag":"Move"}

{"cXWarp":4,"cNewPos":[2,4],"cWhen":1.5300032323441856e9,"tag":"Move"}

{"cXWarp":3,"cNewPos":[2,3],"cWhen":1.53000323253628e9,"tag":"Move"}

{"cXWarp":2,"cNewPos":[2,2],"cWhen":1.5300032327041445e9,"tag":"Move"}

{"cXWarp":1,"cNewPos":[2,1],"cWhen":1.5300032331123745e9,"tag":"Move"}

{"cXWarp":0,"cNewPos":[2,0],"cWhen":1.5300032336164343e9,"tag":"Move"}

{"cOrigin":"+input","cTo":[2,0],"cNewPos":[2,1],"cWhen":1.5300032395692618e9,"tag":"Change","cFrom":[2,0],"cText":["e"],"cRemoved":[""]}

{"cOrigin":"+input","cTo":[2,1],"cNewPos":[2,2],"cWhen":1.5300032412414198e9,"tag":"Change","cFrom":[2,1],"cText":["v"],"cRemoved":[""]}

{"cOrigin":"+input","cTo":[2,2],"cNewPos":[2,3],"cWhen":1.530003242105611e9,"tag":"Change","cFrom":[2,2],"cText":["e"],"cRemoved":[""]}

{"cOrigin":"+input","cTo":[2,3],"cNewPos":[2,4],"cWhen":1.530003242329285e9,"tag":"Change","cFrom":[2,3],"cText":["r"],"cRemoved":[""]}

{"cOrigin":"+input","cTo":[2,4],"cNewPos":[2,5],"cWhen":1.5300032446737387e9,"tag":"Change","cFrom":[2,4],"cText":["y"],"cRemoved":[""]}

{"cOrigin":"+input","cTo":[2,5],"cNewPos":[2,6],"cWhen":1.5300032476579018e9,"tag":"Change","cFrom":[2,5],"cText":[" "],"cRemoved":[""]}

{"cOrigin":"+input","cTo":[2,6],"cNewPos":[2,7],"cWhen":1.530003248137954e9,"tag":"Change","cFrom":[2,6],"cText":["3"],"cRemoved":[""]}

{"cOrigin":"+input","cTo":[2,7],"cNewPos":[2,8],"cWhen":1.5300032499621992e9,"tag":"Change","cFrom":[2,7],"cText":[" "],"cRemoved":[""]}

{"cOrigin":"+input","cTo":[2,8],"cNewPos":[2,9],"cWhen":1.5300032518102143e9,"tag":"Change","cFrom":[2,8],"cText":["s"],"cRemoved":[""]}

{"cOrigin":"+input","cTo":[2,9],"cNewPos":[2,10],"cWhen":1.5300032542347345e9,"tag":"Change","cFrom":[2,9],"cText":["c"],"cRemoved":[""]}

{"cOrigin":"+input","cTo":[2,10],"cNewPos":[2,11],"cWhen":1.5300032549869416e9,"tag":"Change","cFrom":[2,10],"cText":["r"],"cRemoved":[""]}

{"cOrigin":"+input","cTo":[2,11],"cNewPos":[2,12],"cWhen":1.530003255562551e9,"tag":"Change","cFrom":[2,11],"cText":["a"],"cRemoved":[""]}

{"cOrigin":"+input","cTo":[2,12],"cNewPos":[2,13],"cWhen":1.5300032563147335e9,"tag":"Change","cFrom":[2,12],"cText":["t"],"cRemoved":[""]}

{"cOrigin":"+input","cTo":[2,13],"cNewPos":[2,14],"cWhen":1.530003257706801e9,"tag":"Change","cFrom":[2,13],"cText":["c"],"cRemoved":[""]}

{"cOrigin":"+input","cTo":[2,14],"cNewPos":[2,15],"cWhen":1.5300032583950913e9,"tag":"Change","cFrom":[2,14],"cText":["h"],"cRemoved":[""]}

{"cWhen":1.530003260588463e9,"tag":"Eval","cAll":true}
