{"cWhen":1530009606,"tag":"Eval","cAll":true}
{"cOrigin":"+input","cTo":[0,0],"cNewPos":[0,1],"cWhen":1.53000961291831e9,"tag":"Change","cFrom":[0,0],"cText":["f"],"cRemoved":[""]}

{"cOrigin":"+input","cTo":[0,1],"cNewPos":[0,2],"cWhen":1.5300096133182976e9,"tag":"Change","cFrom":[0,1],"cText":["a"],"cRemoved":[""]}

{"cOrigin":"+input","cTo":[0,2],"cNewPos":[0,3],"cWhen":1.530009613614343e9,"tag":"Change","cFrom":[0,2],"cText":["s"],"cRemoved":[""]}

{"cOrigin":"+input","cTo":[0,3],"cNewPos":[0,4],"cWhen":1.5300096141023657e9,"tag":"Change","cFrom":[0,3],"cText":["t"],"cRemoved":[""]}

{"cOrigin":"+input","cTo":[0,4],"cNewPos":[0,5],"cWhen":1.530009614414278e9,"tag":"Change","cFrom":[0,4],"cText":["e"],"cRemoved":[""]}

{"cOrigin":"+input","cTo":[0,5],"cNewPos":[0,6],"cWhen":1.5300096145662513e9,"tag":"Change","cFrom":[0,5],"cText":["r"],"cRemoved":[""]}

{"cOrigin":"+input","cTo":[0,6],"cNewPos":[0,7],"cWhen":1.5300096149503224e9,"tag":"Change","cFrom":[0,6],"cText":[" "],"cRemoved":[""]}

{"cOrigin":"+input","cTo":[0,7],"cNewPos":[0,8],"cWhen":1.530009618150221e9,"tag":"Change","cFrom":[0,7],"cText":["\""],"cRemoved":[""]}

{"cOrigin":"+input","cTo":[0,8],"cNewPos":[0,9],"cWhen":1.5300096185262861e9,"tag":"Change","cFrom":[0,8],"cText":[" "],"cRemoved":[""]}

{"cOrigin":"+input","cTo":[0,9],"cNewPos":[0,10],"cWhen":1.5300096189662938e9,"tag":"Change","cFrom":[0,9],"cText":["l"],"cRemoved":[""]}

{"cOrigin":"+input","cTo":[0,10],"cNewPos":[0,11],"cWhen":1.5300096191502202e9,"tag":"Change","cFrom":[0,10],"cText":["o"],"cRemoved":[""]}

{"cOrigin":"+input","cTo":[0,11],"cNewPos":[0,12],"cWhen":1.5300096194061663e9,"tag":"Change","cFrom":[0,11],"cText":[" "],"cRemoved":[""]}

{"cOrigin":"+input","cTo":[0,12],"cNewPos":[0,13],"cWhen":1.5300096196702685e9,"tag":"Change","cFrom":[0,12],"cText":["l"],"cRemoved":[""]}

{"cOrigin":"+input","cTo":[0,13],"cNewPos":[0,14],"cWhen":1.5300096198623254e9,"tag":"Change","cFrom":[0,13],"cText":["o"],"cRemoved":[""]}

{"cOrigin":"+input","cTo":[0,14],"cNewPos":[0,15],"cWhen":1.5300096201581893e9,"tag":"Change","cFrom":[0,14],"cText":[" "],"cRemoved":[""]}

{"cOrigin":"+input","cTo":[0,15],"cNewPos":[0,16],"cWhen":1.530009620462302e9,"tag":"Change","cFrom":[0,15],"cText":["l"],"cRemoved":[""]}

{"cOrigin":"+input","cTo":[0,16],"cNewPos":[0,17],"cWhen":1.5300096207021554e9,"tag":"Change","cFrom":[0,16],"cText":["o"],"cRemoved":[""]}

{"cOrigin":"+input","cTo":[0,17],"cNewPos":[0,18],"cWhen":1.5300096214621363e9,"tag":"Change","cFrom":[0,17],"cText":[" "],"cRemoved":[""]}

{"cOrigin":"+input","cTo":[0,18],"cNewPos":[0,19],"cWhen":1.530009622142149e9,"tag":"Change","cFrom":[0,18],"cText":["h"],"cRemoved":[""]}

{"cOrigin":"+input","cTo":[0,19],"cNewPos":[0,20],"cWhen":1.5300096223822572e9,"tag":"Change","cFrom":[0,19],"cText":["i"],"cRemoved":[""]}

{"cOrigin":"+input","cTo":[0,20],"cNewPos":[0,21],"cWhen":1.5300096226142068e9,"tag":"Change","cFrom":[0,20],"cText":[" "],"cRemoved":[""]}

{"cOrigin":"+input","cTo":[0,21],"cNewPos":[0,22],"cWhen":1.5300096228862712e9,"tag":"Change","cFrom":[0,21],"cText":["h"],"cRemoved":[""]}

{"cOrigin":"+input","cTo":[0,22],"cNewPos":[0,23],"cWhen":1.5300096230701292e9,"tag":"Change","cFrom":[0,22],"cText":["i"],"cRemoved":[""]}

{"cOrigin":"+input","cTo":[0,23],"cNewPos":[0,24],"cWhen":1.5300096233101146e9,"tag":"Change","cFrom":[0,23],"cText":["b"],"cRemoved":[""]}

{"cOrigin":"+delete","cTo":[0,24],"cNewPos":[0,23],"cWhen":1.5300096245900257e9,"tag":"Change","cFrom":[0,23],"cText":[""],"cRemoved":["b"]}

{"cOrigin":"+input","cTo":[0,23],"cNewPos":[0,24],"cWhen":1.5300096251982553e9,"tag":"Change","cFrom":[0,23],"cText":[" "],"cRemoved":[""]}

{"cOrigin":"+input","cTo":[0,24],"cNewPos":[0,25],"cWhen":1.5300096266302044e9,"tag":"Change","cFrom":[0,24],"cText":["h"],"cRemoved":[""]}

{"cOrigin":"+input","cTo":[0,25],"cNewPos":[0,26],"cWhen":1.5300096268222334e9,"tag":"Change","cFrom":[0,25],"cText":["i"],"cRemoved":[""]}

{"cOrigin":"+input","cTo":[0,26],"cNewPos":[0,27],"cWhen":1.5300096271022148e9,"tag":"Change","cFrom":[0,26],"cText":[" "],"cRemoved":[""]}

{"cOrigin":"+input","cTo":[0,27],"cNewPos":[0,28],"cWhen":1.5300096281341634e9,"tag":"Change","cFrom":[0,27],"cText":["\""],"cRemoved":[""]}

{"cOrigin":"+delete","cTo":[0,28],"cNewPos":[0,27],"cWhen":1.530009628829915e9,"tag":"Change","cFrom":[0,27],"cText":[""],"cRemoved":["\""]}

{"cOrigin":"+input","cTo":[0,27],"cNewPos":[0,28],"cWhen":1.5300096309261131e9,"tag":"Change","cFrom":[0,27],"cText":["*"],"cRemoved":[""]}

{"cOrigin":"+input","cTo":[0,28],"cNewPos":[0,29],"cWhen":1.5300096312060773e9,"tag":"Change","cFrom":[0,28],"cText":[" "],"cRemoved":[""]}

{"cOrigin":"+delete","cTo":[0,29],"cNewPos":[0,28],"cWhen":1.530009632646022e9,"tag":"Change","cFrom":[0,28],"cText":[""],"cRemoved":[" "]}

{"cOrigin":"+delete","cTo":[0,28],"cNewPos":[0,27],"cWhen":1.5300096330218554e9,"tag":"Change","cFrom":[0,27],"cText":[""],"cRemoved":["*"]}

{"cOrigin":"+delete","cTo":[0,27],"cNewPos":[0,26],"cWhen":1.5300096333981175e9,"tag":"Change","cFrom":[0,26],"cText":[""],"cRemoved":[" "]}

{"cOrigin":"+input","cTo":[0,26],"cNewPos":[0,27],"cWhen":1.5300096351582756e9,"tag":"Change","cFrom":[0,26],"cText":["*"],"cRemoved":[""]}

{"cOrigin":"+input","cTo":[0,27],"cNewPos":[0,28],"cWhen":1.5300096357582366e9,"tag":"Change","cFrom":[0,27],"cText":[" "],"cRemoved":[""]}

{"cOrigin":"+delete","cTo":[0,28],"cNewPos":[0,27],"cWhen":1.5300096369018922e9,"tag":"Change","cFrom":[0,27],"cText":[""],"cRemoved":[" "]}

{"cOrigin":"+input","cTo":[0,27],"cNewPos":[0,28],"cWhen":1.5300096379419978e9,"tag":"Change","cFrom":[0,27],"cText":["2"],"cRemoved":[""]}

{"cOrigin":"+input","cTo":[0,28],"cNewPos":[0,29],"cWhen":1.5300096493018548e9,"tag":"Change","cFrom":[0,28],"cText":["\""],"cRemoved":[""]}

{"cWhen":1.530009650927267e9,"tag":"Eval","cAll":true}

{"cOrigin":"+input","cTo":[0,29],"cNewPos":[1,0],"cWhen":1.5300096619018154e9,"tag":"Change","cFrom":[0,29],"cText":["",""],"cRemoved":[""]}

{"cOrigin":"+input","cTo":[1,0],"cNewPos":[2,0],"cWhen":1.5300096624378462e9,"tag":"Change","cFrom":[1,0],"cText":["",""],"cRemoved":[""]}

{"cOrigin":"+input","cTo":[2,0],"cNewPos":[2,1],"cWhen":1.5300096645018668e9,"tag":"Change","cFrom":[2,0],"cText":["e"],"cRemoved":[""]}

{"cOrigin":"+input","cTo":[2,1],"cNewPos":[2,2],"cWhen":1.5300096649498508e9,"tag":"Change","cFrom":[2,1],"cText":["v"],"cRemoved":[""]}

{"cOrigin":"+input","cTo":[2,2],"cNewPos":[2,3],"cWhen":1.5300096653498852e9,"tag":"Change","cFrom":[2,2],"cText":["w"],"cRemoved":[""]}

{"cOrigin":"+delete","cTo":[2,3],"cNewPos":[2,2],"cWhen":1.5300096662775617e9,"tag":"Change","cFrom":[2,2],"cText":[""],"cRemoved":["w"]}

{"cOrigin":"+input","cTo":[2,2],"cNewPos":[2,3],"cWhen":1.5300096665578485e9,"tag":"Change","cFrom":[2,2],"cText":["e"],"cRemoved":[""]}

{"cOrigin":"+input","cTo":[2,3],"cNewPos":[2,4],"cWhen":1.530009666837916e9,"tag":"Change","cFrom":[2,3],"cText":["r"],"cRemoved":[""]}

{"cOrigin":"+input","cTo":[2,4],"cNewPos":[2,5],"cWhen":1.5300096673816903e9,"tag":"Change","cFrom":[2,4],"cText":["y"],"cRemoved":[""]}

{"cOrigin":"+input","cTo":[2,5],"cNewPos":[2,6],"cWhen":1.530009667661801e9,"tag":"Change","cFrom":[2,5],"cText":[" "],"cRemoved":[""]}

{"cOrigin":"+input","cTo":[2,6],"cNewPos":[2,7],"cWhen":1.5300096774055517e9,"tag":"Change","cFrom":[2,6],"cText":["4"],"cRemoved":[""]}

{"cOrigin":"+input","cTo":[2,7],"cNewPos":[2,8],"cWhen":1.530009678869796e9,"tag":"Change","cFrom":[2,7],"cText":[" "],"cRemoved":[""]}

{"cOrigin":"+input","cTo":[2,8],"cNewPos":[2,9],"cWhen":1.5300096807255838e9,"tag":"Change","cFrom":[2,8],"cText":["c"],"cRemoved":[""]}

{"cOrigin":"+input","cTo":[2,9],"cNewPos":[2,10],"cWhen":1.5300096812216709e9,"tag":"Change","cFrom":[2,9],"cText":["r"],"cRemoved":[""]}

{"cOrigin":"+input","cTo":[2,10],"cNewPos":[2,11],"cWhen":1.5300096819655385e9,"tag":"Change","cFrom":[2,10],"cText":["u"],"cRemoved":[""]}

{"cOrigin":"+input","cTo":[2,11],"cNewPos":[2,12],"cWhen":1.5300096844136977e9,"tag":"Change","cFrom":[2,11],"cText":["n"],"cRemoved":[""]}

{"cOrigin":"+input","cTo":[2,12],"cNewPos":[2,13],"cWhen":1.5300096852456505e9,"tag":"Change","cFrom":[2,12],"cText":["c"],"cRemoved":[""]}

{"cOrigin":"+input","cTo":[2,13],"cNewPos":[2,14],"cWhen":1.530009685493495e9,"tag":"Change","cFrom":[2,13],"cText":["h"],"cRemoved":[""]}

{"cOrigin":"+input","cTo":[2,14],"cNewPos":[2,15],"cWhen":1.530009685805675e9,"tag":"Change","cFrom":[2,14],"cText":[" "],"cRemoved":[""]}

{"cOrigin":"+input","cTo":[2,15],"cNewPos":[2,16],"cWhen":1.530009690693581e9,"tag":"Change","cFrom":[2,15],"cText":["$"],"cRemoved":[""]}

{"cOrigin":"+input","cTo":[2,16],"cNewPos":[2,17],"cWhen":1.530009691925572e9,"tag":"Change","cFrom":[2,16],"cText":[" "],"cRemoved":[""]}

{"cOrigin":"+input","cTo":[2,17],"cNewPos":[2,18],"cWhen":1.5300096959655411e9,"tag":"Change","cFrom":[2,17],"cText":["e"],"cRemoved":[""]}

{"cOrigin":"+input","cTo":[2,18],"cNewPos":[2,19],"cWhen":1.5300096967415493e9,"tag":"Change","cFrom":[2,18],"cText":["n"],"cRemoved":[""]}

{"cOrigin":"+delete","cTo":[2,19],"cNewPos":[2,18],"cWhen":1.5300096973732574e9,"tag":"Change","cFrom":[2,18],"cText":[""],"cRemoved":["n"]}

{"cOrigin":"+input","cTo":[2,18],"cNewPos":[2,19],"cWhen":1.5300096978775647e9,"tag":"Change","cFrom":[2,18],"cText":["v"],"cRemoved":[""]}

{"cOrigin":"+input","cTo":[2,19],"cNewPos":[2,20],"cWhen":1.530009698341527e9,"tag":"Change","cFrom":[2,19],"cText":["e"],"cRemoved":[""]}

{"cOrigin":"+input","cTo":[2,20],"cNewPos":[2,21],"cWhen":1.5300096985494268e9,"tag":"Change","cFrom":[2,20],"cText":["r"],"cRemoved":[""]}

{"cOrigin":"+input","cTo":[2,21],"cNewPos":[2,22],"cWhen":1.5300096990614343e9,"tag":"Change","cFrom":[2,21],"cText":["y"],"cRemoved":[""]}

{"cOrigin":"+input","cTo":[2,22],"cNewPos":[2,23],"cWhen":1.530009700989432e9,"tag":"Change","cFrom":[2,22],"cText":[" "],"cRemoved":[""]}

{"cOrigin":"+input","cTo":[2,23],"cNewPos":[2,24],"cWhen":1.5300097035013921e9,"tag":"Change","cFrom":[2,23],"cText":["3"],"cRemoved":[""]}

{"cOrigin":"+input","cTo":[2,24],"cNewPos":[2,25],"cWhen":1.5300097039333446e9,"tag":"Change","cFrom":[2,24],"cText":[" "],"cRemoved":[""]}

{"cOrigin":"+input","cTo":[2,25],"cNewPos":[2,26],"cWhen":1.5300097057573922e9,"tag":"Change","cFrom":[2,25],"cText":["s"],"cRemoved":[""]}

{"cOrigin":"+input","cTo":[2,26],"cNewPos":[2,27],"cWhen":1.5300097063335178e9,"tag":"Change","cFrom":[2,26],"cText":["l"],"cRemoved":[""]}

{"cOrigin":"+input","cTo":[2,27],"cNewPos":[2,28],"cWhen":1.5300097067013726e9,"tag":"Change","cFrom":[2,27],"cText":["o"],"cRemoved":[""]}

{"cOrigin":"+input","cTo":[2,28],"cNewPos":[2,29],"cWhen":1.5300097077573185e9,"tag":"Change","cFrom":[2,28],"cText":["w"],"cRemoved":[""]}

{"cOrigin":"+input","cTo":[2,29],"cNewPos":[2,30],"cWhen":1.530009708278085e9,"tag":"Change","cFrom":[2,29],"cText":["e"],"cRemoved":[""]}

{"cOrigin":"+input","cTo":[2,30],"cNewPos":[2,31],"cWhen":1.5300097084614127e9,"tag":"Change","cFrom":[2,30],"cText":["r"],"cRemoved":[""]}

{"cWhen":1.5300097164871905e9,"tag":"Eval","cAll":true}

{"cOrigin":"+input","cTo":[2,31],"cNewPos":[2,32],"cWhen":1.5300097321651113e9,"tag":"Change","cFrom":[2,31],"cText":[" "],"cRemoved":[""]}

{"cOrigin":"+input","cTo":[2,32],"cNewPos":[2,33],"cWhen":1.5300097331330905e9,"tag":"Change","cFrom":[2,32],"cText":["\""],"cRemoved":[""]}

{"cOrigin":"+input","cTo":[2,33],"cNewPos":[2,34],"cWhen":1.5300097348851886e9,"tag":"Change","cFrom":[2,33],"cText":[" "],"cRemoved":[""]}

{"cOrigin":"+delete","cTo":[2,34],"cNewPos":[2,33],"cWhen":1.5300097365488708e9,"tag":"Change","cFrom":[2,33],"cText":[""],"cRemoved":[" "]}

{"cOrigin":"+input","cTo":[2,33],"cNewPos":[2,34],"cWhen":1.5300097393570518e9,"tag":"Change","cFrom":[2,33],"cText":["h"],"cRemoved":[""]}

{"cOrigin":"+input","cTo":[2,34],"cNewPos":[2,35],"cWhen":1.5300097396210687e9,"tag":"Change","cFrom":[2,34],"cText":["i"],"cRemoved":[""]}

{"cOrigin":"+input","cTo":[2,35],"cNewPos":[2,36],"cWhen":1.5300097399250228e9,"tag":"Change","cFrom":[2,35],"cText":[" "],"cRemoved":[""]}

{"cOrigin":"+input","cTo":[2,36],"cNewPos":[2,37],"cWhen":1.5300097402210252e9,"tag":"Change","cFrom":[2,36],"cText":["l"],"cRemoved":[""]}

{"cOrigin":"+input","cTo":[2,37],"cNewPos":[2,38],"cWhen":1.5300097404531243e9,"tag":"Change","cFrom":[2,37],"cText":["o"],"cRemoved":[""]}

{"cOrigin":"+input","cTo":[2,38],"cNewPos":[2,39],"cWhen":1.5300097407570455e9,"tag":"Change","cFrom":[2,38],"cText":[" "],"cRemoved":[""]}

{"cOrigin":"+input","cTo":[2,39],"cNewPos":[2,40],"cWhen":1.5300097413890939e9,"tag":"Change","cFrom":[2,39],"cText":["h"],"cRemoved":[""]}

{"cOrigin":"+input","cTo":[2,40],"cNewPos":[2,41],"cWhen":1.5300097419330425e9,"tag":"Change","cFrom":[2,40],"cText":["i"],"cRemoved":[""]}

{"cOrigin":"+input","cTo":[2,41],"cNewPos":[2,42],"cWhen":1.5300097422850406e9,"tag":"Change","cFrom":[2,41],"cText":[" "],"cRemoved":[""]}

{"cOrigin":"+input","cTo":[2,42],"cNewPos":[2,43],"cWhen":1.5300097426210117e9,"tag":"Change","cFrom":[2,42],"cText":["l"],"cRemoved":[""]}

{"cOrigin":"+input","cTo":[2,43],"cNewPos":[2,44],"cWhen":1.5300097428610342e9,"tag":"Change","cFrom":[2,43],"cText":["o"],"cRemoved":[""]}

{"cOrigin":"+input","cTo":[2,44],"cNewPos":[2,45],"cWhen":1.5300097431969934e9,"tag":"Change","cFrom":[2,44],"cText":[" "],"cRemoved":[""]}

{"cOrigin":"+input","cTo":[2,45],"cNewPos":[2,46],"cWhen":1.5300097439649925e9,"tag":"Change","cFrom":[2,45],"cText":["h"],"cRemoved":[""]}

{"cOrigin":"+input","cTo":[2,46],"cNewPos":[2,47],"cWhen":1.5300097442050312e9,"tag":"Change","cFrom":[2,46],"cText":["i"],"cRemoved":[""]}

{"cOrigin":"+input","cTo":[2,47],"cNewPos":[2,48],"cWhen":1.5300097445730774e9,"tag":"Change","cFrom":[2,47],"cText":[" "],"cRemoved":[""]}

{"cOrigin":"+delete","cTo":[2,48],"cNewPos":[2,47],"cWhen":1.5300097454609191e9,"tag":"Change","cFrom":[2,47],"cText":[""],"cRemoved":[" "]}

{"cOrigin":"+input","cTo":[2,47],"cNewPos":[2,48],"cWhen":1.5300097535890312e9,"tag":"Change","cFrom":[2,47],"cText":["*"],"cRemoved":[""]}

{"cOrigin":"+input","cTo":[2,48],"cNewPos":[2,49],"cWhen":1.5300097551970422e9,"tag":"Change","cFrom":[2,48],"cText":["2"],"cRemoved":[""]}

{"cOrigin":"+input","cTo":[2,49],"cNewPos":[2,50],"cWhen":1.5300097564848948e9,"tag":"Change","cFrom":[2,49],"cText":[" "],"cRemoved":[""]}

{"cOrigin":"+input","cTo":[2,50],"cNewPos":[2,51],"cWhen":1.530009757180905e9,"tag":"Change","cFrom":[2,50],"cText":["l"],"cRemoved":[""]}

{"cOrigin":"+input","cTo":[2,51],"cNewPos":[2,52],"cWhen":1.5300097574370158e9,"tag":"Change","cFrom":[2,51],"cText":["o"],"cRemoved":[""]}

{"cOrigin":"+input","cTo":[2,52],"cNewPos":[2,53],"cWhen":1.530009759484969e9,"tag":"Change","cFrom":[2,52],"cText":["*"],"cRemoved":[""]}

{"cOrigin":"+input","cTo":[2,53],"cNewPos":[2,54],"cWhen":1.5300097601249313e9,"tag":"Change","cFrom":[2,53],"cText":["2"],"cRemoved":[""]}

{"cOrigin":"+input","cTo":[2,54],"cNewPos":[2,55],"cWhen":1.5300097641408231e9,"tag":"Change","cFrom":[2,54],"cText":["\""],"cRemoved":[""]}

{"cWhen":1.5300097683753648e9,"tag":"Eval","cAll":true}

{"cOrigin":"+delete","cTo":[2,55],"cNewPos":[2,54],"cWhen":1.5300097896764452e9,"tag":"Change","cFrom":[2,54],"cText":[""],"cRemoved":["\""]}

{"cOrigin":"+delete","cTo":[2,54],"cNewPos":[2,53],"cWhen":1.530009790060412e9,"tag":"Change","cFrom":[2,53],"cText":[""],"cRemoved":["2"]}

{"cOrigin":"+delete","cTo":[2,53],"cNewPos":[2,52],"cWhen":1.5300097905004294e9,"tag":"Change","cFrom":[2,52],"cText":[""],"cRemoved":["*"]}

{"cOrigin":"+delete","cTo":[2,52],"cNewPos":[2,51],"cWhen":1.53000979605241e9,"tag":"Change","cFrom":[2,51],"cText":[""],"cRemoved":["o"]}

{"cOrigin":"+delete","cTo":[2,51],"cNewPos":[2,50],"cWhen":1.5300097964523852e9,"tag":"Change","cFrom":[2,50],"cText":[""],"cRemoved":["l"]}

{"cOrigin":"+delete","cTo":[2,50],"cNewPos":[2,49],"cWhen":1.5300097966604831e9,"tag":"Change","cFrom":[2,49],"cText":[""],"cRemoved":[" "]}

{"cOrigin":"+delete","cTo":[2,49],"cNewPos":[2,48],"cWhen":1.5300097970683558e9,"tag":"Change","cFrom":[2,48],"cText":[""],"cRemoved":["2"]}

{"cOrigin":"+delete","cTo":[2,48],"cNewPos":[2,47],"cWhen":1.530009797380443e9,"tag":"Change","cFrom":[2,47],"cText":[""],"cRemoved":["*"]}

{"cOrigin":"+delete","cTo":[2,47],"cNewPos":[2,46],"cWhen":1.530009798964468e9,"tag":"Change","cFrom":[2,46],"cText":[""],"cRemoved":["i"]}

{"cOrigin":"+delete","cTo":[2,46],"cNewPos":[2,45],"cWhen":1.530009799219917e9,"tag":"Change","cFrom":[2,45],"cText":[""],"cRemoved":["h"]}

{"cOrigin":"+delete","cTo":[2,45],"cNewPos":[2,44],"cWhen":1.530009799269841e9,"tag":"Change","cFrom":[2,44],"cText":[""],"cRemoved":[" "]}

{"cOrigin":"+delete","cTo":[2,44],"cNewPos":[2,43],"cWhen":1.530009799319885e9,"tag":"Change","cFrom":[2,43],"cText":[""],"cRemoved":["o"]}

{"cOrigin":"+delete","cTo":[2,43],"cNewPos":[2,42],"cWhen":1.530009799369887e9,"tag":"Change","cFrom":[2,42],"cText":[""],"cRemoved":["l"]}

{"cOrigin":"+delete","cTo":[2,42],"cNewPos":[2,41],"cWhen":1.530009799419963e9,"tag":"Change","cFrom":[2,41],"cText":[""],"cRemoved":[" "]}

{"cOrigin":"+delete","cTo":[2,41],"cNewPos":[2,40],"cWhen":1.530009799469845e9,"tag":"Change","cFrom":[2,40],"cText":[""],"cRemoved":["i"]}

{"cOrigin":"+delete","cTo":[2,40],"cNewPos":[2,39],"cWhen":1.5300097995197802e9,"tag":"Change","cFrom":[2,39],"cText":[""],"cRemoved":["h"]}

{"cOrigin":"+delete","cTo":[2,39],"cNewPos":[2,38],"cWhen":1.530009799569808e9,"tag":"Change","cFrom":[2,38],"cText":[""],"cRemoved":[" "]}

{"cOrigin":"+delete","cTo":[2,38],"cNewPos":[2,37],"cWhen":1.5300097996197984e9,"tag":"Change","cFrom":[2,37],"cText":[""],"cRemoved":["o"]}

{"cOrigin":"+delete","cTo":[2,37],"cNewPos":[2,36],"cWhen":1.5300097996697824e9,"tag":"Change","cFrom":[2,36],"cText":[""],"cRemoved":["l"]}

{"cOrigin":"+delete","cTo":[2,36],"cNewPos":[2,35],"cWhen":1.530009799719819e9,"tag":"Change","cFrom":[2,35],"cText":[""],"cRemoved":[" "]}

{"cOrigin":"+delete","cTo":[2,35],"cNewPos":[2,34],"cWhen":1.5300097997698214e9,"tag":"Change","cFrom":[2,34],"cText":[""],"cRemoved":["i"]}

{"cOrigin":"+delete","cTo":[2,34],"cNewPos":[2,33],"cWhen":1.5300097998197978e9,"tag":"Change","cFrom":[2,33],"cText":[""],"cRemoved":["h"]}

{"cOrigin":"+delete","cTo":[2,33],"cNewPos":[2,32],"cWhen":1.530009799869784e9,"tag":"Change","cFrom":[2,32],"cText":[""],"cRemoved":["\""]}

{"cOrigin":"+delete","cTo":[2,32],"cNewPos":[2,31],"cWhen":1.530009799919788e9,"tag":"Change","cFrom":[2,31],"cText":[""],"cRemoved":[" "]}

{"cOrigin":"+delete","cTo":[2,31],"cNewPos":[2,30],"cWhen":1.5300097999697998e9,"tag":"Change","cFrom":[2,30],"cText":[""],"cRemoved":["r"]}

{"cOrigin":"+delete","cTo":[2,30],"cNewPos":[2,29],"cWhen":1.530009800019783e9,"tag":"Change","cFrom":[2,29],"cText":[""],"cRemoved":["e"]}

{"cOrigin":"+delete","cTo":[2,29],"cNewPos":[2,28],"cWhen":1.5300098000698187e9,"tag":"Change","cFrom":[2,28],"cText":[""],"cRemoved":["w"]}

{"cOrigin":"+delete","cTo":[2,28],"cNewPos":[2,27],"cWhen":1.530009800119805e9,"tag":"Change","cFrom":[2,27],"cText":[""],"cRemoved":["o"]}

{"cOrigin":"+delete","cTo":[2,27],"cNewPos":[2,26],"cWhen":1.5300098001698413e9,"tag":"Change","cFrom":[2,26],"cText":[""],"cRemoved":["l"]}

{"cOrigin":"+delete","cTo":[2,26],"cNewPos":[2,25],"cWhen":1.5300098002197943e9,"tag":"Change","cFrom":[2,25],"cText":[""],"cRemoved":["s"]}

{"cOrigin":"+delete","cTo":[2,25],"cNewPos":[2,24],"cWhen":1.530009800269782e9,"tag":"Change","cFrom":[2,24],"cText":[""],"cRemoved":[" "]}

{"cOrigin":"+delete","cTo":[2,24],"cNewPos":[2,23],"cWhen":1.5300098003197503e9,"tag":"Change","cFrom":[2,23],"cText":[""],"cRemoved":["3"]}

{"cOrigin":"+delete","cTo":[2,23],"cNewPos":[2,22],"cWhen":1.5300098003698075e9,"tag":"Change","cFrom":[2,22],"cText":[""],"cRemoved":[" "]}

{"cOrigin":"+delete","cTo":[2,22],"cNewPos":[2,21],"cWhen":1.530009800419798e9,"tag":"Change","cFrom":[2,21],"cText":[""],"cRemoved":["y"]}

{"cOrigin":"+delete","cTo":[2,21],"cNewPos":[2,20],"cWhen":1.5300098004697983e9,"tag":"Change","cFrom":[2,20],"cText":[""],"cRemoved":["r"]}

{"cOrigin":"+delete","cTo":[2,20],"cNewPos":[2,19],"cWhen":1.5300098005198128e9,"tag":"Change","cFrom":[2,19],"cText":[""],"cRemoved":["e"]}

{"cOrigin":"+delete","cTo":[2,19],"cNewPos":[2,18],"cWhen":1.5300098005698411e9,"tag":"Change","cFrom":[2,18],"cText":[""],"cRemoved":["v"]}

{"cOrigin":"+delete","cTo":[2,18],"cNewPos":[2,17],"cWhen":1.5300098006198657e9,"tag":"Change","cFrom":[2,17],"cText":[""],"cRemoved":["e"]}

{"cOrigin":"+delete","cTo":[2,17],"cNewPos":[2,16],"cWhen":1.530009800669905e9,"tag":"Change","cFrom":[2,16],"cText":[""],"cRemoved":[" "]}

{"cOrigin":"+delete","cTo":[2,16],"cNewPos":[2,15],"cWhen":1.5300098007198722e9,"tag":"Change","cFrom":[2,15],"cText":[""],"cRemoved":["$"]}

{"cOrigin":"+delete","cTo":[2,15],"cNewPos":[2,14],"cWhen":1.5300098007699087e9,"tag":"Change","cFrom":[2,14],"cText":[""],"cRemoved":[" "]}

{"cOrigin":"+delete","cTo":[2,14],"cNewPos":[2,13],"cWhen":1.5300098008199387e9,"tag":"Change","cFrom":[2,13],"cText":[""],"cRemoved":["h"]}

{"cOrigin":"+delete","cTo":[2,13],"cNewPos":[2,12],"cWhen":1.530009800869876e9,"tag":"Change","cFrom":[2,12],"cText":[""],"cRemoved":["c"]}

{"cOrigin":"+delete","cTo":[2,12],"cNewPos":[2,11],"cWhen":1.5300098009198713e9,"tag":"Change","cFrom":[2,11],"cText":[""],"cRemoved":["n"]}

{"cOrigin":"+delete","cTo":[2,11],"cNewPos":[2,10],"cWhen":1.5300098009698544e9,"tag":"Change","cFrom":[2,10],"cText":[""],"cRemoved":["u"]}

{"cOrigin":"+delete","cTo":[2,10],"cNewPos":[2,9],"cWhen":1.5300098010199318e9,"tag":"Change","cFrom":[2,9],"cText":[""],"cRemoved":["r"]}

{"cOrigin":"+delete","cTo":[2,9],"cNewPos":[2,8],"cWhen":1.530009801069867e9,"tag":"Change","cFrom":[2,8],"cText":[""],"cRemoved":["c"]}

{"cOrigin":"+delete","cTo":[2,8],"cNewPos":[2,7],"cWhen":1.5300098011199014e9,"tag":"Change","cFrom":[2,7],"cText":[""],"cRemoved":[" "]}

{"cOrigin":"+delete","cTo":[2,7],"cNewPos":[2,6],"cWhen":1.5300098011698263e9,"tag":"Change","cFrom":[2,6],"cText":[""],"cRemoved":["4"]}

{"cOrigin":"+delete","cTo":[2,6],"cNewPos":[2,5],"cWhen":1.530009801219895e9,"tag":"Change","cFrom":[2,5],"cText":[""],"cRemoved":[" "]}

{"cOrigin":"+delete","cTo":[2,5],"cNewPos":[2,4],"cWhen":1.53000980126988e9,"tag":"Change","cFrom":[2,4],"cText":[""],"cRemoved":["y"]}

{"cOrigin":"+delete","cTo":[2,4],"cNewPos":[2,3],"cWhen":1.5300098013198662e9,"tag":"Change","cFrom":[2,3],"cText":[""],"cRemoved":["r"]}

{"cOrigin":"+delete","cTo":[2,3],"cNewPos":[2,2],"cWhen":1.5300098013698745e9,"tag":"Change","cFrom":[2,2],"cText":[""],"cRemoved":["e"]}

{"cOrigin":"+delete","cTo":[2,2],"cNewPos":[2,1],"cWhen":1.53000980141995e9,"tag":"Change","cFrom":[2,1],"cText":[""],"cRemoved":["v"]}

{"cOrigin":"+delete","cTo":[2,1],"cNewPos":[2,0],"cWhen":1.5300098014698906e9,"tag":"Change","cFrom":[2,0],"cText":[""],"cRemoved":["e"]}

{"cOrigin":"+delete","cTo":[2,0],"cNewPos":[1,0],"cWhen":1.5300098015202081e9,"tag":"Change","cFrom":[1,0],"cText":[""],"cRemoved":["",""]}

{"cOrigin":"+delete","cTo":[1,0],"cNewPos":[0,29],"cWhen":1.5300098015698462e9,"tag":"Change","cFrom":[0,29],"cText":[""],"cRemoved":["",""]}

{"cOrigin":"+delete","cTo":[0,29],"cNewPos":[0,28],"cWhen":1.5300098016198802e9,"tag":"Change","cFrom":[0,28],"cText":[""],"cRemoved":["\""]}

{"cOrigin":"+delete","cTo":[0,28],"cNewPos":[0,27],"cWhen":1.5300098016698403e9,"tag":"Change","cFrom":[0,27],"cText":[""],"cRemoved":["2"]}

{"cOrigin":"+delete","cTo":[0,27],"cNewPos":[0,26],"cWhen":1.5300098017198565e9,"tag":"Change","cFrom":[0,26],"cText":[""],"cRemoved":["*"]}

{"cOrigin":"+delete","cTo":[0,26],"cNewPos":[0,25],"cWhen":1.5300098017698514e9,"tag":"Change","cFrom":[0,25],"cText":[""],"cRemoved":["i"]}

{"cOrigin":"+delete","cTo":[0,25],"cNewPos":[0,24],"cWhen":1.5300098018199165e9,"tag":"Change","cFrom":[0,24],"cText":[""],"cRemoved":["h"]}

{"cOrigin":"+delete","cTo":[0,24],"cNewPos":[0,23],"cWhen":1.5300098018698754e9,"tag":"Change","cFrom":[0,23],"cText":[""],"cRemoved":[" "]}

{"cOrigin":"+delete","cTo":[0,23],"cNewPos":[0,22],"cWhen":1.530009801919863e9,"tag":"Change","cFrom":[0,22],"cText":[""],"cRemoved":["i"]}

{"cOrigin":"+delete","cTo":[0,22],"cNewPos":[0,21],"cWhen":1.5300098019698715e9,"tag":"Change","cFrom":[0,21],"cText":[""],"cRemoved":["h"]}

{"cOrigin":"+delete","cTo":[0,21],"cNewPos":[0,20],"cWhen":1.5300098020199893e9,"tag":"Change","cFrom":[0,20],"cText":[""],"cRemoved":[" "]}

{"cOrigin":"+delete","cTo":[0,20],"cNewPos":[0,19],"cWhen":1.5300098020699155e9,"tag":"Change","cFrom":[0,19],"cText":[""],"cRemoved":["i"]}

{"cOrigin":"+delete","cTo":[0,19],"cNewPos":[0,18],"cWhen":1.5300098021198683e9,"tag":"Change","cFrom":[0,18],"cText":[""],"cRemoved":["h"]}

{"cOrigin":"+delete","cTo":[0,18],"cNewPos":[0,17],"cWhen":1.5300098021698778e9,"tag":"Change","cFrom":[0,17],"cText":[""],"cRemoved":[" "]}

{"cOrigin":"+delete","cTo":[0,17],"cNewPos":[0,16],"cWhen":1.5300098022298613e9,"tag":"Change","cFrom":[0,16],"cText":[""],"cRemoved":["o"]}

{"cOrigin":"+delete","cTo":[0,16],"cNewPos":[0,15],"cWhen":1.530009802279874e9,"tag":"Change","cFrom":[0,15],"cText":[""],"cRemoved":["l"]}

{"cOrigin":"+delete","cTo":[0,15],"cNewPos":[0,14],"cWhen":1.5300098023298678e9,"tag":"Change","cFrom":[0,14],"cText":[""],"cRemoved":[" "]}

{"cOrigin":"+delete","cTo":[0,14],"cNewPos":[0,13],"cWhen":1.5300098023800938e9,"tag":"Change","cFrom":[0,13],"cText":[""],"cRemoved":["o"]}

{"cOrigin":"+delete","cTo":[0,13],"cNewPos":[0,12],"cWhen":1.5300098024298704e9,"tag":"Change","cFrom":[0,12],"cText":[""],"cRemoved":["l"]}

{"cOrigin":"+delete","cTo":[0,12],"cNewPos":[0,11],"cWhen":1.5300098024799151e9,"tag":"Change","cFrom":[0,11],"cText":[""],"cRemoved":[" "]}

{"cOrigin":"+delete","cTo":[0,11],"cNewPos":[0,10],"cWhen":1.5300098025298944e9,"tag":"Change","cFrom":[0,10],"cText":[""],"cRemoved":["o"]}

{"cOrigin":"+delete","cTo":[0,10],"cNewPos":[0,9],"cWhen":1.5300098025799515e9,"tag":"Change","cFrom":[0,9],"cText":[""],"cRemoved":["l"]}

{"cOrigin":"+delete","cTo":[0,9],"cNewPos":[0,8],"cWhen":1.5300098026299167e9,"tag":"Change","cFrom":[0,8],"cText":[""],"cRemoved":[" "]}

{"cOrigin":"+delete","cTo":[0,8],"cNewPos":[0,7],"cWhen":1.530009802679858e9,"tag":"Change","cFrom":[0,7],"cText":[""],"cRemoved":["\""]}

{"cOrigin":"+delete","cTo":[0,7],"cNewPos":[0,6],"cWhen":1.5300098027298589e9,"tag":"Change","cFrom":[0,6],"cText":[""],"cRemoved":[" "]}

{"cOrigin":"+delete","cTo":[0,6],"cNewPos":[0,5],"cWhen":1.530009802779914e9,"tag":"Change","cFrom":[0,5],"cText":[""],"cRemoved":["r"]}

{"cOrigin":"+delete","cTo":[0,5],"cNewPos":[0,4],"cWhen":1.5300098028298712e9,"tag":"Change","cFrom":[0,4],"cText":[""],"cRemoved":["e"]}

{"cOrigin":"+delete","cTo":[0,4],"cNewPos":[0,3],"cWhen":1.530009802879907e9,"tag":"Change","cFrom":[0,3],"cText":[""],"cRemoved":["t"]}

{"cOrigin":"+delete","cTo":[0,3],"cNewPos":[0,2],"cWhen":1.5300098029298868e9,"tag":"Change","cFrom":[0,2],"cText":[""],"cRemoved":["s"]}

{"cOrigin":"+delete","cTo":[0,2],"cNewPos":[0,1],"cWhen":1.5300098032923815e9,"tag":"Change","cFrom":[0,1],"cText":[""],"cRemoved":["a"]}

{"cOrigin":"+delete","cTo":[0,1],"cNewPos":[0,0],"cWhen":1.530009803628417e9,"tag":"Change","cFrom":[0,0],"cText":[""],"cRemoved":["f"]}

{"cOrigin":"+input","cTo":[0,0],"cNewPos":[0,1],"cWhen":1.5300098048206048e9,"tag":"Change","cFrom":[0,0],"cText":["s"],"cRemoved":[""]}

{"cOrigin":"+input","cTo":[0,1],"cNewPos":[0,2],"cWhen":1.5300098052046108e9,"tag":"Change","cFrom":[0,1],"cText":["l"],"cRemoved":[""]}

{"cOrigin":"+input","cTo":[0,2],"cNewPos":[0,3],"cWhen":1.5300098054524841e9,"tag":"Change","cFrom":[0,2],"cText":["o"],"cRemoved":[""]}

{"cOrigin":"+input","cTo":[0,3],"cNewPos":[0,4],"cWhen":1.5300098061405709e9,"tag":"Change","cFrom":[0,3],"cText":["w"],"cRemoved":[""]}

{"cOrigin":"+input","cTo":[0,4],"cNewPos":[0,5],"cWhen":1.530009806948601e9,"tag":"Change","cFrom":[0,4],"cText":["e"],"cRemoved":[""]}

{"cOrigin":"+input","cTo":[0,5],"cNewPos":[0,6],"cWhen":1.530009807156623e9,"tag":"Change","cFrom":[0,5],"cText":["r"],"cRemoved":[""]}

{"cOrigin":"+input","cTo":[0,6],"cNewPos":[0,7],"cWhen":1.5300098073964794e9,"tag":"Change","cFrom":[0,6],"cText":[" "],"cRemoved":[""]}

{"cOrigin":"+input","cTo":[0,7],"cNewPos":[0,8],"cWhen":1.5300098088524263e9,"tag":"Change","cFrom":[0,7],"cText":["\""],"cRemoved":[""]}

{"cOrigin":"+input","cTo":[0,8],"cNewPos":[0,9],"cWhen":1.530009809220548e9,"tag":"Change","cFrom":[0,8],"cText":[" "],"cRemoved":[""]}

{"cOrigin":"+delete","cTo":[0,9],"cNewPos":[0,8],"cWhen":1.5300098101803477e9,"tag":"Change","cFrom":[0,8],"cText":[""],"cRemoved":[" "]}

{"cOrigin":"+input","cTo":[0,8],"cNewPos":[0,9],"cWhen":1.5300098108284137e9,"tag":"Change","cFrom":[0,8],"cText":["l"],"cRemoved":[""]}

{"cOrigin":"+input","cTo":[0,9],"cNewPos":[0,10],"cWhen":1.5300098110684805e9,"tag":"Change","cFrom":[0,9],"cText":["o"],"cRemoved":[""]}

{"cOrigin":"+input","cTo":[0,10],"cNewPos":[0,11],"cWhen":1.5300098113724704e9,"tag":"Change","cFrom":[0,10],"cText":[" "],"cRemoved":[""]}

{"cOrigin":"+input","cTo":[0,11],"cNewPos":[0,12],"cWhen":1.5300098115885625e9,"tag":"Change","cFrom":[0,11],"cText":["l"],"cRemoved":[""]}

{"cOrigin":"+input","cTo":[0,12],"cNewPos":[0,13],"cWhen":1.5300098117884197e9,"tag":"Change","cFrom":[0,12],"cText":["o"],"cRemoved":[""]}

{"cOrigin":"+input","cTo":[0,13],"cNewPos":[0,14],"cWhen":1.5300098120445156e9,"tag":"Change","cFrom":[0,13],"cText":[" "],"cRemoved":[""]}

{"cOrigin":"+input","cTo":[0,14],"cNewPos":[0,15],"cWhen":1.5300098122925375e9,"tag":"Change","cFrom":[0,14],"cText":["l"],"cRemoved":[""]}

{"cOrigin":"+input","cTo":[0,15],"cNewPos":[0,16],"cWhen":1.5300098124685717e9,"tag":"Change","cFrom":[0,15],"cText":["o"],"cRemoved":[""]}

{"cOrigin":"+input","cTo":[0,16],"cNewPos":[0,17],"cWhen":1.530009812732533e9,"tag":"Change","cFrom":[0,16],"cText":[" "],"cRemoved":[""]}

{"cOrigin":"+input","cTo":[0,17],"cNewPos":[0,18],"cWhen":1.5300098147564015e9,"tag":"Change","cFrom":[0,17],"cText":["h"],"cRemoved":[""]}

{"cOrigin":"+input","cTo":[0,18],"cNewPos":[0,19],"cWhen":1.5300098150604138e9,"tag":"Change","cFrom":[0,18],"cText":["i"],"cRemoved":[""]}

{"cOrigin":"+input","cTo":[0,19],"cNewPos":[0,20],"cWhen":1.5300098183484492e9,"tag":"Change","cFrom":[0,19],"cText":["\""],"cRemoved":[""]}

{"cWhen":1.530009820341842e9,"tag":"Eval","cAll":true}

{"cOrigin":"+delete","cTo":[0,20],"cNewPos":[0,19],"cWhen":1.5300098386121488e9,"tag":"Change","cFrom":[0,19],"cText":[""],"cRemoved":["\""]}

{"cOrigin":"+delete","cTo":[0,19],"cNewPos":[0,18],"cWhen":1.5300098388600159e9,"tag":"Change","cFrom":[0,18],"cText":[""],"cRemoved":["i"]}

{"cOrigin":"+delete","cTo":[0,18],"cNewPos":[0,17],"cWhen":1.530009839044003e9,"tag":"Change","cFrom":[0,17],"cText":[""],"cRemoved":["h"]}

{"cOrigin":"+delete","cTo":[0,17],"cNewPos":[0,16],"cWhen":1.530009839212085e9,"tag":"Change","cFrom":[0,16],"cText":[""],"cRemoved":[" "]}

{"cOrigin":"+delete","cTo":[0,16],"cNewPos":[0,15],"cWhen":1.5300098393800237e9,"tag":"Change","cFrom":[0,15],"cText":[""],"cRemoved":["o"]}

{"cOrigin":"+delete","cTo":[0,15],"cNewPos":[0,14],"cWhen":1.5300098395559769e9,"tag":"Change","cFrom":[0,14],"cText":[""],"cRemoved":["l"]}

{"cOrigin":"+delete","cTo":[0,14],"cNewPos":[0,13],"cWhen":1.5300098397160082e9,"tag":"Change","cFrom":[0,13],"cText":[""],"cRemoved":[" "]}

{"cOrigin":"+delete","cTo":[0,13],"cNewPos":[0,12],"cWhen":1.530009839900023e9,"tag":"Change","cFrom":[0,12],"cText":[""],"cRemoved":["o"]}

{"cOrigin":"+delete","cTo":[0,12],"cNewPos":[0,11],"cWhen":1.530009840308117e9,"tag":"Change","cFrom":[0,11],"cText":[""],"cRemoved":["l"]}

{"cOrigin":"+input","cTo":[0,11],"cNewPos":[0,12],"cWhen":1.5300098449483848e9,"tag":"Change","cFrom":[0,11],"cText":["h"],"cRemoved":[""]}

{"cOrigin":"+input","cTo":[0,12],"cNewPos":[0,13],"cWhen":1.5300098451962922e9,"tag":"Change","cFrom":[0,12],"cText":["i"],"cRemoved":[""]}

{"cOrigin":"+input","cTo":[0,13],"cNewPos":[0,14],"cWhen":1.5300098476362221e9,"tag":"Change","cFrom":[0,13],"cText":["\""],"cRemoved":[""]}

{"cWhen":1.5300098505736766e9,"tag":"Eval","cAll":true}

{"cOrigin":"+delete","cTo":[0,14],"cNewPos":[0,13],"cWhen":1.530009859523947e9,"tag":"Change","cFrom":[0,13],"cText":[""],"cRemoved":["\""]}

{"cOrigin":"+delete","cTo":[0,13],"cNewPos":[0,12],"cWhen":1.5300098596998632e9,"tag":"Change","cFrom":[0,12],"cText":[""],"cRemoved":["i"]}

{"cOrigin":"+delete","cTo":[0,12],"cNewPos":[0,11],"cWhen":1.5300098598519275e9,"tag":"Change","cFrom":[0,11],"cText":[""],"cRemoved":["h"]}

{"cOrigin":"+delete","cTo":[0,11],"cNewPos":[0,10],"cWhen":1.530009860011842e9,"tag":"Change","cFrom":[0,10],"cText":[""],"cRemoved":[" "]}

{"cOrigin":"+delete","cTo":[0,10],"cNewPos":[0,9],"cWhen":1.5300098601478457e9,"tag":"Change","cFrom":[0,9],"cText":[""],"cRemoved":["o"]}

{"cOrigin":"+delete","cTo":[0,9],"cNewPos":[0,8],"cWhen":1.5300098603000069e9,"tag":"Change","cFrom":[0,8],"cText":[""],"cRemoved":["l"]}

{"cOrigin":"+delete","cTo":[0,8],"cNewPos":[0,7],"cWhen":1.5300098604278433e9,"tag":"Change","cFrom":[0,7],"cText":[""],"cRemoved":["\""]}

{"cOrigin":"+delete","cTo":[0,7],"cNewPos":[0,6],"cWhen":1.5300098605639577e9,"tag":"Change","cFrom":[0,6],"cText":[""],"cRemoved":[" "]}

{"cOrigin":"+delete","cTo":[0,6],"cNewPos":[0,5],"cWhen":1.530009860819882e9,"tag":"Change","cFrom":[0,5],"cText":[""],"cRemoved":["r"]}

{"cOrigin":"+delete","cTo":[0,5],"cNewPos":[0,4],"cWhen":1.5300098608698444e9,"tag":"Change","cFrom":[0,4],"cText":[""],"cRemoved":["e"]}

{"cOrigin":"+delete","cTo":[0,4],"cNewPos":[0,3],"cWhen":1.530009860919849e9,"tag":"Change","cFrom":[0,3],"cText":[""],"cRemoved":["w"]}

{"cOrigin":"+delete","cTo":[0,3],"cNewPos":[0,2],"cWhen":1.5300098609698505e9,"tag":"Change","cFrom":[0,2],"cText":[""],"cRemoved":["o"]}

{"cOrigin":"+delete","cTo":[0,2],"cNewPos":[0,1],"cWhen":1.5300098610198858e9,"tag":"Change","cFrom":[0,1],"cText":[""],"cRemoved":["l"]}

{"cOrigin":"+delete","cTo":[0,1],"cNewPos":[0,0],"cWhen":1.5300098610698845e9,"tag":"Change","cFrom":[0,0],"cText":[""],"cRemoved":["s"]}

{"cOrigin":"+input","cTo":[0,0],"cNewPos":[0,1],"cWhen":1.5300098621799753e9,"tag":"Change","cFrom":[0,0],"cText":["f"],"cRemoved":[""]}

{"cOrigin":"+input","cTo":[0,1],"cNewPos":[0,2],"cWhen":1.5300098624520433e9,"tag":"Change","cFrom":[0,1],"cText":["a"],"cRemoved":[""]}

{"cOrigin":"+input","cTo":[0,2],"cNewPos":[0,3],"cWhen":1.5300098628439708e9,"tag":"Change","cFrom":[0,2],"cText":["s"],"cRemoved":[""]}

{"cOrigin":"+input","cTo":[0,3],"cNewPos":[0,4],"cWhen":1.5300098632678757e9,"tag":"Change","cFrom":[0,3],"cText":["r"],"cRemoved":[""]}

{"cOrigin":"+delete","cTo":[0,4],"cNewPos":[0,3],"cWhen":1.5300098641079273e9,"tag":"Change","cFrom":[0,3],"cText":[""],"cRemoved":["r"]}

{"cOrigin":"+input","cTo":[0,3],"cNewPos":[0,4],"cWhen":1.5300098646281207e9,"tag":"Change","cFrom":[0,3],"cText":["t"],"cRemoved":[""]}

{"cOrigin":"+input","cTo":[0,4],"cNewPos":[0,5],"cWhen":1.5300098648919654e9,"tag":"Change","cFrom":[0,4],"cText":["e"],"cRemoved":[""]}

{"cOrigin":"+input","cTo":[0,5],"cNewPos":[0,6],"cWhen":1.5300098650360863e9,"tag":"Change","cFrom":[0,5],"cText":["r"],"cRemoved":[""]}

{"cOrigin":"+input","cTo":[0,6],"cNewPos":[0,7],"cWhen":1.5300098654530995e9,"tag":"Change","cFrom":[0,6],"cText":[" "],"cRemoved":[""]}

{"cOrigin":"+input","cTo":[0,7],"cNewPos":[0,8],"cWhen":1.530009866915905e9,"tag":"Change","cFrom":[0,7],"cText":["\""],"cRemoved":[""]}

{"cOrigin":"+input","cTo":[0,8],"cNewPos":[0,9],"cWhen":1.530009869308123e9,"tag":"Change","cFrom":[0,8],"cText":["h"],"cRemoved":[""]}

{"cOrigin":"+input","cTo":[0,9],"cNewPos":[0,10],"cWhen":1.5300098695560393e9,"tag":"Change","cFrom":[0,9],"cText":["i"],"cRemoved":[""]}

{"cOrigin":"+input","cTo":[0,10],"cNewPos":[0,11],"cWhen":1.5300098698443582e9,"tag":"Change","cFrom":[0,10],"cText":[" "],"cRemoved":[""]}

{"cOrigin":"+input","cTo":[0,11],"cNewPos":[0,12],"cWhen":1.530009870683933e9,"tag":"Change","cFrom":[0,11],"cText":["l"],"cRemoved":[""]}

{"cOrigin":"+input","cTo":[0,12],"cNewPos":[0,13],"cWhen":1.5300098708679185e9,"tag":"Change","cFrom":[0,12],"cText":["o"],"cRemoved":[""]}

{"cOrigin":"+input","cTo":[0,13],"cNewPos":[0,14],"cWhen":1.5300098793319035e9,"tag":"Change","cFrom":[0,13],"cText":[" "],"cRemoved":[""]}

{"cOrigin":"+input","cTo":[0,14],"cNewPos":[0,15],"cWhen":1.530009880123947e9,"tag":"Change","cFrom":[0,14],"cText":["h"],"cRemoved":[""]}

{"cOrigin":"+input","cTo":[0,15],"cNewPos":[0,16],"cWhen":1.5300098803158915e9,"tag":"Change","cFrom":[0,15],"cText":["i"],"cRemoved":[""]}

{"cOrigin":"+input","cTo":[0,16],"cNewPos":[0,17],"cWhen":1.5300098829011238e9,"tag":"Change","cFrom":[0,16],"cText":["\""],"cRemoved":[""]}

{"cOrigin":"+input","cTo":[0,17],"cNewPos":[1,0],"cWhen":1.5300098882198772e9,"tag":"Change","cFrom":[0,17],"cText":["",""],"cRemoved":[""]}

{"cOrigin":"+input","cTo":[1,0],"cNewPos":[2,0],"cWhen":1.5300098886198454e9,"tag":"Change","cFrom":[1,0],"cText":["",""],"cRemoved":[""]}

{"cOrigin":"+input","cTo":[2,0],"cNewPos":[2,1],"cWhen":1.5300098902038896e9,"tag":"Change","cFrom":[2,0],"cText":["c"],"cRemoved":[""]}

{"cOrigin":"+input","cTo":[2,1],"cNewPos":[2,2],"cWhen":1.5300098907959301e9,"tag":"Change","cFrom":[2,1],"cText":["h"],"cRemoved":[""]}

{"cOrigin":"+delete","cTo":[2,2],"cNewPos":[2,1],"cWhen":1.530009893411642e9,"tag":"Change","cFrom":[2,1],"cText":[""],"cRemoved":["h"]}

{"cOrigin":"+input","cTo":[2,1],"cNewPos":[2,2],"cWhen":1.5300098940759304e9,"tag":"Change","cFrom":[2,1],"cText":["r"],"cRemoved":[""]}

{"cOrigin":"+input","cTo":[2,2],"cNewPos":[2,3],"cWhen":1.5300098945958357e9,"tag":"Change","cFrom":[2,2],"cText":["u"],"cRemoved":[""]}

{"cOrigin":"+input","cTo":[2,3],"cNewPos":[2,4],"cWhen":1.530009896611755e9,"tag":"Change","cFrom":[2,3],"cText":["n"],"cRemoved":[""]}

{"cOrigin":"+input","cTo":[2,4],"cNewPos":[2,5],"cWhen":1.5300098972038977e9,"tag":"Change","cFrom":[2,4],"cText":["c"],"cRemoved":[""]}

{"cOrigin":"+input","cTo":[2,5],"cNewPos":[2,6],"cWhen":1.5300098976357567e9,"tag":"Change","cFrom":[2,5],"cText":["h"],"cRemoved":[""]}

{"cOrigin":"+input","cTo":[2,6],"cNewPos":[2,7],"cWhen":1.5300098979878798e9,"tag":"Change","cFrom":[2,6],"cText":["y"],"cRemoved":[""]}

{"cOrigin":"+input","cTo":[2,7],"cNewPos":[2,8],"cWhen":1.530009898875796e9,"tag":"Change","cFrom":[2,7],"cText":[" "],"cRemoved":[""]}

{"cOrigin":"+delete","cTo":[2,8],"cNewPos":[2,7],"cWhen":1.5300099033876405e9,"tag":"Change","cFrom":[2,7],"cText":[""],"cRemoved":[" "]}

{"cOrigin":"+delete","cTo":[2,7],"cNewPos":[2,6],"cWhen":1.5300099036756225e9,"tag":"Change","cFrom":[2,6],"cText":[""],"cRemoved":["y"]}

{"cOrigin":"+delete","cTo":[2,6],"cNewPos":[2,5],"cWhen":1.5300099038754668e9,"tag":"Change","cFrom":[2,5],"cText":[""],"cRemoved":["h"]}

{"cOrigin":"+delete","cTo":[2,5],"cNewPos":[2,4],"cWhen":1.5300099040436127e9,"tag":"Change","cFrom":[2,4],"cText":[""],"cRemoved":["c"]}

{"cOrigin":"+delete","cTo":[2,4],"cNewPos":[2,3],"cWhen":1.5300099042036061e9,"tag":"Change","cFrom":[2,3],"cText":[""],"cRemoved":["n"]}

{"cOrigin":"+delete","cTo":[2,3],"cNewPos":[2,2],"cWhen":1.5300099044435472e9,"tag":"Change","cFrom":[2,2],"cText":[""],"cRemoved":["u"]}

{"cOrigin":"+input","cTo":[2,2],"cNewPos":[2,3],"cWhen":1.530009907011692e9,"tag":"Change","cFrom":[2,2],"cText":["u"],"cRemoved":[""]}

{"cOrigin":"+input","cTo":[2,3],"cNewPos":[2,4],"cWhen":1.5300099074517741e9,"tag":"Change","cFrom":[2,3],"cText":["n"],"cRemoved":[""]}

{"cOrigin":"+input","cTo":[2,4],"cNewPos":[2,5],"cWhen":1.530009909819821e9,"tag":"Change","cFrom":[2,4],"cText":["c"],"cRemoved":[""]}

{"cOrigin":"+input","cTo":[2,5],"cNewPos":[2,6],"cWhen":1.530009910203702e9,"tag":"Change","cFrom":[2,5],"cText":["h"],"cRemoved":[""]}

{"cOrigin":"+input","cTo":[2,6],"cNewPos":[2,7],"cWhen":1.530009912579686e9,"tag":"Change","cFrom":[2,6],"cText":[" "],"cRemoved":[""]}

{"cOrigin":"+input","cTo":[2,7],"cNewPos":[2,8],"cWhen":1.5300099221876056e9,"tag":"Change","cFrom":[2,7],"cText":["\""],"cRemoved":[""]}

{"cOrigin":"+input","cTo":[2,8],"cNewPos":[2,9],"cWhen":1.5300099243795877e9,"tag":"Change","cFrom":[2,8],"cText":["h"],"cRemoved":[""]}

{"cOrigin":"+input","cTo":[2,9],"cNewPos":[2,10],"cWhen":1.5300099246356814e9,"tag":"Change","cFrom":[2,9],"cText":["i"],"cRemoved":[""]}

{"cOrigin":"+input","cTo":[2,10],"cNewPos":[2,11],"cWhen":1.5300099268675299e9,"tag":"Change","cFrom":[2,10],"cText":["*"],"cRemoved":[""]}

{"cOrigin":"+input","cTo":[2,11],"cNewPos":[2,12],"cWhen":1.5300099279794707e9,"tag":"Change","cFrom":[2,11],"cText":["2"],"cRemoved":[""]}

{"cOrigin":"+input","cTo":[2,12],"cNewPos":[2,13],"cWhen":1.5300099313236628e9,"tag":"Change","cFrom":[2,12],"cText":["\""],"cRemoved":[""]}

{"cWhen":1.5300099350458293e9,"tag":"Eval","cAll":true}

{"cOrigin":"+delete","cTo":[2,13],"cNewPos":[2,12],"cWhen":1.5300099488111603e9,"tag":"Change","cFrom":[2,12],"cText":[""],"cRemoved":["\""]}

{"cOrigin":"+input","cTo":[2,12],"cNewPos":[2,13],"cWhen":1.530009949707486e9,"tag":"Change","cFrom":[2,12],"cText":[" "],"cRemoved":[""]}

{"cOrigin":"+input","cTo":[2,13],"cNewPos":[2,14],"cWhen":1.5300099527154157e9,"tag":"Change","cFrom":[2,13],"cText":["l"],"cRemoved":[""]}

{"cOrigin":"+input","cTo":[2,14],"cNewPos":[2,15],"cWhen":1.5300099529233718e9,"tag":"Change","cFrom":[2,14],"cText":["o"],"cRemoved":[""]}

{"cOrigin":"+input","cTo":[2,15],"cNewPos":[2,16],"cWhen":1.5300099570836456e9,"tag":"Change","cFrom":[2,15],"cText":[" "],"cRemoved":[""]}

{"cOrigin":"+input","cTo":[2,16],"cNewPos":[2,17],"cWhen":1.5300099580273986e9,"tag":"Change","cFrom":[2,16],"cText":["l"],"cRemoved":[""]}

{"cOrigin":"+input","cTo":[2,17],"cNewPos":[2,18],"cWhen":1.5300099582355106e9,"tag":"Change","cFrom":[2,17],"cText":["o"],"cRemoved":[""]}

{"cOrigin":"+input","cTo":[2,18],"cNewPos":[2,19],"cWhen":1.530009971403316e9,"tag":"Change","cFrom":[2,18],"cText":["\""],"cRemoved":[""]}

{"cOrigin":"+input","cTo":[2,19],"cNewPos":[3,0],"cWhen":1.5300099913631797e9,"tag":"Change","cFrom":[2,19],"cText":["",""],"cRemoved":[""]}

{"cOrigin":"+input","cTo":[3,0],"cNewPos":[4,0],"cWhen":1.530009991483031e9,"tag":"Change","cFrom":[3,0],"cText":["",""],"cRemoved":[""]}

{"cOrigin":"+input","cTo":[4,0],"cNewPos":[4,1],"cWhen":1.53000999707502e9,"tag":"Change","cFrom":[4,0],"cText":["e"],"cRemoved":[""]}

{"cOrigin":"+input","cTo":[4,1],"cNewPos":[4,2],"cWhen":1.530009997587007e9,"tag":"Change","cFrom":[4,1],"cText":["v"],"cRemoved":[""]}

{"cOrigin":"+input","cTo":[4,2],"cNewPos":[4,3],"cWhen":1.5300099980750859e9,"tag":"Change","cFrom":[4,2],"cText":["e"],"cRemoved":[""]}

{"cOrigin":"+input","cTo":[4,3],"cNewPos":[4,4],"cWhen":1.530009998435021e9,"tag":"Change","cFrom":[4,3],"cText":["r"],"cRemoved":[""]}

{"cOrigin":"+input","cTo":[4,4],"cNewPos":[4,5],"cWhen":1.5300099990030973e9,"tag":"Change","cFrom":[4,4],"cText":["t"],"cRemoved":[""]}

{"cOrigin":"+delete","cTo":[4,5],"cNewPos":[4,4],"cWhen":1.5300099997149193e9,"tag":"Change","cFrom":[4,4],"cText":[""],"cRemoved":["t"]}

{"cOrigin":"+input","cTo":[4,4],"cNewPos":[4,5],"cWhen":1.5300100000750916e9,"tag":"Change","cFrom":[4,4],"cText":["y"],"cRemoved":[""]}

{"cOrigin":"+input","cTo":[4,5],"cNewPos":[4,6],"cWhen":1.5300100003391018e9,"tag":"Change","cFrom":[4,5],"cText":[" "],"cRemoved":[""]}

{"cOrigin":"+input","cTo":[4,6],"cNewPos":[4,7],"cWhen":1.5300100019309943e9,"tag":"Change","cFrom":[4,6],"cText":["3"],"cRemoved":[""]}

{"cOrigin":"+input","cTo":[4,7],"cNewPos":[4,8],"cWhen":1.5300100028670628e9,"tag":"Change","cFrom":[4,7],"cText":[" "],"cRemoved":[""]}

{"cOrigin":"+input","cTo":[4,8],"cNewPos":[4,9],"cWhen":1.5300100047335913e9,"tag":"Change","cFrom":[4,8],"cText":["s"],"cRemoved":[""]}

{"cOrigin":"+input","cTo":[4,9],"cNewPos":[4,10],"cWhen":1.530010005219085e9,"tag":"Change","cFrom":[4,9],"cText":["l"],"cRemoved":[""]}

{"cOrigin":"+input","cTo":[4,10],"cNewPos":[4,11],"cWhen":1.5300100055974777e9,"tag":"Change","cFrom":[4,10],"cText":["o"],"cRemoved":[""]}

{"cOrigin":"+input","cTo":[4,11],"cNewPos":[4,12],"cWhen":1.5300100064989693e9,"tag":"Change","cFrom":[4,11],"cText":["w"],"cRemoved":[""]}

{"cOrigin":"+delete","cTo":[4,12],"cNewPos":[4,11],"cWhen":1.5300100083980715e9,"tag":"Change","cFrom":[4,11],"cText":[""],"cRemoved":["w"]}

{"cOrigin":"+input","cTo":[4,11],"cNewPos":[4,12],"cWhen":1.5300100117950146e9,"tag":"Change","cFrom":[4,11],"cText":["w"],"cRemoved":[""]}

{"cOrigin":"+input","cTo":[4,12],"cNewPos":[4,13],"cWhen":1.5300100131789768e9,"tag":"Change","cFrom":[4,12],"cText":["e"],"cRemoved":[""]}

{"cOrigin":"+input","cTo":[4,13],"cNewPos":[4,14],"cWhen":1.5300100134590123e9,"tag":"Change","cFrom":[4,13],"cText":["r"],"cRemoved":[""]}

{"cOrigin":"+input","cTo":[4,14],"cNewPos":[4,15],"cWhen":1.5300100147309637e9,"tag":"Change","cFrom":[4,14],"cText":[" "],"cRemoved":[""]}

{"cOrigin":"+input","cTo":[4,15],"cNewPos":[4,16],"cWhen":1.5300100161550286e9,"tag":"Change","cFrom":[4,15],"cText":["£"],"cRemoved":[""]}

{"cOrigin":"+delete","cTo":[4,16],"cNewPos":[4,15],"cWhen":1.5300100168987052e9,"tag":"Change","cFrom":[4,15],"cText":[""],"cRemoved":["£"]}

{"cOrigin":"+input","cTo":[4,15],"cNewPos":[4,16],"cWhen":1.530010019074848e9,"tag":"Change","cFrom":[4,15],"cText":["$"],"cRemoved":[""]}

{"cOrigin":"+input","cTo":[4,16],"cNewPos":[4,17],"cWhen":1.530010019554877e9,"tag":"Change","cFrom":[4,16],"cText":[" "],"cRemoved":[""]}

{"cOrigin":"+input","cTo":[4,17],"cNewPos":[4,18],"cWhen":1.530010020411214e9,"tag":"Change","cFrom":[4,17],"cText":["e"],"cRemoved":[""]}

{"cOrigin":"+input","cTo":[4,18],"cNewPos":[4,19],"cWhen":1.5300100209068322e9,"tag":"Change","cFrom":[4,18],"cText":["v"],"cRemoved":[""]}

{"cOrigin":"+input","cTo":[4,19],"cNewPos":[4,20],"cWhen":1.530010021178928e9,"tag":"Change","cFrom":[4,19],"cText":["e"],"cRemoved":[""]}

{"cOrigin":"+input","cTo":[4,20],"cNewPos":[4,21],"cWhen":1.5300100214108193e9,"tag":"Change","cFrom":[4,20],"cText":["r"],"cRemoved":[""]}

{"cOrigin":"+input","cTo":[4,21],"cNewPos":[4,22],"cWhen":1.5300100217629447e9,"tag":"Change","cFrom":[4,21],"cText":["y"],"cRemoved":[""]}

{"cOrigin":"+input","cTo":[4,22],"cNewPos":[4,23],"cWhen":1.5300100220908308e9,"tag":"Change","cFrom":[4,22],"cText":[" "],"cRemoved":[""]}

{"cOrigin":"+delete","cTo":[4,23],"cNewPos":[4,22],"cWhen":1.5300100256186e9,"tag":"Change","cFrom":[4,22],"cText":[""],"cRemoved":[" "]}

{"cOrigin":"+delete","cTo":[4,22],"cNewPos":[4,21],"cWhen":1.5300100258698375e9,"tag":"Change","cFrom":[4,21],"cText":[""],"cRemoved":["y"]}

{"cOrigin":"+delete","cTo":[4,21],"cNewPos":[4,20],"cWhen":1.5300100259198694e9,"tag":"Change","cFrom":[4,20],"cText":[""],"cRemoved":["r"]}

{"cOrigin":"+delete","cTo":[4,20],"cNewPos":[4,19],"cWhen":1.5300100259698389e9,"tag":"Change","cFrom":[4,19],"cText":[""],"cRemoved":["e"]}

{"cOrigin":"+delete","cTo":[4,19],"cNewPos":[4,18],"cWhen":1.530010026019895e9,"tag":"Change","cFrom":[4,18],"cText":[""],"cRemoved":["v"]}

{"cOrigin":"+delete","cTo":[4,18],"cNewPos":[4,17],"cWhen":1.530010026069938e9,"tag":"Change","cFrom":[4,17],"cText":[""],"cRemoved":["e"]}

{"cOrigin":"+delete","cTo":[4,17],"cNewPos":[4,16],"cWhen":1.5300100261198637e9,"tag":"Change","cFrom":[4,16],"cText":[""],"cRemoved":[" "]}

{"cOrigin":"+delete","cTo":[4,16],"cNewPos":[4,15],"cWhen":1.530010026170108e9,"tag":"Change","cFrom":[4,15],"cText":[""],"cRemoved":["$"]}

{"cOrigin":"+delete","cTo":[4,15],"cNewPos":[4,14],"cWhen":1.5300100262198627e9,"tag":"Change","cFrom":[4,14],"cText":[""],"cRemoved":[" "]}

{"cOrigin":"+delete","cTo":[4,14],"cNewPos":[4,13],"cWhen":1.530010026269862e9,"tag":"Change","cFrom":[4,13],"cText":[""],"cRemoved":["r"]}

{"cOrigin":"+delete","cTo":[4,13],"cNewPos":[4,12],"cWhen":1.53001002631986e9,"tag":"Change","cFrom":[4,12],"cText":[""],"cRemoved":["e"]}

{"cOrigin":"+delete","cTo":[4,12],"cNewPos":[4,11],"cWhen":1.5300100263699157e9,"tag":"Change","cFrom":[4,11],"cText":[""],"cRemoved":["w"]}

{"cOrigin":"+delete","cTo":[4,11],"cNewPos":[4,10],"cWhen":1.5300100264198713e9,"tag":"Change","cFrom":[4,10],"cText":[""],"cRemoved":["o"]}

{"cOrigin":"+delete","cTo":[4,10],"cNewPos":[4,9],"cWhen":1.5300100264698775e9,"tag":"Change","cFrom":[4,9],"cText":[""],"cRemoved":["l"]}

{"cOrigin":"+delete","cTo":[4,9],"cNewPos":[4,8],"cWhen":1.5300100265198598e9,"tag":"Change","cFrom":[4,8],"cText":[""],"cRemoved":["s"]}

{"cOrigin":"+delete","cTo":[4,8],"cNewPos":[4,7],"cWhen":1.5300100265698905e9,"tag":"Change","cFrom":[4,7],"cText":[""],"cRemoved":[" "]}

{"cOrigin":"+delete","cTo":[4,7],"cNewPos":[4,6],"cWhen":1.5300100266198585e9,"tag":"Change","cFrom":[4,6],"cText":[""],"cRemoved":["3"]}

{"cOrigin":"+delete","cTo":[4,6],"cNewPos":[4,5],"cWhen":1.530010026842595e9,"tag":"Change","cFrom":[4,5],"cText":[""],"cRemoved":[" "]}

{"cOrigin":"+delete","cTo":[4,5],"cNewPos":[4,4],"cWhen":1.5300100270506957e9,"tag":"Change","cFrom":[4,4],"cText":[""],"cRemoved":["y"]}

{"cOrigin":"+delete","cTo":[4,4],"cNewPos":[4,3],"cWhen":1.5300100272347014e9,"tag":"Change","cFrom":[4,3],"cText":[""],"cRemoved":["r"]}

{"cOrigin":"+delete","cTo":[4,3],"cNewPos":[4,2],"cWhen":1.5300100273867362e9,"tag":"Change","cFrom":[4,2],"cText":[""],"cRemoved":["e"]}

{"cOrigin":"+delete","cTo":[4,2],"cNewPos":[4,1],"cWhen":1.5300100275547135e9,"tag":"Change","cFrom":[4,1],"cText":[""],"cRemoved":["v"]}

{"cOrigin":"+delete","cTo":[4,1],"cNewPos":[4,0],"cWhen":1.5300100277146928e9,"tag":"Change","cFrom":[4,0],"cText":[""],"cRemoved":["e"]}
