{"cWhen":1530010094,"tag":"Eval","cAll":true}
{"cOrigin":"+input","cTo":[0,0],"cNewPos":[0,1],"cWhen":1.5300100949688919e9,"tag":"Change","cFrom":[0,0],"cText":["\""],"cRemoved":[""]}

{"cOrigin":"+input","cTo":[0,1],"cNewPos":[0,2],"cWhen":1.5300100978488247e9,"tag":"Change","cFrom":[0,1],"cText":["h"],"cRemoved":[""]}

{"cOrigin":"+input","cTo":[0,2],"cNewPos":[0,3],"cWhen":1.5300100981368487e9,"tag":"Change","cFrom":[0,2],"cText":["i"],"cRemoved":[""]}

{"cOrigin":"+input","cTo":[0,3],"cNewPos":[0,4],"cWhen":1.5300101018567715e9,"tag":"Change","cFrom":[0,3],"cText":["*"],"cRemoved":[""]}

{"cOrigin":"+input","cTo":[0,4],"cNewPos":[0,5],"cWhen":1.5300101027128992e9,"tag":"Change","cFrom":[0,4],"cText":["2"],"cRemoved":[""]}

{"cOrigin":"+input","cTo":[0,5],"cNewPos":[0,6],"cWhen":1.5300101036408427e9,"tag":"Change","cFrom":[0,5],"cText":["0"],"cRemoved":[""]}

{"cOrigin":"+input","cTo":[0,6],"cNewPos":[0,7],"cWhen":1.530010105832781e9,"tag":"Change","cFrom":[0,6],"cText":["\""],"cRemoved":[""]}

{"cWhen":1.5300101072743216e9,"tag":"Eval","cAll":true}

{"cOrigin":"+input","cTo":[0,7],"cNewPos":[0,8],"cWhen":1.5300101173687546e9,"tag":"Change","cFrom":[0,7],"cText":["l"],"cRemoved":[""]}

{"cOrigin":"+input","cTo":[0,8],"cNewPos":[0,9],"cWhen":1.5300101175606875e9,"tag":"Change","cFrom":[0,8],"cText":["o"],"cRemoved":[""]}

{"cOrigin":"+delete","cTo":[0,9],"cNewPos":[0,8],"cWhen":1.5300101273046863e9,"tag":"Change","cFrom":[0,8],"cText":[""],"cRemoved":["o"]}

{"cOrigin":"+delete","cTo":[0,8],"cNewPos":[0,7],"cWhen":1.530010127464462e9,"tag":"Change","cFrom":[0,7],"cText":[""],"cRemoved":["l"]}

{"cOrigin":"+delete","cTo":[0,7],"cNewPos":[0,6],"cWhen":1.5300101276085243e9,"tag":"Change","cFrom":[0,6],"cText":[""],"cRemoved":["\""]}

{"cOrigin":"+delete","cTo":[0,6],"cNewPos":[0,5],"cWhen":1.5300101277604825e9,"tag":"Change","cFrom":[0,5],"cText":[""],"cRemoved":["0"]}

{"cOrigin":"+delete","cTo":[0,5],"cNewPos":[0,4],"cWhen":1.5300101279284685e9,"tag":"Change","cFrom":[0,4],"cText":[""],"cRemoved":["2"]}

{"cOrigin":"+delete","cTo":[0,4],"cNewPos":[0,3],"cWhen":1.5300101281044714e9,"tag":"Change","cFrom":[0,3],"cText":[""],"cRemoved":["*"]}

{"cOrigin":"+delete","cTo":[0,3],"cNewPos":[0,2],"cWhen":1.530010129432484e9,"tag":"Change","cFrom":[0,2],"cText":[""],"cRemoved":["i"]}

{"cOrigin":"+delete","cTo":[0,2],"cNewPos":[0,1],"cWhen":1.5300101295924914e9,"tag":"Change","cFrom":[0,1],"cText":[""],"cRemoved":["h"]}

{"cOrigin":"+delete","cTo":[0,1],"cNewPos":[0,0],"cWhen":1.530010130032485e9,"tag":"Change","cFrom":[0,0],"cText":[""],"cRemoved":["\""]}

{"cOrigin":"+input","cTo":[0,0],"cNewPos":[0,1],"cWhen":1.5300101416885452e9,"tag":"Change","cFrom":[0,0],"cText":["\""],"cRemoved":[""]}

{"cOrigin":"+input","cTo":[0,1],"cNewPos":[0,2],"cWhen":1.53001014578464e9,"tag":"Change","cFrom":[0,1],"cText":[" "],"cRemoved":[""]}

{"cOrigin":"+input","cTo":[0,2],"cNewPos":[0,3],"cWhen":1.5300101471206803e9,"tag":"Change","cFrom":[0,2],"cText":["l"],"cRemoved":[""]}

{"cOrigin":"+input","cTo":[0,3],"cNewPos":[0,4],"cWhen":1.5300101476646545e9,"tag":"Change","cFrom":[0,3],"cText":["o"],"cRemoved":[""]}

{"cOrigin":"+input","cTo":[0,4],"cNewPos":[0,5],"cWhen":1.5300101492646682e9,"tag":"Change","cFrom":[0,4],"cText":["w"],"cRemoved":[""]}

{"cOrigin":"+input","cTo":[0,5],"cNewPos":[0,6],"cWhen":1.5300101495046413e9,"tag":"Change","cFrom":[0,5],"cText":["e"],"cRemoved":[""]}

{"cOrigin":"+input","cTo":[0,6],"cNewPos":[0,7],"cWhen":1.5300101497606523e9,"tag":"Change","cFrom":[0,6],"cText":["r"],"cRemoved":[""]}

{"cOrigin":"+input","cTo":[0,7],"cNewPos":[0,8],"cWhen":1.5300101555126112e9,"tag":"Change","cFrom":[0,7],"cText":[" "],"cRemoved":[""]}

{"cOrigin":"+input","cTo":[0,8],"cNewPos":[0,9],"cWhen":1.5300101602566118e9,"tag":"Change","cFrom":[0,8],"cText":["\""],"cRemoved":[""]}

{"cOrigin":"+input","cTo":[0,9],"cNewPos":[0,10],"cWhen":1.5300101618247483e9,"tag":"Change","cFrom":[0,9],"cText":["h"],"cRemoved":[""]}

{"cOrigin":"+input","cTo":[0,10],"cNewPos":[0,11],"cWhen":1.5300101623365817e9,"tag":"Change","cFrom":[0,10],"cText":["i"],"cRemoved":[""]}

{"cOrigin":"+input","cTo":[0,11],"cNewPos":[0,12],"cWhen":1.5300101665206249e9,"tag":"Change","cFrom":[0,11],"cText":[" "],"cRemoved":[""]}

{"cOrigin":"+input","cTo":[0,12],"cNewPos":[0,13],"cWhen":1.5300101690966003e9,"tag":"Change","cFrom":[0,12],"cText":["l"],"cRemoved":[""]}

{"cOrigin":"+input","cTo":[0,13],"cNewPos":[0,14],"cWhen":1.5300101692965755e9,"tag":"Change","cFrom":[0,13],"cText":["o"],"cRemoved":[""]}

{"cOrigin":"+input","cTo":[0,14],"cNewPos":[0,15],"cWhen":1.5300101738885806e9,"tag":"Change","cFrom":[0,14],"cText":["*"],"cRemoved":[""]}

{"cOrigin":"+input","cTo":[0,15],"cNewPos":[0,16],"cWhen":1.5300101764885323e9,"tag":"Change","cFrom":[0,15],"cText":["4"],"cRemoved":[""]}

{"cOrigin":"+input","cTo":[0,16],"cNewPos":[0,17],"cWhen":1.53001017677654e9,"tag":"Change","cFrom":[0,16],"cText":["5"],"cRemoved":[""]}

{"cOrigin":"+input","cTo":[0,17],"cNewPos":[0,18],"cWhen":1.5300101804564784e9,"tag":"Change","cFrom":[0,17],"cText":["\""],"cRemoved":[""]}

{"cWhen":1.5300101823859255e9,"tag":"Eval","cAll":true}

{"cXWarp":17,"cNewPos":[0,17],"cWhen":1.5300101967523353e9,"tag":"Move"}

{"cXWarp":16,"cNewPos":[0,16],"cWhen":1.5300101970039694e9,"tag":"Move"}

{"cXWarp":15,"cNewPos":[0,15],"cWhen":1.5300101970539403e9,"tag":"Move"}

{"cXWarp":14,"cNewPos":[0,14],"cWhen":1.5300101971682777e9,"tag":"Move"}

{"cXWarp":13,"cNewPos":[0,13],"cWhen":1.5300101974239745e9,"tag":"Move"}

{"cXWarp":12,"cNewPos":[0,12],"cWhen":1.5300101975362573e9,"tag":"Move"}

{"cXWarp":11,"cNewPos":[0,11],"cWhen":1.5300101977603083e9,"tag":"Move"}

{"cXWarp":10,"cNewPos":[0,10],"cWhen":1.530010197928279e9,"tag":"Move"}

{"cXWarp":9,"cNewPos":[0,9],"cWhen":1.5300101981363647e9,"tag":"Move"}

{"cXWarp":8,"cNewPos":[0,8],"cWhen":1.5300101985362892e9,"tag":"Move"}

{"cXWarp":7,"cNewPos":[0,7],"cWhen":1.530010198793953e9,"tag":"Move"}

{"cXWarp":6,"cNewPos":[0,6],"cWhen":1.5300101988440022e9,"tag":"Move"}

{"cXWarp":5,"cNewPos":[0,5],"cWhen":1.5300101988939462e9,"tag":"Move"}

{"cXWarp":4,"cNewPos":[0,4],"cWhen":1.5300101989439797e9,"tag":"Move"}

{"cXWarp":3,"cNewPos":[0,3],"cWhen":1.530010198993906e9,"tag":"Move"}

{"cXWarp":2,"cNewPos":[0,2],"cWhen":1.5300101990439498e9,"tag":"Move"}

{"cXWarp":1,"cNewPos":[0,1],"cWhen":1.5300101999442725e9,"tag":"Move"}

{"cOrigin":"+delete","cTo":[0,1],"cNewPos":[0,0],"cWhen":1.5300102015844438e9,"tag":"Change","cFrom":[0,0],"cText":[""],"cRemoved":["\""]}

{"cWhen":1.5300102046657984e9,"tag":"Eval","cAll":true}

{"cXWarp":1,"cNewPos":[0,1],"cWhen":1.530010227072053e9,"tag":"Move"}

{"cXWarp":2,"cNewPos":[0,2],"cWhen":1.5300102272720497e9,"tag":"Move"}

{"cXWarp":3,"cNewPos":[0,3],"cWhen":1.5300102274640396e9,"tag":"Move"}

{"cXWarp":4,"cNewPos":[0,4],"cWhen":1.530010227640043e9,"tag":"Move"}

{"cXWarp":5,"cNewPos":[0,5],"cWhen":1.530010228192055e9,"tag":"Move"}

{"cXWarp":6,"cNewPos":[0,6],"cWhen":1.5300102287920687e9,"tag":"Move"}

{"cOrigin":"+delete","cTo":[0,6],"cNewPos":[0,5],"cWhen":1.5300102299920237e9,"tag":"Change","cFrom":[0,5],"cText":[""],"cRemoved":["r"]}

{"cOrigin":"+delete","cTo":[0,5],"cNewPos":[0,4],"cWhen":1.5300102301920457e9,"tag":"Change","cFrom":[0,4],"cText":[""],"cRemoved":["e"]}

{"cOrigin":"+delete","cTo":[0,4],"cNewPos":[0,3],"cWhen":1.5300102303680074e9,"tag":"Change","cFrom":[0,3],"cText":[""],"cRemoved":["w"]}

{"cOrigin":"+delete","cTo":[0,3],"cNewPos":[0,2],"cWhen":1.530010230560038e9,"tag":"Change","cFrom":[0,2],"cText":[""],"cRemoved":["o"]}

{"cOrigin":"+delete","cTo":[0,2],"cNewPos":[0,1],"cWhen":1.5300102323600233e9,"tag":"Change","cFrom":[0,1],"cText":[""],"cRemoved":["l"]}

{"cOrigin":"+input","cTo":[0,1],"cNewPos":[0,2],"cWhen":1.5300102343331509e9,"tag":"Change","cFrom":[0,1],"cText":["h"],"cRemoved":[""]}

{"cOrigin":"+input","cTo":[0,2],"cNewPos":[0,3],"cWhen":1.530010234792158e9,"tag":"Change","cFrom":[0,2],"cText":["i"],"cRemoved":[""]}

{"cOrigin":"+input","cTo":[0,3],"cNewPos":[0,4],"cWhen":1.530010235440157e9,"tag":"Change","cFrom":[0,3],"cText":["g"],"cRemoved":[""]}

{"cOrigin":"+input","cTo":[0,4],"cNewPos":[0,5],"cWhen":1.5300102357761288e9,"tag":"Change","cFrom":[0,4],"cText":["h"],"cRemoved":[""]}

{"cOrigin":"+input","cTo":[0,5],"cNewPos":[0,6],"cWhen":1.5300102363041403e9,"tag":"Change","cFrom":[0,5],"cText":["e"],"cRemoved":[""]}

{"cOrigin":"+input","cTo":[0,6],"cNewPos":[0,7],"cWhen":1.5300102365763464e9,"tag":"Change","cFrom":[0,6],"cText":["r"],"cRemoved":[""]}

{"cWhen":1.5300102412649949e9,"tag":"Eval","cAll":true}

{"cXWarp":8,"cNewPos":[0,8],"cWhen":1.5300102605839446e9,"tag":"Move"}

{"cXWarp":9,"cNewPos":[0,9],"cWhen":1.530010260752072e9,"tag":"Move"}

{"cXWarp":10,"cNewPos":[0,10],"cWhen":1.5300102610799336e9,"tag":"Move"}

{"cXWarp":11,"cNewPos":[0,11],"cWhen":1.5300102612719293e9,"tag":"Move"}

{"cXWarp":12,"cNewPos":[0,12],"cWhen":1.530010261799917e9,"tag":"Move"}

{"cXWarp":13,"cNewPos":[0,13],"cWhen":1.5300102619999325e9,"tag":"Move"}

{"cXWarp":14,"cNewPos":[0,14],"cWhen":1.5300102621919262e9,"tag":"Move"}

{"cXWarp":15,"cNewPos":[0,15],"cWhen":1.5300102623839211e9,"tag":"Move"}

{"cXWarp":16,"cNewPos":[0,16],"cWhen":1.5300102625759199e9,"tag":"Move"}

{"cXWarp":17,"cNewPos":[0,17],"cWhen":1.5300102627599003e9,"tag":"Move"}

{"cXWarp":18,"cNewPos":[0,18],"cWhen":1.530010263487928e9,"tag":"Move"}

{"cOrigin":"+delete","cTo":[0,18],"cNewPos":[0,17],"cWhen":1.5300102648639207e9,"tag":"Change","cFrom":[0,17],"cText":[""],"cRemoved":["\""]}

{"cOrigin":"+input","cTo":[0,17],"cNewPos":[0,18],"cWhen":1.5300102655680246e9,"tag":"Change","cFrom":[0,17],"cText":[" "],"cRemoved":[""]}

{"cOrigin":"+input","cTo":[0,18],"cNewPos":[0,19],"cWhen":1.53001027191199e9,"tag":"Change","cFrom":[0,18],"cText":["e"],"cRemoved":[""]}

{"cOrigin":"+input","cTo":[0,19],"cNewPos":[0,20],"cWhen":1.5300102727599971e9,"tag":"Change","cFrom":[0,19],"cText":["v"],"cRemoved":[""]}

{"cOrigin":"+input","cTo":[0,20],"cNewPos":[0,21],"cWhen":1.5300102732800477e9,"tag":"Change","cFrom":[0,20],"cText":["e"],"cRemoved":[""]}

{"cOrigin":"+input","cTo":[0,21],"cNewPos":[0,22],"cWhen":1.53001027360799e9,"tag":"Change","cFrom":[0,21],"cText":["r"],"cRemoved":[""]}

{"cOrigin":"+input","cTo":[0,22],"cNewPos":[0,23],"cWhen":1.5300102740960014e9,"tag":"Change","cFrom":[0,22],"cText":["y"],"cRemoved":[""]}

{"cOrigin":"+input","cTo":[0,23],"cNewPos":[0,24],"cWhen":1.530010276168005e9,"tag":"Change","cFrom":[0,23],"cText":[" "],"cRemoved":[""]}

{"cOrigin":"+input","cTo":[0,24],"cNewPos":[0,25],"cWhen":1.5300102770559864e9,"tag":"Change","cFrom":[0,24],"cText":["1"],"cRemoved":[""]}

{"cOrigin":"+input","cTo":[0,25],"cNewPos":[0,26],"cWhen":1.53001027764819e9,"tag":"Change","cFrom":[0,25],"cText":["0"],"cRemoved":[""]}

{"cOrigin":"+input","cTo":[0,26],"cNewPos":[0,27],"cWhen":1.5300102811360376e9,"tag":"Change","cFrom":[0,26],"cText":[" "],"cRemoved":[""]}

{"cOrigin":"+input","cTo":[0,27],"cNewPos":[0,28],"cWhen":1.5300102824720516e9,"tag":"Change","cFrom":[0,27],"cText":["f"],"cRemoved":[""]}

{"cOrigin":"+input","cTo":[0,28],"cNewPos":[0,29],"cWhen":1.5300102828640544e9,"tag":"Change","cFrom":[0,28],"cText":["a"],"cRemoved":[""]}

{"cOrigin":"+input","cTo":[0,29],"cNewPos":[0,30],"cWhen":1.5300102832320411e9,"tag":"Change","cFrom":[0,29],"cText":["s"],"cRemoved":[""]}

{"cOrigin":"+input","cTo":[0,30],"cNewPos":[0,31],"cWhen":1.5300102836961393e9,"tag":"Change","cFrom":[0,30],"cText":["t"],"cRemoved":[""]}

{"cOrigin":"+input","cTo":[0,31],"cNewPos":[0,32],"cWhen":1.5300102840720878e9,"tag":"Change","cFrom":[0,31],"cText":["e"],"cRemoved":[""]}

{"cOrigin":"+input","cTo":[0,32],"cNewPos":[0,33],"cWhen":1.5300102843440764e9,"tag":"Change","cFrom":[0,32],"cText":["r"],"cRemoved":[""]}

{"cWhen":1.5300102892580895e9,"tag":"Eval","cAll":true}

{"cOrigin":"+input","cTo":[0,33],"cNewPos":[0,34],"cWhen":1.5300102961205661e9,"tag":"Change","cFrom":[0,33],"cText":["\""],"cRemoved":[""]}

{"cWhen":1.5300103130508802e9,"tag":"Eval","cAll":true}

{"cOrigin":"+input","cTo":[0,34],"cNewPos":[0,35],"cWhen":1.53001033158532e9,"tag":"Change","cFrom":[0,34],"cText":["h"],"cRemoved":[""]}

{"cOrigin":"+input","cTo":[0,35],"cNewPos":[0,36],"cWhen":1.5300103319373229e9,"tag":"Change","cFrom":[0,35],"cText":["i"],"cRemoved":[""]}

{"cOrigin":"+input","cTo":[0,36],"cNewPos":[0,37],"cWhen":1.5300103365454042e9,"tag":"Change","cFrom":[0,36],"cText":[" "],"cRemoved":[""]}

{"cOrigin":"+input","cTo":[0,37],"cNewPos":[0,38],"cWhen":1.5300103369056182e9,"tag":"Change","cFrom":[0,37],"cText":["l"],"cRemoved":[""]}

{"cOrigin":"+input","cTo":[0,38],"cNewPos":[0,39],"cWhen":1.5300103371216385e9,"tag":"Change","cFrom":[0,38],"cText":["o"],"cRemoved":[""]}

{"cXWarp":38,"cNewPos":[0,38],"cWhen":1.530010341145467e9,"tag":"Move"}

{"cXWarp":37,"cNewPos":[0,37],"cWhen":1.5300103413054633e9,"tag":"Move"}

{"cXWarp":36,"cNewPos":[0,36],"cWhen":1.5300103414654543e9,"tag":"Move"}

{"cXWarp":35,"cNewPos":[0,35],"cWhen":1.5300103418334696e9,"tag":"Move"}

{"cXWarp":34,"cNewPos":[0,34],"cWhen":1.5300103420974796e9,"tag":"Move"}

{"cOrigin":"+delete","cTo":[0,34],"cNewPos":[0,33],"cWhen":1.5300103438894956e9,"tag":"Change","cFrom":[0,33],"cText":[""],"cRemoved":["\""]}

{"cOrigin":"+input","cTo":[0,33],"cNewPos":[0,34],"cWhen":1.5300103460496564e9,"tag":"Change","cFrom":[0,33],"cText":[" "],"cRemoved":[""]}

{"cXWarp":35,"cNewPos":[0,35],"cWhen":1.5300103474416049e9,"tag":"Move"}

{"cXWarp":36,"cNewPos":[0,36],"cWhen":1.5300103476576297e9,"tag":"Move"}

{"cXWarp":37,"cNewPos":[0,37],"cWhen":1.5300103478496213e9,"tag":"Move"}

{"cXWarp":38,"cNewPos":[0,38],"cWhen":1.530010348073656e9,"tag":"Move"}

{"cXWarp":39,"cNewPos":[0,39],"cWhen":1.5300103486336527e9,"tag":"Move"}

{"cOrigin":"+input","cTo":[0,39],"cNewPos":[0,40],"cWhen":1.530010366938229e9,"tag":"Change","cFrom":[0,39],"cText":[" "],"cRemoved":[""]}

{"cOrigin":"+delete","cTo":[0,40],"cNewPos":[0,39],"cWhen":1.530010370186116e9,"tag":"Change","cFrom":[0,39],"cText":[""],"cRemoved":[" "]}

{"cOrigin":"+input","cTo":[0,39],"cNewPos":[0,40],"cWhen":1.530010373706334e9,"tag":"Change","cFrom":[0,39],"cText":["\""],"cRemoved":[""]}

{"cWhen":1.5300103764673789e9,"tag":"Eval","cAll":true}

{"cOrigin":"+delete","cTo":[0,40],"cNewPos":[0,39],"cWhen":1.5300103929546957e9,"tag":"Change","cFrom":[0,39],"cText":[""],"cRemoved":["\""]}

{"cOrigin":"+delete","cTo":[0,39],"cNewPos":[0,38],"cWhen":1.530010393213746e9,"tag":"Change","cFrom":[0,38],"cText":[""],"cRemoved":["o"]}

{"cOrigin":"+delete","cTo":[0,38],"cNewPos":[0,37],"cWhen":1.5300103932637565e9,"tag":"Change","cFrom":[0,37],"cText":[""],"cRemoved":["l"]}

{"cOrigin":"+delete","cTo":[0,37],"cNewPos":[0,36],"cWhen":1.5300103933137517e9,"tag":"Change","cFrom":[0,36],"cText":[""],"cRemoved":[" "]}

{"cOrigin":"+delete","cTo":[0,36],"cNewPos":[0,35],"cWhen":1.5300103933637881e9,"tag":"Change","cFrom":[0,35],"cText":[""],"cRemoved":["i"]}

{"cOrigin":"+delete","cTo":[0,35],"cNewPos":[0,34],"cWhen":1.5300103934137754e9,"tag":"Change","cFrom":[0,34],"cText":[""],"cRemoved":["h"]}

{"cOrigin":"+delete","cTo":[0,34],"cNewPos":[0,33],"cWhen":1.530010393463757e9,"tag":"Change","cFrom":[0,33],"cText":[""],"cRemoved":[" "]}

{"cOrigin":"+delete","cTo":[0,33],"cNewPos":[0,32],"cWhen":1.5300103935137699e9,"tag":"Change","cFrom":[0,32],"cText":[""],"cRemoved":["r"]}

{"cOrigin":"+delete","cTo":[0,32],"cNewPos":[0,31],"cWhen":1.53001039356729e9,"tag":"Change","cFrom":[0,31],"cText":[""],"cRemoved":["e"]}

{"cOrigin":"+delete","cTo":[0,31],"cNewPos":[0,30],"cWhen":1.530010393613752e9,"tag":"Change","cFrom":[0,30],"cText":[""],"cRemoved":["t"]}

{"cOrigin":"+delete","cTo":[0,30],"cNewPos":[0,29],"cWhen":1.5300103936637554e9,"tag":"Change","cFrom":[0,29],"cText":[""],"cRemoved":["s"]}

{"cOrigin":"+delete","cTo":[0,29],"cNewPos":[0,28],"cWhen":1.5300103937137742e9,"tag":"Change","cFrom":[0,28],"cText":[""],"cRemoved":["a"]}

{"cOrigin":"+delete","cTo":[0,28],"cNewPos":[0,27],"cWhen":1.5300103937637765e9,"tag":"Change","cFrom":[0,27],"cText":[""],"cRemoved":["f"]}

{"cOrigin":"+delete","cTo":[0,27],"cNewPos":[0,26],"cWhen":1.5300103938137689e9,"tag":"Change","cFrom":[0,26],"cText":[""],"cRemoved":[" "]}

{"cOrigin":"+delete","cTo":[0,26],"cNewPos":[0,25],"cWhen":1.5300103938637884e9,"tag":"Change","cFrom":[0,25],"cText":[""],"cRemoved":["0"]}

{"cOrigin":"+delete","cTo":[0,25],"cNewPos":[0,24],"cWhen":1.5300103939138575e9,"tag":"Change","cFrom":[0,24],"cText":[""],"cRemoved":["1"]}

{"cOrigin":"+delete","cTo":[0,24],"cNewPos":[0,23],"cWhen":1.5300103939638886e9,"tag":"Change","cFrom":[0,23],"cText":[""],"cRemoved":[" "]}

{"cOrigin":"+delete","cTo":[0,23],"cNewPos":[0,22],"cWhen":1.5300103940137296e9,"tag":"Change","cFrom":[0,22],"cText":[""],"cRemoved":["y"]}

{"cOrigin":"+delete","cTo":[0,22],"cNewPos":[0,21],"cWhen":1.5300103940637794e9,"tag":"Change","cFrom":[0,21],"cText":[""],"cRemoved":["r"]}

{"cOrigin":"+delete","cTo":[0,21],"cNewPos":[0,20],"cWhen":1.530010394113742e9,"tag":"Change","cFrom":[0,20],"cText":[""],"cRemoved":["e"]}

{"cOrigin":"+delete","cTo":[0,20],"cNewPos":[0,19],"cWhen":1.5300103941637292e9,"tag":"Change","cFrom":[0,19],"cText":[""],"cRemoved":["v"]}

{"cOrigin":"+delete","cTo":[0,19],"cNewPos":[0,18],"cWhen":1.5300103942137353e9,"tag":"Change","cFrom":[0,18],"cText":[""],"cRemoved":["e"]}

{"cOrigin":"+delete","cTo":[0,18],"cNewPos":[0,17],"cWhen":1.530010394263731e9,"tag":"Change","cFrom":[0,17],"cText":[""],"cRemoved":[" "]}

{"cOrigin":"+delete","cTo":[0,17],"cNewPos":[0,16],"cWhen":1.5300103943137362e9,"tag":"Change","cFrom":[0,16],"cText":[""],"cRemoved":["5"]}

{"cOrigin":"+delete","cTo":[0,16],"cNewPos":[0,15],"cWhen":1.5300103943637235e9,"tag":"Change","cFrom":[0,15],"cText":[""],"cRemoved":["4"]}

{"cOrigin":"+delete","cTo":[0,15],"cNewPos":[0,14],"cWhen":1.5300103944137323e9,"tag":"Change","cFrom":[0,14],"cText":[""],"cRemoved":["*"]}

{"cOrigin":"+delete","cTo":[0,14],"cNewPos":[0,13],"cWhen":1.530010394463748e9,"tag":"Change","cFrom":[0,13],"cText":[""],"cRemoved":["o"]}

{"cOrigin":"+delete","cTo":[0,13],"cNewPos":[0,12],"cWhen":1.5300103945137465e9,"tag":"Change","cFrom":[0,12],"cText":[""],"cRemoved":["l"]}

{"cOrigin":"+delete","cTo":[0,12],"cNewPos":[0,11],"cWhen":1.530010394563722e9,"tag":"Change","cFrom":[0,11],"cText":[""],"cRemoved":[" "]}

{"cOrigin":"+delete","cTo":[0,11],"cNewPos":[0,10],"cWhen":1.5300103946137142e9,"tag":"Change","cFrom":[0,10],"cText":[""],"cRemoved":["i"]}

{"cOrigin":"+delete","cTo":[0,10],"cNewPos":[0,9],"cWhen":1.5300103946637223e9,"tag":"Change","cFrom":[0,9],"cText":[""],"cRemoved":["h"]}

{"cOrigin":"+delete","cTo":[0,9],"cNewPos":[0,8],"cWhen":1.5300103947137203e9,"tag":"Change","cFrom":[0,8],"cText":[""],"cRemoved":["\""]}

{"cOrigin":"+delete","cTo":[0,8],"cNewPos":[0,7],"cWhen":1.5300103947637389e9,"tag":"Change","cFrom":[0,7],"cText":[""],"cRemoved":[" "]}

{"cOrigin":"+delete","cTo":[0,7],"cNewPos":[0,6],"cWhen":1.5300103948137386e9,"tag":"Change","cFrom":[0,6],"cText":[""],"cRemoved":["r"]}

{"cOrigin":"+delete","cTo":[0,6],"cNewPos":[0,5],"cWhen":1.530010394863781e9,"tag":"Change","cFrom":[0,5],"cText":[""],"cRemoved":["e"]}

{"cOrigin":"+delete","cTo":[0,5],"cNewPos":[0,4],"cWhen":1.530010394913721e9,"tag":"Change","cFrom":[0,4],"cText":[""],"cRemoved":["h"]}

{"cOrigin":"+delete","cTo":[0,4],"cNewPos":[0,3],"cWhen":1.5300103949637258e9,"tag":"Change","cFrom":[0,3],"cText":[""],"cRemoved":["g"]}

{"cOrigin":"+delete","cTo":[0,3],"cNewPos":[0,2],"cWhen":1.5300103950137203e9,"tag":"Change","cFrom":[0,2],"cText":[""],"cRemoved":["i"]}

{"cOrigin":"+delete","cTo":[0,2],"cNewPos":[0,1],"cWhen":1.5300103950637264e9,"tag":"Change","cFrom":[0,1],"cText":[""],"cRemoved":["h"]}

{"cOrigin":"+delete","cTo":[0,1],"cNewPos":[0,0],"cWhen":1.5300103951185029e9,"tag":"Change","cFrom":[0,0],"cText":[""],"cRemoved":[" "]}

{"cOrigin":"+input","cTo":[0,0],"cNewPos":[0,1],"cWhen":1.5300104052592232e9,"tag":"Change","cFrom":[0,0],"cText":["\""],"cRemoved":[""]}

{"cOrigin":"+delete","cTo":[0,1],"cNewPos":[0,0],"cWhen":1.530010412779218e9,"tag":"Change","cFrom":[0,0],"cText":[""],"cRemoved":["\""]}

{"cOrigin":"+input","cTo":[0,0],"cNewPos":[0,1],"cWhen":1.5300104140594351e9,"tag":"Change","cFrom":[0,0],"cText":["c"],"cRemoved":[""]}

{"cOrigin":"+input","cTo":[0,1],"cNewPos":[0,2],"cWhen":1.530010415603456e9,"tag":"Change","cFrom":[0,1],"cText":["r"],"cRemoved":[""]}

{"cOrigin":"+input","cTo":[0,2],"cNewPos":[0,3],"cWhen":1.5300104164914734e9,"tag":"Change","cFrom":[0,2],"cText":["e"],"cRemoved":[""]}

{"cOrigin":"+input","cTo":[0,3],"cNewPos":[0,4],"cWhen":1.5300104167441278e9,"tag":"Change","cFrom":[0,3],"cText":["e"],"cRemoved":[""]}

{"cOrigin":"+delete","cTo":[0,4],"cNewPos":[0,3],"cWhen":1.5300104178513536e9,"tag":"Change","cFrom":[0,3],"cText":[""],"cRemoved":["e"]}

{"cOrigin":"+input","cTo":[0,3],"cNewPos":[0,4],"cWhen":1.5300104188515744e9,"tag":"Change","cFrom":[0,3],"cText":["u"],"cRemoved":[""]}

{"cOrigin":"+input","cTo":[0,4],"cNewPos":[0,5],"cWhen":1.5300104192996402e9,"tag":"Change","cFrom":[0,4],"cText":["n"],"cRemoved":[""]}

{"cOrigin":"+input","cTo":[0,5],"cNewPos":[0,6],"cWhen":1.5300104199956574e9,"tag":"Change","cFrom":[0,5],"cText":["c"],"cRemoved":[""]}

{"cOrigin":"+input","cTo":[0,6],"cNewPos":[0,7],"cWhen":1.5300104204118624e9,"tag":"Change","cFrom":[0,6],"cText":["h"],"cRemoved":[""]}

{"cOrigin":"+delete","cTo":[0,7],"cNewPos":[0,6],"cWhen":1.530010422187442e9,"tag":"Change","cFrom":[0,6],"cText":[""],"cRemoved":["h"]}

{"cOrigin":"+delete","cTo":[0,6],"cNewPos":[0,5],"cWhen":1.5300104223474472e9,"tag":"Change","cFrom":[0,5],"cText":[""],"cRemoved":["c"]}

{"cOrigin":"+delete","cTo":[0,5],"cNewPos":[0,4],"cWhen":1.5300104225154443e9,"tag":"Change","cFrom":[0,4],"cText":[""],"cRemoved":["n"]}

{"cOrigin":"+delete","cTo":[0,4],"cNewPos":[0,3],"cWhen":1.530010422659465e9,"tag":"Change","cFrom":[0,3],"cText":[""],"cRemoved":["u"]}

{"cOrigin":"+delete","cTo":[0,3],"cNewPos":[0,2],"cWhen":1.5300104228194368e9,"tag":"Change","cFrom":[0,2],"cText":[""],"cRemoved":["e"]}

{"cOrigin":"+input","cTo":[0,2],"cNewPos":[0,3],"cWhen":1.5300104248517194e9,"tag":"Change","cFrom":[0,2],"cText":["u"],"cRemoved":[""]}

{"cOrigin":"+input","cTo":[0,3],"cNewPos":[0,4],"cWhen":1.5300104256517248e9,"tag":"Change","cFrom":[0,3],"cText":["n"],"cRemoved":[""]}

{"cOrigin":"+input","cTo":[0,4],"cNewPos":[0,5],"cWhen":1.530010426491707e9,"tag":"Change","cFrom":[0,4],"cText":["c"],"cRemoved":[""]}

{"cOrigin":"+input","cTo":[0,5],"cNewPos":[0,6],"cWhen":1.5300104270357199e9,"tag":"Change","cFrom":[0,5],"cText":["h"],"cRemoved":[""]}

{"cOrigin":"+input","cTo":[0,6],"cNewPos":[0,7],"cWhen":1.5300104330679233e9,"tag":"Change","cFrom":[0,6],"cText":[" "],"cRemoved":[""]}

{"cOrigin":"+input","cTo":[0,7],"cNewPos":[0,8],"cWhen":1.5300104360359535e9,"tag":"Change","cFrom":[0,7],"cText":["h"],"cRemoved":[""]}

{"cOrigin":"+input","cTo":[0,8],"cNewPos":[0,9],"cWhen":1.5300104363160684e9,"tag":"Change","cFrom":[0,8],"cText":["i"],"cRemoved":[""]}

{"cOrigin":"+input","cTo":[0,9],"cNewPos":[0,10],"cWhen":1.5300104420199537e9,"tag":"Change","cFrom":[0,9],"cText":["*"],"cRemoved":[""]}

{"cOrigin":"+input","cTo":[0,10],"cNewPos":[0,11],"cWhen":1.5300104463001792e9,"tag":"Change","cFrom":[0,10],"cText":["1"],"cRemoved":[""]}

{"cOrigin":"+input","cTo":[0,11],"cNewPos":[0,12],"cWhen":1.5300104466281755e9,"tag":"Change","cFrom":[0,11],"cText":["2"],"cRemoved":[""]}

{"cWhen":1.5300104516700604e9,"tag":"Eval","cAll":true}

{"cOrigin":"+input","cTo":[0,12],"cNewPos":[0,13],"cWhen":1.53001045935636e9,"tag":"Change","cFrom":[0,12],"cText":["\""],"cRemoved":[""]}

{"cWhen":1.53001046150189e9,"tag":"Eval","cAll":true}

{"cXWarp":12,"cNewPos":[0,12],"cWhen":1.530010470804655e9,"tag":"Move"}

{"cXWarp":11,"cNewPos":[0,11],"cWhen":1.5300104709884756e9,"tag":"Move"}

{"cXWarp":10,"cNewPos":[0,10],"cWhen":1.530010471196476e9,"tag":"Move"}

{"cXWarp":9,"cNewPos":[0,9],"cWhen":1.530010471412505e9,"tag":"Move"}

{"cXWarp":8,"cNewPos":[0,8],"cWhen":1.5300104716205404e9,"tag":"Move"}

{"cXWarp":7,"cNewPos":[0,7],"cWhen":1.5300104718204696e9,"tag":"Move"}

{"cXWarp":6,"cNewPos":[0,6],"cWhen":1.5300104723805144e9,"tag":"Move"}

{"cOrigin":"+input","cTo":[0,6],"cNewPos":[0,7],"cWhen":1.530010477132694e9,"tag":"Change","cFrom":[0,6],"cText":["\""],"cRemoved":[""]}

{"cOrigin":"+input","cTo":[0,7],"cNewPos":[0,8],"cWhen":1.5300104783247552e9,"tag":"Change","cFrom":[0,7],"cText":[" "],"cRemoved":[""]}

{"cOrigin":"+delete","cTo":[0,8],"cNewPos":[0,7],"cWhen":1.530010481252644e9,"tag":"Change","cFrom":[0,7],"cText":[""],"cRemoved":[" "]}

{"cWhen":1.5300104856222568e9,"tag":"Eval","cAll":true}

{"cXWarp":8,"cNewPos":[0,8],"cWhen":1.5300104983249645e9,"tag":"Move"}

{"cXWarp":9,"cNewPos":[0,9],"cWhen":1.5300104985089498e9,"tag":"Move"}

{"cXWarp":10,"cNewPos":[0,10],"cWhen":1.5300104986609416e9,"tag":"Move"}

{"cXWarp":11,"cNewPos":[0,11],"cWhen":1.5300104988209443e9,"tag":"Move"}

{"cXWarp":12,"cNewPos":[0,12],"cWhen":1.5300104989730856e9,"tag":"Move"}

{"cXWarp":13,"cNewPos":[0,13],"cWhen":1.5300104991363473e9,"tag":"Move"}

{"cXWarp":14,"cNewPos":[0,14],"cWhen":1.5300104997169678e9,"tag":"Move"}

{"cOrigin":"+delete","cTo":[0,14],"cNewPos":[0,13],"cWhen":1.5300105037010057e9,"tag":"Change","cFrom":[0,13],"cText":[""],"cRemoved":["\""]}

{"cOrigin":"+input","cTo":[0,13],"cNewPos":[0,14],"cWhen":1.5300105047572548e9,"tag":"Change","cFrom":[0,13],"cText":[" "],"cRemoved":[""]}

{"cOrigin":"+input","cTo":[0,14],"cNewPos":[0,15],"cWhen":1.530010506501271e9,"tag":"Change","cFrom":[0,14],"cText":["h"],"cRemoved":[""]}

{"cOrigin":"+input","cTo":[0,15],"cNewPos":[0,16],"cWhen":1.5300105070852618e9,"tag":"Change","cFrom":[0,15],"cText":["i"],"cRemoved":[""]}

{"cOrigin":"+input","cTo":[0,16],"cNewPos":[0,17],"cWhen":1.5300105074132144e9,"tag":"Change","cFrom":[0,16],"cText":[" "],"cRemoved":[""]}

{"cOrigin":"+input","cTo":[0,17],"cNewPos":[0,18],"cWhen":1.530010507805283e9,"tag":"Change","cFrom":[0,17],"cText":["l"],"cRemoved":[""]}

{"cOrigin":"+input","cTo":[0,18],"cNewPos":[0,19],"cWhen":1.53001050834931e9,"tag":"Change","cFrom":[0,18],"cText":["o"],"cRemoved":[""]}

{"cOrigin":"+input","cTo":[0,19],"cNewPos":[0,20],"cWhen":1.530010508789302e9,"tag":"Change","cFrom":[0,19],"cText":[" "],"cRemoved":[""]}

{"cOrigin":"+input","cTo":[0,20],"cNewPos":[0,21],"cWhen":1.5300105091253219e9,"tag":"Change","cFrom":[0,20],"cText":["h"],"cRemoved":[""]}

{"cOrigin":"+input","cTo":[0,21],"cNewPos":[0,22],"cWhen":1.530010509781328e9,"tag":"Change","cFrom":[0,21],"cText":["i"],"cRemoved":[""]}

{"cOrigin":"+input","cTo":[0,22],"cNewPos":[0,23],"cWhen":1.530010510189359e9,"tag":"Change","cFrom":[0,22],"cText":[" "],"cRemoved":[""]}

{"cOrigin":"+input","cTo":[0,23],"cNewPos":[0,24],"cWhen":1.5300105105653353e9,"tag":"Change","cFrom":[0,23],"cText":["l"],"cRemoved":[""]}

{"cOrigin":"+input","cTo":[0,24],"cNewPos":[0,25],"cWhen":1.5300105108453565e9,"tag":"Change","cFrom":[0,24],"cText":["o"],"cRemoved":[""]}

{"cOrigin":"+input","cTo":[0,25],"cNewPos":[0,26],"cWhen":1.5300105112453446e9,"tag":"Change","cFrom":[0,25],"cText":[" "],"cRemoved":[""]}

{"cOrigin":"+input","cTo":[0,26],"cNewPos":[0,27],"cWhen":1.5300105116533687e9,"tag":"Change","cFrom":[0,26],"cText":["h"],"cRemoved":[""]}

{"cOrigin":"+input","cTo":[0,27],"cNewPos":[0,28],"cWhen":1.5300105123173335e9,"tag":"Change","cFrom":[0,27],"cText":["i"],"cRemoved":[""]}

{"cOrigin":"+input","cTo":[0,28],"cNewPos":[0,29],"cWhen":1.5300105177654357e9,"tag":"Change","cFrom":[0,28],"cText":["*"],"cRemoved":[""]}

{"cOrigin":"+input","cTo":[0,29],"cNewPos":[0,30],"cWhen":1.5300105188934684e9,"tag":"Change","cFrom":[0,29],"cText":["8"],"cRemoved":[""]}

{"cOrigin":"+input","cTo":[0,30],"cNewPos":[0,31],"cWhen":1.53001051920569e9,"tag":"Change","cFrom":[0,30],"cText":["8"],"cRemoved":[""]}

{"cOrigin":"+delete","cTo":[0,31],"cNewPos":[0,30],"cWhen":1.530010520925303e9,"tag":"Change","cFrom":[0,30],"cText":[""],"cRemoved":["8"]}

{"cWhen":1.530010526575061e9,"tag":"Eval","cAll":true}

{"cOrigin":"+input","cTo":[0,30],"cNewPos":[0,31],"cWhen":1.5300105346936855e9,"tag":"Change","cFrom":[0,30],"cText":["\""],"cRemoved":[""]}

{"cWhen":1.5300105369110813e9,"tag":"Eval","cAll":true}

{"cOrigin":"+delete","cTo":[0,31],"cNewPos":[0,30],"cWhen":1.5300105505576296e9,"tag":"Change","cFrom":[0,30],"cText":[""],"cRemoved":["\""]}

{"cOrigin":"+input","cTo":[0,30],"cNewPos":[0,31],"cWhen":1.5300105513261135e9,"tag":"Change","cFrom":[0,30],"cText":[" "],"cRemoved":[""]}

{"cOrigin":"+input","cTo":[0,31],"cNewPos":[0,32],"cWhen":1.5300105584138877e9,"tag":"Change","cFrom":[0,31],"cText":["h"],"cRemoved":[""]}

{"cOrigin":"+input","cTo":[0,32],"cNewPos":[0,33],"cWhen":1.5300105587499235e9,"tag":"Change","cFrom":[0,32],"cText":["i"],"cRemoved":[""]}

{"cOrigin":"+input","cTo":[0,33],"cNewPos":[0,34],"cWhen":1.5300105591261425e9,"tag":"Change","cFrom":[0,33],"cText":[" "],"cRemoved":[""]}

{"cOrigin":"+input","cTo":[0,34],"cNewPos":[0,35],"cWhen":1.5300105594701598e9,"tag":"Change","cFrom":[0,34],"cText":["h"],"cRemoved":[""]}

{"cOrigin":"+input","cTo":[0,35],"cNewPos":[0,36],"cWhen":1.5300105598859532e9,"tag":"Change","cFrom":[0,35],"cText":["i"],"cRemoved":[""]}

{"cOrigin":"+input","cTo":[0,36],"cNewPos":[0,37],"cWhen":1.5300105602699854e9,"tag":"Change","cFrom":[0,36],"cText":[" "],"cRemoved":[""]}

{"cOrigin":"+input","cTo":[0,37],"cNewPos":[0,38],"cWhen":1.5300105606062095e9,"tag":"Change","cFrom":[0,37],"cText":["h"],"cRemoved":[""]}

{"cOrigin":"+input","cTo":[0,38],"cNewPos":[0,39],"cWhen":1.5300105609501095e9,"tag":"Change","cFrom":[0,38],"cText":["i"],"cRemoved":[""]}

{"cOrigin":"+input","cTo":[0,39],"cNewPos":[0,40],"cWhen":1.5300105615179553e9,"tag":"Change","cFrom":[0,39],"cText":["n"],"cRemoved":[""]}

{"cOrigin":"+delete","cTo":[0,40],"cNewPos":[0,39],"cWhen":1.5300105633418288e9,"tag":"Change","cFrom":[0,39],"cText":[""],"cRemoved":["n"]}

{"cOrigin":"+input","cTo":[0,39],"cNewPos":[0,40],"cWhen":1.5300105640061672e9,"tag":"Change","cFrom":[0,39],"cText":[" "],"cRemoved":[""]}

{"cOrigin":"+input","cTo":[0,40],"cNewPos":[0,41],"cWhen":1.5300105647179527e9,"tag":"Change","cFrom":[0,40],"cText":["h"],"cRemoved":[""]}

{"cOrigin":"+input","cTo":[0,41],"cNewPos":[0,42],"cWhen":1.530010565022053e9,"tag":"Change","cFrom":[0,41],"cText":["i"],"cRemoved":[""]}

{"cOrigin":"+input","cTo":[0,42],"cNewPos":[0,43],"cWhen":1.5300105663100338e9,"tag":"Change","cFrom":[0,42],"cText":[" "],"cRemoved":[""]}

{"cOrigin":"+input","cTo":[0,43],"cNewPos":[0,44],"cWhen":1.5300105667582932e9,"tag":"Change","cFrom":[0,43],"cText":["h"],"cRemoved":[""]}

{"cOrigin":"+input","cTo":[0,44],"cNewPos":[0,45],"cWhen":1.5300105671822615e9,"tag":"Change","cFrom":[0,44],"cText":["i"],"cRemoved":[""]}

{"cOrigin":"+input","cTo":[0,45],"cNewPos":[0,46],"cWhen":1.5300105695581677e9,"tag":"Change","cFrom":[0,45],"cText":["*"],"cRemoved":[""]}

{"cOrigin":"+input","cTo":[0,46],"cNewPos":[0,47],"cWhen":1.530010573070174e9,"tag":"Change","cFrom":[0,46],"cText":["5"],"cRemoved":[""]}

{"cOrigin":"+input","cTo":[0,47],"cNewPos":[0,48],"cWhen":1.5300105733421824e9,"tag":"Change","cFrom":[0,47],"cText":["6"],"cRemoved":[""]}

{"cOrigin":"+input","cTo":[0,48],"cNewPos":[0,49],"cWhen":1.5300105767662039e9,"tag":"Change","cFrom":[0,48],"cText":["\""],"cRemoved":[""]}

{"cWhen":1.5300105782149868e9,"tag":"Eval","cAll":true}
