{"cWhen":1530002229,"tag":"Eval","cAll":true}
{"cOrigin":"+input","cTo":[0,0],"cNewPos":[1,0],"cWhen":1.530002261180695e9,"tag":"Change","cFrom":[0,0],"cText":["",""],"cRemoved":[""]}

{"cOrigin":"+input","cTo":[1,0],"cNewPos":[2,0],"cWhen":1.5300022615804577e9,"tag":"Change","cFrom":[1,0],"cText":["",""],"cRemoved":[""]}

{"cOrigin":"+delete","cTo":[2,0],"cNewPos":[1,0],"cWhen":1.5300022639080591e9,"tag":"Change","cFrom":[1,0],"cText":[""],"cRemoved":["",""]}

{"cOrigin":"+delete","cTo":[1,0],"cNewPos":[0,0],"cWhen":1.5300022642679486e9,"tag":"Change","cFrom":[0,0],"cText":[""],"cRemoved":["",""]}

{"cOrigin":"+delete","cTo":[0,1],"cNewPos":[0,0],"cWhen":1.53000228633771e9,"tag":"Change","cFrom":[0,0],"cText":[""],"cRemoved":["$"]}

{"cOrigin":"+input","cTo":[0,0],"cNewPos":[0,1],"cWhen":1.5300022912654073e9,"tag":"Change","cFrom":[0,0],"cText":["\""],"cRemoved":[""]}

{"cOrigin":"+input","cTo":[0,1],"cNewPos":[0,2],"cWhen":1.5300022935930846e9,"tag":"Change","cFrom":[0,1],"cText":["h"],"cRemoved":[""]}

{"cOrigin":"+input","cTo":[0,2],"cNewPos":[0,3],"cWhen":1.5300022943929718e9,"tag":"Change","cFrom":[0,2],"cText":["i"],"cRemoved":[""]}

{"cOrigin":"+input","cTo":[0,3],"cNewPos":[0,4],"cWhen":1.5300022969768305e9,"tag":"Change","cFrom":[0,3],"cText":["\""],"cRemoved":[""]}

{"cOrigin":"+input","cTo":[0,4],"cNewPos":[1,0],"cWhen":1.530002299552497e9,"tag":"Change","cFrom":[0,4],"cText":["",""],"cRemoved":[""]}

{"cOrigin":"+input","cTo":[1,0],"cNewPos":[1,1],"cWhen":1.5300023216298304e9,"tag":"Change","cFrom":[1,0],"cText":["\""],"cRemoved":[""]}

{"cOrigin":"+delete","cTo":[1,1],"cNewPos":[1,0],"cWhen":1.5300023235757823e9,"tag":"Change","cFrom":[1,0],"cText":[""],"cRemoved":["\""]}

{"cXWarp":1,"cNewPos":[0,1],"cWhen":1.5300023252293916e9,"tag":"Move"}

{"cXWarp":1,"cNewPos":[0,1],"cWhen":1.530002325533219e9,"tag":"Move"}

{"cXWarp":2,"cNewPos":[0,2],"cWhen":1.5300023260692024e9,"tag":"Move"}

{"cXWarp":3,"cNewPos":[0,3],"cWhen":1.5300023264452758e9,"tag":"Move"}

{"cXWarp":4,"cNewPos":[0,4],"cWhen":1.530002326925202e9,"tag":"Move"}

{"cXWarp":4,"cNewPos":[0,4],"cWhen":1.5300023275170588e9,"tag":"Move"}

{"cOrigin":"+input","cTo":[0,4],"cNewPos":[0,5],"cWhen":1.5300023283651302e9,"tag":"Change","cFrom":[0,4],"cText":[" "],"cRemoved":[""]}

{"cOrigin":"+input","cTo":[0,5],"cNewPos":[0,6],"cWhen":1.5300023309328127e9,"tag":"Change","cFrom":[0,5],"cText":["\""],"cRemoved":[""]}

{"cOrigin":"+input","cTo":[0,6],"cNewPos":[0,7],"cWhen":1.5300023333757105e9,"tag":"Change","cFrom":[0,6],"cText":["l"],"cRemoved":[""]}

{"cOrigin":"+input","cTo":[0,7],"cNewPos":[0,8],"cWhen":1.5300023338444736e9,"tag":"Change","cFrom":[0,7],"cText":["o"],"cRemoved":[""]}

{"cOrigin":"+input","cTo":[0,8],"cNewPos":[0,9],"cWhen":1.5300023360203488e9,"tag":"Change","cFrom":[0,8],"cText":["\""],"cRemoved":[""]}

{"cOrigin":"+input","cTo":[0,9],"cNewPos":[1,0],"cWhen":1.5300023381322942e9,"tag":"Change","cFrom":[0,9],"cText":["",""],"cRemoved":[""]}

{"cOrigin":"+input","cTo":[1,0],"cNewPos":[2,0],"cWhen":1.5300023393248127e9,"tag":"Change","cFrom":[1,0],"cText":["",""],"cRemoved":[""]}

{"cOrigin":"+input","cTo":[2,0],"cNewPos":[3,0],"cWhen":1.5300023396767325e9,"tag":"Change","cFrom":[2,0],"cText":["",""],"cRemoved":[""]}

{"cOrigin":"+input","cTo":[3,0],"cNewPos":[4,0],"cWhen":1.5300023401166909e9,"tag":"Change","cFrom":[3,0],"cText":["",""],"cRemoved":[""]}

{"cOrigin":"+input","cTo":[4,0],"cNewPos":[5,0],"cWhen":1.5300023412290866e9,"tag":"Change","cFrom":[4,0],"cText":["",""],"cRemoved":[""]}

{"cOrigin":"+input","cTo":[5,0],"cNewPos":[6,0],"cWhen":1.530002341853377e9,"tag":"Change","cFrom":[5,0],"cText":["",""],"cRemoved":[""]}

{"cOrigin":"+input","cTo":[6,0],"cNewPos":[7,0],"cWhen":1.5300023423656223e9,"tag":"Change","cFrom":[6,0],"cText":["",""],"cRemoved":[""]}

{"cXWarp":0,"cNewPos":[6,0],"cWhen":1.5300023443743966e9,"tag":"Move"}

{"cXWarp":0,"cNewPos":[5,0],"cWhen":1.5300023451509242e9,"tag":"Move"}

{"cXWarp":0,"cNewPos":[4,0],"cWhen":1.5300023459514413e9,"tag":"Move"}

{"cXWarp":0,"cNewPos":[3,0],"cWhen":1.530002346207501e9,"tag":"Move"}

{"cXWarp":0,"cNewPos":[2,0],"cWhen":1.5300023466077018e9,"tag":"Move"}

{"cXWarp":0,"cNewPos":[1,0],"cWhen":1.530002346784715e9,"tag":"Move"}

{"cXWarp":0,"cNewPos":[0,0],"cWhen":1.5300023470398977e9,"tag":"Move"}

{"cXWarp":0,"cNewPos":[0,0],"cWhen":1.530002347207904e9,"tag":"Move"}

{"cXWarp":0,"cNewPos":[0,0],"cWhen":1.5300023476721537e9,"tag":"Move"}

{"cXWarp":1,"cNewPos":[0,1],"cWhen":1.5300023482084174e9,"tag":"Move"}

{"cXWarp":2,"cNewPos":[0,2],"cWhen":1.5300023484565418e9,"tag":"Move"}

{"cXWarp":3,"cNewPos":[0,3],"cWhen":1.5300023486892083e9,"tag":"Move"}

{"cXWarp":4,"cNewPos":[0,4],"cWhen":1.5300023489048526e9,"tag":"Move"}

{"cXWarp":5,"cNewPos":[0,5],"cWhen":1.530002349184982e9,"tag":"Move"}

{"cXWarp":6,"cNewPos":[0,6],"cWhen":1.5300023498653169e9,"tag":"Move"}

{"cXWarp":7,"cNewPos":[0,7],"cWhen":1.5300023503935938e9,"tag":"Move"}

{"cXWarp":8,"cNewPos":[0,8],"cWhen":1.5300023509858615e9,"tag":"Move"}

{"cXWarp":9,"cNewPos":[0,9],"cWhen":1.5300023514821153e9,"tag":"Move"}

{"cOrigin":"+input","cTo":[0,9],"cNewPos":[1,0],"cWhen":1.5300023563407474e9,"tag":"Change","cFrom":[0,9],"cText":["",""],"cRemoved":[""]}

{"cOrigin":"+input","cTo":[1,0],"cNewPos":[2,0],"cWhen":1.5300023574532826e9,"tag":"Change","cFrom":[1,0],"cText":["",""],"cRemoved":[""]}

{"cOrigin":"+input","cTo":[2,0],"cNewPos":[3,0],"cWhen":1.530002358101601e9,"tag":"Change","cFrom":[2,0],"cText":["",""],"cRemoved":[""]}

{"cXWarp":0,"cNewPos":[2,0],"cWhen":1.5300023597501917e9,"tag":"Move"}

{"cXWarp":0,"cNewPos":[1,0],"cWhen":1.5300023600015788e9,"tag":"Move"}

{"cXWarp":0,"cNewPos":[0,0],"cWhen":1.5300023600515041e9,"tag":"Move"}

{"cXWarp":0,"cNewPos":[0,0],"cWhen":1.5300023601015222e9,"tag":"Move"}

{"cXWarp":0,"cNewPos":[0,0],"cWhen":1.5300023601515036e9,"tag":"Move"}

{"cXWarp":0,"cNewPos":[0,0],"cWhen":1.530002360201492e9,"tag":"Move"}

{"cXWarp":0,"cNewPos":[0,0],"cWhen":1.530002360251493e9,"tag":"Move"}

{"cXWarp":0,"cNewPos":[0,0],"cWhen":1.530002360301496e9,"tag":"Move"}

{"cXWarp":1,"cNewPos":[0,1],"cWhen":1.5300023608276715e9,"tag":"Move"}

{"cXWarp":2,"cNewPos":[0,2],"cWhen":1.5300023611252582e9,"tag":"Move"}

{"cXWarp":3,"cNewPos":[0,3],"cWhen":1.530002361414974e9,"tag":"Move"}

{"cXWarp":4,"cNewPos":[0,4],"cWhen":1.530002361567085e9,"tag":"Move"}

{"cXWarp":5,"cNewPos":[0,5],"cWhen":1.5300023618312638e9,"tag":"Move"}

{"cXWarp":6,"cNewPos":[0,6],"cWhen":1.5300023627676866e9,"tag":"Move"}

{"cXWarp":7,"cNewPos":[0,7],"cWhen":1.5300023736371844e9,"tag":"Move"}

{"cXWarp":8,"cNewPos":[0,8],"cWhen":1.530002373941364e9,"tag":"Move"}

{"cXWarp":9,"cNewPos":[0,9],"cWhen":1.53000237426954e9,"tag":"Move"}

{"cOrigin":"+input","cTo":[0,9],"cNewPos":[0,10],"cWhen":1.530002378612166e9,"tag":"Change","cFrom":[0,9],"cText":["\""],"cRemoved":[""]}

{"cOrigin":"+delete","cTo":[0,10],"cNewPos":[0,9],"cWhen":1.5300023815850434e9,"tag":"Change","cFrom":[0,9],"cText":[""],"cRemoved":["\""]}

{"cOrigin":"+delete","cTo":[0,9],"cNewPos":[0,8],"cWhen":1.5300023821454403e9,"tag":"Change","cFrom":[0,8],"cText":[""],"cRemoved":["\""]}

{"cOrigin":"+input","cTo":[0,8],"cNewPos":[0,9],"cWhen":1.5300023860889711e9,"tag":"Change","cFrom":[0,8],"cText":["\""],"cRemoved":[""]}

{"cOrigin":"+input","cTo":[0,9],"cNewPos":[0,10],"cWhen":1.5300023873721342e9,"tag":"Change","cFrom":[0,9],"cText":[" "],"cRemoved":[""]}

{"cOrigin":"+input","cTo":[0,10],"cNewPos":[0,11],"cWhen":1.5300023902695608e9,"tag":"Change","cFrom":[0,10],"cText":["l"],"cRemoved":[""]}

{"cOrigin":"+input","cTo":[0,11],"cNewPos":[0,12],"cWhen":1.5300023946396751e9,"tag":"Change","cFrom":[0,11],"cText":["\""],"cRemoved":[""]}

{"cOrigin":"+delete","cTo":[0,12],"cNewPos":[0,11],"cWhen":1.530002396814122e9,"tag":"Change","cFrom":[0,11],"cText":[""],"cRemoved":["\""]}

{"cOrigin":"+delete","cTo":[0,11],"cNewPos":[0,10],"cWhen":1.5300023973128867e9,"tag":"Change","cFrom":[0,10],"cText":[""],"cRemoved":["l"]}

{"cOrigin":"+input","cTo":[0,10],"cNewPos":[0,11],"cWhen":1.530002400570831e9,"tag":"Change","cFrom":[0,10],"cText":["\""],"cRemoved":[""]}

{"cOrigin":"+input","cTo":[0,11],"cNewPos":[0,12],"cWhen":1.5300024028521109e9,"tag":"Change","cFrom":[0,11],"cText":["l"],"cRemoved":[""]}

{"cOrigin":"+input","cTo":[0,12],"cNewPos":[0,13],"cWhen":1.5300024034363947e9,"tag":"Change","cFrom":[0,12],"cText":["o"],"cRemoved":[""]}

{"cOrigin":"+input","cTo":[0,13],"cNewPos":[0,14],"cWhen":1.53000240749441e9,"tag":"Change","cFrom":[0,13],"cText":["\""],"cRemoved":[""]}

{"cOrigin":"+input","cTo":[0,14],"cNewPos":[1,0],"cWhen":1.5300024114961822e9,"tag":"Change","cFrom":[0,14],"cText":["",""],"cRemoved":[""]}

{"cWhen":1.5300024184463747e9,"tag":"Eval","cAll":true}

{"cWhen":1.530002425278369e9,"tag":"Eval","cAll":true}

{"cWhen":1.5300024273362997e9,"tag":"Eval","cAll":true}

{"cXWarp":0,"cNewPos":[0,0],"cWhen":1.5300024331788712e9,"tag":"Move"}

{"cXWarp":0,"cNewPos":[0,0],"cWhen":1.5300024334270678e9,"tag":"Move"}

{"cXWarp":0,"cNewPos":[0,0],"cWhen":1.5300024339553485e9,"tag":"Move"}

{"cXWarp":0,"cNewPos":[0,0],"cWhen":1.5300024349478383e9,"tag":"Move"}

{"cXWarp":0,"cNewPos":[0,0],"cWhen":1.5300024356520844e9,"tag":"Move"}

{"cXWarp":1,"cNewPos":[0,1],"cWhen":1.5300024542454994e9,"tag":"Move"}

{"cXWarp":2,"cNewPos":[0,2],"cWhen":1.5300024545094852e9,"tag":"Move"}

{"cXWarp":3,"cNewPos":[0,3],"cWhen":1.530002454669563e9,"tag":"Move"}

{"cXWarp":4,"cNewPos":[0,4],"cWhen":1.5300024548778143e9,"tag":"Move"}

{"cXWarp":5,"cNewPos":[0,5],"cWhen":1.530002455037781e9,"tag":"Move"}

{"cOrigin":"+input","cTo":[0,5],"cNewPos":[1,0],"cWhen":1.5300024576151948e9,"tag":"Change","cFrom":[0,5],"cText":["",""],"cRemoved":[""]}

{"cOrigin":"+input","cTo":[1,0],"cNewPos":[2,0],"cWhen":1.530002458415764e9,"tag":"Change","cFrom":[1,0],"cText":["",""],"cRemoved":[""]}

{"cXWarp":1,"cNewPos":[2,1],"cWhen":1.530002460024393e9,"tag":"Move"}

{"cXWarp":2,"cNewPos":[2,2],"cWhen":1.530002460528664e9,"tag":"Move"}

{"cXWarp":3,"cNewPos":[2,3],"cWhen":1.530002460736749e9,"tag":"Move"}

{"cXWarp":4,"cNewPos":[2,4],"cWhen":1.5300024609289296e9,"tag":"Move"}

{"cXWarp":5,"cNewPos":[2,5],"cWhen":1.5300024611609719e9,"tag":"Move"}

{"cOrigin":"+input","cTo":[2,5],"cNewPos":[3,0],"cWhen":1.5300024630501142e9,"tag":"Change","cFrom":[2,5],"cText":["",""],"cRemoved":[""]}

{"cOrigin":"+input","cTo":[3,0],"cNewPos":[4,0],"cWhen":1.5300024635781949e9,"tag":"Change","cFrom":[3,0],"cText":["",""],"cRemoved":[""]}

{"cWhen":1.5300024696458082e9,"tag":"Eval","cAll":true}

{"cXWarp":1,"cNewPos":[4,1],"cWhen":1.530002476078827e9,"tag":"Move"}

{"cXWarp":2,"cNewPos":[4,2],"cWhen":1.5300024763348713e9,"tag":"Move"}

{"cXWarp":3,"cNewPos":[4,3],"cWhen":1.530002476567015e9,"tag":"Move"}

{"cOrigin":"+input","cTo":[4,3],"cNewPos":[4,4],"cWhen":1.5300024806560524e9,"tag":"Change","cFrom":[4,3],"cText":[" "],"cRemoved":[""]}

{"cOrigin":"+input","cTo":[4,4],"cNewPos":[4,5],"cWhen":1.5300024825522459e9,"tag":"Change","cFrom":[4,4],"cText":["\""],"cRemoved":[""]}

{"cOrigin":"+delete","cTo":[4,5],"cNewPos":[4,4],"cWhen":1.5300024843123283e9,"tag":"Change","cFrom":[4,4],"cText":[""],"cRemoved":["\""]}

{"cOrigin":"+delete","cTo":[4,4],"cNewPos":[4,3],"cWhen":1.5300024851683254e9,"tag":"Change","cFrom":[4,3],"cText":[""],"cRemoved":[" "]}

{"cOrigin":"+delete","cTo":[4,3],"cNewPos":[4,2],"cWhen":1.530002485808556e9,"tag":"Change","cFrom":[4,2],"cText":[""],"cRemoved":["o"]}

{"cOrigin":"+input","cTo":[4,2],"cNewPos":[4,3],"cWhen":1.5300024886510606e9,"tag":"Change","cFrom":[4,2],"cText":["o"],"cRemoved":[""]}

{"cOrigin":"+input","cTo":[4,3],"cNewPos":[4,4],"cWhen":1.5300024900818512e9,"tag":"Change","cFrom":[4,3],"cText":[" "],"cRemoved":[""]}

{"cOrigin":"+delete","cTo":[4,5],"cNewPos":[4,4],"cWhen":1.530002493609473e9,"tag":"Change","cFrom":[4,4],"cText":[""],"cRemoved":["\""]}

{"cXWarp":3,"cNewPos":[4,3],"cWhen":1.5300025053224983e9,"tag":"Move"}

{"cOrigin":"+input","cTo":[4,3],"cNewPos":[4,4],"cWhen":1.5300025095310287e9,"tag":"Change","cFrom":[4,3],"cText":["\""],"cRemoved":[""]}

{"cOrigin":"+input","cTo":[4,4],"cNewPos":[4,5],"cWhen":1.5300025109231622e9,"tag":"Change","cFrom":[4,4],"cText":[" "],"cRemoved":[""]}

{"cOrigin":"+input","cTo":[4,5],"cNewPos":[4,6],"cWhen":1.5300025134032295e9,"tag":"Change","cFrom":[4,5],"cText":["l"],"cRemoved":[""]}

{"cOrigin":"+input","cTo":[4,6],"cNewPos":[4,7],"cWhen":1.5300025137153668e9,"tag":"Change","cFrom":[4,6],"cText":["o"],"cRemoved":[""]}

{"cOrigin":"+input","cTo":[4,7],"cNewPos":[4,8],"cWhen":1.5300025143952873e9,"tag":"Change","cFrom":[4,7],"cText":[" "],"cRemoved":[""]}

{"cOrigin":"+input","cTo":[4,8],"cNewPos":[4,9],"cWhen":1.5300025153565247e9,"tag":"Change","cFrom":[4,8],"cText":["j"],"cRemoved":[""]}

{"cOrigin":"+input","cTo":[4,9],"cNewPos":[4,10],"cWhen":1.5300025153682027e9,"tag":"Change","cFrom":[4,9],"cText":["k"],"cRemoved":[""]}

{"cOrigin":"+delete","cTo":[4,10],"cNewPos":[4,9],"cWhen":1.5300025176753821e9,"tag":"Change","cFrom":[4,9],"cText":[""],"cRemoved":["k"]}

{"cOrigin":"+delete","cTo":[4,9],"cNewPos":[4,8],"cWhen":1.5300025179245412e9,"tag":"Change","cFrom":[4,8],"cText":[""],"cRemoved":["j"]}

{"cOrigin":"+input","cTo":[4,8],"cNewPos":[4,9],"cWhen":1.5300025198757808e9,"tag":"Change","cFrom":[4,8],"cText":[" "],"cRemoved":[""]}

{"cOrigin":"+input","cTo":[4,9],"cNewPos":[4,10],"cWhen":1.5300025202914052e9,"tag":"Change","cFrom":[4,9],"cText":["l"],"cRemoved":[""]}

{"cOrigin":"+input","cTo":[4,10],"cNewPos":[4,11],"cWhen":1.5300025206114511e9,"tag":"Change","cFrom":[4,10],"cText":["o"],"cRemoved":[""]}

{"cOrigin":"+input","cTo":[4,11],"cNewPos":[4,12],"cWhen":1.5300025211466208e9,"tag":"Change","cFrom":[4,11],"cText":[" "],"cRemoved":[""]}

{"cOrigin":"+input","cTo":[4,12],"cNewPos":[4,13],"cWhen":1.5300025216198256e9,"tag":"Change","cFrom":[4,12],"cText":["l"],"cRemoved":[""]}

{"cOrigin":"+input","cTo":[4,13],"cNewPos":[4,14],"cWhen":1.5300025220598588e9,"tag":"Change","cFrom":[4,13],"cText":["o"],"cRemoved":[""]}

{"cOrigin":"+input","cTo":[4,14],"cNewPos":[4,15],"cWhen":1.5300025398925474e9,"tag":"Change","cFrom":[4,14],"cText":["\""],"cRemoved":[""]}

{"cXWarp":14,"cNewPos":[4,14],"cWhen":1.5300025430285232e9,"tag":"Move"}

{"cXWarp":13,"cNewPos":[4,13],"cWhen":1.5300025432766664e9,"tag":"Move"}

{"cXWarp":12,"cNewPos":[4,12],"cWhen":1.5300025438123896e9,"tag":"Move"}

{"cXWarp":11,"cNewPos":[4,11],"cWhen":1.5300025444767215e9,"tag":"Move"}

{"cXWarp":10,"cNewPos":[4,10],"cWhen":1.5300025449967031e9,"tag":"Move"}

{"cXWarp":9,"cNewPos":[4,9],"cWhen":1.5300025465807588e9,"tag":"Move"}

{"cXWarp":8,"cNewPos":[4,8],"cWhen":1.5300025472047844e9,"tag":"Move"}

{"cXWarp":7,"cNewPos":[4,7],"cWhen":1.5300025477807946e9,"tag":"Move"}

{"cXWarp":6,"cNewPos":[4,6],"cWhen":1.5300025482848732e9,"tag":"Move"}

{"cXWarp":5,"cNewPos":[4,5],"cWhen":1.5300025496928544e9,"tag":"Move"}

{"cXWarp":4,"cNewPos":[4,4],"cWhen":1.5300025501249182e9,"tag":"Move"}

{"cXWarp":3,"cNewPos":[4,3],"cWhen":1.5300025504368699e9,"tag":"Move"}

{"cOrigin":"+delete","cTo":[4,4],"cNewPos":[4,3],"cWhen":1.5300025527648606e9,"tag":"Change","cFrom":[4,3],"cText":[""],"cRemoved":["\""]}

{"cXWarp":0,"cNewPos":[3,0],"cWhen":1.530002561981212e9,"tag":"Move"}

{"cXWarp":0,"cNewPos":[2,0],"cWhen":1.5300025623731344e9,"tag":"Move"}

{"cXWarp":1,"cNewPos":[2,1],"cWhen":1.5300025646807847e9,"tag":"Move"}

{"cXWarp":2,"cNewPos":[2,2],"cWhen":1.5300025649892292e9,"tag":"Move"}

{"cXWarp":3,"cNewPos":[2,3],"cWhen":1.530002565269349e9,"tag":"Move"}

{"cXWarp":4,"cNewPos":[2,4],"cWhen":1.5300025657332377e9,"tag":"Move"}

{"cXWarp":3,"cNewPos":[2,3],"cWhen":1.5300025677814083e9,"tag":"Move"}

{"cOrigin":"+delete","cTo":[2,3],"cNewPos":[2,2],"cWhen":1.5300025696454043e9,"tag":"Change","cFrom":[2,2],"cText":[""],"cRemoved":["o"]}

{"cOrigin":"+delete","cTo":[2,2],"cNewPos":[2,1],"cWhen":1.530002571573807e9,"tag":"Change","cFrom":[2,1],"cText":[""],"cRemoved":["l"]}

{"cOrigin":"+delete","cTo":[2,1],"cNewPos":[2,0],"cWhen":1.530002571998059e9,"tag":"Change","cFrom":[2,0],"cText":[""],"cRemoved":["\""]}

{"cOrigin":"+delete","cTo":[2,0],"cNewPos":[1,0],"cWhen":1.5300025722855332e9,"tag":"Change","cFrom":[1,0],"cText":[""],"cRemoved":["",""]}

{"cOrigin":"+delete","cTo":[1,0],"cNewPos":[0,5],"cWhen":1.5300025727173972e9,"tag":"Change","cFrom":[0,5],"cText":[""],"cRemoved":["",""]}

{"cXWarp":3,"cNewPos":[0,3],"cWhen":1.5300025748054862e9,"tag":"Move"}

{"cXWarp":3,"cNewPos":[0,3],"cWhen":1.5300025753896163e9,"tag":"Move"}

{"cXWarp":4,"cNewPos":[0,4],"cWhen":1.530002577005597e9,"tag":"Move"}

{"cXWarp":5,"cNewPos":[0,5],"cWhen":1.5300025776776366e9,"tag":"Move"}

{"cOrigin":"+delete","cTo":[0,5],"cNewPos":[0,4],"cWhen":1.5300025799895563e9,"tag":"Change","cFrom":[0,4],"cText":[""],"cRemoved":[" "]}

{"cOrigin":"+delete","cTo":[0,4],"cNewPos":[0,3],"cWhen":1.5300025805095444e9,"tag":"Change","cFrom":[0,3],"cText":[""],"cRemoved":["\""]}

{"cOrigin":"+delete","cTo":[0,3],"cNewPos":[0,2],"cWhen":1.5300025809095252e9,"tag":"Change","cFrom":[0,2],"cText":[""],"cRemoved":["i"]}

{"cOrigin":"+delete","cTo":[0,2],"cNewPos":[0,1],"cWhen":1.5300025816056545e9,"tag":"Change","cFrom":[0,1],"cText":[""],"cRemoved":["h"]}

{"cOrigin":"+delete","cTo":[0,1],"cNewPos":[0,0],"cWhen":1.5300025818536584e9,"tag":"Change","cFrom":[0,0],"cText":[""],"cRemoved":["\""]}

{"cOrigin":"+delete","cTo":[0,1],"cNewPos":[0,0],"cWhen":1.530002584853766e9,"tag":"Change","cFrom":[0,0],"cText":[""],"cRemoved":["\""]}

{"cXWarp":0,"cNewPos":[1,0],"cWhen":1.5300025866297143e9,"tag":"Move"}

{"cXWarp":0,"cNewPos":[2,0],"cWhen":1.5300025869337928e9,"tag":"Move"}

{"cXWarp":1,"cNewPos":[2,1],"cWhen":1.5300025879498782e9,"tag":"Move"}

{"cXWarp":2,"cNewPos":[2,2],"cWhen":1.5300025883738713e9,"tag":"Move"}

{"cXWarp":3,"cNewPos":[2,3],"cWhen":1.530002588750296e9,"tag":"Move"}

{"cXWarp":4,"cNewPos":[2,4],"cWhen":1.5300025891258595e9,"tag":"Move"}

{"cXWarp":5,"cNewPos":[2,5],"cWhen":1.5300025894217842e9,"tag":"Move"}

{"cXWarp":6,"cNewPos":[2,6],"cWhen":1.5300025896859074e9,"tag":"Move"}

{"cXWarp":7,"cNewPos":[2,7],"cWhen":1.5300025899578898e9,"tag":"Move"}

{"cXWarp":8,"cNewPos":[2,8],"cWhen":1.5300025902618048e9,"tag":"Move"}

{"cXWarp":9,"cNewPos":[2,9],"cWhen":1.5300025906939082e9,"tag":"Move"}

{"cXWarp":10,"cNewPos":[2,10],"cWhen":1.530002591037886e9,"tag":"Move"}

{"cXWarp":11,"cNewPos":[2,11],"cWhen":1.5300025913899367e9,"tag":"Move"}

{"cXWarp":12,"cNewPos":[2,12],"cWhen":1.5300025918459373e9,"tag":"Move"}

{"cXWarp":13,"cNewPos":[2,13],"cWhen":1.5300025921899097e9,"tag":"Move"}

{"cXWarp":12,"cNewPos":[2,12],"cWhen":1.5300025936465278e9,"tag":"Move"}

{"cXWarp":11,"cNewPos":[2,11],"cWhen":1.5300025939014914e9,"tag":"Move"}

{"cXWarp":10,"cNewPos":[2,10],"cWhen":1.5300025939514835e9,"tag":"Move"}

{"cXWarp":9,"cNewPos":[2,9],"cWhen":1.5300025939978182e9,"tag":"Move"}

{"cXWarp":8,"cNewPos":[2,8],"cWhen":1.530002594261849e9,"tag":"Move"}

{"cXWarp":7,"cNewPos":[2,7],"cWhen":1.5300025944858468e9,"tag":"Move"}

{"cXWarp":6,"cNewPos":[2,6],"cWhen":1.5300025947017977e9,"tag":"Move"}

{"cXWarp":5,"cNewPos":[2,5],"cWhen":1.5300025949179504e9,"tag":"Move"}

{"cXWarp":4,"cNewPos":[2,4],"cWhen":1.530002595109917e9,"tag":"Move"}

{"cXWarp":3,"cNewPos":[2,3],"cWhen":1.5300025953099093e9,"tag":"Move"}

{"cXWarp":2,"cNewPos":[2,2],"cWhen":1.5300025955177944e9,"tag":"Move"}

{"cXWarp":1,"cNewPos":[2,1],"cWhen":1.5300025957257943e9,"tag":"Move"}

{"cXWarp":0,"cNewPos":[2,0],"cWhen":1.5300025960378935e9,"tag":"Move"}

{"cXWarp":1,"cNewPos":[2,1],"cWhen":1.5300026139397352e9,"tag":"Move"}

{"cXWarp":2,"cNewPos":[2,2],"cWhen":1.5300026142193856e9,"tag":"Move"}

{"cXWarp":3,"cNewPos":[2,3],"cWhen":1.5300026145073676e9,"tag":"Move"}

{"cXWarp":4,"cNewPos":[2,4],"cWhen":1.5300026149633138e9,"tag":"Move"}

{"cXWarp":5,"cNewPos":[2,5],"cWhen":1.5300026151633232e9,"tag":"Move"}

{"cXWarp":6,"cNewPos":[2,6],"cWhen":1.5300026153872483e9,"tag":"Move"}

{"cXWarp":7,"cNewPos":[2,7],"cWhen":1.5300026156190937e9,"tag":"Move"}

{"cXWarp":8,"cNewPos":[2,8],"cWhen":1.530002615827079e9,"tag":"Move"}

{"cXWarp":9,"cNewPos":[2,9],"cWhen":1.5300026160512226e9,"tag":"Move"}

{"cXWarp":10,"cNewPos":[2,10],"cWhen":1.5300026162751331e9,"tag":"Move"}

{"cXWarp":11,"cNewPos":[2,11],"cWhen":1.530002616507115e9,"tag":"Move"}

{"cXWarp":12,"cNewPos":[2,12],"cWhen":1.5300026167534893e9,"tag":"Move"}

{"cXWarp":13,"cNewPos":[2,13],"cWhen":1.5300026171789694e9,"tag":"Move"}

{"cOrigin":"+input","cTo":[2,13],"cNewPos":[2,14],"cWhen":1.5300026203795042e9,"tag":"Change","cFrom":[2,13],"cText":["2"],"cRemoved":[""]}

{"cXWarp":13,"cNewPos":[2,13],"cWhen":1.530002626689293e9,"tag":"Move"}

{"cXWarp":12,"cNewPos":[2,12],"cWhen":1.5300026269212592e9,"tag":"Move"}

{"cXWarp":11,"cNewPos":[2,11],"cWhen":1.530002627137052e9,"tag":"Move"}

{"cXWarp":10,"cNewPos":[2,10],"cWhen":1.5300026273452234e9,"tag":"Move"}

{"cXWarp":9,"cNewPos":[2,9],"cWhen":1.5300026275450377e9,"tag":"Move"}

{"cXWarp":8,"cNewPos":[2,8],"cWhen":1.5300026277611282e9,"tag":"Move"}

{"cXWarp":7,"cNewPos":[2,7],"cWhen":1.530002627992889e9,"tag":"Move"}

{"cXWarp":6,"cNewPos":[2,6],"cWhen":1.5300026282090516e9,"tag":"Move"}

{"cXWarp":5,"cNewPos":[2,5],"cWhen":1.5300026284409163e9,"tag":"Move"}

{"cXWarp":4,"cNewPos":[2,4],"cWhen":1.530002628688851e9,"tag":"Move"}

{"cXWarp":3,"cNewPos":[2,3],"cWhen":1.530002628932841e9,"tag":"Move"}

{"cXWarp":2,"cNewPos":[2,2],"cWhen":1.5300026291848583e9,"tag":"Move"}

{"cXWarp":1,"cNewPos":[2,1],"cWhen":1.5300026294567027e9,"tag":"Move"}

{"cXWarp":0,"cNewPos":[2,0],"cWhen":1.5300026297847562e9,"tag":"Move"}

{"cOrigin":"+input","cTo":[2,0],"cNewPos":[2,1],"cWhen":1.5300026315445504e9,"tag":"Change","cFrom":[2,0],"cText":["e"],"cRemoved":[""]}

{"cOrigin":"+input","cTo":[2,1],"cNewPos":[2,2],"cWhen":1.530002633024281e9,"tag":"Change","cFrom":[2,1],"cText":["v"],"cRemoved":[""]}

{"cOrigin":"+input","cTo":[2,2],"cNewPos":[2,3],"cWhen":1.530002633464312e9,"tag":"Change","cFrom":[2,2],"cText":["e"],"cRemoved":[""]}

{"cOrigin":"+input","cTo":[2,3],"cNewPos":[2,4],"cWhen":1.5300026339522233e9,"tag":"Change","cFrom":[2,3],"cText":["r"],"cRemoved":[""]}

{"cOrigin":"+input","cTo":[2,4],"cNewPos":[2,5],"cWhen":1.5300026348000343e9,"tag":"Change","cFrom":[2,4],"cText":["y"],"cRemoved":[""]}

{"cOrigin":"+input","cTo":[2,5],"cNewPos":[2,6],"cWhen":1.5300026366820533e9,"tag":"Change","cFrom":[2,5],"cText":[" "],"cRemoved":[""]}

{"cOrigin":"+input","cTo":[2,6],"cNewPos":[2,7],"cWhen":1.5300026449104795e9,"tag":"Change","cFrom":[2,6],"cText":["1"],"cRemoved":[""]}

{"cOrigin":"+input","cTo":[2,7],"cNewPos":[2,8],"cWhen":1.5300026494458187e9,"tag":"Change","cFrom":[2,7],"cText":[" "],"cRemoved":[""]}
