{"cWhen":1530009606,"tag":"Eval","cAll":true}
{"cOrigin":"+input","cTo":[0,0],"cNewPos":[0,1],"cWhen":1.5300096197542245e9,"tag":"Change","cFrom":[0,0],"cText":["\""],"cRemoved":[""]}

{"cOrigin":"+input","cTo":[0,1],"cNewPos":[0,2],"cWhen":1.530009625082388e9,"tag":"Change","cFrom":[0,1],"cText":["a"],"cRemoved":[""]}

{"cOrigin":"+input","cTo":[0,2],"cNewPos":[0,3],"cWhen":1.5300096283862414e9,"tag":"Change","cFrom":[0,2],"cText":["e"],"cRemoved":[""]}

{"cOrigin":"+delete","cTo":[0,3],"cNewPos":[0,2],"cWhen":1.5300096321541238e9,"tag":"Change","cFrom":[0,2],"cText":[""],"cRemoved":["e"]}

{"cOrigin":"+delete","cTo":[0,2],"cNewPos":[0,1],"cWhen":1.5300096324902248e9,"tag":"Change","cFrom":[0,1],"cText":[""],"cRemoved":["a"]}

{"cOrigin":"+input","cTo":[0,1],"cNewPos":[0,2],"cWhen":1.5300096334903684e9,"tag":"Change","cFrom":[0,1],"cText":["h"],"cRemoved":[""]}

{"cOrigin":"+input","cTo":[0,2],"cNewPos":[0,3],"cWhen":1.5300096341063254e9,"tag":"Change","cFrom":[0,2],"cText":["i"],"cRemoved":[""]}

{"cOrigin":"+input","cTo":[0,3],"cNewPos":[0,4],"cWhen":1.5300096348919919e9,"tag":"Change","cFrom":[0,3],"cText":[" "],"cRemoved":[""]}

{"cOrigin":"+input","cTo":[0,4],"cNewPos":[0,5],"cWhen":1.5300096354742792e9,"tag":"Change","cFrom":[0,4],"cText":["l"],"cRemoved":[""]}

{"cOrigin":"+input","cTo":[0,5],"cNewPos":[0,6],"cWhen":1.5300096359222507e9,"tag":"Change","cFrom":[0,5],"cText":["o"],"cRemoved":[""]}

{"cOrigin":"+input","cTo":[0,6],"cNewPos":[0,7],"cWhen":1.5300096411623952e9,"tag":"Change","cFrom":[0,6],"cText":["\""],"cRemoved":[""]}

{"cWhen":1.5300096488918347e9,"tag":"Eval","cAll":true}

{"cXWarp":6,"cNewPos":[0,6],"cWhen":1.5300096540419517e9,"tag":"Move"}

{"cOrigin":"+input","cTo":[0,6],"cNewPos":[0,7],"cWhen":1.530009660026075e9,"tag":"Change","cFrom":[0,6],"cText":[" "],"cRemoved":[""]}

{"cOrigin":"+input","cTo":[0,7],"cNewPos":[0,8],"cWhen":1.5300096602901053e9,"tag":"Change","cFrom":[0,7],"cText":[" "],"cRemoved":[""]}

{"cOrigin":"+input","cTo":[0,8],"cNewPos":[0,9],"cWhen":1.5300096606901102e9,"tag":"Change","cFrom":[0,8],"cText":[" "],"cRemoved":[""]}

{"cOrigin":"+input","cTo":[0,9],"cNewPos":[0,10],"cWhen":1.5300096610259569e9,"tag":"Change","cFrom":[0,9],"cText":[" "],"cRemoved":[""]}

{"cOrigin":"+input","cTo":[0,10],"cNewPos":[0,11],"cWhen":1.530009663346037e9,"tag":"Change","cFrom":[0,10],"cText":["h"],"cRemoved":[""]}

{"cOrigin":"+input","cTo":[0,11],"cNewPos":[0,12],"cWhen":1.5300096638339846e9,"tag":"Change","cFrom":[0,11],"cText":["i"],"cRemoved":[""]}

{"cWhen":1.5300096692196848e9,"tag":"Eval","cAll":true}

{"cOrigin":"+input","cTo":[0,12],"cNewPos":[0,13],"cWhen":1.5300096802820303e9,"tag":"Change","cFrom":[0,12],"cText":[" "],"cRemoved":[""]}

{"cOrigin":"+input","cTo":[0,13],"cNewPos":[0,14],"cWhen":1.5300096824258764e9,"tag":"Change","cFrom":[0,13],"cText":["l"],"cRemoved":[""]}

{"cOrigin":"+input","cTo":[0,14],"cNewPos":[0,15],"cWhen":1.5300096856098766e9,"tag":"Change","cFrom":[0,14],"cText":["o"],"cRemoved":[""]}

{"cWhen":1.5300097207795305e9,"tag":"MuteToggle","cOrbit":8}

{"cWhen":1.5300097207795305e9,"tag":"Eval","cAll":true}

{"cOrigin":"+input","cTo":[0,15],"cNewPos":[0,16],"cWhen":1.5300097245618083e9,"tag":"Change","cFrom":[0,15],"cText":["*"],"cRemoved":[""]}

{"cOrigin":"+input","cTo":[0,16],"cNewPos":[0,17],"cWhen":1.5300097295937307e9,"tag":"Change","cFrom":[0,16],"cText":["1"],"cRemoved":[""]}

{"cWhen":1.530009738235666e9,"tag":"Eval","cAll":true}

{"cWhen":1.5300097384878225e9,"tag":"Eval","cAll":true}

{"cOrigin":"+delete","cTo":[0,17],"cNewPos":[0,16],"cWhen":1.5300097848892834e9,"tag":"Change","cFrom":[0,16],"cText":[""],"cRemoved":["1"]}

{"cOrigin":"+input","cTo":[0,16],"cNewPos":[0,17],"cWhen":1.5300097871294715e9,"tag":"Change","cFrom":[0,16],"cText":["4"],"cRemoved":[""]}

{"cWhen":1.5300097940115843e9,"tag":"Eval","cAll":true}

{"cXWarp":16,"cNewPos":[0,16],"cWhen":1.5300098605768585e9,"tag":"Move"}

{"cOrigin":"+delete","cTo":[0,16],"cNewPos":[0,15],"cWhen":1.530009910896543e9,"tag":"Change","cFrom":[0,15],"cText":[""],"cRemoved":["*"]}

{"cXWarp":14,"cNewPos":[0,14],"cWhen":1.5300099136007383e9,"tag":"Move"}

{"cXWarp":13,"cNewPos":[0,13],"cWhen":1.5300099141765528e9,"tag":"Move"}

{"cOrigin":"+delete","cTo":[0,13],"cNewPos":[0,12],"cWhen":1.530009916400717e9,"tag":"Change","cFrom":[0,12],"cText":[""],"cRemoved":[" "]}

{"cOrigin":"+delete","cTo":[0,12],"cNewPos":[0,11],"cWhen":1.5300099170725045e9,"tag":"Change","cFrom":[0,11],"cText":[""],"cRemoved":["i"]}

{"cOrigin":"+delete","cTo":[0,11],"cNewPos":[0,10],"cWhen":1.5300099176565986e9,"tag":"Change","cFrom":[0,10],"cText":[""],"cRemoved":["h"]}

{"cOrigin":"+input","cTo":[0,10],"cNewPos":[0,11],"cWhen":1.5300099207286386e9,"tag":"Change","cFrom":[0,10],"cText":["1"],"cRemoved":[""]}

{"cOrigin":"+input","cTo":[0,11],"cNewPos":[0,12],"cWhen":1.5300099209609094e9,"tag":"Change","cFrom":[0,11],"cText":["2"],"cRemoved":[""]}

{"cWhen":1.5300099255230541e9,"tag":"Eval","cAll":true}

{"cOrigin":"+delete","cTo":[0,12],"cNewPos":[0,11],"cWhen":1.5300099355925932e9,"tag":"Change","cFrom":[0,11],"cText":[""],"cRemoved":["2"]}

{"cOrigin":"+delete","cTo":[0,11],"cNewPos":[0,10],"cWhen":1.5300099358325865e9,"tag":"Change","cFrom":[0,10],"cText":[""],"cRemoved":["1"]}

{"cOrigin":"+delete","cTo":[0,10],"cNewPos":[0,9],"cWhen":1.53000993608864e9,"tag":"Change","cFrom":[0,9],"cText":[""],"cRemoved":[" "]}

{"cOrigin":"+delete","cTo":[0,9],"cNewPos":[0,8],"cWhen":1.530009936616589e9,"tag":"Change","cFrom":[0,8],"cText":[""],"cRemoved":[" "]}

{"cOrigin":"+delete","cTo":[0,8],"cNewPos":[0,7],"cWhen":1.530009937152602e9,"tag":"Change","cFrom":[0,7],"cText":[""],"cRemoved":[" "]}

{"cXWarp":8,"cNewPos":[0,8],"cWhen":1.5300099387446566e9,"tag":"Move"}

{"cXWarp":9,"cNewPos":[0,9],"cWhen":1.5300099390007412e9,"tag":"Move"}

{"cXWarp":10,"cNewPos":[0,10],"cWhen":1.5300099392089345e9,"tag":"Move"}

{"cOrigin":"+delete","cTo":[0,10],"cNewPos":[0,9],"cWhen":1.5300099407766657e9,"tag":"Change","cFrom":[0,9],"cText":[""],"cRemoved":["4"]}

{"cOrigin":"+delete","cTo":[0,9],"cNewPos":[0,8],"cWhen":1.5300099413685954e9,"tag":"Change","cFrom":[0,8],"cText":[""],"cRemoved":["o"]}

{"cOrigin":"+delete","cTo":[0,8],"cNewPos":[0,7],"cWhen":1.5300099417846649e9,"tag":"Change","cFrom":[0,7],"cText":[""],"cRemoved":["l"]}

{"cOrigin":"+input","cTo":[0,7],"cNewPos":[0,8],"cWhen":1.5300099495688684e9,"tag":"Change","cFrom":[0,7],"cText":["H"],"cRemoved":[""]}

{"cOrigin":"+input","cTo":[0,8],"cNewPos":[0,9],"cWhen":1.530009961328692e9,"tag":"Change","cFrom":[0,8],"cText":["H"],"cRemoved":[""]}

{"cOrigin":"+input","cTo":[0,9],"cNewPos":[0,10],"cWhen":1.5300099837366555e9,"tag":"Change","cFrom":[0,9],"cText":["h"],"cRemoved":[""]}

{"cOrigin":"+delete","cTo":[0,10],"cNewPos":[0,9],"cWhen":1.530009984936577e9,"tag":"Change","cFrom":[0,9],"cText":[""],"cRemoved":["h"]}

{"cOrigin":"+delete","cTo":[0,9],"cNewPos":[0,8],"cWhen":1.530009985632529e9,"tag":"Change","cFrom":[0,8],"cText":[""],"cRemoved":["H"]}

{"cOrigin":"+delete","cTo":[0,8],"cNewPos":[0,7],"cWhen":1.530009986120529e9,"tag":"Change","cFrom":[0,7],"cText":[""],"cRemoved":["H"]}

{"cOrigin":"+input","cTo":[0,7],"cNewPos":[0,8],"cWhen":1.5300099869367383e9,"tag":"Change","cFrom":[0,7],"cText":["h"],"cRemoved":[""]}

{"cOrigin":"+input","cTo":[0,8],"cNewPos":[0,9],"cWhen":1.5300099877047515e9,"tag":"Change","cFrom":[0,8],"cText":["i"],"cRemoved":[""]}

{"cWhen":1.5300099899545693e9,"tag":"Eval","cAll":true}

{"cOrigin":"+input","cTo":[0,9],"cNewPos":[0,10],"cWhen":1.530009999968694e9,"tag":"Change","cFrom":[0,9],"cText":["*"],"cRemoved":[""]}

{"cOrigin":"+input","cTo":[0,10],"cNewPos":[0,11],"cWhen":1.530010003344775e9,"tag":"Change","cFrom":[0,10],"cText":["2"],"cRemoved":[""]}

{"cWhen":1.530010008538262e9,"tag":"Eval","cAll":true}

{"cOrigin":"+input","cTo":[0,11],"cNewPos":[0,12],"cWhen":1.5300100301133249e9,"tag":"Change","cFrom":[0,11],"cText":["H"],"cRemoved":[""]}
