{"cWhen":1530009606,"tag":"Eval","cAll":true}
{"cOrigin":"+input","cTo":[0,0],"cNewPos":[0,1],"cWhen":1.530009610244158e9,"tag":"Change","cFrom":[0,0],"cText":["\""],"cRemoved":[""]}

{"cOrigin":"+input","cTo":[0,1],"cNewPos":[0,2],"cWhen":1.5300096116122992e9,"tag":"Change","cFrom":[0,1],"cText":["h"],"cRemoved":[""]}

{"cOrigin":"+input","cTo":[0,2],"cNewPos":[0,3],"cWhen":1.530009611924302e9,"tag":"Change","cFrom":[0,2],"cText":["i"],"cRemoved":[""]}

{"cOrigin":"+input","cTo":[0,3],"cNewPos":[0,4],"cWhen":1.5300096122361486e9,"tag":"Change","cFrom":[0,3],"cText":[" "],"cRemoved":[""]}

{"cOrigin":"+input","cTo":[0,4],"cNewPos":[0,5],"cWhen":1.5300096126281383e9,"tag":"Change","cFrom":[0,4],"cText":["l"],"cRemoved":[""]}

{"cOrigin":"+input","cTo":[0,5],"cNewPos":[0,6],"cWhen":1.530009612820133e9,"tag":"Change","cFrom":[0,5],"cText":["o"],"cRemoved":[""]}

{"cOrigin":"+input","cTo":[0,6],"cNewPos":[0,7],"cWhen":1.530009614924234e9,"tag":"Change","cFrom":[0,6],"cText":["\""],"cRemoved":[""]}

{"cWhen":1.530009617933404e9,"tag":"Eval","cAll":true}

{"cXWarp":6,"cNewPos":[0,6],"cWhen":1.5300096225560968e9,"tag":"Move"}

{"cOrigin":"+input","cTo":[0,6],"cNewPos":[0,7],"cWhen":1.5300096269400904e9,"tag":"Change","cFrom":[0,6],"cText":["*"],"cRemoved":[""]}

{"cOrigin":"+input","cTo":[0,7],"cNewPos":[0,8],"cWhen":1.5300096283481534e9,"tag":"Change","cFrom":[0,7],"cText":["2"],"cRemoved":[""]}

{"cWhen":1.5300096317733998e9,"tag":"Eval","cAll":true}

{"cOrigin":"+input","cTo":[0,8],"cNewPos":[0,9],"cWhen":1.5300096374681742e9,"tag":"Change","cFrom":[0,8],"cText":[" "],"cRemoved":[""]}

{"cOrigin":"+input","cTo":[0,9],"cNewPos":[0,10],"cWhen":1.5300096378840802e9,"tag":"Change","cFrom":[0,9],"cText":["h"],"cRemoved":[""]}

{"cOrigin":"+input","cTo":[0,10],"cNewPos":[0,11],"cWhen":1.5300096382280598e9,"tag":"Change","cFrom":[0,10],"cText":["i"],"cRemoved":[""]}

{"cOrigin":"+input","cTo":[0,11],"cNewPos":[0,12],"cWhen":1.530009639044221e9,"tag":"Change","cFrom":[0,11],"cText":[" "],"cRemoved":[""]}

{"cOrigin":"+input","cTo":[0,12],"cNewPos":[0,13],"cWhen":1.5300096395000482e9,"tag":"Change","cFrom":[0,12],"cText":["l"],"cRemoved":[""]}

{"cOrigin":"+input","cTo":[0,13],"cNewPos":[0,14],"cWhen":1.5300096397561312e9,"tag":"Change","cFrom":[0,13],"cText":["o"],"cRemoved":[""]}

{"cOrigin":"+input","cTo":[0,14],"cNewPos":[0,15],"cWhen":1.5300096407320352e9,"tag":"Change","cFrom":[0,14],"cText":[" "],"cRemoved":[""]}

{"cOrigin":"+input","cTo":[0,15],"cNewPos":[0,16],"cWhen":1.5300096412281768e9,"tag":"Change","cFrom":[0,15],"cText":["h"],"cRemoved":[""]}

{"cOrigin":"+input","cTo":[0,16],"cNewPos":[0,17],"cWhen":1.5300096416360738e9,"tag":"Change","cFrom":[0,16],"cText":["i"],"cRemoved":[""]}

{"cOrigin":"+input","cTo":[0,17],"cNewPos":[0,18],"cWhen":1.5300096517240984e9,"tag":"Change","cFrom":[0,17],"cText":["$"],"cRemoved":[""]}

{"cXWarp":17,"cNewPos":[0,17],"cWhen":1.5300096534998012e9,"tag":"Move"}

{"cOrigin":"+input","cTo":[0,17],"cNewPos":[0,18],"cWhen":1.5300096542759717e9,"tag":"Change","cFrom":[0,17],"cText":[" "],"cRemoved":[""]}

{"cXWarp":19,"cNewPos":[0,19],"cWhen":1.530009655155923e9,"tag":"Move"}

{"cXWarp":18,"cNewPos":[0,18],"cWhen":1.5300096587491932e9,"tag":"Move"}

{"cXWarp":17,"cNewPos":[0,17],"cWhen":1.5300096594197886e9,"tag":"Move"}

{"cXWarp":16,"cNewPos":[0,16],"cWhen":1.5300096596712852e9,"tag":"Move"}

{"cXWarp":15,"cNewPos":[0,15],"cWhen":1.530009659721297e9,"tag":"Move"}

{"cXWarp":16,"cNewPos":[0,16],"cWhen":1.530009660459752e9,"tag":"Move"}

{"cXWarp":17,"cNewPos":[0,17],"cWhen":1.5300096606517332e9,"tag":"Move"}

{"cXWarp":18,"cNewPos":[0,18],"cWhen":1.5300096613637953e9,"tag":"Move"}

{"cOrigin":"+delete","cTo":[0,18],"cNewPos":[0,17],"cWhen":1.5300096622357185e9,"tag":"Change","cFrom":[0,17],"cText":[""],"cRemoved":[" "]}

{"cOrigin":"+delete","cTo":[0,17],"cNewPos":[0,16],"cWhen":1.5300096642676907e9,"tag":"Change","cFrom":[0,16],"cText":[""],"cRemoved":["i"]}

{"cOrigin":"+delete","cTo":[0,17],"cNewPos":[0,16],"cWhen":1.5300096658917282e9,"tag":"Change","cFrom":[0,16],"cText":[""],"cRemoved":["$"]}

{"cOrigin":"+input","cTo":[0,16],"cNewPos":[0,17],"cWhen":1.5300096684839258e9,"tag":"Change","cFrom":[0,16],"cText":["i"],"cRemoved":[""]}

{"cOrigin":"+input","cTo":[0,17],"cNewPos":[0,18],"cWhen":1.5300096721798792e9,"tag":"Change","cFrom":[0,17],"cText":["*"],"cRemoved":[""]}

{"cOrigin":"+input","cTo":[0,18],"cNewPos":[0,19],"cWhen":1.5300096759078274e9,"tag":"Change","cFrom":[0,18],"cText":["3"],"cRemoved":[""]}

{"cWhen":1.5300096790212576e9,"tag":"Eval","cAll":true}

{"cXWarp":18,"cNewPos":[0,18],"cWhen":1.5300096916037061e9,"tag":"Move"}

{"cXWarp":17,"cNewPos":[0,17],"cWhen":1.5300096918612628e9,"tag":"Move"}

{"cXWarp":16,"cNewPos":[0,16],"cWhen":1.530009691911261e9,"tag":"Move"}

{"cXWarp":15,"cNewPos":[0,15],"cWhen":1.530009691961275e9,"tag":"Move"}

{"cXWarp":14,"cNewPos":[0,14],"cWhen":1.5300096920113697e9,"tag":"Move"}

{"cXWarp":13,"cNewPos":[0,13],"cWhen":1.5300096920613177e9,"tag":"Move"}

{"cXWarp":12,"cNewPos":[0,12],"cWhen":1.530009692111238e9,"tag":"Move"}

{"cXWarp":11,"cNewPos":[0,11],"cWhen":1.5300096921612651e9,"tag":"Move"}

{"cXWarp":10,"cNewPos":[0,10],"cWhen":1.5300096922113554e9,"tag":"Move"}

{"cXWarp":9,"cNewPos":[0,9],"cWhen":1.5300096922612607e9,"tag":"Move"}

{"cXWarp":8,"cNewPos":[0,8],"cWhen":1.53000969231128e9,"tag":"Move"}

{"cXWarp":7,"cNewPos":[0,7],"cWhen":1.530009692361236e9,"tag":"Move"}

{"cXWarp":6,"cNewPos":[0,6],"cWhen":1.5300096924113357e9,"tag":"Move"}

{"cXWarp":5,"cNewPos":[0,5],"cWhen":1.5300096924612553e9,"tag":"Move"}

{"cXWarp":4,"cNewPos":[0,4],"cWhen":1.5300096925112698e9,"tag":"Move"}

{"cXWarp":3,"cNewPos":[0,3],"cWhen":1.5300096925612555e9,"tag":"Move"}

{"cXWarp":2,"cNewPos":[0,2],"cWhen":1.5300096926112669e9,"tag":"Move"}

{"cXWarp":1,"cNewPos":[0,1],"cWhen":1.5300096926612716e9,"tag":"Move"}

{"cXWarp":0,"cNewPos":[0,0],"cWhen":1.5300096927112513e9,"tag":"Move"}

{"cXWarp":0,"cNewPos":[0,0],"cWhen":1.5300096927612524e9,"tag":"Move"}

{"cXWarp":0,"cNewPos":[0,0],"cWhen":1.5300096928112478e9,"tag":"Move"}

{"cXWarp":0,"cNewPos":[0,0],"cWhen":1.5300096928612435e9,"tag":"Move"}

{"cXWarp":0,"cNewPos":[0,0],"cWhen":1.5300096929112782e9,"tag":"Move"}

{"cXWarp":0,"cNewPos":[0,0],"cWhen":1.5300096929612434e9,"tag":"Move"}

{"cOrigin":"+input","cTo":[0,0],"cNewPos":[0,1],"cWhen":1.5300096938038228e9,"tag":"Change","cFrom":[0,0],"cText":["c"],"cRemoved":[""]}

{"cOrigin":"+input","cTo":[0,1],"cNewPos":[0,2],"cWhen":1.530009693827724e9,"tag":"Change","cFrom":[0,1],"cText":["v"],"cRemoved":[""]}

{"cOrigin":"+delete","cTo":[0,2],"cNewPos":[0,1],"cWhen":1.5300096955235736e9,"tag":"Change","cFrom":[0,1],"cText":[""],"cRemoved":["v"]}

{"cOrigin":"+input","cTo":[0,1],"cNewPos":[0,2],"cWhen":1.5300096961398094e9,"tag":"Change","cFrom":[0,1],"cText":["r"],"cRemoved":[""]}

{"cOrigin":"+input","cTo":[0,2],"cNewPos":[0,3],"cWhen":1.5300096965396757e9,"tag":"Change","cFrom":[0,2],"cText":["u"],"cRemoved":[""]}

{"cOrigin":"+input","cTo":[0,3],"cNewPos":[0,4],"cWhen":1.5300096968198323e9,"tag":"Change","cFrom":[0,3],"cText":["n"],"cRemoved":[""]}

{"cOrigin":"+input","cTo":[0,4],"cNewPos":[0,5],"cWhen":1.5300096973638642e9,"tag":"Change","cFrom":[0,4],"cText":["c"],"cRemoved":[""]}

{"cOrigin":"+input","cTo":[0,5],"cNewPos":[0,6],"cWhen":1.530009697700178e9,"tag":"Change","cFrom":[0,5],"cText":["h"],"cRemoved":[""]}

{"cWhen":1.5300097049494057e9,"tag":"Eval","cAll":true}

{"cOrigin":"+input","cTo":[0,6],"cNewPos":[0,7],"cWhen":1.5300097122116456e9,"tag":"Change","cFrom":[0,6],"cText":[" "],"cRemoved":[""]}

{"cOrigin":"+input","cTo":[0,7],"cNewPos":[0,8],"cWhen":1.5300097140038335e9,"tag":"Change","cFrom":[0,7],"cText":["£"],"cRemoved":[""]}

{"cOrigin":"+delete","cTo":[0,8],"cNewPos":[0,7],"cWhen":1.530009715427552e9,"tag":"Change","cFrom":[0,7],"cText":[""],"cRemoved":["£"]}

{"cOrigin":"+input","cTo":[0,7],"cNewPos":[0,8],"cWhen":1.5300097164357724e9,"tag":"Change","cFrom":[0,7],"cText":["$"],"cRemoved":[""]}

{"cOrigin":"+input","cTo":[0,8],"cNewPos":[0,9],"cWhen":1.5300097174597108e9,"tag":"Change","cFrom":[0,8],"cText":[" "],"cRemoved":[""]}

{"cOrigin":"+input","cTo":[0,9],"cNewPos":[0,10],"cWhen":1.5300097182596562e9,"tag":"Change","cFrom":[0,9],"cText":["s"],"cRemoved":[""]}

{"cOrigin":"+input","cTo":[0,10],"cNewPos":[0,11],"cWhen":1.5300097187076838e9,"tag":"Change","cFrom":[0,10],"cText":["c"],"cRemoved":[""]}

{"cOrigin":"+input","cTo":[0,11],"cNewPos":[0,12],"cWhen":1.5300097190357685e9,"tag":"Change","cFrom":[0,11],"cText":["r"],"cRemoved":[""]}

{"cOrigin":"+input","cTo":[0,12],"cNewPos":[0,13],"cWhen":1.530009719419749e9,"tag":"Change","cFrom":[0,12],"cText":["a"],"cRemoved":[""]}

{"cOrigin":"+input","cTo":[0,13],"cNewPos":[0,14],"cWhen":1.530009719835774e9,"tag":"Change","cFrom":[0,13],"cText":["t"],"cRemoved":[""]}

{"cOrigin":"+input","cTo":[0,14],"cNewPos":[0,15],"cWhen":1.5300097201397333e9,"tag":"Change","cFrom":[0,14],"cText":["c"],"cRemoved":[""]}

{"cOrigin":"+input","cTo":[0,15],"cNewPos":[0,16],"cWhen":1.530009720419858e9,"tag":"Change","cFrom":[0,15],"cText":["h"],"cRemoved":[""]}

{"cOrigin":"+input","cTo":[0,16],"cNewPos":[0,17],"cWhen":1.5300097214196053e9,"tag":"Change","cFrom":[0,16],"cText":[" "],"cRemoved":[""]}

{"cOrigin":"+input","cTo":[0,17],"cNewPos":[0,18],"cWhen":1.5300097244355934e9,"tag":"Change","cFrom":[0,17],"cText":["$"],"cRemoved":[""]}

{"cOrigin":"+input","cTo":[0,18],"cNewPos":[0,19],"cWhen":1.5300097254916008e9,"tag":"Change","cFrom":[0,18],"cText":[" "],"cRemoved":[""]}

{"cOrigin":"+input","cTo":[0,19],"cNewPos":[0,20],"cWhen":1.530009725875633e9,"tag":"Change","cFrom":[0,19],"cText":["e"],"cRemoved":[""]}

{"cOrigin":"+input","cTo":[0,20],"cNewPos":[0,21],"cWhen":1.530009726547621e9,"tag":"Change","cFrom":[0,20],"cText":["v"],"cRemoved":[""]}

{"cOrigin":"+input","cTo":[0,21],"cNewPos":[0,22],"cWhen":1.530009726931593e9,"tag":"Change","cFrom":[0,21],"cText":["e"],"cRemoved":[""]}

{"cOrigin":"+input","cTo":[0,22],"cNewPos":[0,23],"cWhen":1.5300097271635847e9,"tag":"Change","cFrom":[0,22],"cText":["r"],"cRemoved":[""]}

{"cOrigin":"+input","cTo":[0,23],"cNewPos":[0,24],"cWhen":1.530009727499719e9,"tag":"Change","cFrom":[0,23],"cText":["y"],"cRemoved":[""]}

{"cOrigin":"+input","cTo":[0,24],"cNewPos":[0,25],"cWhen":1.5300097278195796e9,"tag":"Change","cFrom":[0,24],"cText":[" "],"cRemoved":[""]}

{"cOrigin":"+input","cTo":[0,25],"cNewPos":[0,26],"cWhen":1.5300097287396057e9,"tag":"Change","cFrom":[0,25],"cText":["3"],"cRemoved":[""]}

{"cOrigin":"+input","cTo":[0,26],"cNewPos":[0,27],"cWhen":1.5300097291157107e9,"tag":"Change","cFrom":[0,26],"cText":[" "],"cRemoved":[""]}

{"cOrigin":"+input","cTo":[0,27],"cNewPos":[0,28],"cWhen":1.5300097296757338e9,"tag":"Change","cFrom":[0,27],"cText":["f"],"cRemoved":[""]}

{"cOrigin":"+input","cTo":[0,28],"cNewPos":[0,29],"cWhen":1.530009730123354e9,"tag":"Change","cFrom":[0,28],"cText":["a"],"cRemoved":[""]}

{"cOrigin":"+input","cTo":[0,29],"cNewPos":[0,30],"cWhen":1.5300097304193501e9,"tag":"Change","cFrom":[0,29],"cText":["s"],"cRemoved":[""]}

{"cOrigin":"+input","cTo":[0,30],"cNewPos":[0,31],"cWhen":1.5300097310116744e9,"tag":"Change","cFrom":[0,30],"cText":["t"],"cRemoved":[""]}

{"cOrigin":"+input","cTo":[0,31],"cNewPos":[0,32],"cWhen":1.5300097314036992e9,"tag":"Change","cFrom":[0,31],"cText":["e"],"cRemoved":[""]}

{"cOrigin":"+input","cTo":[0,32],"cNewPos":[0,33],"cWhen":1.5300097316356113e9,"tag":"Change","cFrom":[0,32],"cText":["r"],"cRemoved":[""]}

{"cWhen":1.5300097340531166e9,"tag":"Eval","cAll":true}

{"cXWarp":32,"cNewPos":[0,32],"cWhen":1.5300097501472237e9,"tag":"Move"}

{"cXWarp":31,"cNewPos":[0,31],"cWhen":1.5300097503712797e9,"tag":"Move"}

{"cXWarp":30,"cNewPos":[0,30],"cWhen":1.5300097504212198e9,"tag":"Move"}

{"cXWarp":29,"cNewPos":[0,29],"cWhen":1.5300097504712534e9,"tag":"Move"}

{"cXWarp":28,"cNewPos":[0,28],"cWhen":1.5300097505264168e9,"tag":"Move"}

{"cXWarp":27,"cNewPos":[0,27],"cWhen":1.5300097505712988e9,"tag":"Move"}

{"cXWarp":26,"cNewPos":[0,26],"cWhen":1.5300097506212244e9,"tag":"Move"}

{"cXWarp":27,"cNewPos":[0,27],"cWhen":1.5300097516194344e9,"tag":"Move"}

{"cXWarp":28,"cNewPos":[0,28],"cWhen":1.5300097518742294e9,"tag":"Move"}

{"cXWarp":29,"cNewPos":[0,29],"cWhen":1.5300097520994506e9,"tag":"Move"}

{"cXWarp":30,"cNewPos":[0,30],"cWhen":1.5300097523073287e9,"tag":"Move"}

{"cXWarp":31,"cNewPos":[0,31],"cWhen":1.53000975283199e9,"tag":"Move"}

{"cXWarp":32,"cNewPos":[0,32],"cWhen":1.5300097531856241e9,"tag":"Move"}

{"cOrigin":"+input","cTo":[0,32],"cNewPos":[0,33],"cWhen":1.5300097551232398e9,"tag":"Change","cFrom":[0,32],"cText":[" "],"cRemoved":[""]}

{"cOrigin":"+input","cTo":[0,33],"cNewPos":[0,34],"cWhen":1.5300097568912325e9,"tag":"Change","cFrom":[0,33],"cText":["$"],"cRemoved":[""]}

{"cOrigin":"+input","cTo":[0,34],"cNewPos":[0,35],"cWhen":1.5300097574466028e9,"tag":"Change","cFrom":[0,34],"cText":[" "],"cRemoved":[""]}

{"cXWarp":34,"cNewPos":[0,34],"cWhen":1.53000975985942e9,"tag":"Move"}

{"cXWarp":33,"cNewPos":[0,33],"cWhen":1.530009760059297e9,"tag":"Move"}

{"cXWarp":32,"cNewPos":[0,32],"cWhen":1.5300097602272556e9,"tag":"Move"}

{"cXWarp":31,"cNewPos":[0,31],"cWhen":1.5300097604114127e9,"tag":"Move"}

{"cOrigin":"+input","cTo":[0,31],"cNewPos":[0,32],"cWhen":1.530009761995598e9,"tag":"Change","cFrom":[0,31],"cText":["r"],"cRemoved":[""]}

{"cXWarp":31,"cNewPos":[0,31],"cWhen":1.5300097636434147e9,"tag":"Move"}

{"cXWarp":32,"cNewPos":[0,32],"cWhen":1.5300097648033073e9,"tag":"Move"}

{"cXWarp":31,"cNewPos":[0,31],"cWhen":1.5300097656353896e9,"tag":"Move"}

{"cOrigin":"+delete","cTo":[0,31],"cNewPos":[0,30],"cWhen":1.5300097664912443e9,"tag":"Change","cFrom":[0,30],"cText":[""],"cRemoved":["t"]}

{"cXWarp":31,"cNewPos":[0,31],"cWhen":1.530009766939408e9,"tag":"Move"}

{"cXWarp":30,"cNewPos":[0,30],"cWhen":1.5300097678350866e9,"tag":"Move"}

{"cXWarp":31,"cNewPos":[0,31],"cWhen":1.5300097683739367e9,"tag":"Move"}

{"cOrigin":"+delete","cTo":[0,31],"cNewPos":[0,30],"cWhen":1.5300097698433123e9,"tag":"Change","cFrom":[0,30],"cText":[""],"cRemoved":["r"]}

{"cOrigin":"+delete","cTo":[0,30],"cNewPos":[0,29],"cWhen":1.5300097700033624e9,"tag":"Change","cFrom":[0,29],"cText":[""],"cRemoved":["s"]}

{"cOrigin":"+delete","cTo":[0,29],"cNewPos":[0,28],"cWhen":1.5300097701391904e9,"tag":"Change","cFrom":[0,28],"cText":[""],"cRemoved":["a"]}

{"cOrigin":"+delete","cTo":[0,28],"cNewPos":[0,27],"cWhen":1.5300097706939387e9,"tag":"Change","cFrom":[0,27],"cText":[""],"cRemoved":["f"]}

{"cOrigin":"+delete","cTo":[0,28],"cNewPos":[0,27],"cWhen":1.5300097736064267e9,"tag":"Change","cFrom":[0,27],"cText":[""],"cRemoved":["e"]}

{"cOrigin":"+input","cTo":[0,27],"cNewPos":[0,28],"cWhen":1.5300097741633563e9,"tag":"Change","cFrom":[0,27],"cText":["f"],"cRemoved":[""]}

{"cOrigin":"+input","cTo":[0,28],"cNewPos":[0,29],"cWhen":1.5300097745485096e9,"tag":"Change","cFrom":[0,28],"cText":["a"],"cRemoved":[""]}

{"cOrigin":"+input","cTo":[0,29],"cNewPos":[0,30],"cWhen":1.53000977475537e9,"tag":"Change","cFrom":[0,29],"cText":["s"],"cRemoved":[""]}

{"cOrigin":"+input","cTo":[0,30],"cNewPos":[0,31],"cWhen":1.5300097751633506e9,"tag":"Change","cFrom":[0,30],"cText":["t"],"cRemoved":[""]}

{"cOrigin":"+input","cTo":[0,31],"cNewPos":[0,32],"cWhen":1.5300097754433892e9,"tag":"Change","cFrom":[0,31],"cText":["e"],"cRemoved":[""]}

{"cOrigin":"+input","cTo":[0,32],"cNewPos":[0,33],"cWhen":1.530009775627368e9,"tag":"Change","cFrom":[0,32],"cText":["r"],"cRemoved":[""]}

{"cXWarp":34,"cNewPos":[0,34],"cWhen":1.5300097791073308e9,"tag":"Move"}

{"cXWarp":35,"cNewPos":[0,35],"cWhen":1.5300097793791745e9,"tag":"Move"}

{"cXWarp":36,"cNewPos":[0,36],"cWhen":1.5300097797550483e9,"tag":"Move"}

{"cOrigin":"+delete","cTo":[0,37],"cNewPos":[0,36],"cWhen":1.5300097812350175e9,"tag":"Change","cFrom":[0,36],"cText":[""],"cRemoved":["r"]}

{"cOrigin":"+input","cTo":[0,36],"cNewPos":[0,37],"cWhen":1.5300097867071223e9,"tag":"Change","cFrom":[0,36],"cText":["h"],"cRemoved":[""]}

{"cOrigin":"+input","cTo":[0,37],"cNewPos":[0,38],"cWhen":1.5300097869551253e9,"tag":"Change","cFrom":[0,37],"cText":["i"],"cRemoved":[""]}

{"cOrigin":"+input","cTo":[0,38],"cNewPos":[0,39],"cWhen":1.530009787212666e9,"tag":"Change","cFrom":[0,38],"cText":["g"],"cRemoved":[""]}

{"cOrigin":"+input","cTo":[0,39],"cNewPos":[0,40],"cWhen":1.53000978737136e9,"tag":"Change","cFrom":[0,39],"cText":["h"],"cRemoved":[""]}

{"cOrigin":"+input","cTo":[0,40],"cNewPos":[0,41],"cWhen":1.5300097877153776e9,"tag":"Change","cFrom":[0,40],"cText":["e"],"cRemoved":[""]}

{"cOrigin":"+input","cTo":[0,41],"cNewPos":[0,42],"cWhen":1.5300097878994663e9,"tag":"Change","cFrom":[0,41],"cText":["r"],"cRemoved":[""]}

{"cOrigin":"+input","cTo":[0,42],"cNewPos":[0,43],"cWhen":1.5300097899081283e9,"tag":"Change","cFrom":[0,42],"cText":[" "],"cRemoved":[""]}

{"cWhen":1.5300097919640427e9,"tag":"Eval","cAll":true}

{"cXWarp":44,"cNewPos":[0,44],"cWhen":1.5300098046359086e9,"tag":"Move"}

{"cXWarp":45,"cNewPos":[0,45],"cWhen":1.5300098048669581e9,"tag":"Move"}

{"cXWarp":46,"cNewPos":[0,46],"cWhen":1.5300098051254594e9,"tag":"Move"}

{"cXWarp":47,"cNewPos":[0,47],"cWhen":1.5300098053495092e9,"tag":"Move"}

{"cXWarp":48,"cNewPos":[0,48],"cWhen":1.5300098055549338e9,"tag":"Move"}

{"cXWarp":49,"cNewPos":[0,49],"cWhen":1.5300098058110044e9,"tag":"Move"}

{"cXWarp":50,"cNewPos":[0,50],"cWhen":1.5300098059949555e9,"tag":"Move"}

{"cXWarp":51,"cNewPos":[0,51],"cWhen":1.5300098062110348e9,"tag":"Move"}

{"cXWarp":52,"cNewPos":[0,52],"cWhen":1.5300098064352162e9,"tag":"Move"}

{"cXWarp":53,"cNewPos":[0,53],"cWhen":1.5300098066440394e9,"tag":"Move"}

{"cXWarp":54,"cNewPos":[0,54],"cWhen":1.5300098068671257e9,"tag":"Move"}

{"cXWarp":55,"cNewPos":[0,55],"cWhen":1.5300098070751212e9,"tag":"Move"}

{"cXWarp":56,"cNewPos":[0,56],"cWhen":1.5300098072767045e9,"tag":"Move"}

{"cXWarp":57,"cNewPos":[0,57],"cWhen":1.5300098074832838e9,"tag":"Move"}

{"cXWarp":58,"cNewPos":[0,58],"cWhen":1.5300098076752062e9,"tag":"Move"}

{"cXWarp":59,"cNewPos":[0,59],"cWhen":1.5300098078911412e9,"tag":"Move"}

{"cXWarp":60,"cNewPos":[0,60],"cWhen":1.5300098090189977e9,"tag":"Move"}

{"cXWarp":61,"cNewPos":[0,61],"cWhen":1.5300098093228598e9,"tag":"Move"}

{"cOrigin":"+input","cTo":[0,61],"cNewPos":[0,62],"cWhen":1.5300098104925077e9,"tag":"Change","cFrom":[0,61],"cText":[" "],"cRemoved":[""]}

{"cXWarp":61,"cNewPos":[0,61],"cWhen":1.530009812699082e9,"tag":"Move"}

{"cOrigin":"+delete","cTo":[0,61],"cNewPos":[0,60],"cWhen":1.530009815739001e9,"tag":"Change","cFrom":[0,60],"cText":[""],"cRemoved":["*"]}

{"cOrigin":"+delete","cTo":[0,61],"cNewPos":[0,60],"cWhen":1.5300098182428317e9,"tag":"Change","cFrom":[0,60],"cText":[""],"cRemoved":[" "]}

{"cXWarp":61,"cNewPos":[0,61],"cWhen":1.5300098195950007e9,"tag":"Move"}

{"cOrigin":"+input","cTo":[0,61],"cNewPos":[0,62],"cWhen":1.530009820803267e9,"tag":"Change","cFrom":[0,61],"cText":[" "],"cRemoved":[""]}

{"cXWarp":61,"cNewPos":[0,61],"cWhen":1.5300098235810106e9,"tag":"Move"}

{"cXWarp":60,"cNewPos":[0,60],"cWhen":1.530009824155146e9,"tag":"Move"}

{"cOrigin":"+input","cTo":[0,60],"cNewPos":[0,61],"cWhen":1.5300098280811636e9,"tag":"Change","cFrom":[0,60],"cText":["*"],"cRemoved":[""]}

{"cXWarp":62,"cNewPos":[0,62],"cWhen":1.530009829659009e9,"tag":"Move"}

{"cOrigin":"+input","cTo":[0,62],"cNewPos":[0,63],"cWhen":1.5300098310032492e9,"tag":"Change","cFrom":[0,62],"cText":[" "],"cRemoved":[""]}

{"cOrigin":"+input","cTo":[0,63],"cNewPos":[0,64],"cWhen":1.5300098320319767e9,"tag":"Change","cFrom":[0,63],"cText":["l"],"cRemoved":[""]}

{"cOrigin":"+input","cTo":[0,64],"cNewPos":[0,65],"cWhen":1.5300098322912924e9,"tag":"Change","cFrom":[0,64],"cText":["o"],"cRemoved":[""]}

{"cOrigin":"+input","cTo":[0,65],"cNewPos":[0,66],"cWhen":1.5300098326634378e9,"tag":"Change","cFrom":[0,65],"cText":[" "],"cRemoved":[""]}

{"cOrigin":"+input","cTo":[0,66],"cNewPos":[0,67],"cWhen":1.530009833075425e9,"tag":"Change","cFrom":[0,66],"cText":["l"],"cRemoved":[""]}

{"cOrigin":"+input","cTo":[0,67],"cNewPos":[0,68],"cWhen":1.5300098332909997e9,"tag":"Change","cFrom":[0,67],"cText":["o"],"cRemoved":[""]}

{"cOrigin":"+input","cTo":[0,68],"cNewPos":[0,69],"cWhen":1.5300098338352861e9,"tag":"Change","cFrom":[0,68],"cText":[" "],"cRemoved":[""]}

{"cOrigin":"+input","cTo":[0,69],"cNewPos":[0,70],"cWhen":1.5300098343231661e9,"tag":"Change","cFrom":[0,69],"cText":["h"],"cRemoved":[""]}

{"cOrigin":"+input","cTo":[0,70],"cNewPos":[0,71],"cWhen":1.530009834627294e9,"tag":"Change","cFrom":[0,70],"cText":["i"],"cRemoved":[""]}

{"cOrigin":"+input","cTo":[0,71],"cNewPos":[0,72],"cWhen":1.5300098349872956e9,"tag":"Change","cFrom":[0,71],"cText":[" "],"cRemoved":[""]}

{"cOrigin":"+input","cTo":[0,72],"cNewPos":[0,73],"cWhen":1.5300098354111125e9,"tag":"Change","cFrom":[0,72],"cText":["l"],"cRemoved":[""]}

{"cOrigin":"+input","cTo":[0,73],"cNewPos":[0,74],"cWhen":1.530009835618979e9,"tag":"Change","cFrom":[0,73],"cText":["o"],"cRemoved":[""]}

{"cOrigin":"+input","cTo":[0,74],"cNewPos":[0,75],"cWhen":1.5300098360191896e9,"tag":"Change","cFrom":[0,74],"cText":[" "],"cRemoved":[""]}

{"cOrigin":"+input","cTo":[0,75],"cNewPos":[0,76],"cWhen":1.5300098372240796e9,"tag":"Change","cFrom":[0,75],"cText":["l"],"cRemoved":[""]}

{"cOrigin":"+input","cTo":[0,76],"cNewPos":[0,77],"cWhen":1.5300098373872864e9,"tag":"Change","cFrom":[0,76],"cText":["o"],"cRemoved":[""]}

{"cWhen":1.5300098403805878e9,"tag":"Eval","cAll":true}

{"cWhen":1.5300098458421848e9,"tag":"Eval","cAll":true}

{"cXWarp":76,"cNewPos":[0,76],"cWhen":1.5300098536055863e9,"tag":"Move"}

{"cXWarp":75,"cNewPos":[0,75],"cWhen":1.5300098536079128e9,"tag":"Move"}

{"cXWarp":74,"cNewPos":[0,74],"cWhen":1.530009853609972e9,"tag":"Move"}

{"cXWarp":73,"cNewPos":[0,73],"cWhen":1.5300098536121027e9,"tag":"Move"}

{"cXWarp":72,"cNewPos":[0,72],"cWhen":1.5300098536143007e9,"tag":"Move"}

{"cXWarp":71,"cNewPos":[0,71],"cWhen":1.5300098536164641e9,"tag":"Move"}

{"cXWarp":70,"cNewPos":[0,70],"cWhen":1.530009853618722e9,"tag":"Move"}

{"cXWarp":69,"cNewPos":[0,69],"cWhen":1.53000985362126e9,"tag":"Move"}

{"cXWarp":68,"cNewPos":[0,68],"cWhen":1.530009853623382e9,"tag":"Move"}

{"cXWarp":67,"cNewPos":[0,67],"cWhen":1.530009853625467e9,"tag":"Move"}

{"cXWarp":66,"cNewPos":[0,66],"cWhen":1.5300098536274707e9,"tag":"Move"}

{"cXWarp":65,"cNewPos":[0,65],"cWhen":1.5300098536294682e9,"tag":"Move"}

{"cXWarp":64,"cNewPos":[0,64],"cWhen":1.530009853631517e9,"tag":"Move"}

{"cXWarp":63,"cNewPos":[0,63],"cWhen":1.5300098536339288e9,"tag":"Move"}

{"cXWarp":62,"cNewPos":[0,62],"cWhen":1.5300098536360211e9,"tag":"Move"}

{"cXWarp":61,"cNewPos":[0,61],"cWhen":1.5300098536381693e9,"tag":"Move"}

{"cXWarp":60,"cNewPos":[0,60],"cWhen":1.5300098536403334e9,"tag":"Move"}

{"cXWarp":59,"cNewPos":[0,59],"cWhen":1.5300098536424775e9,"tag":"Move"}

{"cXWarp":58,"cNewPos":[0,58],"cWhen":1.5300098536445782e9,"tag":"Move"}

{"cXWarp":57,"cNewPos":[0,57],"cWhen":1.5300098536465766e9,"tag":"Move"}

{"cXWarp":56,"cNewPos":[0,56],"cWhen":1.530009853648793e9,"tag":"Move"}

{"cXWarp":55,"cNewPos":[0,55],"cWhen":1.530009853650778e9,"tag":"Move"}

{"cXWarp":54,"cNewPos":[0,54],"cWhen":1.5300098536528614e9,"tag":"Move"}

{"cXWarp":53,"cNewPos":[0,53],"cWhen":1.5300098536548831e9,"tag":"Move"}

{"cXWarp":52,"cNewPos":[0,52],"cWhen":1.530009853656881e9,"tag":"Move"}

{"cXWarp":51,"cNewPos":[0,51],"cWhen":1.5300098536588867e9,"tag":"Move"}

{"cXWarp":50,"cNewPos":[0,50],"cWhen":1.5300098536612527e9,"tag":"Move"}

{"cXWarp":49,"cNewPos":[0,49],"cWhen":1.5300098536634355e9,"tag":"Move"}

{"cXWarp":48,"cNewPos":[0,48],"cWhen":1.5300098536656303e9,"tag":"Move"}

{"cXWarp":49,"cNewPos":[0,49],"cWhen":1.5300098536676817e9,"tag":"Move"}

{"cXWarp":50,"cNewPos":[0,50],"cWhen":1.530009853669931e9,"tag":"Move"}

{"cXWarp":51,"cNewPos":[0,51],"cWhen":1.530009853672221e9,"tag":"Move"}

{"cXWarp":52,"cNewPos":[0,52],"cWhen":1.530009853674321e9,"tag":"Move"}

{"cXWarp":53,"cNewPos":[0,53],"cWhen":1.5300098536765373e9,"tag":"Move"}

{"cXWarp":54,"cNewPos":[0,54],"cWhen":1.5300098536785161e9,"tag":"Move"}

{"cXWarp":53,"cNewPos":[0,53],"cWhen":1.5300098556514683e9,"tag":"Move"}

{"cXWarp":52,"cNewPos":[0,52],"cWhen":1.530009855917185e9,"tag":"Move"}

{"cXWarp":51,"cNewPos":[0,51],"cWhen":1.5300098559510763e9,"tag":"Move"}

{"cXWarp":50,"cNewPos":[0,50],"cWhen":1.5300098560010815e9,"tag":"Move"}

{"cXWarp":49,"cNewPos":[0,49],"cWhen":1.530009856051106e9,"tag":"Move"}

{"cXWarp":48,"cNewPos":[0,48],"cWhen":1.5300098561039503e9,"tag":"Move"}

{"cXWarp":47,"cNewPos":[0,47],"cWhen":1.5300098561613245e9,"tag":"Move"}

{"cXWarp":46,"cNewPos":[0,46],"cWhen":1.5300098562012281e9,"tag":"Move"}

{"cXWarp":45,"cNewPos":[0,45],"cWhen":1.5300098562606966e9,"tag":"Move"}

{"cXWarp":44,"cNewPos":[0,44],"cWhen":1.5300098565948703e9,"tag":"Move"}

{"cXWarp":43,"cNewPos":[0,43],"cWhen":1.5300098570107543e9,"tag":"Move"}

{"cXWarp":42,"cNewPos":[0,42],"cWhen":1.5300098577230442e9,"tag":"Move"}

{"cOrigin":"+input","cTo":[0,42],"cNewPos":[0,43],"cWhen":1.5300098594510255e9,"tag":"Change","cFrom":[0,42],"cText":[" "],"cRemoved":[""]}

{"cOrigin":"+input","cTo":[0,43],"cNewPos":[0,44],"cWhen":1.530009861122883e9,"tag":"Change","cFrom":[0,43],"cText":["$"],"cRemoved":[""]}

{"cOrigin":"+input","cTo":[0,44],"cNewPos":[0,45],"cWhen":1.530009861523096e9,"tag":"Change","cFrom":[0,44],"cText":[" "],"cRemoved":[""]}

{"cOrigin":"+input","cTo":[0,45],"cNewPos":[0,46],"cWhen":1.530009861946936e9,"tag":"Change","cFrom":[0,45],"cText":["h"],"cRemoved":[""]}

{"cOrigin":"+input","cTo":[0,46],"cNewPos":[0,47],"cWhen":1.530009862099003e9,"tag":"Change","cFrom":[0,46],"cText":["i"],"cRemoved":[""]}

{"cOrigin":"+input","cTo":[0,47],"cNewPos":[0,48],"cWhen":1.5300098624345093e9,"tag":"Change","cFrom":[0,47],"cText":["g"],"cRemoved":[""]}

{"cOrigin":"+input","cTo":[0,48],"cNewPos":[0,49],"cWhen":1.5300098625148792e9,"tag":"Change","cFrom":[0,48],"cText":["h"],"cRemoved":[""]}

{"cOrigin":"+input","cTo":[0,49],"cNewPos":[0,50],"cWhen":1.530009862771334e9,"tag":"Change","cFrom":[0,49],"cText":["e"],"cRemoved":[""]}

{"cOrigin":"+input","cTo":[0,50],"cNewPos":[0,51],"cWhen":1.5300098629471707e9,"tag":"Change","cFrom":[0,50],"cText":["r"],"cRemoved":[""]}

{"cWhen":1.5300098655422196e9,"tag":"Eval","cAll":true}

{"cXWarp":52,"cNewPos":[0,52],"cWhen":1.5300098728465786e9,"tag":"Move"}

{"cXWarp":53,"cNewPos":[0,53],"cWhen":1.530009872849664e9,"tag":"Move"}

{"cOrigin":"+input","cTo":[0,53],"cNewPos":[0,54],"cWhen":1.5300098728522213e9,"tag":"Change","cFrom":[0,53],"cText":[" "],"cRemoved":[""]}

{"cOrigin":"+input","cTo":[0,54],"cNewPos":[0,55],"cWhen":1.530009873436736e9,"tag":"Change","cFrom":[0,54],"cText":["$"],"cRemoved":[""]}

{"cOrigin":"+input","cTo":[0,55],"cNewPos":[0,56],"cWhen":1.530009874015843e9,"tag":"Change","cFrom":[0,55],"cText":[" "],"cRemoved":[""]}

{"cXWarp":55,"cNewPos":[0,55],"cWhen":1.5300098762806756e9,"tag":"Move"}

{"cXWarp":54,"cNewPos":[0,54],"cWhen":1.5300098767629297e9,"tag":"Move"}

{"cXWarp":55,"cNewPos":[0,55],"cWhen":1.5300098777786763e9,"tag":"Move"}

{"cOrigin":"+delete","cTo":[0,55],"cNewPos":[0,54],"cWhen":1.5300098784686656e9,"tag":"Change","cFrom":[0,54],"cText":[""],"cRemoved":["$"]}

{"cOrigin":"+delete","cTo":[0,54],"cNewPos":[0,53],"cWhen":1.5300098803939235e9,"tag":"Change","cFrom":[0,53],"cText":[""],"cRemoved":[" "]}

{"cXWarp":52,"cNewPos":[0,52],"cWhen":1.5300098818343673e9,"tag":"Move"}

{"cXWarp":51,"cNewPos":[0,51],"cWhen":1.5300098826846497e9,"tag":"Move"}

{"cOrigin":"+input","cTo":[0,51],"cNewPos":[1,0],"cWhen":1.5300098836749368e9,"tag":"Change","cFrom":[0,51],"cText":["",""],"cRemoved":[""]}

{"cOrigin":"+input","cTo":[1,0],"cNewPos":[2,0],"cWhen":1.530009884721864e9,"tag":"Change","cFrom":[1,0],"cText":["",""],"cRemoved":[""]}

{"cXWarp":1,"cNewPos":[2,1],"cWhen":1.5300098872110922e9,"tag":"Move"}

{"cXWarp":2,"cNewPos":[2,2],"cWhen":1.5300098875070443e9,"tag":"Move"}

{"cXWarp":1,"cNewPos":[2,1],"cWhen":1.5300098888668005e9,"tag":"Move"}

{"cXWarp":0,"cNewPos":[2,0],"cWhen":1.5300098891538591e9,"tag":"Move"}

{"cOrigin":"+delete","cTo":[2,0],"cNewPos":[1,0],"cWhen":1.5300098896310484e9,"tag":"Change","cFrom":[1,0],"cText":[""],"cRemoved":["",""]}

{"cOrigin":"+delete","cTo":[1,0],"cNewPos":[0,51],"cWhen":1.5300098900109813e9,"tag":"Change","cFrom":[0,51],"cText":[""],"cRemoved":["",""]}

{"cXWarp":52,"cNewPos":[0,52],"cWhen":1.5300098916187074e9,"tag":"Move"}

{"cXWarp":53,"cNewPos":[0,53],"cWhen":1.5300098918738513e9,"tag":"Move"}

{"cXWarp":54,"cNewPos":[0,54],"cWhen":1.5300098919211118e9,"tag":"Move"}

{"cXWarp":55,"cNewPos":[0,55],"cWhen":1.5300098919711227e9,"tag":"Move"}

{"cXWarp":56,"cNewPos":[0,56],"cWhen":1.5300098920338464e9,"tag":"Move"}

{"cXWarp":57,"cNewPos":[0,57],"cWhen":1.5300098920738473e9,"tag":"Move"}

{"cXWarp":58,"cNewPos":[0,58],"cWhen":1.530009892121127e9,"tag":"Move"}

{"cXWarp":59,"cNewPos":[0,59],"cWhen":1.5300098921710932e9,"tag":"Move"}

{"cXWarp":60,"cNewPos":[0,60],"cWhen":1.530009892234153e9,"tag":"Move"}

{"cXWarp":61,"cNewPos":[0,61],"cWhen":1.530009892273913e9,"tag":"Move"}

{"cXWarp":62,"cNewPos":[0,62],"cWhen":1.5300098923295426e9,"tag":"Move"}

{"cXWarp":63,"cNewPos":[0,63],"cWhen":1.5300098923711529e9,"tag":"Move"}

{"cXWarp":64,"cNewPos":[0,64],"cWhen":1.530009892426829e9,"tag":"Move"}

{"cXWarp":65,"cNewPos":[0,65],"cWhen":1.5300098924767895e9,"tag":"Move"}

{"cXWarp":66,"cNewPos":[0,66],"cWhen":1.5300098925211813e9,"tag":"Move"}

{"cXWarp":67,"cNewPos":[0,67],"cWhen":1.5300098925711358e9,"tag":"Move"}

{"cXWarp":68,"cNewPos":[0,68],"cWhen":1.5300098926301348e9,"tag":"Move"}

{"cXWarp":69,"cNewPos":[0,69],"cWhen":1.5300098926711478e9,"tag":"Move"}

{"cXWarp":70,"cNewPos":[0,70],"cWhen":1.530009892721084e9,"tag":"Move"}

{"cXWarp":71,"cNewPos":[0,71],"cWhen":1.5300098927711115e9,"tag":"Move"}

{"cXWarp":72,"cNewPos":[0,72],"cWhen":1.5300098928280396e9,"tag":"Move"}

{"cXWarp":73,"cNewPos":[0,73],"cWhen":1.530009892871093e9,"tag":"Move"}

{"cXWarp":74,"cNewPos":[0,74],"cWhen":1.5300098929210827e9,"tag":"Move"}

{"cXWarp":75,"cNewPos":[0,75],"cWhen":1.5300098929710932e9,"tag":"Move"}

{"cXWarp":76,"cNewPos":[0,76],"cWhen":1.5300098930259182e9,"tag":"Move"}

{"cXWarp":77,"cNewPos":[0,77],"cWhen":1.5300098930740068e9,"tag":"Move"}

{"cXWarp":78,"cNewPos":[0,78],"cWhen":1.530009893121219e9,"tag":"Move"}

{"cXWarp":79,"cNewPos":[0,79],"cWhen":1.5300098931719997e9,"tag":"Move"}

{"cXWarp":80,"cNewPos":[0,80],"cWhen":1.530009893226369e9,"tag":"Move"}

{"cXWarp":81,"cNewPos":[0,81],"cWhen":1.530009893271122e9,"tag":"Move"}

{"cXWarp":82,"cNewPos":[0,82],"cWhen":1.5300098933211553e9,"tag":"Move"}

{"cXWarp":83,"cNewPos":[0,83],"cWhen":1.5300098933738568e9,"tag":"Move"}

{"cXWarp":84,"cNewPos":[0,84],"cWhen":1.5300098934210744e9,"tag":"Move"}

{"cXWarp":85,"cNewPos":[0,85],"cWhen":1.530009893471094e9,"tag":"Move"}

{"cXWarp":86,"cNewPos":[0,86],"cWhen":1.5300098935210764e9,"tag":"Move"}

{"cXWarp":87,"cNewPos":[0,87],"cWhen":1.530009893572555e9,"tag":"Move"}

{"cXWarp":88,"cNewPos":[0,88],"cWhen":1.530009893621103e9,"tag":"Move"}

{"cXWarp":89,"cNewPos":[0,89],"cWhen":1.5300098936711144e9,"tag":"Move"}

{"cXWarp":89,"cNewPos":[0,89],"cWhen":1.530009893721098e9,"tag":"Move"}

{"cXWarp":89,"cNewPos":[0,89],"cWhen":1.5300098937735226e9,"tag":"Move"}

{"cXWarp":89,"cNewPos":[0,89],"cWhen":1.5300098938211188e9,"tag":"Move"}

{"cOrigin":"+input","cTo":[0,89],"cNewPos":[1,0],"cWhen":1.5300098951629431e9,"tag":"Change","cFrom":[0,89],"cText":["",""],"cRemoved":[""]}

{"cOrigin":"+input","cTo":[1,0],"cNewPos":[2,0],"cWhen":1.5300098954749646e9,"tag":"Change","cFrom":[1,0],"cText":["",""],"cRemoved":[""]}

{"cOrigin":"+input","cTo":[2,0],"cNewPos":[2,1],"cWhen":1.530009898346715e9,"tag":"Change","cFrom":[2,0],"cText":["\""],"cRemoved":[""]}

{"cOrigin":"+input","cTo":[2,1],"cNewPos":[2,2],"cWhen":1.5300099038268938e9,"tag":"Change","cFrom":[2,1],"cText":["h"],"cRemoved":[""]}

{"cOrigin":"+input","cTo":[2,2],"cNewPos":[2,3],"cWhen":1.5300099040909429e9,"tag":"Change","cFrom":[2,2],"cText":["i"],"cRemoved":[""]}

{"cOrigin":"+input","cTo":[2,3],"cNewPos":[2,4],"cWhen":1.5300099043889382e9,"tag":"Change","cFrom":[2,3],"cText":[" "],"cRemoved":[""]}

{"cOrigin":"+input","cTo":[2,4],"cNewPos":[2,5],"cWhen":1.53000990468301e9,"tag":"Change","cFrom":[2,4],"cText":["h"],"cRemoved":[""]}

{"cOrigin":"+input","cTo":[2,5],"cNewPos":[2,6],"cWhen":1.5300099050188851e9,"tag":"Change","cFrom":[2,5],"cText":["i"],"cRemoved":[""]}

{"cOrigin":"+input","cTo":[2,6],"cNewPos":[2,7],"cWhen":1.530009905234781e9,"tag":"Change","cFrom":[2,6],"cText":[" "],"cRemoved":[""]}

{"cOrigin":"+input","cTo":[2,7],"cNewPos":[2,8],"cWhen":1.5300099055388796e9,"tag":"Change","cFrom":[2,7],"cText":["h"],"cRemoved":[""]}

{"cOrigin":"+input","cTo":[2,8],"cNewPos":[2,9],"cWhen":1.530009905778985e9,"tag":"Change","cFrom":[2,8],"cText":["i"],"cRemoved":[""]}

{"cOrigin":"+input","cTo":[2,9],"cNewPos":[2,10],"cWhen":1.5300099060511913e9,"tag":"Change","cFrom":[2,9],"cText":[" "],"cRemoved":[""]}

{"cOrigin":"+input","cTo":[2,10],"cNewPos":[2,11],"cWhen":1.5300099063710394e9,"tag":"Change","cFrom":[2,10],"cText":["h"],"cRemoved":[""]}

{"cOrigin":"+input","cTo":[2,11],"cNewPos":[2,12],"cWhen":1.5300099066865175e9,"tag":"Change","cFrom":[2,11],"cText":["i"],"cRemoved":[""]}

{"cOrigin":"+input","cTo":[2,12],"cNewPos":[2,13],"cWhen":1.530009906979095e9,"tag":"Change","cFrom":[2,12],"cText":[" "],"cRemoved":[""]}

{"cOrigin":"+input","cTo":[2,13],"cNewPos":[2,14],"cWhen":1.5300099072907748e9,"tag":"Change","cFrom":[2,13],"cText":["h"],"cRemoved":[""]}

{"cOrigin":"+input","cTo":[2,14],"cNewPos":[2,15],"cWhen":1.5300099075627902e9,"tag":"Change","cFrom":[2,14],"cText":["i"],"cRemoved":[""]}

{"cOrigin":"+input","cTo":[2,15],"cNewPos":[2,16],"cWhen":1.530009908259098e9,"tag":"Change","cFrom":[2,15],"cText":[" "],"cRemoved":[""]}

{"cOrigin":"+input","cTo":[2,16],"cNewPos":[2,17],"cWhen":1.530009908565232e9,"tag":"Change","cFrom":[2,16],"cText":["h"],"cRemoved":[""]}

{"cOrigin":"+input","cTo":[2,17],"cNewPos":[2,18],"cWhen":1.5300099088430548e9,"tag":"Change","cFrom":[2,17],"cText":["i"],"cRemoved":[""]}

{"cOrigin":"+input","cTo":[2,18],"cNewPos":[2,19],"cWhen":1.530009909090779e9,"tag":"Change","cFrom":[2,18],"cText":[" "],"cRemoved":[""]}

{"cOrigin":"+input","cTo":[2,19],"cNewPos":[2,20],"cWhen":1.5300099094109082e9,"tag":"Change","cFrom":[2,19],"cText":["h"],"cRemoved":[""]}

{"cOrigin":"+input","cTo":[2,20],"cNewPos":[2,21],"cWhen":1.5300099097173662e9,"tag":"Change","cFrom":[2,20],"cText":["i"],"cRemoved":[""]}

{"cOrigin":"+input","cTo":[2,21],"cNewPos":[2,22],"cWhen":1.5300099176668425e9,"tag":"Change","cFrom":[2,21],"cText":["\""],"cRemoved":[""]}

{"cWhen":1.5300099196279514e9,"tag":"Eval","cAll":true}

{"cWhen":1.5300099275648804e9,"tag":"Eval","cAll":true}

{"cWhen":1.5300099359306598e9,"tag":"Eval","cAll":true}

{"cXWarp":21,"cNewPos":[2,21],"cWhen":1.530009944203933e9,"tag":"Move"}

{"cXWarp":20,"cNewPos":[2,20],"cWhen":1.530009944207102e9,"tag":"Move"}

{"cXWarp":19,"cNewPos":[2,19],"cWhen":1.5300099442096217e9,"tag":"Move"}

{"cXWarp":18,"cNewPos":[2,18],"cWhen":1.5300099442122135e9,"tag":"Move"}

{"cXWarp":17,"cNewPos":[2,17],"cWhen":1.5300099442147937e9,"tag":"Move"}

{"cXWarp":16,"cNewPos":[2,16],"cWhen":1.5300099442175767e9,"tag":"Move"}

{"cXWarp":15,"cNewPos":[2,15],"cWhen":1.5300099442202435e9,"tag":"Move"}

{"cXWarp":14,"cNewPos":[2,14],"cWhen":1.5300099442229056e9,"tag":"Move"}

{"cXWarp":13,"cNewPos":[2,13],"cWhen":1.5300099442255042e9,"tag":"Move"}

{"cXWarp":12,"cNewPos":[2,12],"cWhen":1.5300099442280362e9,"tag":"Move"}

{"cXWarp":11,"cNewPos":[2,11],"cWhen":1.5300099442307167e9,"tag":"Move"}

{"cXWarp":10,"cNewPos":[2,10],"cWhen":1.5300099442336833e9,"tag":"Move"}

{"cXWarp":9,"cNewPos":[2,9],"cWhen":1.5300099442363908e9,"tag":"Move"}

{"cXWarp":8,"cNewPos":[2,8],"cWhen":1.5300099442390282e9,"tag":"Move"}

{"cXWarp":7,"cNewPos":[2,7],"cWhen":1.5300099442417445e9,"tag":"Move"}

{"cXWarp":6,"cNewPos":[2,6],"cWhen":1.5300099442448065e9,"tag":"Move"}

{"cXWarp":5,"cNewPos":[2,5],"cWhen":1.5300099442473881e9,"tag":"Move"}

{"cXWarp":4,"cNewPos":[2,4],"cWhen":1.5300099442498763e9,"tag":"Move"}

{"cXWarp":3,"cNewPos":[2,3],"cWhen":1.530009944252522e9,"tag":"Move"}

{"cXWarp":2,"cNewPos":[2,2],"cWhen":1.530009944255066e9,"tag":"Move"}

{"cXWarp":1,"cNewPos":[2,1],"cWhen":1.5300099442578533e9,"tag":"Move"}

{"cXWarp":0,"cNewPos":[2,0],"cWhen":1.5300099442604156e9,"tag":"Move"}

{"cXWarp":0,"cNewPos":[2,0],"cWhen":1.5300099442630436e9,"tag":"Move"}

{"cXWarp":0,"cNewPos":[2,0],"cWhen":1.5300099442655902e9,"tag":"Move"}

{"cXWarp":0,"cNewPos":[2,0],"cWhen":1.5300099442680645e9,"tag":"Move"}

{"cOrigin":"+delete","cTo":[2,1],"cNewPos":[2,0],"cWhen":1.5300099442706497e9,"tag":"Change","cFrom":[2,0],"cText":[""],"cRemoved":["\""]}

{"cXWarp":0,"cNewPos":[2,0],"cWhen":1.5300099442736368e9,"tag":"Move"}

{"cXWarp":0,"cNewPos":[2,0],"cWhen":1.5300099442761984e9,"tag":"Move"}

{"cXWarp":0,"cNewPos":[2,0],"cWhen":1.5300099442785459e9,"tag":"Move"}

{"cOrigin":"+delete","cTo":[2,1],"cNewPos":[2,0],"cWhen":1.5300099442809331e9,"tag":"Change","cFrom":[2,0],"cText":[""],"cRemoved":["h"]}

{"cXWarp":0,"cNewPos":[2,0],"cWhen":1.5300099442844906e9,"tag":"Move"}

{"cXWarp":0,"cNewPos":[2,0],"cWhen":1.5300099442870405e9,"tag":"Move"}

{"cXWarp":0,"cNewPos":[2,0],"cWhen":1.530009944289563e9,"tag":"Move"}

{"cXWarp":0,"cNewPos":[2,0],"cWhen":1.5300099442921522e9,"tag":"Move"}

{"cXWarp":0,"cNewPos":[2,0],"cWhen":1.5300099442946737e9,"tag":"Move"}

{"cXWarp":1,"cNewPos":[2,1],"cWhen":1.5300099442972956e9,"tag":"Move"}

{"cXWarp":2,"cNewPos":[2,2],"cWhen":1.5300099442998097e9,"tag":"Move"}

{"cXWarp":3,"cNewPos":[2,3],"cWhen":1.5300099443024697e9,"tag":"Move"}

{"cXWarp":4,"cNewPos":[2,4],"cWhen":1.530009944305058e9,"tag":"Move"}

{"cXWarp":5,"cNewPos":[2,5],"cWhen":1.5300099443078349e9,"tag":"Move"}

{"cXWarp":6,"cNewPos":[2,6],"cWhen":1.530009944310427e9,"tag":"Move"}

{"cXWarp":5,"cNewPos":[2,5],"cWhen":1.530009944313136e9,"tag":"Move"}

{"cXWarp":4,"cNewPos":[2,4],"cWhen":1.5300099443158412e9,"tag":"Move"}

{"cXWarp":3,"cNewPos":[2,3],"cWhen":1.5300099443184588e9,"tag":"Move"}

{"cXWarp":2,"cNewPos":[2,2],"cWhen":1.530009944321272e9,"tag":"Move"}

{"cXWarp":1,"cNewPos":[2,1],"cWhen":1.5300099443563862e9,"tag":"Move"}

{"cXWarp":0,"cNewPos":[2,0],"cWhen":1.5300099443586345e9,"tag":"Move"}

{"cXWarp":0,"cNewPos":[1,0],"cWhen":1.530009944361832e9,"tag":"Move"}

{"cXWarp":0,"cNewPos":[2,0],"cWhen":1.5300099443644247e9,"tag":"Move"}

{"cXWarp":0,"cNewPos":[1,0],"cWhen":1.5300099443672116e9,"tag":"Move"}

{"cXWarp":0,"cNewPos":[1,0],"cWhen":1.5300099443697326e9,"tag":"Move"}

{"cXWarp":0,"cNewPos":[1,0],"cWhen":1.53000994437212e9,"tag":"Move"}

{"cXWarp":0,"cNewPos":[1,0],"cWhen":1.5300099443744667e9,"tag":"Move"}

{"cXWarp":0,"cNewPos":[1,0],"cWhen":1.5300099443767662e9,"tag":"Move"}

{"cXWarp":0,"cNewPos":[1,0],"cWhen":1.5300099443793442e9,"tag":"Move"}

{"cXWarp":0,"cNewPos":[1,0],"cWhen":1.5300099443812947e9,"tag":"Move"}

{"cXWarp":0,"cNewPos":[1,0],"cWhen":1.530009944384726e9,"tag":"Move"}

{"cXWarp":0,"cNewPos":[1,0],"cWhen":1.530009944387149e9,"tag":"Move"}

{"cXWarp":0,"cNewPos":[1,0],"cWhen":1.5300099443894563e9,"tag":"Move"}

{"cXWarp":0,"cNewPos":[1,0],"cWhen":1.5300099443922293e9,"tag":"Move"}

{"cXWarp":0,"cNewPos":[1,0],"cWhen":1.5300099443946235e9,"tag":"Move"}

{"cOrigin":"+delete","cTo":[1,0],"cNewPos":[0,89],"cWhen":1.5300099483306143e9,"tag":"Change","cFrom":[0,89],"cText":[""],"cRemoved":["",""]}

{"cOrigin":"+delete","cTo":[0,89],"cNewPos":[0,88],"cWhen":1.5300099487144516e9,"tag":"Change","cFrom":[0,88],"cText":[""],"cRemoved":["\""]}

{"cOrigin":"+delete","cTo":[0,88],"cNewPos":[0,87],"cWhen":1.5300099489906125e9,"tag":"Change","cFrom":[0,87],"cText":[""],"cRemoved":[" "]}

{"cOrigin":"+delete","cTo":[0,87],"cNewPos":[0,86],"cWhen":1.5300099491730077e9,"tag":"Change","cFrom":[0,86],"cText":[""],"cRemoved":["o"]}

{"cOrigin":"+delete","cTo":[0,86],"cNewPos":[0,85],"cWhen":1.5300099493477867e9,"tag":"Change","cFrom":[0,85],"cText":[""],"cRemoved":["l"]}

{"cOrigin":"+input","cTo":[0,85],"cNewPos":[0,86],"cWhen":1.5300099519262013e9,"tag":"Change","cFrom":[0,85],"cText":["l"],"cRemoved":[""]}

{"cOrigin":"+input","cTo":[0,86],"cNewPos":[0,87],"cWhen":1.5300099520944903e9,"tag":"Change","cFrom":[0,86],"cText":["o"],"cRemoved":[""]}

{"cOrigin":"+input","cTo":[0,87],"cNewPos":[0,88],"cWhen":1.5300099588489187e9,"tag":"Change","cFrom":[0,87],"cText":["\""],"cRemoved":[""]}

{"cXWarp":20,"cNewPos":[1,20],"cWhen":1.5300099601628008e9,"tag":"Move"}

{"cXWarp":19,"cNewPos":[1,19],"cWhen":1.530009961844439e9,"tag":"Move"}

{"cXWarp":18,"cNewPos":[1,18],"cWhen":1.5300099621011345e9,"tag":"Move"}

{"cXWarp":17,"cNewPos":[1,17],"cWhen":1.5300099621511436e9,"tag":"Move"}

{"cXWarp":16,"cNewPos":[1,16],"cWhen":1.5300099622011294e9,"tag":"Move"}

{"cXWarp":15,"cNewPos":[1,15],"cWhen":1.5300099622535026e9,"tag":"Move"}

{"cXWarp":14,"cNewPos":[1,14],"cWhen":1.530009962331064e9,"tag":"Move"}

{"cXWarp":13,"cNewPos":[1,13],"cWhen":1.5300099623512309e9,"tag":"Move"}

{"cXWarp":12,"cNewPos":[1,12],"cWhen":1.5300099624139202e9,"tag":"Move"}

{"cXWarp":11,"cNewPos":[1,11],"cWhen":1.5300099624543858e9,"tag":"Move"}

{"cXWarp":10,"cNewPos":[1,10],"cWhen":1.5300099626424928e9,"tag":"Move"}

{"cXWarp":9,"cNewPos":[1,9],"cWhen":1.5300099628665972e9,"tag":"Move"}

{"cXWarp":8,"cNewPos":[1,8],"cWhen":1.5300099630826156e9,"tag":"Move"}

{"cXWarp":7,"cNewPos":[1,7],"cWhen":1.5300099633306375e9,"tag":"Move"}

{"cXWarp":6,"cNewPos":[1,6],"cWhen":1.530009963594461e9,"tag":"Move"}

{"cXWarp":5,"cNewPos":[1,5],"cWhen":1.5300099638105128e9,"tag":"Move"}

{"cXWarp":4,"cNewPos":[1,4],"cWhen":1.5300099640184958e9,"tag":"Move"}

{"cXWarp":3,"cNewPos":[1,3],"cWhen":1.5300099641514773e9,"tag":"Move"}

{"cXWarp":2,"cNewPos":[1,2],"cWhen":1.53000996435399e9,"tag":"Move"}

{"cXWarp":1,"cNewPos":[1,1],"cWhen":1.5300099645706024e9,"tag":"Move"}

{"cXWarp":0,"cNewPos":[1,0],"cWhen":1.5300099650824661e9,"tag":"Move"}

{"cOrigin":"+input","cTo":[1,0],"cNewPos":[1,1],"cWhen":1.5300099661627128e9,"tag":"Change","cFrom":[1,0],"cText":["h"],"cRemoved":[""]}

{"cXWarp":0,"cNewPos":[1,0],"cWhen":1.5300099674053326e9,"tag":"Move"}

{"cOrigin":"+input","cTo":[1,0],"cNewPos":[1,1],"cWhen":1.5300099690347307e9,"tag":"Change","cFrom":[1,0],"cText":["\""],"cRemoved":[""]}

{"cXWarp":2,"cNewPos":[1,2],"cWhen":1.5300099710025973e9,"tag":"Move"}

{"cXWarp":3,"cNewPos":[1,3],"cWhen":1.5300099712721403e9,"tag":"Move"}

{"cXWarp":4,"cNewPos":[1,4],"cWhen":1.530009971311125e9,"tag":"Move"}

{"cXWarp":5,"cNewPos":[1,5],"cWhen":1.5300099713611395e9,"tag":"Move"}

{"cXWarp":6,"cNewPos":[1,6],"cWhen":1.5300099714111574e9,"tag":"Move"}

{"cXWarp":7,"cNewPos":[1,7],"cWhen":1.5300099714679868e9,"tag":"Move"}

{"cXWarp":8,"cNewPos":[1,8],"cWhen":1.5300099715363257e9,"tag":"Move"}

{"cXWarp":9,"cNewPos":[1,9],"cWhen":1.530009971581621e9,"tag":"Move"}

{"cXWarp":10,"cNewPos":[1,10],"cWhen":1.530009971611108e9,"tag":"Move"}

{"cXWarp":11,"cNewPos":[1,11],"cWhen":1.5300099716618168e9,"tag":"Move"}

{"cXWarp":12,"cNewPos":[1,12],"cWhen":1.5300099717111669e9,"tag":"Move"}

{"cXWarp":13,"cNewPos":[1,13],"cWhen":1.5300099717611506e9,"tag":"Move"}

{"cXWarp":14,"cNewPos":[1,14],"cWhen":1.530009971811123e9,"tag":"Move"}

{"cXWarp":15,"cNewPos":[1,15],"cWhen":1.530009971861158e9,"tag":"Move"}

{"cXWarp":16,"cNewPos":[1,16],"cWhen":1.530009971911148e9,"tag":"Move"}

{"cXWarp":17,"cNewPos":[1,17],"cWhen":1.5300099719611435e9,"tag":"Move"}

{"cXWarp":18,"cNewPos":[1,18],"cWhen":1.5300099720111253e9,"tag":"Move"}

{"cXWarp":19,"cNewPos":[1,19],"cWhen":1.530009972061174e9,"tag":"Move"}

{"cXWarp":20,"cNewPos":[1,20],"cWhen":1.5300099721111639e9,"tag":"Move"}

{"cXWarp":19,"cNewPos":[1,19],"cWhen":1.5300099742104745e9,"tag":"Move"}

{"cXWarp":18,"cNewPos":[1,18],"cWhen":1.5300099744611192e9,"tag":"Move"}

{"cXWarp":17,"cNewPos":[1,17],"cWhen":1.5300099745111463e9,"tag":"Move"}

{"cXWarp":16,"cNewPos":[1,16],"cWhen":1.5300099745611439e9,"tag":"Move"}

{"cXWarp":15,"cNewPos":[1,15],"cWhen":1.5300099746111293e9,"tag":"Move"}

{"cXWarp":14,"cNewPos":[1,14],"cWhen":1.530009974661155e9,"tag":"Move"}

{"cXWarp":13,"cNewPos":[1,13],"cWhen":1.5300099747139964e9,"tag":"Move"}

{"cXWarp":12,"cNewPos":[1,12],"cWhen":1.530009974766782e9,"tag":"Move"}

{"cXWarp":11,"cNewPos":[1,11],"cWhen":1.530009974811278e9,"tag":"Move"}

{"cXWarp":10,"cNewPos":[1,10],"cWhen":1.5300099748612745e9,"tag":"Move"}

{"cXWarp":9,"cNewPos":[1,9],"cWhen":1.530009974912543e9,"tag":"Move"}

{"cXWarp":8,"cNewPos":[1,8],"cWhen":1.5300099749739285e9,"tag":"Move"}

{"cXWarp":7,"cNewPos":[1,7],"cWhen":1.5300099750112658e9,"tag":"Move"}

{"cXWarp":6,"cNewPos":[1,6],"cWhen":1.5300099750612628e9,"tag":"Move"}

{"cXWarp":5,"cNewPos":[1,5],"cWhen":1.530009975111391e9,"tag":"Move"}

{"cXWarp":4,"cNewPos":[1,4],"cWhen":1.5300099751744018e9,"tag":"Move"}

{"cXWarp":3,"cNewPos":[1,3],"cWhen":1.530009975211241e9,"tag":"Move"}

{"cXWarp":2,"cNewPos":[1,2],"cWhen":1.5300099752612736e9,"tag":"Move"}

{"cXWarp":1,"cNewPos":[1,1],"cWhen":1.5300099753140411e9,"tag":"Move"}

{"cXWarp":0,"cNewPos":[1,0],"cWhen":1.5300099755944648e9,"tag":"Move"}

{"cOrigin":"+input","cTo":[1,0],"cNewPos":[1,1],"cWhen":1.5300099765308387e9,"tag":"Change","cFrom":[1,0],"cText":["s"],"cRemoved":[""]}

{"cOrigin":"+input","cTo":[1,1],"cNewPos":[1,2],"cWhen":1.5300099769068084e9,"tag":"Change","cFrom":[1,1],"cText":["c"],"cRemoved":[""]}

{"cOrigin":"+input","cTo":[1,2],"cNewPos":[1,3],"cWhen":1.5300099772932246e9,"tag":"Change","cFrom":[1,2],"cText":["r"],"cRemoved":[""]}

{"cOrigin":"+input","cTo":[1,3],"cNewPos":[1,4],"cWhen":1.5300099781927607e9,"tag":"Change","cFrom":[1,3],"cText":["a"],"cRemoved":[""]}

{"cOrigin":"+input","cTo":[1,4],"cNewPos":[1,5],"cWhen":1.530009978391531e9,"tag":"Change","cFrom":[1,4],"cText":["t"],"cRemoved":[""]}

{"cOrigin":"+input","cTo":[1,5],"cNewPos":[1,6],"cWhen":1.530009978634898e9,"tag":"Change","cFrom":[1,5],"cText":["c"],"cRemoved":[""]}

{"cOrigin":"+input","cTo":[1,6],"cNewPos":[1,7],"cWhen":1.530009978791396e9,"tag":"Change","cFrom":[1,6],"cText":["h"],"cRemoved":[""]}

{"cOrigin":"+input","cTo":[1,7],"cNewPos":[1,8],"cWhen":1.5300099798105803e9,"tag":"Change","cFrom":[1,7],"cText":[" "],"cRemoved":[""]}

{"cOrigin":"+input","cTo":[1,8],"cNewPos":[2,0],"cWhen":1.5300099834907613e9,"tag":"Change","cFrom":[1,8],"cText":["",""],"cRemoved":[""]}

{"cOrigin":"+input","cTo":[2,0],"cNewPos":[3,0],"cWhen":1.5300099837907963e9,"tag":"Change","cFrom":[2,0],"cText":["",""],"cRemoved":[""]}

{"cXWarp":1,"cNewPos":[3,1],"cWhen":1.5300099854338658e9,"tag":"Move"}

{"cXWarp":2,"cNewPos":[3,2],"cWhen":1.5300099856344426e9,"tag":"Move"}

{"cXWarp":3,"cNewPos":[3,3],"cWhen":1.5300099858504562e9,"tag":"Move"}

{"cXWarp":4,"cNewPos":[3,4],"cWhen":1.530009986086062e9,"tag":"Move"}

{"cXWarp":5,"cNewPos":[3,5],"cWhen":1.5300099862936528e9,"tag":"Move"}

{"cXWarp":6,"cNewPos":[3,6],"cWhen":1.5300099865341423e9,"tag":"Move"}

{"cXWarp":7,"cNewPos":[3,7],"cWhen":1.5300099865511339e9,"tag":"Move"}

{"cXWarp":8,"cNewPos":[3,8],"cWhen":1.530009986601127e9,"tag":"Move"}

{"cXWarp":9,"cNewPos":[3,9],"cWhen":1.5300099866538544e9,"tag":"Move"}

{"cXWarp":10,"cNewPos":[3,10],"cWhen":1.5300099867010975e9,"tag":"Move"}

{"cXWarp":11,"cNewPos":[3,11],"cWhen":1.5300099867511208e9,"tag":"Move"}

{"cXWarp":12,"cNewPos":[3,12],"cWhen":1.5300099868011417e9,"tag":"Move"}

{"cXWarp":13,"cNewPos":[3,13],"cWhen":1.5300099868538573e9,"tag":"Move"}

{"cXWarp":14,"cNewPos":[3,14],"cWhen":1.5300099869011276e9,"tag":"Move"}

{"cXWarp":15,"cNewPos":[3,15],"cWhen":1.53000998695112e9,"tag":"Move"}

{"cXWarp":16,"cNewPos":[3,16],"cWhen":1.5300099876416333e9,"tag":"Move"}

{"cXWarp":17,"cNewPos":[3,17],"cWhen":1.5300099878747447e9,"tag":"Move"}

{"cXWarp":0,"cNewPos":[2,0],"cWhen":1.5300099898585324e9,"tag":"Move"}

{"cXWarp":0,"cNewPos":[1,0],"cWhen":1.530009991178639e9,"tag":"Move"}

{"cXWarp":1,"cNewPos":[1,1],"cWhen":1.5300099927785428e9,"tag":"Move"}

{"cXWarp":2,"cNewPos":[1,2],"cWhen":1.5300099929913564e9,"tag":"Move"}

{"cXWarp":3,"cNewPos":[1,3],"cWhen":1.53000999316253e9,"tag":"Move"}

{"cXWarp":4,"cNewPos":[1,4],"cWhen":1.5300099933739097e9,"tag":"Move"}

{"cXWarp":5,"cNewPos":[1,5],"cWhen":1.530009993649038e9,"tag":"Move"}

{"cXWarp":6,"cNewPos":[1,6],"cWhen":1.5300099938741102e9,"tag":"Move"}

{"cOrigin":"+delete","cTo":[1,6],"cNewPos":[1,5],"cWhen":1.530009996453912e9,"tag":"Change","cFrom":[1,5],"cText":[""],"cRemoved":["c"]}

{"cOrigin":"+delete","cTo":[1,5],"cNewPos":[1,4],"cWhen":1.5300099966107545e9,"tag":"Change","cFrom":[1,4],"cText":[""],"cRemoved":["t"]}

{"cOrigin":"+delete","cTo":[1,4],"cNewPos":[1,3],"cWhen":1.530009996746654e9,"tag":"Change","cFrom":[1,3],"cText":[""],"cRemoved":["a"]}

{"cOrigin":"+delete","cTo":[1,3],"cNewPos":[1,2],"cWhen":1.530009996890672e9,"tag":"Change","cFrom":[1,2],"cText":[""],"cRemoved":["r"]}

{"cOrigin":"+delete","cTo":[1,2],"cNewPos":[1,1],"cWhen":1.5300099970422642e9,"tag":"Change","cFrom":[1,1],"cText":[""],"cRemoved":["c"]}

{"cOrigin":"+delete","cTo":[1,1],"cNewPos":[1,0],"cWhen":1.5300099974490228e9,"tag":"Change","cFrom":[1,0],"cText":[""],"cRemoved":["s"]}

{"cOrigin":"+delete","cTo":[1,1],"cNewPos":[1,0],"cWhen":1.5300099992538981e9,"tag":"Change","cFrom":[1,0],"cText":[""],"cRemoved":["h"]}

{"cXWarp":0,"cNewPos":[2,0],"cWhen":1.5300100004029279e9,"tag":"Move"}

{"cXWarp":0,"cNewPos":[3,0],"cWhen":1.5300100011564744e9,"tag":"Move"}

{"cOrigin":"+input","cTo":[3,0],"cNewPos":[3,1],"cWhen":1.5300100022907157e9,"tag":"Change","cFrom":[3,0],"cText":["s"],"cRemoved":[""]}

{"cOrigin":"+input","cTo":[3,1],"cNewPos":[3,2],"cWhen":1.5300100026586096e9,"tag":"Change","cFrom":[3,1],"cText":["c"],"cRemoved":[""]}

{"cOrigin":"+input","cTo":[3,2],"cNewPos":[3,3],"cWhen":1.530010003095118e9,"tag":"Change","cFrom":[3,2],"cText":["r"],"cRemoved":[""]}

{"cOrigin":"+input","cTo":[3,3],"cNewPos":[3,4],"cWhen":1.5300100034179502e9,"tag":"Change","cFrom":[3,3],"cText":["a"],"cRemoved":[""]}

{"cOrigin":"+input","cTo":[3,4],"cNewPos":[3,5],"cWhen":1.530010003773925e9,"tag":"Change","cFrom":[3,4],"cText":["t"],"cRemoved":[""]}

{"cOrigin":"+input","cTo":[3,5],"cNewPos":[3,6],"cWhen":1.5300100041525896e9,"tag":"Change","cFrom":[3,5],"cText":["c"],"cRemoved":[""]}

{"cOrigin":"+input","cTo":[3,6],"cNewPos":[3,7],"cWhen":1.5300100044665306e9,"tag":"Change","cFrom":[3,6],"cText":["h"],"cRemoved":[""]}

{"cOrigin":"+input","cTo":[3,7],"cNewPos":[3,8],"cWhen":1.530010006050772e9,"tag":"Change","cFrom":[3,7],"cText":[" "],"cRemoved":[""]}

{"cOrigin":"+input","cTo":[3,8],"cNewPos":[4,0],"cWhen":1.5300100084595964e9,"tag":"Change","cFrom":[3,8],"cText":["",""],"cRemoved":[""]}

{"cOrigin":"+input","cTo":[4,0],"cNewPos":[5,0],"cWhen":1.530010013866728e9,"tag":"Change","cFrom":[4,0],"cText":["",""],"cRemoved":[""]}

{"cOrigin":"+input","cTo":[5,0],"cNewPos":[6,0],"cWhen":1.5300100141443915e9,"tag":"Change","cFrom":[5,0],"cText":["",""],"cRemoved":[""]}

{"cOrigin":"+delete","cTo":[6,0],"cNewPos":[5,0],"cWhen":1.530010017354489e9,"tag":"Change","cFrom":[5,0],"cText":[""],"cRemoved":["",""]}

{"cOrigin":"+delete","cTo":[5,0],"cNewPos":[4,0],"cWhen":1.5300100176122313e9,"tag":"Change","cFrom":[4,0],"cText":[""],"cRemoved":["",""]}

{"cOrigin":"+delete","cTo":[4,0],"cNewPos":[3,8],"cWhen":1.5300100180264719e9,"tag":"Change","cFrom":[3,8],"cText":[""],"cRemoved":["",""]}

{"cXWarp":9,"cNewPos":[3,9],"cWhen":1.530010019082398e9,"tag":"Move"}

{"cXWarp":10,"cNewPos":[3,10],"cWhen":1.5300100192185137e9,"tag":"Move"}

{"cXWarp":11,"cNewPos":[3,11],"cWhen":1.5300100193623867e9,"tag":"Move"}

{"cXWarp":12,"cNewPos":[3,12],"cWhen":1.5300100195063918e9,"tag":"Move"}

{"cXWarp":13,"cNewPos":[3,13],"cWhen":1.5300100196426787e9,"tag":"Move"}

{"cXWarp":14,"cNewPos":[3,14],"cWhen":1.5300100197786863e9,"tag":"Move"}

{"cXWarp":15,"cNewPos":[3,15],"cWhen":1.5300100199264686e9,"tag":"Move"}

{"cXWarp":16,"cNewPos":[3,16],"cWhen":1.5300100200665545e9,"tag":"Move"}

{"cXWarp":17,"cNewPos":[3,17],"cWhen":1.530010020202656e9,"tag":"Move"}

{"cXWarp":18,"cNewPos":[3,18],"cWhen":1.5300100203941545e9,"tag":"Move"}

{"cXWarp":19,"cNewPos":[3,19],"cWhen":1.5300100204584844e9,"tag":"Move"}

{"cXWarp":20,"cNewPos":[3,20],"cWhen":1.5300100208103933e9,"tag":"Move"}

{"cXWarp":21,"cNewPos":[3,21],"cWhen":1.5300100210025043e9,"tag":"Move"}

{"cXWarp":22,"cNewPos":[3,22],"cWhen":1.5300100211545515e9,"tag":"Move"}

{"cXWarp":23,"cNewPos":[3,23],"cWhen":1.5300100213400462e9,"tag":"Move"}

{"cXWarp":24,"cNewPos":[3,24],"cWhen":1.5300100214539413e9,"tag":"Move"}

{"cXWarp":25,"cNewPos":[3,25],"cWhen":1.530010021602986e9,"tag":"Move"}

{"cXWarp":26,"cNewPos":[3,26],"cWhen":1.5300100217224798e9,"tag":"Move"}

{"cXWarp":27,"cNewPos":[3,27],"cWhen":1.5300100218875945e9,"tag":"Move"}

{"cXWarp":28,"cNewPos":[3,28],"cWhen":1.5300100221303923e9,"tag":"Move"}

{"cXWarp":29,"cNewPos":[3,29],"cWhen":1.5300100225544941e9,"tag":"Move"}

{"cOrigin":"+input","cTo":[3,29],"cNewPos":[4,0],"cWhen":1.5300100236025422e9,"tag":"Change","cFrom":[3,29],"cText":["",""],"cRemoved":[""]}

{"cOrigin":"+input","cTo":[4,0],"cNewPos":[5,0],"cWhen":1.5300100237958064e9,"tag":"Change","cFrom":[4,0],"cText":["",""],"cRemoved":[""]}

{"cOrigin":"+input","cTo":[5,0],"cNewPos":[5,1],"cWhen":1.5300100261542413e9,"tag":"Change","cFrom":[5,0],"cText":["s"],"cRemoved":[""]}

{"cOrigin":"+input","cTo":[5,1],"cNewPos":[5,2],"cWhen":1.5300100266024737e9,"tag":"Change","cFrom":[5,1],"cText":["l"],"cRemoved":[""]}

{"cOrigin":"+input","cTo":[5,2],"cNewPos":[5,3],"cWhen":1.530010026978596e9,"tag":"Change","cFrom":[5,2],"cText":["o"],"cRemoved":[""]}

{"cOrigin":"+input","cTo":[5,3],"cNewPos":[5,4],"cWhen":1.530010027658788e9,"tag":"Change","cFrom":[5,3],"cText":["w"],"cRemoved":[""]}

{"cOrigin":"+input","cTo":[5,4],"cNewPos":[5,5],"cWhen":1.5300100278666928e9,"tag":"Change","cFrom":[5,4],"cText":["e"],"cRemoved":[""]}

{"cOrigin":"+input","cTo":[5,5],"cNewPos":[5,6],"cWhen":1.5300100280973027e9,"tag":"Change","cFrom":[5,5],"cText":["r"],"cRemoved":[""]}

{"cOrigin":"+input","cTo":[5,6],"cNewPos":[5,7],"cWhen":1.5300100282193081e9,"tag":"Change","cFrom":[5,6],"cText":[" "],"cRemoved":[""]}

{"cOrigin":"+input","cTo":[5,7],"cNewPos":[5,8],"cWhen":1.5300100304265683e9,"tag":"Change","cFrom":[5,7],"cText":["\""],"cRemoved":[""]}
