{"cWhen":1530009606,"tag":"Eval","cAll":true}
{"cOrigin":"+input","cTo":[6,0],"cNewPos":[6,1],"cWhen":1.530009611890015e9,"tag":"Change","cFrom":[6,0],"cText":["l"],"cRemoved":[""]}

{"cOrigin":"+input","cTo":[6,1],"cNewPos":[6,2],"cWhen":1.530009612154149e9,"tag":"Change","cFrom":[6,1],"cText":["o"],"cRemoved":[""]}

{"cOrigin":"+input","cTo":[6,2],"cNewPos":[6,3],"cWhen":1.5300096127481508e9,"tag":"Change","cFrom":[6,2],"cText":[" "],"cRemoved":[""]}

{"cOrigin":"+input","cTo":[6,3],"cNewPos":[6,4],"cWhen":1.5300096135221937e9,"tag":"Change","cFrom":[6,3],"cText":["h"],"cRemoved":[""]}

{"cOrigin":"+input","cTo":[6,4],"cNewPos":[6,5],"cWhen":1.5300096139780293e9,"tag":"Change","cFrom":[6,4],"cText":["i"],"cRemoved":[""]}

{"cOrigin":"+delete","cTo":[6,5],"cNewPos":[6,4],"cWhen":1.5300096160816844e9,"tag":"Change","cFrom":[6,4],"cText":[""],"cRemoved":["i"]}

{"cOrigin":"+delete","cTo":[6,4],"cNewPos":[6,3],"cWhen":1.530009616241852e9,"tag":"Change","cFrom":[6,3],"cText":[""],"cRemoved":["h"]}

{"cOrigin":"+delete","cTo":[6,3],"cNewPos":[6,2],"cWhen":1.5300096164018464e9,"tag":"Change","cFrom":[6,2],"cText":[""],"cRemoved":[" "]}

{"cOrigin":"+delete","cTo":[6,2],"cNewPos":[6,1],"cWhen":1.5300096165620918e9,"tag":"Change","cFrom":[6,1],"cText":[""],"cRemoved":["o"]}

{"cOrigin":"+delete","cTo":[6,1],"cNewPos":[6,0],"cWhen":1.5300096167138667e9,"tag":"Change","cFrom":[6,0],"cText":[""],"cRemoved":["l"]}

{"cOrigin":"+input","cTo":[6,0],"cNewPos":[6,1],"cWhen":1.5300096221378243e9,"tag":"Change","cFrom":[6,0],"cText":["s"],"cRemoved":[""]}

{"cOrigin":"+input","cTo":[6,1],"cNewPos":[6,2],"cWhen":1.5300096223699415e9,"tag":"Change","cFrom":[6,1],"cText":["c"],"cRemoved":[""]}

{"cOrigin":"+input","cTo":[6,2],"cNewPos":[6,3],"cWhen":1.5300096231939926e9,"tag":"Change","cFrom":[6,2],"cText":["r"],"cRemoved":[""]}

{"cOrigin":"+input","cTo":[6,3],"cNewPos":[6,4],"cWhen":1.5300096237299073e9,"tag":"Change","cFrom":[6,3],"cText":["a"],"cRemoved":[""]}

{"cOrigin":"+input","cTo":[6,4],"cNewPos":[6,5],"cWhen":1.530009624314011e9,"tag":"Change","cFrom":[6,4],"cText":["t"],"cRemoved":[""]}

{"cOrigin":"+input","cTo":[6,5],"cNewPos":[6,6],"cWhen":1.5300096269060006e9,"tag":"Change","cFrom":[6,5],"cText":["c"],"cRemoved":[""]}

{"cOrigin":"+input","cTo":[6,6],"cNewPos":[6,7],"cWhen":1.530009627537864e9,"tag":"Change","cFrom":[6,6],"cText":["h"],"cRemoved":[""]}

{"cOrigin":"+input","cTo":[6,7],"cNewPos":[6,8],"cWhen":1.5300096316579208e9,"tag":"Change","cFrom":[6,7],"cText":[" "],"cRemoved":[""]}

{"cOrigin":"+input","cTo":[6,8],"cNewPos":[6,9],"cWhen":1.5300096350738764e9,"tag":"Change","cFrom":[6,8],"cText":["$"],"cRemoved":[""]}

{"cOrigin":"+input","cTo":[6,9],"cNewPos":[6,10],"cWhen":1.5300096379777815e9,"tag":"Change","cFrom":[6,9],"cText":[" "],"cRemoved":[""]}

{"cOrigin":"+input","cTo":[6,10],"cNewPos":[6,11],"cWhen":1.5300096401857219e9,"tag":"Change","cFrom":[6,10],"cText":["f"],"cRemoved":[""]}

{"cOrigin":"+input","cTo":[6,11],"cNewPos":[6,12],"cWhen":1.5300096405378282e9,"tag":"Change","cFrom":[6,11],"cText":["a"],"cRemoved":[""]}

{"cOrigin":"+input","cTo":[6,12],"cNewPos":[6,13],"cWhen":1.5300096409057508e9,"tag":"Change","cFrom":[6,12],"cText":["s"],"cRemoved":[""]}

{"cOrigin":"+input","cTo":[6,13],"cNewPos":[6,14],"cWhen":1.530009641961882e9,"tag":"Change","cFrom":[6,13],"cText":["t"],"cRemoved":[""]}

{"cOrigin":"+input","cTo":[6,14],"cNewPos":[6,15],"cWhen":1.5300096423218122e9,"tag":"Change","cFrom":[6,14],"cText":["e"],"cRemoved":[""]}

{"cOrigin":"+input","cTo":[6,15],"cNewPos":[6,16],"cWhen":1.5300096426338196e9,"tag":"Change","cFrom":[6,15],"cText":["r"],"cRemoved":[""]}

{"cOrigin":"+input","cTo":[6,16],"cNewPos":[6,17],"cWhen":1.5300096490418708e9,"tag":"Change","cFrom":[6,16],"cText":[" "],"cRemoved":[""]}

{"cOrigin":"+input","cTo":[6,17],"cNewPos":[6,18],"cWhen":1.5300096516336026e9,"tag":"Change","cFrom":[6,17],"cText":["$"],"cRemoved":[""]}

{"cOrigin":"+input","cTo":[6,18],"cNewPos":[6,19],"cWhen":1.5300096536016176e9,"tag":"Change","cFrom":[6,18],"cText":[" "],"cRemoved":[""]}

{"cOrigin":"+input","cTo":[6,19],"cNewPos":[6,20],"cWhen":1.5300096553616366e9,"tag":"Change","cFrom":[6,19],"cText":["c"],"cRemoved":[""]}

{"cOrigin":"+input","cTo":[6,20],"cNewPos":[6,21],"cWhen":1.5300096558736024e9,"tag":"Change","cFrom":[6,20],"cText":["r"],"cRemoved":[""]}

{"cOrigin":"+input","cTo":[6,21],"cNewPos":[6,22],"cWhen":1.530009656481618e9,"tag":"Change","cFrom":[6,21],"cText":["u"],"cRemoved":[""]}

{"cOrigin":"+input","cTo":[6,22],"cNewPos":[6,23],"cWhen":1.5300096570976574e9,"tag":"Change","cFrom":[6,22],"cText":["n"],"cRemoved":[""]}

{"cOrigin":"+input","cTo":[6,23],"cNewPos":[6,24],"cWhen":1.5300096575863843e9,"tag":"Change","cFrom":[6,23],"cText":["c"],"cRemoved":[""]}

{"cOrigin":"+input","cTo":[6,24],"cNewPos":[6,25],"cWhen":1.5300096585055625e9,"tag":"Change","cFrom":[6,24],"cText":["h"],"cRemoved":[""]}

{"cXWarp":26,"cNewPos":[6,26],"cWhen":1.5300096607132735e9,"tag":"Move"}

{"cOrigin":"+input","cTo":[6,26],"cNewPos":[6,27],"cWhen":1.5300096632174194e9,"tag":"Change","cFrom":[6,26],"cText":["h"],"cRemoved":[""]}

{"cOrigin":"+input","cTo":[6,27],"cNewPos":[6,28],"cWhen":1.5300096637375426e9,"tag":"Change","cFrom":[6,27],"cText":["i"],"cRemoved":[""]}

{"cOrigin":"+input","cTo":[6,28],"cNewPos":[6,29],"cWhen":1.5300096643055122e9,"tag":"Change","cFrom":[6,28],"cText":[" "],"cRemoved":[""]}

{"cOrigin":"+input","cTo":[6,29],"cNewPos":[6,30],"cWhen":1.5300096647935097e9,"tag":"Change","cFrom":[6,29],"cText":["l"],"cRemoved":[""]}

{"cOrigin":"+input","cTo":[6,30],"cNewPos":[6,31],"cWhen":1.5300096652016044e9,"tag":"Change","cFrom":[6,30],"cText":["i"],"cRemoved":[""]}

{"cOrigin":"+delete","cTo":[6,31],"cNewPos":[6,30],"cWhen":1.530009666193291e9,"tag":"Change","cFrom":[6,30],"cText":[""],"cRemoved":["i"]}

{"cOrigin":"+input","cTo":[6,30],"cNewPos":[6,31],"cWhen":1.5300096667534797e9,"tag":"Change","cFrom":[6,30],"cText":["o"],"cRemoved":[""]}

{"cOrigin":"+input","cTo":[6,31],"cNewPos":[6,32],"cWhen":1.5300096682174048e9,"tag":"Change","cFrom":[6,31],"cText":[" "],"cRemoved":[""]}

{"cOrigin":"+input","cTo":[6,32],"cNewPos":[6,33],"cWhen":1.5300096688660486e9,"tag":"Change","cFrom":[6,32],"cText":["l"],"cRemoved":[""]}

{"cOrigin":"+input","cTo":[6,33],"cNewPos":[6,34],"cWhen":1.5300096691534395e9,"tag":"Change","cFrom":[6,33],"cText":["o"],"cRemoved":[""]}

{"cOrigin":"+input","cTo":[6,34],"cNewPos":[6,35],"cWhen":1.530009669561372e9,"tag":"Change","cFrom":[6,34],"cText":[" "],"cRemoved":[""]}

{"cOrigin":"+input","cTo":[6,35],"cNewPos":[6,36],"cWhen":1.530009669881541e9,"tag":"Change","cFrom":[6,35],"cText":["l"],"cRemoved":[""]}

{"cOrigin":"+input","cTo":[6,36],"cNewPos":[6,37],"cWhen":1.530009670121464e9,"tag":"Change","cFrom":[6,36],"cText":["o"],"cRemoved":[""]}

{"cOrigin":"+input","cTo":[6,37],"cNewPos":[6,38],"cWhen":1.5300096701295176e9,"tag":"Change","cFrom":[6,37],"cText":["p"],"cRemoved":[""]}

{"cOrigin":"+input","cTo":[6,38],"cNewPos":[6,39],"cWhen":1.5300096712974467e9,"tag":"Change","cFrom":[6,38],"cText":[" "],"cRemoved":[""]}

{"cOrigin":"+delete","cTo":[6,39],"cNewPos":[6,38],"cWhen":1.5300096732252195e9,"tag":"Change","cFrom":[6,38],"cText":[""],"cRemoved":[" "]}

{"cOrigin":"+delete","cTo":[6,38],"cNewPos":[6,37],"cWhen":1.530009673761298e9,"tag":"Change","cFrom":[6,37],"cText":[""],"cRemoved":["p"]}

{"cOrigin":"+input","cTo":[6,37],"cNewPos":[6,38],"cWhen":1.5300096768019547e9,"tag":"Change","cFrom":[6,37],"cText":[" "],"cRemoved":[""]}

{"cOrigin":"+input","cTo":[6,38],"cNewPos":[6,39],"cWhen":1.5300096779694905e9,"tag":"Change","cFrom":[6,38],"cText":["h"],"cRemoved":[""]}

{"cOrigin":"+input","cTo":[6,39],"cNewPos":[6,40],"cWhen":1.5300096787853494e9,"tag":"Change","cFrom":[6,39],"cText":["i"],"cRemoved":[""]}

{"cOrigin":"+input","cTo":[6,40],"cNewPos":[6,41],"cWhen":1.530009683217207e9,"tag":"Change","cFrom":[6,40],"cText":["\""],"cRemoved":[""]}

{"cOrigin":"+input","cTo":[6,41],"cNewPos":[7,0],"cWhen":1.5300096846894174e9,"tag":"Change","cFrom":[6,41],"cText":["",""],"cRemoved":[""]}

{"cOrigin":"+delete","cTo":[7,0],"cNewPos":[6,41],"cWhen":1.530009688153072e9,"tag":"Change","cFrom":[6,41],"cText":[""],"cRemoved":["",""]}

{"cOrigin":"+input","cTo":[6,41],"cNewPos":[7,0],"cWhen":1.5300096910650775e9,"tag":"Change","cFrom":[6,41],"cText":["",""],"cRemoved":[""]}

{"cOrigin":"+delete","cTo":[7,0],"cNewPos":[6,41],"cWhen":1.5300096936730309e9,"tag":"Change","cFrom":[6,41],"cText":[""],"cRemoved":["",""]}

{"cWhen":1.5300096961811557e9,"tag":"Eval","cAll":true}

{"cXWarp":40,"cNewPos":[6,40],"cWhen":1.530009717504849e9,"tag":"Move"}

{"cXWarp":39,"cNewPos":[6,39],"cWhen":1.530009719408956e9,"tag":"Move"}

{"cXWarp":38,"cNewPos":[6,38],"cWhen":1.5300097195928483e9,"tag":"Move"}

{"cXWarp":37,"cNewPos":[6,37],"cWhen":1.5300097198682764e9,"tag":"Move"}

{"cXWarp":36,"cNewPos":[6,36],"cWhen":1.5300097202648168e9,"tag":"Move"}

{"cXWarp":35,"cNewPos":[6,35],"cWhen":1.530009720531975e9,"tag":"Move"}

{"cXWarp":34,"cNewPos":[6,34],"cWhen":1.5300097205721505e9,"tag":"Move"}

{"cXWarp":33,"cNewPos":[6,33],"cWhen":1.5300097206221194e9,"tag":"Move"}

{"cXWarp":32,"cNewPos":[6,32],"cWhen":1.5300097206815164e9,"tag":"Move"}

{"cXWarp":31,"cNewPos":[6,31],"cWhen":1.5300097207220197e9,"tag":"Move"}

{"cXWarp":30,"cNewPos":[6,30],"cWhen":1.530009720772032e9,"tag":"Move"}

{"cXWarp":29,"cNewPos":[6,29],"cWhen":1.5300097208220139e9,"tag":"Move"}

{"cXWarp":28,"cNewPos":[6,28],"cWhen":1.5300097208815162e9,"tag":"Move"}

{"cXWarp":27,"cNewPos":[6,27],"cWhen":1.5300097209219878e9,"tag":"Move"}

{"cXWarp":26,"cNewPos":[6,26],"cWhen":1.5300097209720204e9,"tag":"Move"}

{"cXWarp":25,"cNewPos":[6,25],"cWhen":1.5300097210220177e9,"tag":"Move"}

{"cXWarp":24,"cNewPos":[6,24],"cWhen":1.5300097210767019e9,"tag":"Move"}

{"cXWarp":23,"cNewPos":[6,23],"cWhen":1.5300097231207402e9,"tag":"Move"}

{"cXWarp":22,"cNewPos":[6,22],"cWhen":1.5300097233814404e9,"tag":"Move"}

{"cXWarp":21,"cNewPos":[6,21],"cWhen":1.5300097236086392e9,"tag":"Move"}

{"cXWarp":20,"cNewPos":[6,20],"cWhen":1.5300097238647168e9,"tag":"Move"}

{"cXWarp":19,"cNewPos":[6,19],"cWhen":1.5300097240568798e9,"tag":"Move"}

{"cXWarp":18,"cNewPos":[6,18],"cWhen":1.530009724296843e9,"tag":"Move"}

{"cXWarp":17,"cNewPos":[6,17],"cWhen":1.5300097246409006e9,"tag":"Move"}

{"cXWarp":16,"cNewPos":[6,16],"cWhen":1.5300097252566004e9,"tag":"Move"}

{"cOrigin":"+delete","cTo":[6,16],"cNewPos":[6,15],"cWhen":1.5300097266840954e9,"tag":"Change","cFrom":[6,15],"cText":[""],"cRemoved":["r"]}

{"cOrigin":"+delete","cTo":[6,15],"cNewPos":[6,14],"cWhen":1.5300097269446564e9,"tag":"Change","cFrom":[6,14],"cText":[""],"cRemoved":["e"]}

{"cOrigin":"+delete","cTo":[6,14],"cNewPos":[6,13],"cWhen":1.5300097271607955e9,"tag":"Change","cFrom":[6,13],"cText":[""],"cRemoved":["t"]}

{"cOrigin":"+delete","cTo":[6,13],"cNewPos":[6,12],"cWhen":1.5300097274727542e9,"tag":"Change","cFrom":[6,12],"cText":[""],"cRemoved":["s"]}

{"cOrigin":"+delete","cTo":[6,12],"cNewPos":[6,11],"cWhen":1.5300097278327835e9,"tag":"Change","cFrom":[6,11],"cText":[""],"cRemoved":["a"]}

{"cOrigin":"+delete","cTo":[6,11],"cNewPos":[6,10],"cWhen":1.530009728304716e9,"tag":"Change","cFrom":[6,10],"cText":[""],"cRemoved":["f"]}

{"cOrigin":"+input","cTo":[6,10],"cNewPos":[6,11],"cWhen":1.5300097298010154e9,"tag":"Change","cFrom":[6,10],"cText":["s"],"cRemoved":[""]}

{"cOrigin":"+input","cTo":[6,11],"cNewPos":[6,12],"cWhen":1.530009730194798e9,"tag":"Change","cFrom":[6,11],"cText":["l"],"cRemoved":[""]}

{"cOrigin":"+input","cTo":[6,12],"cNewPos":[6,13],"cWhen":1.5300097304570417e9,"tag":"Change","cFrom":[6,12],"cText":["o"],"cRemoved":[""]}

{"cOrigin":"+input","cTo":[6,13],"cNewPos":[6,14],"cWhen":1.5300097311534727e9,"tag":"Change","cFrom":[6,13],"cText":["w"],"cRemoved":[""]}

{"cOrigin":"+input","cTo":[6,14],"cNewPos":[6,15],"cWhen":1.5300097327853494e9,"tag":"Change","cFrom":[6,14],"cText":["e"],"cRemoved":[""]}

{"cOrigin":"+input","cTo":[6,15],"cNewPos":[6,16],"cWhen":1.5300097336415462e9,"tag":"Change","cFrom":[6,15],"cText":["r"],"cRemoved":[""]}

{"cWhen":1.5300097387002382e9,"tag":"Eval","cAll":true}

{"cOrigin":"+delete","cTo":[6,16],"cNewPos":[6,15],"cWhen":1.5300097537365544e9,"tag":"Change","cFrom":[6,15],"cText":[""],"cRemoved":["r"]}

{"cOrigin":"+delete","cTo":[6,15],"cNewPos":[6,14],"cWhen":1.5300097539046032e9,"tag":"Change","cFrom":[6,14],"cText":[""],"cRemoved":["e"]}

{"cOrigin":"+delete","cTo":[6,14],"cNewPos":[6,13],"cWhen":1.530009754232992e9,"tag":"Change","cFrom":[6,13],"cText":[""],"cRemoved":["w"]}

{"cOrigin":"+delete","cTo":[6,13],"cNewPos":[6,12],"cWhen":1.5300097545363877e9,"tag":"Change","cFrom":[6,12],"cText":[""],"cRemoved":["o"]}

{"cOrigin":"+delete","cTo":[6,12],"cNewPos":[6,11],"cWhen":1.530009754809199e9,"tag":"Change","cFrom":[6,11],"cText":[""],"cRemoved":["l"]}

{"cOrigin":"+delete","cTo":[6,11],"cNewPos":[6,10],"cWhen":1.5300097552443845e9,"tag":"Change","cFrom":[6,10],"cText":[""],"cRemoved":["s"]}

{"cOrigin":"+input","cTo":[6,10],"cNewPos":[6,11],"cWhen":1.5300097563446627e9,"tag":"Change","cFrom":[6,10],"cText":["f"],"cRemoved":[""]}

{"cOrigin":"+input","cTo":[6,11],"cNewPos":[6,12],"cWhen":1.5300097566646056e9,"tag":"Change","cFrom":[6,11],"cText":["a"],"cRemoved":[""]}

{"cOrigin":"+input","cTo":[6,12],"cNewPos":[6,13],"cWhen":1.5300097569287736e9,"tag":"Change","cFrom":[6,12],"cText":["s"],"cRemoved":[""]}

{"cOrigin":"+input","cTo":[6,13],"cNewPos":[6,14],"cWhen":1.5300097575607889e9,"tag":"Change","cFrom":[6,13],"cText":["t"],"cRemoved":[""]}

{"cOrigin":"+input","cTo":[6,14],"cNewPos":[6,15],"cWhen":1.5300097581286347e9,"tag":"Change","cFrom":[6,14],"cText":["e"],"cRemoved":[""]}

{"cOrigin":"+input","cTo":[6,15],"cNewPos":[6,16],"cWhen":1.5300097583127134e9,"tag":"Change","cFrom":[6,15],"cText":["r"],"cRemoved":[""]}

{"cXWarp":17,"cNewPos":[6,17],"cWhen":1.5300097657045507e9,"tag":"Move"}

{"cXWarp":18,"cNewPos":[6,18],"cWhen":1.5300097659311547e9,"tag":"Move"}

{"cXWarp":19,"cNewPos":[6,19],"cWhen":1.5300097661283834e9,"tag":"Move"}

{"cXWarp":20,"cNewPos":[6,20],"cWhen":1.5300097663203726e9,"tag":"Move"}

{"cXWarp":21,"cNewPos":[6,21],"cWhen":1.530009766504361e9,"tag":"Move"}

{"cXWarp":22,"cNewPos":[6,22],"cWhen":1.5300097667204304e9,"tag":"Move"}

{"cXWarp":23,"cNewPos":[6,23],"cWhen":1.5300097672483954e9,"tag":"Move"}

{"cXWarp":24,"cNewPos":[6,24],"cWhen":1.5300097678084993e9,"tag":"Move"}

{"cXWarp":25,"cNewPos":[6,25],"cWhen":1.5300097706903467e9,"tag":"Move"}

{"cOrigin":"+input","cTo":[6,25],"cNewPos":[6,26],"cWhen":1.5300097746724777e9,"tag":"Change","cFrom":[6,25],"cText":["$"],"cRemoved":[""]}

{"cXWarp":25,"cNewPos":[6,25],"cWhen":1.5300097771203299e9,"tag":"Move"}

{"cOrigin":"+input","cTo":[6,25],"cNewPos":[6,26],"cWhen":1.530009778656496e9,"tag":"Change","cFrom":[6,25],"cText":[" "],"cRemoved":[""]}

{"cXWarp":27,"cNewPos":[6,27],"cWhen":1.530009780248304e9,"tag":"Move"}

{"cOrigin":"+input","cTo":[6,27],"cNewPos":[6,28],"cWhen":1.5300097809364996e9,"tag":"Change","cFrom":[6,27],"cText":[" "],"cRemoved":[""]}

{"cOrigin":"+input","cTo":[6,28],"cNewPos":[6,29],"cWhen":1.5300097821845772e9,"tag":"Change","cFrom":[6,28],"cText":["e"],"cRemoved":[""]}

{"cOrigin":"+input","cTo":[6,29],"cNewPos":[6,30],"cWhen":1.5300097834484797e9,"tag":"Change","cFrom":[6,29],"cText":["v"],"cRemoved":[""]}

{"cOrigin":"+input","cTo":[6,30],"cNewPos":[6,31],"cWhen":1.5300097839285522e9,"tag":"Change","cFrom":[6,30],"cText":["e"],"cRemoved":[""]}

{"cOrigin":"+input","cTo":[6,31],"cNewPos":[6,32],"cWhen":1.5300097845217102e9,"tag":"Change","cFrom":[6,31],"cText":["r"],"cRemoved":[""]}

{"cOrigin":"+input","cTo":[6,32],"cNewPos":[6,33],"cWhen":1.5300097859524393e9,"tag":"Change","cFrom":[6,32],"cText":["y"],"cRemoved":[""]}

{"cOrigin":"+input","cTo":[6,33],"cNewPos":[6,34],"cWhen":1.5300097888804007e9,"tag":"Change","cFrom":[6,33],"cText":[" "],"cRemoved":[""]}

{"cOrigin":"+input","cTo":[6,34],"cNewPos":[6,35],"cWhen":1.5300097893604884e9,"tag":"Change","cFrom":[6,34],"cText":["4"],"cRemoved":[""]}

{"cOrigin":"+input","cTo":[6,35],"cNewPos":[6,36],"cWhen":1.5300097898564732e9,"tag":"Change","cFrom":[6,35],"cText":[" "],"cRemoved":[""]}

{"cOrigin":"+input","cTo":[6,36],"cNewPos":[6,37],"cWhen":1.5300097913444464e9,"tag":"Change","cFrom":[6,36],"cText":["f"],"cRemoved":[""]}

{"cOrigin":"+input","cTo":[6,37],"cNewPos":[6,38],"cWhen":1.5300097917925324e9,"tag":"Change","cFrom":[6,37],"cText":["a"],"cRemoved":[""]}

{"cOrigin":"+input","cTo":[6,38],"cNewPos":[6,39],"cWhen":1.5300097922083764e9,"tag":"Change","cFrom":[6,38],"cText":["s"],"cRemoved":[""]}

{"cOrigin":"+input","cTo":[6,39],"cNewPos":[6,40],"cWhen":1.5300097926803901e9,"tag":"Change","cFrom":[6,39],"cText":["t"],"cRemoved":[""]}

{"cOrigin":"+input","cTo":[6,40],"cNewPos":[6,41],"cWhen":1.530009793152555e9,"tag":"Change","cFrom":[6,40],"cText":["e"],"cRemoved":[""]}

{"cOrigin":"+input","cTo":[6,41],"cNewPos":[6,42],"cWhen":1.5300097935123827e9,"tag":"Change","cFrom":[6,41],"cText":["r"],"cRemoved":[""]}

{"cXWarp":41,"cNewPos":[6,41],"cWhen":1.5300097979521637e9,"tag":"Move"}

{"cXWarp":40,"cNewPos":[6,40],"cWhen":1.5300097983521602e9,"tag":"Move"}

{"cXWarp":39,"cNewPos":[6,39],"cWhen":1.5300097986121652e9,"tag":"Move"}

{"cXWarp":38,"cNewPos":[6,38],"cWhen":1.5300097986621253e9,"tag":"Move"}

{"cXWarp":37,"cNewPos":[6,37],"cWhen":1.5300097987121549e9,"tag":"Move"}

{"cXWarp":36,"cNewPos":[6,36],"cWhen":1.5300097987621858e9,"tag":"Move"}

{"cXWarp":35,"cNewPos":[6,35],"cWhen":1.5300097988121705e9,"tag":"Move"}

{"cXWarp":34,"cNewPos":[6,34],"cWhen":1.530009798862122e9,"tag":"Move"}

{"cXWarp":33,"cNewPos":[6,33],"cWhen":1.5300097989121568e9,"tag":"Move"}

{"cXWarp":32,"cNewPos":[6,32],"cWhen":1.5300097989621603e9,"tag":"Move"}

{"cXWarp":31,"cNewPos":[6,31],"cWhen":1.5300097990121682e9,"tag":"Move"}

{"cXWarp":30,"cNewPos":[6,30],"cWhen":1.530009799062132e9,"tag":"Move"}

{"cXWarp":29,"cNewPos":[6,29],"cWhen":1.5300097991121626e9,"tag":"Move"}

{"cXWarp":28,"cNewPos":[6,28],"cWhen":1.5300097991621804e9,"tag":"Move"}

{"cXWarp":27,"cNewPos":[6,27],"cWhen":1.5300097992121522e9,"tag":"Move"}

{"cXWarp":26,"cNewPos":[6,26],"cWhen":1.530009799262146e9,"tag":"Move"}

{"cXWarp":25,"cNewPos":[6,25],"cWhen":1.5300097993121169e9,"tag":"Move"}

{"cXWarp":24,"cNewPos":[6,24],"cWhen":1.530009799362139e9,"tag":"Move"}

{"cXWarp":23,"cNewPos":[6,23],"cWhen":1.5300097994121416e9,"tag":"Move"}

{"cXWarp":22,"cNewPos":[6,22],"cWhen":1.5300097994621475e9,"tag":"Move"}

{"cXWarp":21,"cNewPos":[6,21],"cWhen":1.5300097995121768e9,"tag":"Move"}

{"cXWarp":20,"cNewPos":[6,20],"cWhen":1.5300097995621865e9,"tag":"Move"}

{"cXWarp":19,"cNewPos":[6,19],"cWhen":1.5300097996121767e9,"tag":"Move"}

{"cXWarp":18,"cNewPos":[6,18],"cWhen":1.530009799662134e9,"tag":"Move"}

{"cXWarp":17,"cNewPos":[6,17],"cWhen":1.5300097997202742e9,"tag":"Move"}

{"cXWarp":16,"cNewPos":[6,16],"cWhen":1.5300098002000966e9,"tag":"Move"}

{"cOrigin":"+delete","cTo":[6,16],"cNewPos":[6,15],"cWhen":1.530009801184196e9,"tag":"Change","cFrom":[6,15],"cText":[""],"cRemoved":["r"]}

{"cOrigin":"+delete","cTo":[6,15],"cNewPos":[6,14],"cWhen":1.530009801384128e9,"tag":"Change","cFrom":[6,14],"cText":[""],"cRemoved":["e"]}

{"cOrigin":"+delete","cTo":[6,14],"cNewPos":[6,13],"cWhen":1.5300098015761907e9,"tag":"Change","cFrom":[6,13],"cText":[""],"cRemoved":["t"]}

{"cOrigin":"+delete","cTo":[6,13],"cNewPos":[6,12],"cWhen":1.5300098017601616e9,"tag":"Change","cFrom":[6,12],"cText":[""],"cRemoved":["s"]}

{"cOrigin":"+delete","cTo":[6,12],"cNewPos":[6,11],"cWhen":1.5300098019681842e9,"tag":"Change","cFrom":[6,11],"cText":[""],"cRemoved":["a"]}

{"cOrigin":"+delete","cTo":[6,11],"cNewPos":[6,10],"cWhen":1.5300098024561841e9,"tag":"Change","cFrom":[6,10],"cText":[""],"cRemoved":["f"]}

{"cOrigin":"+delete","cTo":[6,10],"cNewPos":[6,9],"cWhen":1.5300098037200866e9,"tag":"Change","cFrom":[6,9],"cText":[""],"cRemoved":[" "]}

{"cOrigin":"+delete","cTo":[6,9],"cNewPos":[6,8],"cWhen":1.5300098041442225e9,"tag":"Change","cFrom":[6,8],"cText":[""],"cRemoved":["$"]}

{"cOrigin":"+delete","cTo":[6,8],"cNewPos":[6,7],"cWhen":1.5300098051015136e9,"tag":"Change","cFrom":[6,7],"cText":[""],"cRemoved":[" "]}

{"cWhen":1.5300098083560119e9,"tag":"Eval","cAll":true}

{"cXWarp":8,"cNewPos":[6,8],"cWhen":1.530009825064034e9,"tag":"Move"}

{"cXWarp":9,"cNewPos":[6,9],"cWhen":1.5300098253679192e9,"tag":"Move"}

{"cXWarp":10,"cNewPos":[6,10],"cWhen":1.5300098256400597e9,"tag":"Move"}

{"cXWarp":11,"cNewPos":[6,11],"cWhen":1.530009826441491e9,"tag":"Move"}

{"cXWarp":12,"cNewPos":[6,12],"cWhen":1.5300098268880355e9,"tag":"Move"}

{"cXWarp":13,"cNewPos":[6,13],"cWhen":1.5300098272559936e9,"tag":"Move"}

{"cXWarp":14,"cNewPos":[6,14],"cWhen":1.5300098275039432e9,"tag":"Move"}

{"cXWarp":15,"cNewPos":[6,15],"cWhen":1.5300098276960073e9,"tag":"Move"}

{"cXWarp":16,"cNewPos":[6,16],"cWhen":1.5300098279521394e9,"tag":"Move"}

{"cXWarp":17,"cNewPos":[6,17],"cWhen":1.5300098280022216e9,"tag":"Move"}

{"cXWarp":18,"cNewPos":[6,18],"cWhen":1.5300098280521185e9,"tag":"Move"}

{"cXWarp":19,"cNewPos":[6,19],"cWhen":1.530009828102122e9,"tag":"Move"}

{"cXWarp":20,"cNewPos":[6,20],"cWhen":1.5300098281521413e9,"tag":"Move"}

{"cXWarp":21,"cNewPos":[6,21],"cWhen":1.5300098282022033e9,"tag":"Move"}

{"cXWarp":22,"cNewPos":[6,22],"cWhen":1.5300098282521298e9,"tag":"Move"}

{"cXWarp":23,"cNewPos":[6,23],"cWhen":1.5300098283021486e9,"tag":"Move"}

{"cXWarp":24,"cNewPos":[6,24],"cWhen":1.5300098283521328e9,"tag":"Move"}

{"cXWarp":25,"cNewPos":[6,25],"cWhen":1.5300098284021926e9,"tag":"Move"}

{"cXWarp":26,"cNewPos":[6,26],"cWhen":1.5300098284521232e9,"tag":"Move"}

{"cXWarp":27,"cNewPos":[6,27],"cWhen":1.5300098285021172e9,"tag":"Move"}

{"cXWarp":28,"cNewPos":[6,28],"cWhen":1.53000982855213e9,"tag":"Move"}

{"cXWarp":29,"cNewPos":[6,29],"cWhen":1.5300098286021552e9,"tag":"Move"}

{"cXWarp":30,"cNewPos":[6,30],"cWhen":1.5300098286521993e9,"tag":"Move"}

{"cXWarp":31,"cNewPos":[6,31],"cWhen":1.5300098287021215e9,"tag":"Move"}

{"cXWarp":32,"cNewPos":[6,32],"cWhen":1.5300098287617521e9,"tag":"Move"}

{"cXWarp":33,"cNewPos":[6,33],"cWhen":1.5300098288021295e9,"tag":"Move"}

{"cXWarp":34,"cNewPos":[6,34],"cWhen":1.5300098288521538e9,"tag":"Move"}

{"cXWarp":35,"cNewPos":[6,35],"cWhen":1.5300098289021134e9,"tag":"Move"}

{"cXWarp":36,"cNewPos":[6,36],"cWhen":1.5300098289608684e9,"tag":"Move"}

{"cXWarp":37,"cNewPos":[6,37],"cWhen":1.5300098290021744e9,"tag":"Move"}

{"cXWarp":38,"cNewPos":[6,38],"cWhen":1.530009829062173e9,"tag":"Move"}

{"cXWarp":39,"cNewPos":[6,39],"cWhen":1.530009829112118e9,"tag":"Move"}

{"cXWarp":40,"cNewPos":[6,40],"cWhen":1.5300098291622074e9,"tag":"Move"}

{"cXWarp":41,"cNewPos":[6,41],"cWhen":1.530009829212168e9,"tag":"Move"}

{"cXWarp":42,"cNewPos":[6,42],"cWhen":1.530009829262182e9,"tag":"Move"}

{"cXWarp":43,"cNewPos":[6,43],"cWhen":1.530009829322161e9,"tag":"Move"}

{"cXWarp":44,"cNewPos":[6,44],"cWhen":1.5300098293721921e9,"tag":"Move"}

{"cXWarp":45,"cNewPos":[6,45],"cWhen":1.5300098294221983e9,"tag":"Move"}

{"cXWarp":46,"cNewPos":[6,46],"cWhen":1.530009829472169e9,"tag":"Move"}

{"cXWarp":47,"cNewPos":[6,47],"cWhen":1.5300098295369725e9,"tag":"Move"}

{"cXWarp":48,"cNewPos":[6,48],"cWhen":1.5300098295721672e9,"tag":"Move"}

{"cXWarp":49,"cNewPos":[6,49],"cWhen":1.5300098296222026e9,"tag":"Move"}

{"cXWarp":49,"cNewPos":[6,49],"cWhen":1.530009829672218e9,"tag":"Move"}

{"cXWarp":49,"cNewPos":[6,49],"cWhen":1.53000982972536e9,"tag":"Move"}

{"cXWarp":49,"cNewPos":[6,49],"cWhen":1.5300098297721887e9,"tag":"Move"}

{"cXWarp":48,"cNewPos":[6,48],"cWhen":1.530009832951945e9,"tag":"Move"}

{"cOrigin":"+input","cTo":[6,48],"cNewPos":[6,49],"cWhen":1.5300098347441208e9,"tag":"Change","cFrom":[6,48],"cText":[" "],"cRemoved":[""]}

{"cOrigin":"+input","cTo":[6,49],"cNewPos":[6,50],"cWhen":1.5300098360401404e9,"tag":"Change","cFrom":[6,49],"cText":["l"],"cRemoved":[""]}

{"cOrigin":"+input","cTo":[6,50],"cNewPos":[6,51],"cWhen":1.5300098362881434e9,"tag":"Change","cFrom":[6,50],"cText":["o"],"cRemoved":[""]}

{"cOrigin":"+input","cTo":[6,51],"cNewPos":[6,52],"cWhen":1.5300098371360347e9,"tag":"Change","cFrom":[6,51],"cText":[" "],"cRemoved":[""]}

{"cOrigin":"+input","cTo":[6,52],"cNewPos":[6,53],"cWhen":1.530009838761667e9,"tag":"Change","cFrom":[6,52],"cText":["h"],"cRemoved":[""]}

{"cOrigin":"+input","cTo":[6,53],"cNewPos":[6,54],"cWhen":1.5300098391280353e9,"tag":"Change","cFrom":[6,53],"cText":["i"],"cRemoved":[""]}

{"cOrigin":"+input","cTo":[6,54],"cNewPos":[6,55],"cWhen":1.5300098395120788e9,"tag":"Change","cFrom":[6,54],"cText":[" "],"cRemoved":[""]}

{"cOrigin":"+input","cTo":[6,55],"cNewPos":[6,56],"cWhen":1.5300098399840145e9,"tag":"Change","cFrom":[6,55],"cText":["h"],"cRemoved":[""]}

{"cOrigin":"+input","cTo":[6,56],"cNewPos":[6,57],"cWhen":1.5300098402720437e9,"tag":"Change","cFrom":[6,56],"cText":["i"],"cRemoved":[""]}

{"cOrigin":"+input","cTo":[6,57],"cNewPos":[6,58],"cWhen":1.5300098406239886e9,"tag":"Change","cFrom":[6,57],"cText":[" "],"cRemoved":[""]}

{"cOrigin":"+input","cTo":[6,58],"cNewPos":[6,59],"cWhen":1.5300098408959837e9,"tag":"Change","cFrom":[6,58],"cText":["h"],"cRemoved":[""]}

{"cOrigin":"+input","cTo":[6,59],"cNewPos":[6,60],"cWhen":1.5300098412240212e9,"tag":"Change","cFrom":[6,59],"cText":["i"],"cRemoved":[""]}

{"cOrigin":"+input","cTo":[6,60],"cNewPos":[6,61],"cWhen":1.5300098419441285e9,"tag":"Change","cFrom":[6,60],"cText":[" "],"cRemoved":[""]}

{"cOrigin":"+input","cTo":[6,61],"cNewPos":[6,62],"cWhen":1.5300098424321203e9,"tag":"Change","cFrom":[6,61],"cText":["l"],"cRemoved":[""]}

{"cOrigin":"+input","cTo":[6,62],"cNewPos":[6,63],"cWhen":1.5300098426321378e9,"tag":"Change","cFrom":[6,62],"cText":["o"],"cRemoved":[""]}

{"cWhen":1.5300098464755507e9,"tag":"Eval","cAll":true}

{"cOrigin":"+input","cTo":[6,63],"cNewPos":[7,0],"cWhen":1.5300098814007812e9,"tag":"Change","cFrom":[6,63],"cText":["",""],"cRemoved":[""]}

{"cOrigin":"+input","cTo":[7,0],"cNewPos":[8,0],"cWhen":1.530009881815522e9,"tag":"Change","cFrom":[7,0],"cText":["",""],"cRemoved":[""]}

{"cOrigin":"+delete","cTo":[8,0],"cNewPos":[7,0],"cWhen":1.530009885559422e9,"tag":"Change","cFrom":[7,0],"cText":[""],"cRemoved":["",""]}

{"cOrigin":"+delete","cTo":[7,0],"cNewPos":[6,63],"cWhen":1.5300098858892095e9,"tag":"Change","cFrom":[6,63],"cText":[""],"cRemoved":["",""]}

{"cXWarp":64,"cNewPos":[6,64],"cWhen":1.5300098869034264e9,"tag":"Move"}

{"cOrigin":"+input","cTo":[6,64],"cNewPos":[7,0],"cWhen":1.5300098876348343e9,"tag":"Change","cFrom":[6,64],"cText":["",""],"cRemoved":[""]}

{"cOrigin":"+input","cTo":[7,0],"cNewPos":[8,0],"cWhen":1.5300098879434237e9,"tag":"Change","cFrom":[7,0],"cText":["",""],"cRemoved":[""]}

{"cOrigin":"+input","cTo":[8,0],"cNewPos":[8,1],"cWhen":1.530009895591612e9,"tag":"Change","cFrom":[8,0],"cText":["c"],"cRemoved":[""]}

{"cOrigin":"+input","cTo":[8,1],"cNewPos":[8,2],"cWhen":1.530009898215316e9,"tag":"Change","cFrom":[8,1],"cText":["r"],"cRemoved":[""]}

{"cOrigin":"+input","cTo":[8,2],"cNewPos":[8,3],"cWhen":1.5300098982314026e9,"tag":"Change","cFrom":[8,2],"cText":[" "],"cRemoved":[""]}

{"cOrigin":"+delete","cTo":[8,3],"cNewPos":[8,2],"cWhen":1.530009900913193e9,"tag":"Change","cFrom":[8,2],"cText":[""],"cRemoved":[" "]}

{"cOrigin":"+input","cTo":[8,2],"cNewPos":[8,3],"cWhen":1.5300099039115772e9,"tag":"Change","cFrom":[8,2],"cText":["u"],"cRemoved":[""]}

{"cOrigin":"+input","cTo":[8,3],"cNewPos":[8,4],"cWhen":1.5300099051210415e9,"tag":"Change","cFrom":[8,3],"cText":["n"],"cRemoved":[""]}

{"cOrigin":"+input","cTo":[8,4],"cNewPos":[8,5],"cWhen":1.53000990570637e9,"tag":"Change","cFrom":[8,4],"cText":["c"],"cRemoved":[""]}

{"cOrigin":"+input","cTo":[8,5],"cNewPos":[8,6],"cWhen":1.5300099064393165e9,"tag":"Change","cFrom":[8,5],"cText":["h"],"cRemoved":[""]}

{"cOrigin":"+input","cTo":[8,6],"cNewPos":[8,7],"cWhen":1.530009909559234e9,"tag":"Change","cFrom":[8,6],"cText":[" "],"cRemoved":[""]}

{"cOrigin":"+input","cTo":[8,7],"cNewPos":[8,8],"cWhen":1.5300099104928083e9,"tag":"Change","cFrom":[8,7],"cText":["e"],"cRemoved":[""]}

{"cOrigin":"+input","cTo":[8,8],"cNewPos":[8,9],"cWhen":1.5300099148874557e9,"tag":"Change","cFrom":[8,8],"cText":["v"],"cRemoved":[""]}

{"cOrigin":"+input","cTo":[8,9],"cNewPos":[8,10],"cWhen":1.530009915332656e9,"tag":"Change","cFrom":[8,9],"cText":["e"],"cRemoved":[""]}

{"cOrigin":"+input","cTo":[8,10],"cNewPos":[8,11],"cWhen":1.5300099157177112e9,"tag":"Change","cFrom":[8,10],"cText":["r"],"cRemoved":[""]}

{"cOrigin":"+input","cTo":[8,11],"cNewPos":[8,12],"cWhen":1.5300099163353183e9,"tag":"Change","cFrom":[8,11],"cText":["y"],"cRemoved":[""]}

{"cOrigin":"+input","cTo":[8,12],"cNewPos":[8,13],"cWhen":1.5300099167993135e9,"tag":"Change","cFrom":[8,12],"cText":[" "],"cRemoved":[""]}

{"cOrigin":"+input","cTo":[8,13],"cNewPos":[8,14],"cWhen":1.5300099174215298e9,"tag":"Change","cFrom":[8,13],"cText":["4"],"cRemoved":[""]}

{"cOrigin":"+input","cTo":[8,14],"cNewPos":[8,15],"cWhen":1.5300099182588654e9,"tag":"Change","cFrom":[8,14],"cText":[" "],"cRemoved":[""]}

{"cOrigin":"+input","cTo":[8,15],"cNewPos":[8,16],"cWhen":1.5300099217671883e9,"tag":"Change","cFrom":[8,15],"cText":["f"],"cRemoved":[""]}

{"cOrigin":"+input","cTo":[8,16],"cNewPos":[8,17],"cWhen":1.5300099223511298e9,"tag":"Change","cFrom":[8,16],"cText":["a"],"cRemoved":[""]}

{"cOrigin":"+input","cTo":[8,17],"cNewPos":[8,18],"cWhen":1.5300099230016658e9,"tag":"Change","cFrom":[8,17],"cText":["s"],"cRemoved":[""]}

{"cOrigin":"+input","cTo":[8,18],"cNewPos":[8,19],"cWhen":1.5300099236034415e9,"tag":"Change","cFrom":[8,18],"cText":["t"],"cRemoved":[""]}

{"cOrigin":"+input","cTo":[8,19],"cNewPos":[8,20],"cWhen":1.5300099239616892e9,"tag":"Change","cFrom":[8,19],"cText":["e"],"cRemoved":[""]}

{"cOrigin":"+input","cTo":[8,20],"cNewPos":[8,21],"cWhen":1.530009924431497e9,"tag":"Change","cFrom":[8,20],"cText":["r"],"cRemoved":[""]}

{"cXWarp":20,"cNewPos":[8,20],"cWhen":1.5300099256550171e9,"tag":"Move"}

{"cXWarp":19,"cNewPos":[8,19],"cWhen":1.5300099259430113e9,"tag":"Move"}

{"cXWarp":18,"cNewPos":[8,18],"cWhen":1.530009926143131e9,"tag":"Move"}

{"cXWarp":17,"cNewPos":[8,17],"cWhen":1.5300099264151852e9,"tag":"Move"}

{"cXWarp":16,"cNewPos":[8,16],"cWhen":1.5300099266072652e9,"tag":"Move"}

{"cXWarp":15,"cNewPos":[8,15],"cWhen":1.5300099267991362e9,"tag":"Move"}

{"cXWarp":14,"cNewPos":[8,14],"cWhen":1.5300099269672515e9,"tag":"Move"}

{"cXWarp":13,"cNewPos":[8,13],"cWhen":1.5300099271592586e9,"tag":"Move"}

{"cXWarp":12,"cNewPos":[8,12],"cWhen":1.5300099274215279e9,"tag":"Move"}

{"cXWarp":11,"cNewPos":[8,11],"cWhen":1.5300099277432563e9,"tag":"Move"}

{"cXWarp":10,"cNewPos":[8,10],"cWhen":1.530009927995957e9,"tag":"Move"}

{"cXWarp":9,"cNewPos":[8,9],"cWhen":1.530009928255139e9,"tag":"Move"}

{"cXWarp":8,"cNewPos":[8,8],"cWhen":1.5300099286712446e9,"tag":"Move"}

{"cXWarp":7,"cNewPos":[8,7],"cWhen":1.5300099289191654e9,"tag":"Move"}

{"cXWarp":6,"cNewPos":[8,6],"cWhen":1.5300099292791176e9,"tag":"Move"}

{"cOrigin":"+input","cTo":[8,6],"cNewPos":[8,7],"cWhen":1.5300099331768973e9,"tag":"Change","cFrom":[8,6],"cText":["$"],"cRemoved":[""]}

{"cXWarp":6,"cNewPos":[8,6],"cWhen":1.5300099344791913e9,"tag":"Move"}

{"cOrigin":"+input","cTo":[8,6],"cNewPos":[8,7],"cWhen":1.5300099352633727e9,"tag":"Change","cFrom":[8,6],"cText":[" "],"cRemoved":[""]}

{"cXWarp":8,"cNewPos":[8,8],"cWhen":1.5300099384070256e9,"tag":"Move"}

{"cXWarp":9,"cNewPos":[8,9],"cWhen":1.5300099386321716e9,"tag":"Move"}

{"cXWarp":10,"cNewPos":[8,10],"cWhen":1.5300099386820538e9,"tag":"Move"}

{"cXWarp":11,"cNewPos":[8,11],"cWhen":1.5300099387320342e9,"tag":"Move"}

{"cXWarp":12,"cNewPos":[8,12],"cWhen":1.5300099387820442e9,"tag":"Move"}

{"cXWarp":13,"cNewPos":[8,13],"cWhen":1.5300099388320434e9,"tag":"Move"}

{"cXWarp":14,"cNewPos":[8,14],"cWhen":1.5300099388820384e9,"tag":"Move"}

{"cXWarp":15,"cNewPos":[8,15],"cWhen":1.5300099389320369e9,"tag":"Move"}

{"cXWarp":16,"cNewPos":[8,16],"cWhen":1.5300099389820452e9,"tag":"Move"}

{"cXWarp":17,"cNewPos":[8,17],"cWhen":1.5300099390320187e9,"tag":"Move"}

{"cXWarp":18,"cNewPos":[8,18],"cWhen":1.5300099390820417e9,"tag":"Move"}

{"cXWarp":19,"cNewPos":[8,19],"cWhen":1.530009939136628e9,"tag":"Move"}

{"cXWarp":20,"cNewPos":[8,20],"cWhen":1.5300099391820538e9,"tag":"Move"}

{"cXWarp":21,"cNewPos":[8,21],"cWhen":1.5300099392320347e9,"tag":"Move"}

{"cXWarp":22,"cNewPos":[8,22],"cWhen":1.5300099392820294e9,"tag":"Move"}

{"cXWarp":23,"cNewPos":[8,23],"cWhen":1.5300099393378074e9,"tag":"Move"}

{"cXWarp":23,"cNewPos":[8,23],"cWhen":1.5300099393821535e9,"tag":"Move"}

{"cOrigin":"+input","cTo":[8,23],"cNewPos":[8,24],"cWhen":1.530009943671187e9,"tag":"Change","cFrom":[8,23],"cText":["\""],"cRemoved":[""]}

{"cOrigin":"+input","cTo":[8,24],"cNewPos":[8,25],"cWhen":1.5300099469910724e9,"tag":"Change","cFrom":[8,24],"cText":["l"],"cRemoved":[""]}

{"cOrigin":"+input","cTo":[8,25],"cNewPos":[8,26],"cWhen":1.5300099472470734e9,"tag":"Change","cFrom":[8,25],"cText":["o"],"cRemoved":[""]}

{"cOrigin":"+input","cTo":[8,26],"cNewPos":[8,27],"cWhen":1.5300099477833152e9,"tag":"Change","cFrom":[8,26],"cText":[" "],"cRemoved":[""]}

{"cOrigin":"+input","cTo":[8,27],"cNewPos":[8,28],"cWhen":1.5300099481433268e9,"tag":"Change","cFrom":[8,27],"cText":["l"],"cRemoved":[""]}

{"cOrigin":"+input","cTo":[8,28],"cNewPos":[8,29],"cWhen":1.530009948695341e9,"tag":"Change","cFrom":[8,28],"cText":["o"],"cRemoved":[""]}

{"cOrigin":"+input","cTo":[8,29],"cNewPos":[8,30],"cWhen":1.530009949793779e9,"tag":"Change","cFrom":[8,29],"cText":[" "],"cRemoved":[""]}

{"cOrigin":"+input","cTo":[8,30],"cNewPos":[8,31],"cWhen":1.5300099501452024e9,"tag":"Change","cFrom":[8,30],"cText":["l"],"cRemoved":[""]}

{"cOrigin":"+input","cTo":[8,31],"cNewPos":[8,32],"cWhen":1.530009950439088e9,"tag":"Change","cFrom":[8,31],"cText":["o"],"cRemoved":[""]}

{"cOrigin":"+input","cTo":[8,32],"cNewPos":[8,33],"cWhen":1.5300099510996344e9,"tag":"Change","cFrom":[8,32],"cText":[" "],"cRemoved":[""]}

{"cOrigin":"+input","cTo":[8,33],"cNewPos":[8,34],"cWhen":1.5300099523033166e9,"tag":"Change","cFrom":[8,33],"cText":["h"],"cRemoved":[""]}

{"cOrigin":"+input","cTo":[8,34],"cNewPos":[8,35],"cWhen":1.5300099527193305e9,"tag":"Change","cFrom":[8,34],"cText":["i"],"cRemoved":[""]}

{"cOrigin":"+input","cTo":[8,35],"cNewPos":[8,36],"cWhen":1.5300099532631776e9,"tag":"Change","cFrom":[8,35],"cText":[" "],"cRemoved":[""]}

{"cOrigin":"+input","cTo":[8,36],"cNewPos":[8,37],"cWhen":1.5300099536391428e9,"tag":"Change","cFrom":[8,36],"cText":["h"],"cRemoved":[""]}

{"cOrigin":"+input","cTo":[8,37],"cNewPos":[8,38],"cWhen":1.530009954079305e9,"tag":"Change","cFrom":[8,37],"cText":["i"],"cRemoved":[""]}

{"cOrigin":"+input","cTo":[8,38],"cNewPos":[8,39],"cWhen":1.530009954511175e9,"tag":"Change","cFrom":[8,38],"cText":[" "],"cRemoved":[""]}

{"cOrigin":"+input","cTo":[8,39],"cNewPos":[8,40],"cWhen":1.530009954871226e9,"tag":"Change","cFrom":[8,39],"cText":["h"],"cRemoved":[""]}

{"cOrigin":"+input","cTo":[8,40],"cNewPos":[8,41],"cWhen":1.5300099552391458e9,"tag":"Change","cFrom":[8,40],"cText":["i"],"cRemoved":[""]}

{"cOrigin":"+input","cTo":[8,41],"cNewPos":[8,42],"cWhen":1.53000995563915e9,"tag":"Change","cFrom":[8,41],"cText":[" "],"cRemoved":[""]}

{"cOrigin":"+input","cTo":[8,42],"cNewPos":[8,43],"cWhen":1.5300099559829326e9,"tag":"Change","cFrom":[8,42],"cText":["h"],"cRemoved":[""]}

{"cOrigin":"+input","cTo":[8,43],"cNewPos":[8,44],"cWhen":1.5300099563748925e9,"tag":"Change","cFrom":[8,43],"cText":["i"],"cRemoved":[""]}

{"cOrigin":"+input","cTo":[8,44],"cNewPos":[8,45],"cWhen":1.5300099568693368e9,"tag":"Change","cFrom":[8,44],"cText":[" "],"cRemoved":[""]}

{"cOrigin":"+input","cTo":[8,45],"cNewPos":[8,46],"cWhen":1.5300099572631142e9,"tag":"Change","cFrom":[8,45],"cText":["l"],"cRemoved":[""]}

{"cOrigin":"+input","cTo":[8,46],"cNewPos":[8,47],"cWhen":1.530009957582919e9,"tag":"Change","cFrom":[8,46],"cText":["o"],"cRemoved":[""]}

{"cOrigin":"+input","cTo":[8,47],"cNewPos":[8,48],"cWhen":1.5300099580016284e9,"tag":"Change","cFrom":[8,47],"cText":[" "],"cRemoved":[""]}

{"cOrigin":"+input","cTo":[8,48],"cNewPos":[8,49],"cWhen":1.53000995843123e9,"tag":"Change","cFrom":[8,48],"cText":["h"],"cRemoved":[""]}

{"cOrigin":"+input","cTo":[8,49],"cNewPos":[8,50],"cWhen":1.530009958946448e9,"tag":"Change","cFrom":[8,49],"cText":["i"],"cRemoved":[""]}

{"cOrigin":"+input","cTo":[8,50],"cNewPos":[8,51],"cWhen":1.5300099661671774e9,"tag":"Change","cFrom":[8,50],"cText":["\""],"cRemoved":[""]}

{"cWhen":1.5300099710495203e9,"tag":"Eval","cAll":true}

{"cXWarp":50,"cNewPos":[8,50],"cWhen":1.5300099837826018e9,"tag":"Move"}

{"cXWarp":49,"cNewPos":[8,49],"cWhen":1.5300099842625928e9,"tag":"Move"}

{"cOrigin":"+delete","cTo":[8,49],"cNewPos":[8,48],"cWhen":1.5300099853745494e9,"tag":"Change","cFrom":[8,48],"cText":[""],"cRemoved":["h"]}

{"cOrigin":"+delete","cTo":[8,48],"cNewPos":[8,47],"cWhen":1.5300099862994251e9,"tag":"Change","cFrom":[8,47],"cText":[""],"cRemoved":[" "]}

{"cOrigin":"+delete","cTo":[8,47],"cNewPos":[8,46],"cWhen":1.5300099865453234e9,"tag":"Change","cFrom":[8,46],"cText":[""],"cRemoved":["o"]}

{"cOrigin":"+delete","cTo":[8,46],"cNewPos":[8,45],"cWhen":1.530009986742824e9,"tag":"Change","cFrom":[8,45],"cText":[""],"cRemoved":["l"]}

{"cOrigin":"+delete","cTo":[8,45],"cNewPos":[8,44],"cWhen":1.53000998694257e9,"tag":"Change","cFrom":[8,44],"cText":[""],"cRemoved":[" "]}

{"cOrigin":"+delete","cTo":[8,44],"cNewPos":[8,43],"cWhen":1.5300099871666827e9,"tag":"Change","cFrom":[8,43],"cText":[""],"cRemoved":["i"]}

{"cOrigin":"+delete","cTo":[8,43],"cNewPos":[8,42],"cWhen":1.5300099885265615e9,"tag":"Change","cFrom":[8,42],"cText":[""],"cRemoved":["h"]}

{"cOrigin":"+delete","cTo":[8,42],"cNewPos":[8,41],"cWhen":1.5300099887614536e9,"tag":"Change","cFrom":[8,41],"cText":[""],"cRemoved":[" "]}

{"cOrigin":"+delete","cTo":[8,41],"cNewPos":[8,40],"cWhen":1.5300099890385373e9,"tag":"Change","cFrom":[8,40],"cText":[""],"cRemoved":["i"]}

{"cOrigin":"+delete","cTo":[8,40],"cNewPos":[8,39],"cWhen":1.5300099892171052e9,"tag":"Change","cFrom":[8,39],"cText":[""],"cRemoved":["h"]}

{"cOrigin":"+delete","cTo":[8,39],"cNewPos":[8,38],"cWhen":1.530009991534651e9,"tag":"Change","cFrom":[8,38],"cText":[""],"cRemoved":[" "]}

{"cXWarp":39,"cNewPos":[8,39],"cWhen":1.5300099939346538e9,"tag":"Move"}

{"cOrigin":"+delete","cTo":[8,39],"cNewPos":[8,38],"cWhen":1.5300099951586535e9,"tag":"Change","cFrom":[8,38],"cText":[""],"cRemoved":["i"]}

{"cXWarp":37,"cNewPos":[8,37],"cWhen":1.5300100052304752e9,"tag":"Move"}

{"cXWarp":36,"cNewPos":[8,36],"cWhen":1.5300100054545646e9,"tag":"Move"}

{"cXWarp":35,"cNewPos":[8,35],"cWhen":1.5300100056464472e9,"tag":"Move"}

{"cXWarp":34,"cNewPos":[8,34],"cWhen":1.5300100058464737e9,"tag":"Move"}

{"cXWarp":33,"cNewPos":[8,33],"cWhen":1.5300100060830064e9,"tag":"Move"}

{"cXWarp":32,"cNewPos":[8,32],"cWhen":1.5300100062864714e9,"tag":"Move"}

{"cXWarp":31,"cNewPos":[8,31],"cWhen":1.5300100064671474e9,"tag":"Move"}

{"cXWarp":30,"cNewPos":[8,30],"cWhen":1.530010006663487e9,"tag":"Move"}

{"cXWarp":29,"cNewPos":[8,29],"cWhen":1.5300100068865724e9,"tag":"Move"}

{"cXWarp":28,"cNewPos":[8,28],"cWhen":1.530010007126562e9,"tag":"Move"}

{"cXWarp":27,"cNewPos":[8,27],"cWhen":1.53001000733462e9,"tag":"Move"}

{"cXWarp":26,"cNewPos":[8,26],"cWhen":1.5300100075665529e9,"tag":"Move"}

{"cXWarp":25,"cNewPos":[8,25],"cWhen":1.530010007774447e9,"tag":"Move"}

{"cXWarp":24,"cNewPos":[8,24],"cWhen":1.530010008006548e9,"tag":"Move"}

{"cXWarp":23,"cNewPos":[8,23],"cWhen":1.530010008430579e9,"tag":"Move"}

{"cXWarp":22,"cNewPos":[8,22],"cWhen":1.530010009095835e9,"tag":"Move"}

{"cXWarp":23,"cNewPos":[8,23],"cWhen":1.530010010582523e9,"tag":"Move"}

{"cOrigin":"+delete","cTo":[8,23],"cNewPos":[8,22],"cWhen":1.5300100116987839e9,"tag":"Change","cFrom":[8,22],"cText":[""],"cRemoved":["r"]}

{"cOrigin":"+delete","cTo":[8,22],"cNewPos":[8,21],"cWhen":1.5300100119420476e9,"tag":"Change","cFrom":[8,21],"cText":[""],"cRemoved":["e"]}

{"cOrigin":"+delete","cTo":[8,21],"cNewPos":[8,20],"cWhen":1.530010011992021e9,"tag":"Change","cFrom":[8,20],"cText":[""],"cRemoved":["t"]}

{"cOrigin":"+delete","cTo":[8,20],"cNewPos":[8,19],"cWhen":1.5300100120420318e9,"tag":"Change","cFrom":[8,19],"cText":[""],"cRemoved":["s"]}

{"cOrigin":"+delete","cTo":[8,19],"cNewPos":[8,18],"cWhen":1.5300100120920327e9,"tag":"Change","cFrom":[8,18],"cText":[""],"cRemoved":["a"]}

{"cOrigin":"+delete","cTo":[8,18],"cNewPos":[8,17],"cWhen":1.530010012142039e9,"tag":"Change","cFrom":[8,17],"cText":[""],"cRemoved":["f"]}

{"cOrigin":"+delete","cTo":[8,17],"cNewPos":[8,16],"cWhen":1.5300100121919932e9,"tag":"Change","cFrom":[8,16],"cText":[""],"cRemoved":[" "]}

{"cOrigin":"+delete","cTo":[8,16],"cNewPos":[8,15],"cWhen":1.530010012638509e9,"tag":"Change","cFrom":[8,15],"cText":[""],"cRemoved":["4"]}

{"cOrigin":"+delete","cTo":[8,15],"cNewPos":[8,14],"cWhen":1.5300100128384998e9,"tag":"Change","cFrom":[8,14],"cText":[""],"cRemoved":[" "]}

{"cOrigin":"+delete","cTo":[8,14],"cNewPos":[8,13],"cWhen":1.5300100130543928e9,"tag":"Change","cFrom":[8,13],"cText":[""],"cRemoved":["y"]}

{"cOrigin":"+delete","cTo":[8,13],"cNewPos":[8,12],"cWhen":1.530010013246534e9,"tag":"Change","cFrom":[8,12],"cText":[""],"cRemoved":["r"]}

{"cOrigin":"+delete","cTo":[8,12],"cNewPos":[8,11],"cWhen":1.5300100134225054e9,"tag":"Change","cFrom":[8,11],"cText":[""],"cRemoved":["e"]}

{"cOrigin":"+delete","cTo":[8,11],"cNewPos":[8,10],"cWhen":1.53001001379851e9,"tag":"Change","cFrom":[8,10],"cText":[""],"cRemoved":["v"]}

{"cOrigin":"+delete","cTo":[8,10],"cNewPos":[8,9],"cWhen":1.5300100140385249e9,"tag":"Change","cFrom":[8,9],"cText":[""],"cRemoved":["e"]}

{"cOrigin":"+delete","cTo":[8,9],"cNewPos":[8,8],"cWhen":1.5300100143204083e9,"tag":"Change","cFrom":[8,8],"cText":[""],"cRemoved":[" "]}

{"cOrigin":"+delete","cTo":[8,8],"cNewPos":[8,7],"cWhen":1.530010014790402e9,"tag":"Change","cFrom":[8,7],"cText":[""],"cRemoved":["$"]}

{"cOrigin":"+delete","cTo":[8,7],"cNewPos":[8,6],"cWhen":1.530010015910391e9,"tag":"Change","cFrom":[8,6],"cText":[""],"cRemoved":[" "]}

{"cOrigin":"+input","cTo":[8,6],"cNewPos":[8,7],"cWhen":1.5300100175506442e9,"tag":"Change","cFrom":[8,6],"cText":[" "],"cRemoved":[""]}
