{"cWhen":1530002229,"tag":"Eval","cAll":true}
{"cOrigin":"+input","cTo":[0,0],"cNewPos":[0,1],"cWhen":1.5300022549980986e9,"tag":"Change","cFrom":[0,0],"cText":["\""],"cRemoved":[""]}

{"cOrigin":"+input","cTo":[0,1],"cNewPos":[0,2],"cWhen":1.5300022577098947e9,"tag":"Change","cFrom":[0,1],"cText":["h"],"cRemoved":[""]}

{"cOrigin":"+input","cTo":[0,2],"cNewPos":[0,3],"cWhen":1.530002257957878e9,"tag":"Change","cFrom":[0,2],"cText":["i"],"cRemoved":[""]}

{"cOrigin":"+input","cTo":[0,3],"cNewPos":[0,4],"cWhen":1.530002259357711e9,"tag":"Change","cFrom":[0,3],"cText":[" "],"cRemoved":[""]}

{"cOrigin":"+input","cTo":[0,4],"cNewPos":[0,5],"cWhen":1.5300022594456704e9,"tag":"Change","cFrom":[0,4],"cText":["l"],"cRemoved":[""]}

{"cOrigin":"+input","cTo":[0,5],"cNewPos":[0,6],"cWhen":1.5300022596056838e9,"tag":"Change","cFrom":[0,5],"cText":["o"],"cRemoved":[""]}

{"cOrigin":"+input","cTo":[0,6],"cNewPos":[0,7],"cWhen":1.53000226103756e9,"tag":"Change","cFrom":[0,6],"cText":["\""],"cRemoved":[""]}

{"cWhen":1.5300022618237813e9,"tag":"Eval","cAll":true}

{"cXWarp":6,"cNewPos":[0,6],"cWhen":1.5300022699245331e9,"tag":"Move"}

{"cOrigin":"+input","cTo":[0,6],"cNewPos":[0,7],"cWhen":1.5300022718284671e9,"tag":"Change","cFrom":[0,6],"cText":["*"],"cRemoved":[""]}

{"cOrigin":"+input","cTo":[0,7],"cNewPos":[0,8],"cWhen":1.5300022726844673e9,"tag":"Change","cFrom":[0,7],"cText":["2"],"cRemoved":[""]}

{"cWhen":1.5300022741976402e9,"tag":"Eval","cAll":true}

{"cWhen":1.5300022744552844e9,"tag":"Eval","cAll":true}

{"cWhen":1.5300022748616478e9,"tag":"Eval","cAll":true}

{"cOrigin":"+input","cTo":[0,8],"cNewPos":[0,9],"cWhen":1.5300022847871637e9,"tag":"Change","cFrom":[0,8],"cText":["h"],"cRemoved":[""]}

{"cOrigin":"+input","cTo":[0,9],"cNewPos":[0,10],"cWhen":1.530002284851198e9,"tag":"Change","cFrom":[0,9],"cText":["i"],"cRemoved":[""]}

{"cOrigin":"+delete","cTo":[0,10],"cNewPos":[0,9],"cWhen":1.5300022867388182e9,"tag":"Change","cFrom":[0,9],"cText":[""],"cRemoved":["i"]}

{"cOrigin":"+delete","cTo":[0,9],"cNewPos":[0,8],"cWhen":1.5300022868747466e9,"tag":"Change","cFrom":[0,8],"cText":[""],"cRemoved":["h"]}

{"cOrigin":"+delete","cTo":[0,8],"cNewPos":[0,7],"cWhen":1.5300022869947743e9,"tag":"Change","cFrom":[0,7],"cText":[""],"cRemoved":["2"]}

{"cOrigin":"+input","cTo":[0,7],"cNewPos":[0,8],"cWhen":1.5300022871149313e9,"tag":"Change","cFrom":[0,7],"cText":[" "],"cRemoved":[""]}

{"cOrigin":"+delete","cTo":[0,8],"cNewPos":[0,7],"cWhen":1.5300022888425684e9,"tag":"Change","cFrom":[0,7],"cText":[""],"cRemoved":[" "]}

{"cOrigin":"+input","cTo":[0,7],"cNewPos":[0,8],"cWhen":1.5300022889067721e9,"tag":"Change","cFrom":[0,7],"cText":["2"],"cRemoved":[""]}

{"cOrigin":"+input","cTo":[0,8],"cNewPos":[0,9],"cWhen":1.5300022902905781e9,"tag":"Change","cFrom":[0,8],"cText":[" "],"cRemoved":[""]}

{"cOrigin":"+input","cTo":[0,9],"cNewPos":[0,10],"cWhen":1.530002291506497e9,"tag":"Change","cFrom":[0,9],"cText":["h"],"cRemoved":[""]}

{"cOrigin":"+input","cTo":[0,10],"cNewPos":[0,11],"cWhen":1.5300022916264653e9,"tag":"Change","cFrom":[0,10],"cText":["i"],"cRemoved":[""]}

{"cOrigin":"+input","cTo":[0,11],"cNewPos":[0,12],"cWhen":1.5300022937062466e9,"tag":"Change","cFrom":[0,11],"cText":["*"],"cRemoved":[""]}

{"cOrigin":"+input","cTo":[0,12],"cNewPos":[0,13],"cWhen":1.5300022945221207e9,"tag":"Change","cFrom":[0,12],"cText":["3"],"cRemoved":[""]}

{"cWhen":1.530002296115771e9,"tag":"Eval","cAll":true}

{"cWhen":1.5300022963654559e9,"tag":"Eval","cAll":true}

{"cWhen":1.5300022964274085e9,"tag":"Eval","cAll":true}

{"cWhen":1.5300022964804208e9,"tag":"Eval","cAll":true}

{"cWhen":1.530002296516749e9,"tag":"Eval","cAll":true}

{"cOrigin":"+delete","cTo":[0,13],"cNewPos":[0,12],"cWhen":1.530002304400903e9,"tag":"Change","cFrom":[0,12],"cText":[""],"cRemoved":["3"]}

{"cOrigin":"+delete","cTo":[0,12],"cNewPos":[0,11],"cWhen":1.5300023045610404e9,"tag":"Change","cFrom":[0,11],"cText":[""],"cRemoved":["*"]}

{"cOrigin":"+delete","cTo":[0,11],"cNewPos":[0,10],"cWhen":1.5300023047209759e9,"tag":"Change","cFrom":[0,10],"cText":[""],"cRemoved":["i"]}

{"cOrigin":"+delete","cTo":[0,10],"cNewPos":[0,9],"cWhen":1.5300023048727858e9,"tag":"Change","cFrom":[0,9],"cText":[""],"cRemoved":["h"]}

{"cOrigin":"+delete","cTo":[0,9],"cNewPos":[0,8],"cWhen":1.530002305040812e9,"tag":"Change","cFrom":[0,8],"cText":[""],"cRemoved":[" "]}

{"cOrigin":"+delete","cTo":[0,8],"cNewPos":[0,7],"cWhen":1.53000230520876e9,"tag":"Change","cFrom":[0,7],"cText":[""],"cRemoved":["2"]}

{"cOrigin":"+delete","cTo":[0,7],"cNewPos":[0,6],"cWhen":1.5300023053687956e9,"tag":"Change","cFrom":[0,6],"cText":[""],"cRemoved":["*"]}

{"cOrigin":"+delete","cTo":[0,6],"cNewPos":[0,5],"cWhen":1.530002305560811e9,"tag":"Change","cFrom":[0,5],"cText":[""],"cRemoved":["o"]}

{"cOrigin":"+delete","cTo":[0,5],"cNewPos":[0,4],"cWhen":1.53000230575276e9,"tag":"Change","cFrom":[0,4],"cText":[""],"cRemoved":["l"]}

{"cOrigin":"+delete","cTo":[0,4],"cNewPos":[0,3],"cWhen":1.5300023067606425e9,"tag":"Change","cFrom":[0,3],"cText":[""],"cRemoved":[" "]}

{"cWhen":1.5300023086899173e9,"tag":"Eval","cAll":true}

{"cWhen":1.5300023089475207e9,"tag":"Eval","cAll":true}

{"cWhen":1.5300023094658406e9,"tag":"Eval","cAll":true}

{"cOrigin":"+delete","cTo":[0,3],"cNewPos":[0,2],"cWhen":1.5300023195991757e9,"tag":"Change","cFrom":[0,2],"cText":[""],"cRemoved":["i"]}

{"cOrigin":"+delete","cTo":[0,2],"cNewPos":[0,1],"cWhen":1.5300023197432067e9,"tag":"Change","cFrom":[0,1],"cText":[""],"cRemoved":["h"]}

{"cOrigin":"+input","cTo":[0,1],"cNewPos":[0,2],"cWhen":1.530002320991239e9,"tag":"Change","cFrom":[0,1],"cText":["h"],"cRemoved":[""]}

{"cOrigin":"+input","cTo":[0,2],"cNewPos":[0,3],"cWhen":1.5300023211271977e9,"tag":"Change","cFrom":[0,2],"cText":["i"],"cRemoved":[""]}

{"cOrigin":"+input","cTo":[0,3],"cNewPos":[0,4],"cWhen":1.5300023221671302e9,"tag":"Change","cFrom":[0,3],"cText":[" "],"cRemoved":[""]}

{"cOrigin":"+input","cTo":[0,4],"cNewPos":[0,5],"cWhen":1.5300023226149902e9,"tag":"Change","cFrom":[0,4],"cText":["l"],"cRemoved":[""]}

{"cOrigin":"+input","cTo":[0,5],"cNewPos":[0,6],"cWhen":1.5300023228390026e9,"tag":"Change","cFrom":[0,5],"cText":["o"],"cRemoved":[""]}

{"cOrigin":"+input","cTo":[0,6],"cNewPos":[0,7],"cWhen":1.5300023231829536e9,"tag":"Change","cFrom":[0,6],"cText":[" "],"cRemoved":[""]}

{"cOrigin":"+input","cTo":[0,7],"cNewPos":[0,8],"cWhen":1.530002323454924e9,"tag":"Change","cFrom":[0,7],"cText":["l"],"cRemoved":[""]}

{"cOrigin":"+input","cTo":[0,8],"cNewPos":[0,9],"cWhen":1.5300023236789112e9,"tag":"Change","cFrom":[0,8],"cText":["o"],"cRemoved":[""]}

{"cOrigin":"+input","cTo":[0,9],"cNewPos":[0,10],"cWhen":1.530002324174872e9,"tag":"Change","cFrom":[0,9],"cText":[" "],"cRemoved":[""]}

{"cOrigin":"+input","cTo":[0,10],"cNewPos":[0,11],"cWhen":1.53000232483878e9,"tag":"Change","cFrom":[0,10],"cText":["l"],"cRemoved":[""]}

{"cOrigin":"+input","cTo":[0,11],"cNewPos":[0,12],"cWhen":1.5300023250147717e9,"tag":"Change","cFrom":[0,11],"cText":["o"],"cRemoved":[""]}

{"cOrigin":"+input","cTo":[0,12],"cNewPos":[0,13],"cWhen":1.530002325390713e9,"tag":"Change","cFrom":[0,12],"cText":[" "],"cRemoved":[""]}

{"cOrigin":"+input","cTo":[0,13],"cNewPos":[0,14],"cWhen":1.5300023259186745e9,"tag":"Change","cFrom":[0,13],"cText":["h"],"cRemoved":[""]}

{"cOrigin":"+input","cTo":[0,14],"cNewPos":[0,15],"cWhen":1.5300023260466042e9,"tag":"Change","cFrom":[0,14],"cText":["i"],"cRemoved":[""]}

{"cOrigin":"+input","cTo":[0,15],"cNewPos":[0,16],"cWhen":1.530002326382635e9,"tag":"Change","cFrom":[0,15],"cText":[" "],"cRemoved":[""]}

{"cOrigin":"+input","cTo":[0,16],"cNewPos":[0,17],"cWhen":1.5300023267665465e9,"tag":"Change","cFrom":[0,16],"cText":["l"],"cRemoved":[""]}

{"cOrigin":"+input","cTo":[0,17],"cNewPos":[0,18],"cWhen":1.530002326942582e9,"tag":"Change","cFrom":[0,17],"cText":["o"],"cRemoved":[""]}

{"cOrigin":"+input","cTo":[0,18],"cNewPos":[0,19],"cWhen":1.5300023277504623e9,"tag":"Change","cFrom":[0,18],"cText":[" "],"cRemoved":[""]}

{"cOrigin":"+input","cTo":[0,19],"cNewPos":[0,20],"cWhen":1.530002328726382e9,"tag":"Change","cFrom":[0,19],"cText":["h"],"cRemoved":[""]}

{"cOrigin":"+input","cTo":[0,20],"cNewPos":[0,21],"cWhen":1.530002328854328e9,"tag":"Change","cFrom":[0,20],"cText":["i"],"cRemoved":[""]}

{"cOrigin":"+input","cTo":[0,21],"cNewPos":[0,22],"cWhen":1.5300023291582613e9,"tag":"Change","cFrom":[0,21],"cText":[" "],"cRemoved":[""]}

{"cOrigin":"+input","cTo":[0,22],"cNewPos":[0,23],"cWhen":1.5300023297982297e9,"tag":"Change","cFrom":[0,22],"cText":["l"],"cRemoved":[""]}

{"cOrigin":"+input","cTo":[0,23],"cNewPos":[0,24],"cWhen":1.5300023299822316e9,"tag":"Change","cFrom":[0,23],"cText":["o"],"cRemoved":[""]}

{"cOrigin":"+input","cTo":[0,24],"cNewPos":[0,25],"cWhen":1.530002330166241e9,"tag":"Change","cFrom":[0,24],"cText":["l"],"cRemoved":[""]}

{"cOrigin":"+delete","cTo":[0,25],"cNewPos":[0,24],"cWhen":1.530002331309852e9,"tag":"Change","cFrom":[0,24],"cText":[""],"cRemoved":["l"]}

{"cOrigin":"+input","cTo":[0,24],"cNewPos":[0,25],"cWhen":1.53000233194199e9,"tag":"Change","cFrom":[0,24],"cText":[" "],"cRemoved":[""]}

{"cOrigin":"+input","cTo":[0,25],"cNewPos":[0,26],"cWhen":1.5300023322540102e9,"tag":"Change","cFrom":[0,25],"cText":["h"],"cRemoved":[""]}

{"cOrigin":"+input","cTo":[0,26],"cNewPos":[0,27],"cWhen":1.530002332381919e9,"tag":"Change","cFrom":[0,26],"cText":["i"],"cRemoved":[""]}

{"cOrigin":"+input","cTo":[0,27],"cNewPos":[0,28],"cWhen":1.5300023327019129e9,"tag":"Change","cFrom":[0,27],"cText":[" "],"cRemoved":[""]}

{"cOrigin":"+input","cTo":[0,28],"cNewPos":[0,29],"cWhen":1.530002332957877e9,"tag":"Change","cFrom":[0,28],"cText":["l"],"cRemoved":[""]}

{"cOrigin":"+input","cTo":[0,29],"cNewPos":[0,30],"cWhen":1.5300023333418365e9,"tag":"Change","cFrom":[0,29],"cText":["o"],"cRemoved":[""]}

{"cOrigin":"+input","cTo":[0,30],"cNewPos":[0,31],"cWhen":1.5300023341897032e9,"tag":"Change","cFrom":[0,30],"cText":[" "],"cRemoved":[""]}

{"cOrigin":"+input","cTo":[0,31],"cNewPos":[0,32],"cWhen":1.530002334573739e9,"tag":"Change","cFrom":[0,31],"cText":["h"],"cRemoved":[""]}

{"cOrigin":"+input","cTo":[0,32],"cNewPos":[0,33],"cWhen":1.530002334709564e9,"tag":"Change","cFrom":[0,32],"cText":["i"],"cRemoved":[""]}

{"cOrigin":"+input","cTo":[0,33],"cNewPos":[0,34],"cWhen":1.5300023350537038e9,"tag":"Change","cFrom":[0,33],"cText":[" "],"cRemoved":[""]}

{"cOrigin":"+input","cTo":[0,34],"cNewPos":[0,35],"cWhen":1.5300023352537146e9,"tag":"Change","cFrom":[0,34],"cText":["h"],"cRemoved":[""]}

{"cOrigin":"+input","cTo":[0,35],"cNewPos":[0,36],"cWhen":1.530002335397607e9,"tag":"Change","cFrom":[0,35],"cText":["i"],"cRemoved":[""]}

{"cOrigin":"+input","cTo":[0,36],"cNewPos":[0,37],"cWhen":1.530002335733609e9,"tag":"Change","cFrom":[0,36],"cText":[" "],"cRemoved":[""]}

{"cOrigin":"+input","cTo":[0,37],"cNewPos":[0,38],"cWhen":1.5300023358775098e9,"tag":"Change","cFrom":[0,37],"cText":["h"],"cRemoved":[""]}

{"cOrigin":"+input","cTo":[0,38],"cNewPos":[0,39],"cWhen":1.5300023360215254e9,"tag":"Change","cFrom":[0,38],"cText":["i"],"cRemoved":[""]}

{"cOrigin":"+input","cTo":[0,39],"cNewPos":[0,40],"cWhen":1.5300023365815144e9,"tag":"Change","cFrom":[0,39],"cText":[" "],"cRemoved":[""]}

{"cOrigin":"+input","cTo":[0,40],"cNewPos":[0,41],"cWhen":1.5300023368134708e9,"tag":"Change","cFrom":[0,40],"cText":["l"],"cRemoved":[""]}

{"cOrigin":"+input","cTo":[0,41],"cNewPos":[0,42],"cWhen":1.5300023370293968e9,"tag":"Change","cFrom":[0,41],"cText":["o"],"cRemoved":[""]}

{"cXWarp":41,"cNewPos":[0,41],"cWhen":1.5300023389175835e9,"tag":"Move"}

{"cXWarp":40,"cNewPos":[0,40],"cWhen":1.5300023391740155e9,"tag":"Move"}

{"cXWarp":39,"cNewPos":[0,39],"cWhen":1.530002339223929e9,"tag":"Move"}

{"cXWarp":38,"cNewPos":[0,38],"cWhen":1.5300023392739632e9,"tag":"Move"}

{"cXWarp":37,"cNewPos":[0,37],"cWhen":1.5300023393246782e9,"tag":"Move"}

{"cXWarp":36,"cNewPos":[0,36],"cWhen":1.5300023393739681e9,"tag":"Move"}

{"cXWarp":35,"cNewPos":[0,35],"cWhen":1.530002339423936e9,"tag":"Move"}

{"cXWarp":34,"cNewPos":[0,34],"cWhen":1.5300023394739373e9,"tag":"Move"}

{"cXWarp":33,"cNewPos":[0,33],"cWhen":1.5300023395239882e9,"tag":"Move"}

{"cXWarp":32,"cNewPos":[0,32],"cWhen":1.5300023395739822e9,"tag":"Move"}

{"cXWarp":31,"cNewPos":[0,31],"cWhen":1.5300023396239579e9,"tag":"Move"}

{"cXWarp":30,"cNewPos":[0,30],"cWhen":1.5300023396739798e9,"tag":"Move"}

{"cXWarp":29,"cNewPos":[0,29],"cWhen":1.5300023397239816e9,"tag":"Move"}

{"cXWarp":28,"cNewPos":[0,28],"cWhen":1.5300023397739382e9,"tag":"Move"}

{"cXWarp":27,"cNewPos":[0,27],"cWhen":1.5300023398239548e9,"tag":"Move"}

{"cXWarp":26,"cNewPos":[0,26],"cWhen":1.5300023398739796e9,"tag":"Move"}

{"cXWarp":25,"cNewPos":[0,25],"cWhen":1.530002339923972e9,"tag":"Move"}

{"cXWarp":24,"cNewPos":[0,24],"cWhen":1.530002339973953e9,"tag":"Move"}

{"cXWarp":23,"cNewPos":[0,23],"cWhen":1.5300023400239446e9,"tag":"Move"}

{"cXWarp":22,"cNewPos":[0,22],"cWhen":1.5300023403179538e9,"tag":"Move"}

{"cXWarp":21,"cNewPos":[0,21],"cWhen":1.5300023407345755e9,"tag":"Move"}

{"cOrigin":"+input","cTo":[0,21],"cNewPos":[0,22],"cWhen":1.5300023420467784e9,"tag":"Change","cFrom":[0,21],"cText":["~"],"cRemoved":[""]}

{"cWhen":1.530002343857234e9,"tag":"Eval","cAll":true}

{"cWhen":1.5300023441154766e9,"tag":"Eval","cAll":true}

{"cWhen":1.530002344211269e9,"tag":"Eval","cAll":true}

{"cWhen":1.5300023442954571e9,"tag":"Eval","cAll":true}

{"cWhen":1.5300023443527737e9,"tag":"Eval","cAll":true}

{"cXWarp":23,"cNewPos":[0,23],"cWhen":1.5300023656504097e9,"tag":"Move"}

{"cXWarp":24,"cNewPos":[0,24],"cWhen":1.5300023661866772e9,"tag":"Move"}

{"cXWarp":25,"cNewPos":[0,25],"cWhen":1.5300023663627672e9,"tag":"Move"}

{"cOrigin":"+input","cTo":[0,25],"cNewPos":[1,0],"cWhen":1.5300023686760824e9,"tag":"Change","cFrom":[0,25],"cText":["",""],"cRemoved":[""]}

{"cOrigin":"+input","cTo":[1,0],"cNewPos":[1,1],"cWhen":1.5300023687721345e9,"tag":"Change","cFrom":[1,0],"cText":["8"],"cRemoved":[""]}

{"cOrigin":"+delete","cTo":[1,1],"cNewPos":[1,0],"cWhen":1.5300023707329683e9,"tag":"Change","cFrom":[1,0],"cText":[""],"cRemoved":["8"]}

{"cOrigin":"+delete","cTo":[1,0],"cNewPos":[0,25],"cWhen":1.530002370893024e9,"tag":"Change","cFrom":[0,25],"cText":[""],"cRemoved":["",""]}

{"cOrigin":"+input","cTo":[0,25],"cNewPos":[0,26],"cWhen":1.5300023729582586e9,"tag":"Change","cFrom":[0,25],"cText":["*"],"cRemoved":[""]}

{"cOrigin":"+input","cTo":[0,26],"cNewPos":[0,27],"cWhen":1.530002373254408e9,"tag":"Change","cFrom":[0,26],"cText":["*"],"cRemoved":[""]}

{"cOrigin":"+delete","cTo":[0,27],"cNewPos":[0,26],"cWhen":1.5300023743427348e9,"tag":"Change","cFrom":[0,26],"cText":[""],"cRemoved":["*"]}

{"cOrigin":"+input","cTo":[0,26],"cNewPos":[0,27],"cWhen":1.5300023744309185e9,"tag":"Change","cFrom":[0,26],"cText":["8"],"cRemoved":[""]}

{"cWhen":1.5300023761691756e9,"tag":"Eval","cAll":true}

{"cWhen":1.5300023770655766e9,"tag":"Eval","cAll":true}

{"cXWarp":26,"cNewPos":[0,26],"cWhen":1.530002410472697e9,"tag":"Move"}

{"cXWarp":25,"cNewPos":[0,25],"cWhen":1.5300024107237532e9,"tag":"Move"}

{"cXWarp":24,"cNewPos":[0,24],"cWhen":1.5300024107738974e9,"tag":"Move"}

{"cXWarp":23,"cNewPos":[0,23],"cWhen":1.530002410823916e9,"tag":"Move"}

{"cXWarp":22,"cNewPos":[0,22],"cWhen":1.53000241087392e9,"tag":"Move"}

{"cXWarp":21,"cNewPos":[0,21],"cWhen":1.5300024109238782e9,"tag":"Move"}

{"cXWarp":20,"cNewPos":[0,20],"cWhen":1.5300024109738898e9,"tag":"Move"}

{"cXWarp":19,"cNewPos":[0,19],"cWhen":1.5300024110239167e9,"tag":"Move"}

{"cXWarp":18,"cNewPos":[0,18],"cWhen":1.5300024110739157e9,"tag":"Move"}

{"cXWarp":17,"cNewPos":[0,17],"cWhen":1.530002411123912e9,"tag":"Move"}

{"cXWarp":16,"cNewPos":[0,16],"cWhen":1.5300024111739244e9,"tag":"Move"}

{"cXWarp":15,"cNewPos":[0,15],"cWhen":1.530002411223921e9,"tag":"Move"}

{"cXWarp":14,"cNewPos":[0,14],"cWhen":1.5300024112739134e9,"tag":"Move"}

{"cXWarp":13,"cNewPos":[0,13],"cWhen":1.5300024113239224e9,"tag":"Move"}

{"cXWarp":12,"cNewPos":[0,12],"cWhen":1.53000241137388e9,"tag":"Move"}

{"cXWarp":11,"cNewPos":[0,11],"cWhen":1.5300024114239838e9,"tag":"Move"}

{"cXWarp":10,"cNewPos":[0,10],"cWhen":1.530002411473915e9,"tag":"Move"}

{"cXWarp":9,"cNewPos":[0,9],"cWhen":1.5300024115239117e9,"tag":"Move"}

{"cXWarp":8,"cNewPos":[0,8],"cWhen":1.5300024115739233e9,"tag":"Move"}

{"cXWarp":7,"cNewPos":[0,7],"cWhen":1.5300024116237807e9,"tag":"Move"}

{"cXWarp":6,"cNewPos":[0,6],"cWhen":1.530002411673768e9,"tag":"Move"}

{"cXWarp":5,"cNewPos":[0,5],"cWhen":1.530002411723771e9,"tag":"Move"}

{"cXWarp":4,"cNewPos":[0,4],"cWhen":1.5300024117737718e9,"tag":"Move"}

{"cXWarp":3,"cNewPos":[0,3],"cWhen":1.5300024118253582e9,"tag":"Move"}

{"cXWarp":2,"cNewPos":[0,2],"cWhen":1.5300024118737893e9,"tag":"Move"}

{"cXWarp":1,"cNewPos":[0,1],"cWhen":1.530002411923774e9,"tag":"Move"}

{"cXWarp":0,"cNewPos":[0,0],"cWhen":1.530002411973762e9,"tag":"Move"}

{"cXWarp":0,"cNewPos":[0,0],"cWhen":1.5300024120237746e9,"tag":"Move"}

{"cXWarp":0,"cNewPos":[0,0],"cWhen":1.5300024120737753e9,"tag":"Move"}

{"cXWarp":0,"cNewPos":[0,0],"cWhen":1.5300024121237857e9,"tag":"Move"}

{"cXWarp":0,"cNewPos":[0,0],"cWhen":1.5300024121737788e9,"tag":"Move"}

{"cXWarp":0,"cNewPos":[0,0],"cWhen":1.530002412223786e9,"tag":"Move"}

{"cXWarp":0,"cNewPos":[0,0],"cWhen":1.5300024122737792e9,"tag":"Move"}

{"cXWarp":0,"cNewPos":[0,0],"cWhen":1.53000241232392e9,"tag":"Move"}

{"cXWarp":0,"cNewPos":[0,0],"cWhen":1.530002412373897e9,"tag":"Move"}

{"cXWarp":0,"cNewPos":[0,0],"cWhen":1.5300024124239492e9,"tag":"Move"}

{"cXWarp":0,"cNewPos":[0,0],"cWhen":1.5300024124740045e9,"tag":"Move"}

{"cXWarp":0,"cNewPos":[0,0],"cWhen":1.53000241252395e9,"tag":"Move"}

{"cOrigin":"+input","cTo":[0,0],"cNewPos":[0,1],"cWhen":1.530002413322204e9,"tag":"Change","cFrom":[0,0],"cText":["s"],"cRemoved":[""]}

{"cOrigin":"+input","cTo":[0,1],"cNewPos":[0,2],"cWhen":1.5300024134502869e9,"tag":"Change","cFrom":[0,1],"cText":["c"],"cRemoved":[""]}

{"cOrigin":"+input","cTo":[0,2],"cNewPos":[0,3],"cWhen":1.5300024147389126e9,"tag":"Change","cFrom":[0,2],"cText":["t"],"cRemoved":[""]}

{"cOrigin":"+delete","cTo":[0,3],"cNewPos":[0,2],"cWhen":1.53000241633957e9,"tag":"Change","cFrom":[0,2],"cText":[""],"cRemoved":["t"]}

{"cOrigin":"+input","cTo":[0,2],"cNewPos":[0,3],"cWhen":1.5300024172603807e9,"tag":"Change","cFrom":[0,2],"cText":["r"],"cRemoved":[""]}

{"cOrigin":"+input","cTo":[0,3],"cNewPos":[0,4],"cWhen":1.5300024173964863e9,"tag":"Change","cFrom":[0,3],"cText":["a"],"cRemoved":[""]}

{"cOrigin":"+input","cTo":[0,4],"cNewPos":[0,5],"cWhen":1.5300024181646345e9,"tag":"Change","cFrom":[0,4],"cText":["c"],"cRemoved":[""]}

{"cOrigin":"+input","cTo":[0,5],"cNewPos":[0,6],"cWhen":1.5300024182766402e9,"tag":"Change","cFrom":[0,5],"cText":["t"],"cRemoved":[""]}

{"cOrigin":"+delete","cTo":[0,6],"cNewPos":[0,5],"cWhen":1.5300024197174282e9,"tag":"Change","cFrom":[0,5],"cText":[""],"cRemoved":["t"]}

{"cOrigin":"+delete","cTo":[0,5],"cNewPos":[0,4],"cWhen":1.5300024198775244e9,"tag":"Change","cFrom":[0,4],"cText":[""],"cRemoved":["c"]}

{"cOrigin":"+delete","cTo":[0,4],"cNewPos":[0,3],"cWhen":1.53000242001362e9,"tag":"Change","cFrom":[0,3],"cText":[""],"cRemoved":["a"]}

{"cOrigin":"+input","cTo":[0,3],"cNewPos":[0,4],"cWhen":1.5300024218064928e9,"tag":"Change","cFrom":[0,3],"cText":["a"],"cRemoved":[""]}

{"cOrigin":"+input","cTo":[0,4],"cNewPos":[0,5],"cWhen":1.5300024219671643e9,"tag":"Change","cFrom":[0,4],"cText":["t"],"cRemoved":[""]}

{"cOrigin":"+input","cTo":[0,5],"cNewPos":[0,6],"cWhen":1.530002422334726e9,"tag":"Change","cFrom":[0,5],"cText":["c"],"cRemoved":[""]}

{"cOrigin":"+input","cTo":[0,6],"cNewPos":[0,7],"cWhen":1.53000242272743e9,"tag":"Change","cFrom":[0,6],"cText":["h"],"cRemoved":[""]}

{"cWhen":1.5300024236483228e9,"tag":"Eval","cAll":true}

{"cWhen":1.5300024250304835e9,"tag":"Eval","cAll":true}

{"cOrigin":"+delete","cTo":[0,7],"cNewPos":[0,6],"cWhen":1.5300024326678538e9,"tag":"Change","cFrom":[0,6],"cText":[""],"cRemoved":["h"]}

{"cOrigin":"+delete","cTo":[0,6],"cNewPos":[0,5],"cWhen":1.530002432837017e9,"tag":"Change","cFrom":[0,5],"cText":[""],"cRemoved":["c"]}

{"cOrigin":"+delete","cTo":[0,5],"cNewPos":[0,4],"cWhen":1.5300024329638703e9,"tag":"Change","cFrom":[0,4],"cText":[""],"cRemoved":["t"]}

{"cOrigin":"+delete","cTo":[0,4],"cNewPos":[0,3],"cWhen":1.5300024331319535e9,"tag":"Change","cFrom":[0,3],"cText":[""],"cRemoved":["a"]}

{"cOrigin":"+delete","cTo":[0,3],"cNewPos":[0,2],"cWhen":1.530002433276009e9,"tag":"Change","cFrom":[0,2],"cText":[""],"cRemoved":["r"]}

{"cOrigin":"+delete","cTo":[0,2],"cNewPos":[0,1],"cWhen":1.53000243341211e9,"tag":"Change","cFrom":[0,1],"cText":[""],"cRemoved":["c"]}

{"cOrigin":"+delete","cTo":[0,1],"cNewPos":[0,0],"cWhen":1.5300024336148708e9,"tag":"Change","cFrom":[0,0],"cText":[""],"cRemoved":["s"]}

{"cOrigin":"+input","cTo":[0,0],"cNewPos":[0,1],"cWhen":1.5300024344213915e9,"tag":"Change","cFrom":[0,0],"cText":["f"],"cRemoved":[""]}

{"cOrigin":"+input","cTo":[0,1],"cNewPos":[0,2],"cWhen":1.5300024345007641e9,"tag":"Change","cFrom":[0,1],"cText":["a"],"cRemoved":[""]}

{"cOrigin":"+input","cTo":[0,2],"cNewPos":[0,3],"cWhen":1.5300024348449833e9,"tag":"Change","cFrom":[0,2],"cText":["s"],"cRemoved":[""]}

{"cOrigin":"+input","cTo":[0,3],"cNewPos":[0,4],"cWhen":1.5300024351973798e9,"tag":"Change","cFrom":[0,3],"cText":["t"],"cRemoved":[""]}

{"cOrigin":"+input","cTo":[0,4],"cNewPos":[0,5],"cWhen":1.5300024353475986e9,"tag":"Change","cFrom":[0,4],"cText":["e"],"cRemoved":[""]}

{"cOrigin":"+input","cTo":[0,5],"cNewPos":[0,6],"cWhen":1.530002435577088e9,"tag":"Change","cFrom":[0,5],"cText":["r"],"cRemoved":[""]}

{"cWhen":1.5300024379127364e9,"tag":"Eval","cAll":true}

{"cWhen":1.5300024400456238e9,"tag":"Eval","cAll":true}

{"cWhen":1.5300024401993382e9,"tag":"Eval","cAll":true}

{"cWhen":1.5300024403529205e9,"tag":"Eval","cAll":true}

{"cXWarp":7,"cNewPos":[0,7],"cWhen":1.5300024502124746e9,"tag":"Move"}

{"cXWarp":8,"cNewPos":[0,8],"cWhen":1.5300024504637527e9,"tag":"Move"}

{"cXWarp":9,"cNewPos":[0,9],"cWhen":1.5300024505137568e9,"tag":"Move"}

{"cXWarp":10,"cNewPos":[0,10],"cWhen":1.5300024505637567e9,"tag":"Move"}

{"cXWarp":11,"cNewPos":[0,11],"cWhen":1.5300024506137593e9,"tag":"Move"}

{"cXWarp":10,"cNewPos":[0,10],"cWhen":1.5300024510849302e9,"tag":"Move"}

{"cXWarp":9,"cNewPos":[0,9],"cWhen":1.530002451253008e9,"tag":"Move"}

{"cOrigin":"+input","cTo":[0,9],"cNewPos":[0,10],"cWhen":1.5300024531582544e9,"tag":"Change","cFrom":[0,9],"cText":["*"],"cRemoved":[""]}

{"cOrigin":"+input","cTo":[0,10],"cNewPos":[0,11],"cWhen":1.530002454086705e9,"tag":"Change","cFrom":[0,10],"cText":["3"],"cRemoved":[""]}

{"cXWarp":12,"cNewPos":[0,12],"cWhen":1.5300024545987399e9,"tag":"Move"}

{"cXWarp":11,"cNewPos":[0,11],"cWhen":1.5300024560474508e9,"tag":"Move"}

{"cXWarp":12,"cNewPos":[0,12],"cWhen":1.53000245663986e9,"tag":"Move"}

{"cXWarp":13,"cNewPos":[0,13],"cWhen":1.5300024572643564e9,"tag":"Move"}

{"cXWarp":14,"cNewPos":[0,14],"cWhen":1.5300024574961329e9,"tag":"Move"}

{"cOrigin":"+input","cTo":[0,14],"cNewPos":[0,15],"cWhen":1.5300024594012094e9,"tag":"Change","cFrom":[0,14],"cText":["*"],"cRemoved":[""]}

{"cOrigin":"+input","cTo":[0,15],"cNewPos":[0,16],"cWhen":1.5300024598574412e9,"tag":"Change","cFrom":[0,15],"cText":["3"],"cRemoved":[""]}

{"cXWarp":17,"cNewPos":[0,17],"cWhen":1.5300024600173562e9,"tag":"Move"}

{"cXWarp":18,"cNewPos":[0,18],"cWhen":1.5300024602575269e9,"tag":"Move"}

{"cXWarp":19,"cNewPos":[0,19],"cWhen":1.5300024609538627e9,"tag":"Move"}

{"cOrigin":"+input","cTo":[0,19],"cNewPos":[0,20],"cWhen":1.5300024625474334e9,"tag":"Change","cFrom":[0,19],"cText":["*"],"cRemoved":[""]}

{"cOrigin":"+input","cTo":[0,20],"cNewPos":[0,21],"cWhen":1.5300024632031314e9,"tag":"Change","cFrom":[0,20],"cText":["9"],"cRemoved":[""]}

{"cXWarp":22,"cNewPos":[0,22],"cWhen":1.530002464099472e9,"tag":"Move"}

{"cXWarp":23,"cNewPos":[0,23],"cWhen":1.5300024642515483e9,"tag":"Move"}

{"cXWarp":24,"cNewPos":[0,24],"cWhen":1.5300024652040412e9,"tag":"Move"}

{"cOrigin":"+input","cTo":[0,24],"cNewPos":[0,25],"cWhen":1.5300024660925958e9,"tag":"Change","cFrom":[0,24],"cText":["*"],"cRemoved":[""]}

{"cOrigin":"+input","cTo":[0,25],"cNewPos":[0,26],"cWhen":1.5300024666528642e9,"tag":"Change","cFrom":[0,25],"cText":["2"],"cRemoved":[""]}

{"cXWarp":27,"cNewPos":[0,27],"cWhen":1.5300024669168334e9,"tag":"Move"}

{"cXWarp":28,"cNewPos":[0,28],"cWhen":1.5300024671249309e9,"tag":"Move"}

{"cXWarp":29,"cNewPos":[0,29],"cWhen":1.5300024676772008e9,"tag":"Move"}

{"cOrigin":"+input","cTo":[0,29],"cNewPos":[0,30],"cWhen":1.5300024690459232e9,"tag":"Change","cFrom":[0,29],"cText":["*"],"cRemoved":[""]}

{"cOrigin":"+input","cTo":[0,30],"cNewPos":[0,31],"cWhen":1.5300024694861057e9,"tag":"Change","cFrom":[0,30],"cText":["3"],"cRemoved":[""]}

{"cXWarp":32,"cNewPos":[0,32],"cWhen":1.5300024696620524e9,"tag":"Move"}

{"cXWarp":33,"cNewPos":[0,33],"cWhen":1.5300024699903667e9,"tag":"Move"}

{"cXWarp":34,"cNewPos":[0,34],"cWhen":1.5300024702064593e9,"tag":"Move"}

{"cXWarp":35,"cNewPos":[0,35],"cWhen":1.5300024704543684e9,"tag":"Move"}

{"cXWarp":36,"cNewPos":[0,36],"cWhen":1.5300024712626672e9,"tag":"Move"}

{"cXWarp":37,"cNewPos":[0,37],"cWhen":1.530002471486768e9,"tag":"Move"}

{"cXWarp":36,"cNewPos":[0,36],"cWhen":1.5300024719510865e9,"tag":"Move"}

{"cXWarp":35,"cNewPos":[0,35],"cWhen":1.530002472271049e9,"tag":"Move"}

{"cXWarp":34,"cNewPos":[0,34],"cWhen":1.530002472607135e9,"tag":"Move"}

{"cOrigin":"+input","cTo":[0,34],"cNewPos":[0,35],"cWhen":1.5300024743037682e9,"tag":"Change","cFrom":[0,34],"cText":["*"],"cRemoved":[""]}

{"cOrigin":"+input","cTo":[0,35],"cNewPos":[0,36],"cWhen":1.5300024767443821e9,"tag":"Change","cFrom":[0,35],"cText":["1"],"cRemoved":[""]}

{"cOrigin":"+input","cTo":[0,36],"cNewPos":[0,37],"cWhen":1.5300024767523937e9,"tag":"Change","cFrom":[0,36],"cText":["`"],"cRemoved":[""]}

{"cOrigin":"+input","cTo":[0,37],"cNewPos":[0,38],"cWhen":1.530002479056986e9,"tag":"Change","cFrom":[0,37],"cText":["/"],"cRemoved":[""]}

{"cOrigin":"+delete","cTo":[0,38],"cNewPos":[0,37],"cWhen":1.5300024803052e9,"tag":"Change","cFrom":[0,37],"cText":[""],"cRemoved":["/"]}

{"cOrigin":"+delete","cTo":[0,37],"cNewPos":[0,36],"cWhen":1.530002480489099e9,"tag":"Change","cFrom":[0,36],"cText":[""],"cRemoved":["`"]}

{"cXWarp":37,"cNewPos":[0,37],"cWhen":1.5300024815212946e9,"tag":"Move"}

{"cXWarp":38,"cNewPos":[0,38],"cWhen":1.5300024817739336e9,"tag":"Move"}

{"cXWarp":39,"cNewPos":[0,39],"cWhen":1.530002481826993e9,"tag":"Move"}

{"cXWarp":40,"cNewPos":[0,40],"cWhen":1.5300024818737864e9,"tag":"Move"}

{"cXWarp":41,"cNewPos":[0,41],"cWhen":1.5300024819239247e9,"tag":"Move"}

{"cXWarp":42,"cNewPos":[0,42],"cWhen":1.5300024819738925e9,"tag":"Move"}

{"cXWarp":43,"cNewPos":[0,43],"cWhen":1.5300024820238388e9,"tag":"Move"}

{"cXWarp":44,"cNewPos":[0,44],"cWhen":1.5300024820737963e9,"tag":"Move"}

{"cXWarp":45,"cNewPos":[0,45],"cWhen":1.5300024821237743e9,"tag":"Move"}

{"cXWarp":46,"cNewPos":[0,46],"cWhen":1.5300024829902852e9,"tag":"Move"}

{"cXWarp":47,"cNewPos":[0,47],"cWhen":1.5300024832817929e9,"tag":"Move"}

{"cXWarp":48,"cNewPos":[0,48],"cWhen":1.530002483553706e9,"tag":"Move"}

{"cOrigin":"+input","cTo":[0,48],"cNewPos":[0,49],"cWhen":1.5300024854260964e9,"tag":"Change","cFrom":[0,48],"cText":["*"],"cRemoved":[""]}

{"cOrigin":"+input","cTo":[0,49],"cNewPos":[0,50],"cWhen":1.5300024864662495e9,"tag":"Change","cFrom":[0,49],"cText":["4"],"cRemoved":[""]}

{"cXWarp":51,"cNewPos":[0,51],"cWhen":1.5300024871142554e9,"tag":"Move"}

{"cXWarp":52,"cNewPos":[0,52],"cWhen":1.5300024873542457e9,"tag":"Move"}

{"cXWarp":53,"cNewPos":[0,53],"cWhen":1.5300024876057944e9,"tag":"Move"}

{"cOrigin":"+input","cTo":[0,53],"cNewPos":[0,54],"cWhen":1.5300024899786816e9,"tag":"Change","cFrom":[0,53],"cText":["*"],"cRemoved":[""]}

{"cOrigin":"+input","cTo":[0,54],"cNewPos":[0,55],"cWhen":1.5300024920429769e9,"tag":"Change","cFrom":[0,54],"cText":["2"],"cRemoved":[""]}

{"cXWarp":56,"cNewPos":[0,56],"cWhen":1.5300024923709228e9,"tag":"Move"}

{"cXWarp":57,"cNewPos":[0,57],"cWhen":1.5300024926830962e9,"tag":"Move"}

{"cXWarp":58,"cNewPos":[0,58],"cWhen":1.5300024928829463e9,"tag":"Move"}

{"cOrigin":"+input","cTo":[0,58],"cNewPos":[0,59],"cWhen":1.5300024944112365e9,"tag":"Change","cFrom":[0,58],"cText":["*"],"cRemoved":[""]}

{"cOrigin":"+input","cTo":[0,59],"cNewPos":[0,60],"cWhen":1.5300024958594325e9,"tag":"Change","cFrom":[0,59],"cText":["9"],"cRemoved":[""]}

{"cXWarp":61,"cNewPos":[0,61],"cWhen":1.5300024961473405e9,"tag":"Move"}

{"cXWarp":62,"cNewPos":[0,62],"cWhen":1.5300024964755292e9,"tag":"Move"}

{"cXWarp":63,"cNewPos":[0,63],"cWhen":1.5300024972676394e9,"tag":"Move"}

{"cOrigin":"+input","cTo":[0,63],"cNewPos":[0,64],"cWhen":1.5300024987497334e9,"tag":"Change","cFrom":[0,63],"cText":["*"],"cRemoved":[""]}

{"cOrigin":"+input","cTo":[0,64],"cNewPos":[0,65],"cWhen":1.5300024995878026e9,"tag":"Change","cFrom":[0,64],"cText":["3"],"cRemoved":[""]}

{"cXWarp":66,"cNewPos":[0,66],"cWhen":1.5300024999397063e9,"tag":"Move"}

{"cXWarp":67,"cNewPos":[0,67],"cWhen":1.5300025002197244e9,"tag":"Move"}

{"cXWarp":68,"cNewPos":[0,68],"cWhen":1.5300025005239756e9,"tag":"Move"}

{"cOrigin":"+input","cTo":[0,68],"cNewPos":[0,69],"cWhen":1.530002502604078e9,"tag":"Change","cFrom":[0,68],"cText":["*"],"cRemoved":[""]}

{"cOrigin":"+input","cTo":[0,69],"cNewPos":[0,70],"cWhen":1.5300025043721972e9,"tag":"Change","cFrom":[0,69],"cText":["3"],"cRemoved":[""]}

{"cWhen":1.530002505933149e9,"tag":"Eval","cAll":true}

{"cXWarp":71,"cNewPos":[0,71],"cWhen":1.5300025274615467e9,"tag":"Move"}

{"cXWarp":72,"cNewPos":[0,72],"cWhen":1.5300025277336166e9,"tag":"Move"}

{"cXWarp":73,"cNewPos":[0,73],"cWhen":1.5300025280217245e9,"tag":"Move"}

{"cOrigin":"+input","cTo":[0,73],"cNewPos":[0,74],"cWhen":1.530002530629882e9,"tag":"Change","cFrom":[0,73],"cText":["*"],"cRemoved":[""]}

{"cOrigin":"+input","cTo":[0,74],"cNewPos":[0,75],"cWhen":1.5300025321579244e9,"tag":"Change","cFrom":[0,74],"cText":["2"],"cRemoved":[""]}

{"cWhen":1.5300025334148982e9,"tag":"Eval","cAll":true}

{"cOrigin":"+input","cTo":[0,75],"cNewPos":[1,0],"cWhen":1.5300025372169118e9,"tag":"Change","cFrom":[0,75],"cText":["",""],"cRemoved":[""]}

{"cOrigin":"+delete","cTo":[1,0],"cNewPos":[0,75],"cWhen":1.5300025384220746e9,"tag":"Change","cFrom":[0,75],"cText":[""],"cRemoved":["",""]}

{"cXWarp":76,"cNewPos":[0,76],"cWhen":1.5300025388863597e9,"tag":"Move"}

{"cOrigin":"+input","cTo":[0,76],"cNewPos":[1,0],"cWhen":1.5300025396542954e9,"tag":"Change","cFrom":[0,76],"cText":["",""],"cRemoved":[""]}

{"cOrigin":"+input","cTo":[1,0],"cNewPos":[2,0],"cWhen":1.5300025401822627e9,"tag":"Change","cFrom":[1,0],"cText":["",""],"cRemoved":[""]}

{"cOrigin":"+input","cTo":[2,0],"cNewPos":[2,1],"cWhen":1.5300025437344382e9,"tag":"Change","cFrom":[2,0],"cText":["\""],"cRemoved":[""]}

{"cOrigin":"+input","cTo":[2,1],"cNewPos":[2,2],"cWhen":1.5300025448145092e9,"tag":"Change","cFrom":[2,1],"cText":["h"],"cRemoved":[""]}

{"cOrigin":"+input","cTo":[2,2],"cNewPos":[2,3],"cWhen":1.530002544950476e9,"tag":"Change","cFrom":[2,2],"cText":["i"],"cRemoved":[""]}

{"cOrigin":"+input","cTo":[2,3],"cNewPos":[2,4],"cWhen":1.5300025454065368e9,"tag":"Change","cFrom":[2,3],"cText":[" "],"cRemoved":[""]}

{"cOrigin":"+delete","cTo":[2,4],"cNewPos":[2,3],"cWhen":1.5300025462384148e9,"tag":"Change","cFrom":[2,3],"cText":[""],"cRemoved":[" "]}

{"cOrigin":"+input","cTo":[2,3],"cNewPos":[2,4],"cWhen":1.5300025479265869e9,"tag":"Change","cFrom":[2,3],"cText":["*"],"cRemoved":[""]}

{"cOrigin":"+input","cTo":[2,4],"cNewPos":[2,5],"cWhen":1.5300025482787874e9,"tag":"Change","cFrom":[2,4],"cText":["7"],"cRemoved":[""]}

{"cOrigin":"+input","cTo":[2,5],"cNewPos":[2,6],"cWhen":1.530002549478642e9,"tag":"Change","cFrom":[2,5],"cText":[" "],"cRemoved":[""]}

{"cOrigin":"+input","cTo":[2,6],"cNewPos":[2,7],"cWhen":1.530002551182748e9,"tag":"Change","cFrom":[2,6],"cText":["l"],"cRemoved":[""]}

{"cOrigin":"+input","cTo":[2,7],"cNewPos":[2,8],"cWhen":1.530002551358694e9,"tag":"Change","cFrom":[2,7],"cText":["o"],"cRemoved":[""]}

{"cOrigin":"+input","cTo":[2,8],"cNewPos":[2,9],"cWhen":1.5300025529747965e9,"tag":"Change","cFrom":[2,8],"cText":["*"],"cRemoved":[""]}

{"cOrigin":"+input","cTo":[2,9],"cNewPos":[2,10],"cWhen":1.5300025537531807e9,"tag":"Change","cFrom":[2,9],"cText":["2"],"cRemoved":[""]}

{"cOrigin":"+input","cTo":[2,10],"cNewPos":[2,11],"cWhen":1.530002556230877e9,"tag":"Change","cFrom":[2,10],"cText":[" "],"cRemoved":[""]}

{"cOrigin":"+input","cTo":[2,11],"cNewPos":[2,12],"cWhen":1.5300025608753211e9,"tag":"Change","cFrom":[2,11],"cText":["*"],"cRemoved":[""]}

{"cOrigin":"+delete","cTo":[2,12],"cNewPos":[2,11],"cWhen":1.53000256287898e9,"tag":"Change","cFrom":[2,11],"cText":[""],"cRemoved":["*"]}

{"cOrigin":"+input","cTo":[2,11],"cNewPos":[2,12],"cWhen":1.5300025661912205e9,"tag":"Change","cFrom":[2,11],"cText":["h"],"cRemoved":[""]}

{"cOrigin":"+input","cTo":[2,12],"cNewPos":[2,13],"cWhen":1.5300025663194218e9,"tag":"Change","cFrom":[2,12],"cText":["i"],"cRemoved":[""]}

{"cOrigin":"+input","cTo":[2,13],"cNewPos":[2,14],"cWhen":1.5300025680003536e9,"tag":"Change","cFrom":[2,13],"cText":[" "],"cRemoved":[""]}

{"cOrigin":"+input","cTo":[2,14],"cNewPos":[2,15],"cWhen":1.5300025685353196e9,"tag":"Change","cFrom":[2,14],"cText":["h"],"cRemoved":[""]}

{"cOrigin":"+input","cTo":[2,15],"cNewPos":[2,16],"cWhen":1.5300025686632977e9,"tag":"Change","cFrom":[2,15],"cText":["i"],"cRemoved":[""]}

{"cOrigin":"+input","cTo":[2,16],"cNewPos":[2,17],"cWhen":1.5300025694793277e9,"tag":"Change","cFrom":[2,16],"cText":[" "],"cRemoved":[""]}

{"cOrigin":"+input","cTo":[2,17],"cNewPos":[2,18],"cWhen":1.5300025697673178e9,"tag":"Change","cFrom":[2,17],"cText":["l"],"cRemoved":[""]}

{"cOrigin":"+input","cTo":[2,18],"cNewPos":[2,19],"cWhen":1.5300025699673307e9,"tag":"Change","cFrom":[2,18],"cText":["o"],"cRemoved":[""]}

{"cOrigin":"+input","cTo":[2,19],"cNewPos":[2,20],"cWhen":1.5300025715353673e9,"tag":"Change","cFrom":[2,19],"cText":["\""],"cRemoved":[""]}

{"cWhen":1.530002573240818e9,"tag":"Eval","cAll":true}

{"cOrigin":"+input","cTo":[2,20],"cNewPos":[3,0],"cWhen":1.5300025934799447e9,"tag":"Change","cFrom":[2,20],"cText":["",""],"cRemoved":[""]}

{"cOrigin":"+input","cTo":[3,0],"cNewPos":[4,0],"cWhen":1.5300025936319823e9,"tag":"Change","cFrom":[3,0],"cText":["",""],"cRemoved":[""]}

{"cOrigin":"+input","cTo":[4,0],"cNewPos":[4,1],"cWhen":1.5300026033774033e9,"tag":"Change","cFrom":[4,0],"cText":["f"],"cRemoved":[""]}

{"cOrigin":"+delete","cTo":[4,1],"cNewPos":[4,0],"cWhen":1.5300026041749988e9,"tag":"Change","cFrom":[4,0],"cText":[""],"cRemoved":["f"]}

{"cOrigin":"+input","cTo":[4,0],"cNewPos":[4,1],"cWhen":1.5300026049990442e9,"tag":"Change","cFrom":[4,0],"cText":["s"],"cRemoved":[""]}

{"cOrigin":"+input","cTo":[4,1],"cNewPos":[4,2],"cWhen":1.5300026051189358e9,"tag":"Change","cFrom":[4,1],"cText":["c"],"cRemoved":[""]}

{"cOrigin":"+input","cTo":[4,2],"cNewPos":[4,3],"cWhen":1.5300026055589755e9,"tag":"Change","cFrom":[4,2],"cText":["r"],"cRemoved":[""]}

{"cOrigin":"+input","cTo":[4,3],"cNewPos":[4,4],"cWhen":1.530002605684148e9,"tag":"Change","cFrom":[4,3],"cText":["a"],"cRemoved":[""]}

{"cOrigin":"+input","cTo":[4,4],"cNewPos":[4,5],"cWhen":1.5300026058229287e9,"tag":"Change","cFrom":[4,4],"cText":["t"],"cRemoved":[""]}

{"cOrigin":"+input","cTo":[4,5],"cNewPos":[4,6],"cWhen":1.5300026069427674e9,"tag":"Change","cFrom":[4,5],"cText":["c"],"cRemoved":[""]}

{"cOrigin":"+input","cTo":[4,6],"cNewPos":[4,7],"cWhen":1.5300026070307302e9,"tag":"Change","cFrom":[4,6],"cText":["h"],"cRemoved":[""]}

{"cOrigin":"+delete","cTo":[4,7],"cNewPos":[4,6],"cWhen":1.5300026077104938e9,"tag":"Change","cFrom":[4,6],"cText":[""],"cRemoved":["h"]}

{"cOrigin":"+delete","cTo":[4,6],"cNewPos":[4,5],"cWhen":1.5300026079638622e9,"tag":"Change","cFrom":[4,5],"cText":[""],"cRemoved":["c"]}

{"cOrigin":"+delete","cTo":[4,5],"cNewPos":[4,4],"cWhen":1.530002608013873e9,"tag":"Change","cFrom":[4,4],"cText":[""],"cRemoved":["t"]}

{"cOrigin":"+delete","cTo":[4,4],"cNewPos":[4,3],"cWhen":1.5300026080638297e9,"tag":"Change","cFrom":[4,3],"cText":[""],"cRemoved":["a"]}

{"cOrigin":"+delete","cTo":[4,3],"cNewPos":[4,2],"cWhen":1.5300026081138527e9,"tag":"Change","cFrom":[4,2],"cText":[""],"cRemoved":["r"]}

{"cOrigin":"+delete","cTo":[4,2],"cNewPos":[4,1],"cWhen":1.5300026081638365e9,"tag":"Change","cFrom":[4,1],"cText":[""],"cRemoved":["c"]}

{"cOrigin":"+delete","cTo":[4,1],"cNewPos":[4,0],"cWhen":1.5300026082138953e9,"tag":"Change","cFrom":[4,0],"cText":[""],"cRemoved":["s"]}

{"cOrigin":"+delete","cTo":[4,0],"cNewPos":[3,0],"cWhen":1.5300026082638438e9,"tag":"Change","cFrom":[3,0],"cText":[""],"cRemoved":["",""]}

{"cOrigin":"+input","cTo":[3,0],"cNewPos":[4,0],"cWhen":1.5300026098383224e9,"tag":"Change","cFrom":[3,0],"cText":["",""],"cRemoved":[""]}

{"cOrigin":"+input","cTo":[4,0],"cNewPos":[4,1],"cWhen":1.5300026107821724e9,"tag":"Change","cFrom":[4,0],"cText":["s"],"cRemoved":[""]}

{"cOrigin":"+input","cTo":[4,1],"cNewPos":[4,2],"cWhen":1.5300026108864737e9,"tag":"Change","cFrom":[4,1],"cText":["l"],"cRemoved":[""]}

{"cOrigin":"+input","cTo":[4,2],"cNewPos":[4,3],"cWhen":1.5300026110461252e9,"tag":"Change","cFrom":[4,2],"cText":["o"],"cRemoved":[""]}

{"cOrigin":"+input","cTo":[4,3],"cNewPos":[4,4],"cWhen":1.5300026112540712e9,"tag":"Change","cFrom":[4,3],"cText":["w"],"cRemoved":[""]}

{"cOrigin":"+input","cTo":[4,4],"cNewPos":[4,5],"cWhen":1.530002611542022e9,"tag":"Change","cFrom":[4,4],"cText":["e"],"cRemoved":[""]}

{"cOrigin":"+input","cTo":[4,5],"cNewPos":[4,6],"cWhen":1.5300026117659607e9,"tag":"Change","cFrom":[4,5],"cText":["r"],"cRemoved":[""]}

{"cOrigin":"+input","cTo":[4,6],"cNewPos":[4,7],"cWhen":1.530002614989751e9,"tag":"Change","cFrom":[4,6],"cText":[" "],"cRemoved":[""]}

{"cOrigin":"+input","cTo":[4,7],"cNewPos":[4,8],"cWhen":1.5300026154373722e9,"tag":"Change","cFrom":[4,7],"cText":["\""],"cRemoved":[""]}

{"cOrigin":"+input","cTo":[4,8],"cNewPos":[4,9],"cWhen":1.5300026170290608e9,"tag":"Change","cFrom":[4,8],"cText":["h"],"cRemoved":[""]}

{"cOrigin":"+input","cTo":[4,9],"cNewPos":[4,10],"cWhen":1.530002617277053e9,"tag":"Change","cFrom":[4,9],"cText":["i"],"cRemoved":[""]}

{"cOrigin":"+input","cTo":[4,10],"cNewPos":[4,11],"cWhen":1.5300026182928555e9,"tag":"Change","cFrom":[4,10],"cText":[" "],"cRemoved":[""]}

{"cOrigin":"+input","cTo":[4,11],"cNewPos":[4,12],"cWhen":1.5300026184768429e9,"tag":"Change","cFrom":[4,11],"cText":["l"],"cRemoved":[""]}

{"cOrigin":"+input","cTo":[4,12],"cNewPos":[4,13],"cWhen":1.5300026186688101e9,"tag":"Change","cFrom":[4,12],"cText":["o"],"cRemoved":[""]}

{"cOrigin":"+input","cTo":[4,13],"cNewPos":[4,14],"cWhen":1.5300026193007114e9,"tag":"Change","cFrom":[4,13],"cText":[" "],"cRemoved":[""]}

{"cOrigin":"+input","cTo":[4,14],"cNewPos":[4,15],"cWhen":1.5300026195086718e9,"tag":"Change","cFrom":[4,14],"cText":["l"],"cRemoved":[""]}

{"cOrigin":"+input","cTo":[4,15],"cNewPos":[4,16],"cWhen":1.530002619716632e9,"tag":"Change","cFrom":[4,15],"cText":["o"],"cRemoved":[""]}

{"cOrigin":"+input","cTo":[4,16],"cNewPos":[4,17],"cWhen":1.5300026200125706e9,"tag":"Change","cFrom":[4,16],"cText":[" "],"cRemoved":[""]}

{"cOrigin":"+input","cTo":[4,17],"cNewPos":[4,18],"cWhen":1.5300026202525418e9,"tag":"Change","cFrom":[4,17],"cText":["l"],"cRemoved":[""]}

{"cOrigin":"+input","cTo":[4,18],"cNewPos":[4,19],"cWhen":1.530002620452496e9,"tag":"Change","cFrom":[4,18],"cText":["o"],"cRemoved":[""]}

{"cOrigin":"+input","cTo":[4,19],"cNewPos":[4,20],"cWhen":1.530002620668449e9,"tag":"Change","cFrom":[4,19],"cText":[" "],"cRemoved":[""]}

{"cOrigin":"+input","cTo":[4,20],"cNewPos":[4,21],"cWhen":1.5300026208726676e9,"tag":"Change","cFrom":[4,20],"cText":["l"],"cRemoved":[""]}

{"cOrigin":"+input","cTo":[4,21],"cNewPos":[4,22],"cWhen":1.5300026211003628e9,"tag":"Change","cFrom":[4,21],"cText":[" "],"cRemoved":[""]}

{"cOrigin":"+input","cTo":[4,22],"cNewPos":[4,23],"cWhen":1.5300026211163723e9,"tag":"Change","cFrom":[4,22],"cText":["o"],"cRemoved":[""]}

{"cOrigin":"+delete","cTo":[4,23],"cNewPos":[4,22],"cWhen":1.5300026226115139e9,"tag":"Change","cFrom":[4,22],"cText":[""],"cRemoved":["o"]}

{"cOrigin":"+delete","cTo":[4,22],"cNewPos":[4,21],"cWhen":1.5300026227319412e9,"tag":"Change","cFrom":[4,21],"cText":[""],"cRemoved":[" "]}

{"cOrigin":"+input","cTo":[4,21],"cNewPos":[4,22],"cWhen":1.5300026236601255e9,"tag":"Change","cFrom":[4,21],"cText":["o"],"cRemoved":[""]}

{"cXWarp":21,"cNewPos":[4,21],"cWhen":1.5300026245558794e9,"tag":"Move"}

{"cXWarp":20,"cNewPos":[4,20],"cWhen":1.5300026248138711e9,"tag":"Move"}

{"cXWarp":19,"cNewPos":[4,19],"cWhen":1.5300026248638902e9,"tag":"Move"}

{"cXWarp":18,"cNewPos":[4,18],"cWhen":1.5300026249141471e9,"tag":"Move"}

{"cXWarp":17,"cNewPos":[4,17],"cWhen":1.5300026249638655e9,"tag":"Move"}

{"cXWarp":16,"cNewPos":[4,16],"cWhen":1.5300026250138557e9,"tag":"Move"}

{"cXWarp":15,"cNewPos":[4,15],"cWhen":1.5300026250638862e9,"tag":"Move"}

{"cXWarp":14,"cNewPos":[4,14],"cWhen":1.5300026251138897e9,"tag":"Move"}

{"cXWarp":13,"cNewPos":[4,13],"cWhen":1.5300026251638713e9,"tag":"Move"}

{"cXWarp":12,"cNewPos":[4,12],"cWhen":1.530002625371743e9,"tag":"Move"}

{"cXWarp":11,"cNewPos":[4,11],"cWhen":1.5300026256354496e9,"tag":"Move"}

{"cXWarp":10,"cNewPos":[4,10],"cWhen":1.5300026258434043e9,"tag":"Move"}

{"cXWarp":9,"cNewPos":[4,9],"cWhen":1.5300026261875885e9,"tag":"Move"}

{"cXWarp":10,"cNewPos":[4,10],"cWhen":1.5300026266354206e9,"tag":"Move"}

{"cOrigin":"+delete","cTo":[4,10],"cNewPos":[4,9],"cWhen":1.5300026274191709e9,"tag":"Change","cFrom":[4,9],"cText":[""],"cRemoved":["i"]}

{"cOrigin":"+delete","cTo":[4,9],"cNewPos":[4,8],"cWhen":1.530002627580174e9,"tag":"Change","cFrom":[4,8],"cText":[""],"cRemoved":["h"]}

{"cOrigin":"+input","cTo":[4,8],"cNewPos":[4,9],"cWhen":1.5300026284831655e9,"tag":"Change","cFrom":[4,8],"cText":["l"],"cRemoved":[""]}

{"cOrigin":"+input","cTo":[4,9],"cNewPos":[4,10],"cWhen":1.530002628611371e9,"tag":"Change","cFrom":[4,9],"cText":["o"],"cRemoved":[""]}

{"cXWarp":11,"cNewPos":[4,11],"cWhen":1.5300026292349e9,"tag":"Move"}

{"cXWarp":12,"cNewPos":[4,12],"cWhen":1.5300026294938796e9,"tag":"Move"}

{"cXWarp":13,"cNewPos":[4,13],"cWhen":1.5300026295438316e9,"tag":"Move"}

{"cXWarp":14,"cNewPos":[4,14],"cWhen":1.5300026295938885e9,"tag":"Move"}

{"cXWarp":15,"cNewPos":[4,15],"cWhen":1.530002629643811e9,"tag":"Move"}

{"cXWarp":16,"cNewPos":[4,16],"cWhen":1.5300026296938155e9,"tag":"Move"}

{"cXWarp":17,"cNewPos":[4,17],"cWhen":1.5300026297438035e9,"tag":"Move"}

{"cXWarp":18,"cNewPos":[4,18],"cWhen":1.5300026297937984e9,"tag":"Move"}

{"cXWarp":19,"cNewPos":[4,19],"cWhen":1.5300026298439002e9,"tag":"Move"}

{"cXWarp":20,"cNewPos":[4,20],"cWhen":1.5300026298938131e9,"tag":"Move"}

{"cXWarp":21,"cNewPos":[4,21],"cWhen":1.5300026299438102e9,"tag":"Move"}

{"cXWarp":22,"cNewPos":[4,22],"cWhen":1.5300026303159382e9,"tag":"Move"}

{"cOrigin":"+input","cTo":[4,22],"cNewPos":[4,23],"cWhen":1.5300026312598267e9,"tag":"Change","cFrom":[4,22],"cText":[" "],"cRemoved":[""]}

{"cOrigin":"+input","cTo":[4,23],"cNewPos":[4,24],"cWhen":1.5300026313785605e9,"tag":"Change","cFrom":[4,23],"cText":["l"],"cRemoved":[""]}

{"cOrigin":"+input","cTo":[4,24],"cNewPos":[4,25],"cWhen":1.5300026315545185e9,"tag":"Change","cFrom":[4,24],"cText":["o"],"cRemoved":[""]}

{"cOrigin":"+input","cTo":[4,25],"cNewPos":[4,26],"cWhen":1.5300026317385025e9,"tag":"Change","cFrom":[4,25],"cText":[" "],"cRemoved":[""]}

{"cOrigin":"+input","cTo":[4,26],"cNewPos":[4,27],"cWhen":1.5300026318526459e9,"tag":"Change","cFrom":[4,26],"cText":["l"],"cRemoved":[""]}

{"cOrigin":"+input","cTo":[4,27],"cNewPos":[4,28],"cWhen":1.530002632022913e9,"tag":"Change","cFrom":[4,27],"cText":["o"],"cRemoved":[""]}

{"cOrigin":"+input","cTo":[4,28],"cNewPos":[4,29],"cWhen":1.5300026322159102e9,"tag":"Change","cFrom":[4,28],"cText":[" "],"cRemoved":[""]}

{"cOrigin":"+input","cTo":[4,29],"cNewPos":[4,30],"cWhen":1.5300026323384895e9,"tag":"Change","cFrom":[4,29],"cText":["l"],"cRemoved":[""]}

{"cOrigin":"+input","cTo":[4,30],"cNewPos":[4,31],"cWhen":1.530002632570456e9,"tag":"Change","cFrom":[4,30],"cText":["o"],"cRemoved":[""]}

{"cOrigin":"+input","cTo":[4,31],"cNewPos":[4,32],"cWhen":1.5300026327544327e9,"tag":"Change","cFrom":[4,31],"cText":[" "],"cRemoved":[""]}

{"cOrigin":"+input","cTo":[4,32],"cNewPos":[4,33],"cWhen":1.5300026328904128e9,"tag":"Change","cFrom":[4,32],"cText":["l"],"cRemoved":[""]}

{"cOrigin":"+input","cTo":[4,33],"cNewPos":[4,34],"cWhen":1.530002633098391e9,"tag":"Change","cFrom":[4,33],"cText":["o"],"cRemoved":[""]}

{"cOrigin":"+input","cTo":[4,34],"cNewPos":[4,35],"cWhen":1.530002633306343e9,"tag":"Change","cFrom":[4,34],"cText":[" "],"cRemoved":[""]}

{"cOrigin":"+input","cTo":[4,35],"cNewPos":[4,36],"cWhen":1.5300026334505854e9,"tag":"Change","cFrom":[4,35],"cText":["l"],"cRemoved":[""]}

{"cOrigin":"+input","cTo":[4,36],"cNewPos":[4,37],"cWhen":1.5300026336422896e9,"tag":"Change","cFrom":[4,36],"cText":[" "],"cRemoved":[""]}

{"cOrigin":"+input","cTo":[4,37],"cNewPos":[4,38],"cWhen":1.5300026338022506e9,"tag":"Change","cFrom":[4,37],"cText":["o"],"cRemoved":[""]}

{"cOrigin":"+input","cTo":[4,38],"cNewPos":[4,39],"cWhen":1.530002634018201e9,"tag":"Change","cFrom":[4,38],"cText":[" "],"cRemoved":[""]}

{"cOrigin":"+input","cTo":[4,39],"cNewPos":[4,40],"cWhen":1.5300026341541533e9,"tag":"Change","cFrom":[4,39],"cText":["l"],"cRemoved":[""]}

{"cOrigin":"+delete","cTo":[4,40],"cNewPos":[4,39],"cWhen":1.5300026347299392e9,"tag":"Change","cFrom":[4,39],"cText":[""],"cRemoved":["l"]}

{"cOrigin":"+delete","cTo":[4,39],"cNewPos":[4,38],"cWhen":1.5300026348979237e9,"tag":"Change","cFrom":[4,38],"cText":[""],"cRemoved":[" "]}

{"cOrigin":"+delete","cTo":[4,38],"cNewPos":[4,37],"cWhen":1.530002635041911e9,"tag":"Change","cFrom":[4,37],"cText":[""],"cRemoved":["o"]}

{"cOrigin":"+delete","cTo":[4,37],"cNewPos":[4,36],"cWhen":1.5300026355058403e9,"tag":"Change","cFrom":[4,36],"cText":[""],"cRemoved":[" "]}

{"cOrigin":"+input","cTo":[4,36],"cNewPos":[4,37],"cWhen":1.530002636225877e9,"tag":"Change","cFrom":[4,36],"cText":["o"],"cRemoved":[""]}

{"cOrigin":"+input","cTo":[4,37],"cNewPos":[4,38],"cWhen":1.5300026363778324e9,"tag":"Change","cFrom":[4,37],"cText":[" "],"cRemoved":[""]}

{"cOrigin":"+input","cTo":[4,38],"cNewPos":[4,39],"cWhen":1.5300026364738724e9,"tag":"Change","cFrom":[4,38],"cText":["l"],"cRemoved":[""]}

{"cOrigin":"+input","cTo":[4,39],"cNewPos":[4,40],"cWhen":1.5300026366416876e9,"tag":"Change","cFrom":[4,39],"cText":["o"],"cRemoved":[""]}

{"cOrigin":"+input","cTo":[4,40],"cNewPos":[4,41],"cWhen":1.5300026367857103e9,"tag":"Change","cFrom":[4,40],"cText":[" "],"cRemoved":[""]}

{"cOrigin":"+input","cTo":[4,41],"cNewPos":[4,42],"cWhen":1.5300026369056973e9,"tag":"Change","cFrom":[4,41],"cText":["l"],"cRemoved":[""]}

{"cOrigin":"+input","cTo":[4,42],"cNewPos":[4,43],"cWhen":1.5300026371296487e9,"tag":"Change","cFrom":[4,42],"cText":["o"],"cRemoved":[""]}

{"cOrigin":"+input","cTo":[4,43],"cNewPos":[4,44],"cWhen":1.530002637313638e9,"tag":"Change","cFrom":[4,43],"cText":[" "],"cRemoved":[""]}

{"cOrigin":"+delete","cTo":[4,44],"cNewPos":[4,43],"cWhen":1.5300026391693394e9,"tag":"Change","cFrom":[4,43],"cText":[""],"cRemoved":[" "]}

{"cOrigin":"+input","cTo":[4,43],"cNewPos":[4,44],"cWhen":1.5300026403611305e9,"tag":"Change","cFrom":[4,43],"cText":["\""],"cRemoved":[""]}

{"cWhen":1.5300026415249856e9,"tag":"Eval","cAll":true}

{"cWhen":1.5300026426905704e9,"tag":"Eval","cAll":true}
