{"cWhen":1530017984,"tag":"Eval","cAll":true}
{"cOrigin":"+input","cTo":[0,1],"cNewPos":[0,2],"cWhen":1.5300180039454124e9,"tag":"Change","cFrom":[0,1],"cText":["h"],"cRemoved":[""]}

{"cOrigin":"+input","cTo":[0,2],"cNewPos":[0,3],"cWhen":1.5300180046573608e9,"tag":"Change","cFrom":[0,2],"cText":["i"],"cRemoved":[""]}

{"cOrigin":"+input","cTo":[0,3],"cNewPos":[0,4],"cWhen":1.5300180056411908e9,"tag":"Change","cFrom":[0,3],"cText":[" "],"cRemoved":[""]}

{"cOrigin":"+input","cTo":[0,4],"cNewPos":[0,5],"cWhen":1.5300180058930135e9,"tag":"Change","cFrom":[0,4],"cText":[" "],"cRemoved":[""]}

{"cOrigin":"+input","cTo":[0,5],"cNewPos":[0,6],"cWhen":1.53001800594312e9,"tag":"Change","cFrom":[0,5],"cText":[" "],"cRemoved":[""]}

{"cOrigin":"+delete","cTo":[0,6],"cNewPos":[0,5],"cWhen":1.5300180081050296e9,"tag":"Change","cFrom":[0,5],"cText":[""],"cRemoved":[" "]}

{"cOrigin":"+delete","cTo":[0,5],"cNewPos":[0,4],"cWhen":1.530018008817005e9,"tag":"Change","cFrom":[0,4],"cText":[""],"cRemoved":[" "]}

{"cOrigin":"+input","cTo":[0,4],"cNewPos":[0,5],"cWhen":1.530018010137175e9,"tag":"Change","cFrom":[0,4],"cText":["l"],"cRemoved":[""]}

{"cOrigin":"+input","cTo":[0,5],"cNewPos":[0,6],"cWhen":1.530018010489261e9,"tag":"Change","cFrom":[0,5],"cText":["o"],"cRemoved":[""]}

{"cWhen":1.5300180137545578e9,"tag":"Eval","cAll":true}

{"cWhen":1.530018014014459e9,"tag":"Eval","cAll":true}

{"cWhen":1.5300180140644171e9,"tag":"Eval","cAll":true}

{"cWhen":1.5300180141144102e9,"tag":"Eval","cAll":true}

{"cWhen":1.5300180141643848e9,"tag":"Eval","cAll":true}

{"cWhen":1.5300180142143912e9,"tag":"Eval","cAll":true}

{"cWhen":1.530018014264468e9,"tag":"Eval","cAll":true}

{"cWhen":1.5300180143148024e9,"tag":"Eval","cAll":true}

{"cWhen":1.5300180143652503e9,"tag":"Eval","cAll":true}

{"cWhen":1.5300180144157636e9,"tag":"Eval","cAll":true}

{"cWhen":1.5300180144654589e9,"tag":"Eval","cAll":true}

{"cWhen":1.5300180145153046e9,"tag":"Eval","cAll":true}

{"cWhen":1.5300180145653489e9,"tag":"Eval","cAll":true}

{"cWhen":1.530018014614811e9,"tag":"Eval","cAll":true}

{"cWhen":1.5300180146645377e9,"tag":"Eval","cAll":true}

{"cWhen":1.5300180147143042e9,"tag":"Eval","cAll":true}

{"cWhen":1.5300180147643178e9,"tag":"Eval","cAll":true}

{"cWhen":1.530018014814299e9,"tag":"Eval","cAll":true}

{"cWhen":1.5300180148644335e9,"tag":"Eval","cAll":true}

{"cWhen":1.5300180149143524e9,"tag":"Eval","cAll":true}

{"cWhen":1.530018014964417e9,"tag":"Eval","cAll":true}

{"cWhen":1.530018015014366e9,"tag":"Eval","cAll":true}

{"cWhen":1.5300180150647857e9,"tag":"Eval","cAll":true}

{"cWhen":1.5300180151143198e9,"tag":"Eval","cAll":true}

{"cWhen":1.5300180151643248e9,"tag":"Eval","cAll":true}

{"cWhen":1.5300180152143316e9,"tag":"Eval","cAll":true}

{"cWhen":1.5300180152643971e9,"tag":"Eval","cAll":true}

{"cWhen":1.5300180179230185e9,"tag":"Eval","cAll":true}

{"cOrigin":"+input","cTo":[0,6],"cNewPos":[0,7],"cWhen":1.5300180262571254e9,"tag":"Change","cFrom":[0,6],"cText":["\""],"cRemoved":[""]}

{"cWhen":1.5300180286504505e9,"tag":"Eval","cAll":true}

{"cWhen":1.5300180289052575e9,"tag":"Eval","cAll":true}

{"cWhen":1.5300180289544053e9,"tag":"Eval","cAll":true}

{"cWhen":1.530018029004336e9,"tag":"Eval","cAll":true}

{"cWhen":1.5300180290543613e9,"tag":"Eval","cAll":true}

{"cWhen":1.530018029104549e9,"tag":"Eval","cAll":true}

{"cWhen":1.5300180291543605e9,"tag":"Eval","cAll":true}

{"cWhen":1.5300180292043757e9,"tag":"Eval","cAll":true}

{"cWhen":1.5300180292543273e9,"tag":"Eval","cAll":true}

{"cWhen":1.5300180293056028e9,"tag":"Eval","cAll":true}

{"cWhen":1.5300180293556063e9,"tag":"Eval","cAll":true}

{"cWhen":1.5300180294036803e9,"tag":"Eval","cAll":true}

{"cWhen":1.5300180294536636e9,"tag":"Eval","cAll":true}

{"cWhen":1.5300180295036576e9,"tag":"Eval","cAll":true}

{"cWhen":1.530018029553623e9,"tag":"Eval","cAll":true}

{"cWhen":1.5300180296036632e9,"tag":"Eval","cAll":true}

{"cWhen":1.5300180296536484e9,"tag":"Eval","cAll":true}

{"cXWarp":6,"cNewPos":[0,6],"cWhen":1.530018033128937e9,"tag":"Move"}

{"cOrigin":"+input","cTo":[0,6],"cNewPos":[0,7],"cWhen":1.5300180346821327e9,"tag":"Change","cFrom":[0,6],"cText":[" "],"cRemoved":[""]}

{"cOrigin":"+input","cTo":[0,7],"cNewPos":[0,8],"cWhen":1.5300180381129878e9,"tag":"Change","cFrom":[0,7],"cText":["h"],"cRemoved":[""]}

{"cOrigin":"+input","cTo":[0,8],"cNewPos":[0,9],"cWhen":1.5300180386170459e9,"tag":"Change","cFrom":[0,8],"cText":["i"],"cRemoved":[""]}

{"cOrigin":"+input","cTo":[0,9],"cNewPos":[0,10],"cWhen":1.5300180390890632e9,"tag":"Change","cFrom":[0,9],"cText":["l"],"cRemoved":[""]}

{"cOrigin":"+input","cTo":[0,10],"cNewPos":[0,11],"cWhen":1.5300180394090276e9,"tag":"Change","cFrom":[0,10],"cText":["o"],"cRemoved":[""]}

{"cOrigin":"+delete","cTo":[0,11],"cNewPos":[0,10],"cWhen":1.5300180408807578e9,"tag":"Change","cFrom":[0,10],"cText":[""],"cRemoved":["o"]}

{"cOrigin":"+delete","cTo":[0,10],"cNewPos":[0,9],"cWhen":1.5300180411928422e9,"tag":"Change","cFrom":[0,9],"cText":[""],"cRemoved":["l"]}

{"cOrigin":"+input","cTo":[0,9],"cNewPos":[0,10],"cWhen":1.5300180427849498e9,"tag":"Change","cFrom":[0,9],"cText":[" "],"cRemoved":[""]}

{"cOrigin":"+input","cTo":[0,10],"cNewPos":[0,11],"cWhen":1.5300180433849945e9,"tag":"Change","cFrom":[0,10],"cText":["l"],"cRemoved":[""]}

{"cOrigin":"+input","cTo":[0,11],"cNewPos":[0,12],"cWhen":1.5300180436810026e9,"tag":"Change","cFrom":[0,11],"cText":["o"],"cRemoved":[""]}

{"cOrigin":"+input","cTo":[0,12],"cNewPos":[0,13],"cWhen":1.5300180441688917e9,"tag":"Change","cFrom":[0,12],"cText":[" "],"cRemoved":[""]}

{"cOrigin":"+input","cTo":[0,13],"cNewPos":[0,14],"cWhen":1.5300180447208836e9,"tag":"Change","cFrom":[0,13],"cText":["h"],"cRemoved":[""]}

{"cOrigin":"+input","cTo":[0,14],"cNewPos":[0,15],"cWhen":1.5300180450729265e9,"tag":"Change","cFrom":[0,14],"cText":["i"],"cRemoved":[""]}

{"cOrigin":"+input","cTo":[0,15],"cNewPos":[0,16],"cWhen":1.5300180454649303e9,"tag":"Change","cFrom":[0,15],"cText":[" "],"cRemoved":[""]}

{"cOrigin":"+input","cTo":[0,16],"cNewPos":[0,17],"cWhen":1.53001804587297e9,"tag":"Change","cFrom":[0,16],"cText":["l"],"cRemoved":[""]}

{"cOrigin":"+input","cTo":[0,17],"cNewPos":[0,18],"cWhen":1.53001804615301e9,"tag":"Change","cFrom":[0,17],"cText":["o"],"cRemoved":[""]}

{"cOrigin":"+input","cTo":[0,18],"cNewPos":[0,19],"cWhen":1.5300180465208817e9,"tag":"Change","cFrom":[0,18],"cText":[" "],"cRemoved":[""]}

{"cOrigin":"+input","cTo":[0,19],"cNewPos":[0,20],"cWhen":1.530018047048883e9,"tag":"Change","cFrom":[0,19],"cText":["h"],"cRemoved":[""]}

{"cOrigin":"+input","cTo":[0,20],"cNewPos":[0,21],"cWhen":1.530018047368972e9,"tag":"Change","cFrom":[0,20],"cText":["i"],"cRemoved":[""]}

{"cOrigin":"+input","cTo":[0,21],"cNewPos":[0,22],"cWhen":1.530018047744861e9,"tag":"Change","cFrom":[0,21],"cText":[" "],"cRemoved":[""]}

{"cOrigin":"+input","cTo":[0,22],"cNewPos":[0,23],"cWhen":1.5300180481529942e9,"tag":"Change","cFrom":[0,22],"cText":["l"],"cRemoved":[""]}

{"cOrigin":"+input","cTo":[0,23],"cNewPos":[0,24],"cWhen":1.5300180484649122e9,"tag":"Change","cFrom":[0,23],"cText":["o"],"cRemoved":[""]}

{"cWhen":1.530018056634078e9,"tag":"Eval","cAll":true}

{"cWhen":1.5300180568844652e9,"tag":"Eval","cAll":true}

{"cWhen":1.5300180569565904e9,"tag":"Eval","cAll":true}

{"cWhen":1.5300180570276806e9,"tag":"Eval","cAll":true}

{"cWhen":1.5300180570722175e9,"tag":"Eval","cAll":true}

{"cWhen":1.5300180571175818e9,"tag":"Eval","cAll":true}

{"cWhen":1.5300180571624339e9,"tag":"Eval","cAll":true}

{"cWhen":1.5300180572083879e9,"tag":"Eval","cAll":true}

{"cWhen":1.5300180572542176e9,"tag":"Eval","cAll":true}

{"cWhen":1.5300180572960255e9,"tag":"Eval","cAll":true}

{"cWhen":1.530018057338649e9,"tag":"Eval","cAll":true}

{"cWhen":1.5300180573836758e9,"tag":"Eval","cAll":true}

{"cWhen":1.5300180574336731e9,"tag":"Eval","cAll":true}

{"cWhen":1.5300180574836986e9,"tag":"Eval","cAll":true}

{"cOrigin":"+input","cTo":[0,24],"cNewPos":[0,25],"cWhen":1.5300180692808197e9,"tag":"Change","cFrom":[0,24],"cText":[" "],"cRemoved":[""]}

{"cOrigin":"+input","cTo":[0,25],"cNewPos":[0,26],"cWhen":1.5300180792247264e9,"tag":"Change","cFrom":[0,25],"cText":["h"],"cRemoved":[""]}

{"cOrigin":"+input","cTo":[0,26],"cNewPos":[0,27],"cWhen":1.5300180803846529e9,"tag":"Change","cFrom":[0,26],"cText":["i"],"cRemoved":[""]}

{"cOrigin":"+input","cTo":[0,27],"cNewPos":[0,28],"cWhen":1.5300180871045403e9,"tag":"Change","cFrom":[0,27],"cText":["("],"cRemoved":[""]}

{"cOrigin":"+delete","cTo":[0,28],"cNewPos":[0,27],"cWhen":1.5300180887603981e9,"tag":"Change","cFrom":[0,27],"cText":[""],"cRemoved":["("]}

{"cOrigin":"+input","cTo":[0,27],"cNewPos":[0,28],"cWhen":1.5300180915764964e9,"tag":"Change","cFrom":[0,27],"cText":["8"],"cRemoved":[""]}

{"cOrigin":"+delete","cTo":[0,28],"cNewPos":[0,27],"cWhen":1.5300180940483484e9,"tag":"Change","cFrom":[0,27],"cText":[""],"cRemoved":["8"]}

{"cOrigin":"+input","cTo":[0,27],"cNewPos":[0,28],"cWhen":1.5300180966005402e9,"tag":"Change","cFrom":[0,27],"cText":["*"],"cRemoved":[""]}

{"cOrigin":"+input","cTo":[0,28],"cNewPos":[0,29],"cWhen":1.5300181027046354e9,"tag":"Change","cFrom":[0,28],"cText":["2"],"cRemoved":[""]}

{"cOrigin":"+input","cTo":[0,29],"cNewPos":[0,30],"cWhen":1.5300181194725635e9,"tag":"Change","cFrom":[0,29],"cText":[" "],"cRemoved":[""]}

{"cXWarp":29,"cNewPos":[0,29],"cWhen":1.5300181242002347e9,"tag":"Move"}

{"cXWarp":28,"cNewPos":[0,28],"cWhen":1.5300181244529057e9,"tag":"Move"}

{"cXWarp":27,"cNewPos":[0,27],"cWhen":1.5300181245028872e9,"tag":"Move"}

{"cXWarp":26,"cNewPos":[0,26],"cWhen":1.530018124552907e9,"tag":"Move"}

{"cXWarp":25,"cNewPos":[0,25],"cWhen":1.530018124602947e9,"tag":"Move"}

{"cXWarp":24,"cNewPos":[0,24],"cWhen":1.5300181246529152e9,"tag":"Move"}

{"cXWarp":23,"cNewPos":[0,23],"cWhen":1.53001812470289e9,"tag":"Move"}

{"cXWarp":22,"cNewPos":[0,22],"cWhen":1.5300181247529075e9,"tag":"Move"}

{"cXWarp":21,"cNewPos":[0,21],"cWhen":1.5300181248028991e9,"tag":"Move"}

{"cXWarp":20,"cNewPos":[0,20],"cWhen":1.530018124852903e9,"tag":"Move"}

{"cXWarp":19,"cNewPos":[0,19],"cWhen":1.530018124902949e9,"tag":"Move"}

{"cXWarp":18,"cNewPos":[0,18],"cWhen":1.530018124952872e9,"tag":"Move"}

{"cXWarp":17,"cNewPos":[0,17],"cWhen":1.5300181250029266e9,"tag":"Move"}

{"cXWarp":16,"cNewPos":[0,16],"cWhen":1.530018125052898e9,"tag":"Move"}

{"cXWarp":15,"cNewPos":[0,15],"cWhen":1.5300181251028805e9,"tag":"Move"}

{"cXWarp":14,"cNewPos":[0,14],"cWhen":1.53001812515284e9,"tag":"Move"}

{"cXWarp":13,"cNewPos":[0,13],"cWhen":1.5300181252028556e9,"tag":"Move"}

{"cXWarp":12,"cNewPos":[0,12],"cWhen":1.5300181252528634e9,"tag":"Move"}

{"cXWarp":11,"cNewPos":[0,11],"cWhen":1.5300181253028777e9,"tag":"Move"}

{"cXWarp":10,"cNewPos":[0,10],"cWhen":1.5300181253528597e9,"tag":"Move"}

{"cXWarp":9,"cNewPos":[0,9],"cWhen":1.5300181254028666e9,"tag":"Move"}

{"cXWarp":8,"cNewPos":[0,8],"cWhen":1.530018125452859e9,"tag":"Move"}

{"cXWarp":7,"cNewPos":[0,7],"cWhen":1.5300181255028772e9,"tag":"Move"}

{"cXWarp":6,"cNewPos":[0,6],"cWhen":1.5300181255528846e9,"tag":"Move"}

{"cXWarp":5,"cNewPos":[0,5],"cWhen":1.5300181256028693e9,"tag":"Move"}

{"cXWarp":4,"cNewPos":[0,4],"cWhen":1.5300181256528761e9,"tag":"Move"}

{"cXWarp":3,"cNewPos":[0,3],"cWhen":1.5300181257028625e9,"tag":"Move"}

{"cXWarp":2,"cNewPos":[0,2],"cWhen":1.5300181257528136e9,"tag":"Move"}

{"cXWarp":1,"cNewPos":[0,1],"cWhen":1.5300181258028967e9,"tag":"Move"}

{"cXWarp":0,"cNewPos":[0,0],"cWhen":1.530018125852831e9,"tag":"Move"}

{"cXWarp":0,"cNewPos":[0,0],"cWhen":1.5300181259028609e9,"tag":"Move"}

{"cXWarp":0,"cNewPos":[0,0],"cWhen":1.5300181259528446e9,"tag":"Move"}

{"cXWarp":0,"cNewPos":[0,0],"cWhen":1.530018126002844e9,"tag":"Move"}

{"cXWarp":0,"cNewPos":[0,0],"cWhen":1.530018126052816e9,"tag":"Move"}

{"cOrigin":"+input","cTo":[0,0],"cNewPos":[0,1],"cWhen":1.5300181271843553e9,"tag":"Change","cFrom":[0,0],"cText":[" "],"cRemoved":[""]}

{"cOrigin":"+input","cTo":[0,1],"cNewPos":[0,2],"cWhen":1.5300181288002596e9,"tag":"Change","cFrom":[0,1],"cText":[" "],"cRemoved":[""]}

{"cXWarp":1,"cNewPos":[0,1],"cWhen":1.5300181304641023e9,"tag":"Move"}

{"cOrigin":"+input","cTo":[0,1],"cNewPos":[0,2],"cWhen":1.5300181334643502e9,"tag":"Change","cFrom":[0,1],"cText":["f"],"cRemoved":[""]}

{"cOrigin":"+input","cTo":[0,2],"cNewPos":[0,3],"cWhen":1.5300181338244088e9,"tag":"Change","cFrom":[0,2],"cText":["a"],"cRemoved":[""]}

{"cOrigin":"+input","cTo":[0,3],"cNewPos":[0,4],"cWhen":1.5300181341922987e9,"tag":"Change","cFrom":[0,3],"cText":["s"],"cRemoved":[""]}

{"cOrigin":"+input","cTo":[0,4],"cNewPos":[0,5],"cWhen":1.530018134576304e9,"tag":"Change","cFrom":[0,4],"cText":["t"],"cRemoved":[""]}

{"cOrigin":"+input","cTo":[0,5],"cNewPos":[0,6],"cWhen":1.5300181351603334e9,"tag":"Change","cFrom":[0,5],"cText":["e"],"cRemoved":[""]}

{"cOrigin":"+input","cTo":[0,6],"cNewPos":[0,7],"cWhen":1.530018135424225e9,"tag":"Change","cFrom":[0,6],"cText":["r"],"cRemoved":[""]}

{"cWhen":1.530018139521583e9,"tag":"Eval","cAll":true}

{"cWhen":1.5300181397744508e9,"tag":"Eval","cAll":true}

{"cWhen":1.5300181399073348e9,"tag":"Eval","cAll":true}

{"cWhen":1.530018139992966e9,"tag":"Eval","cAll":true}

{"cWhen":1.5300181400777955e9,"tag":"Eval","cAll":true}

{"cWhen":1.5300181401694252e9,"tag":"Eval","cAll":true}

{"cWhen":1.5300181402562435e9,"tag":"Eval","cAll":true}

{"cWhen":1.5300181403463118e9,"tag":"Eval","cAll":true}

{"cWhen":1.5300181404332304e9,"tag":"Eval","cAll":true}

{"cWhen":1.530018140522762e9,"tag":"Eval","cAll":true}

{"cWhen":1.5300181406091e9,"tag":"Eval","cAll":true}

{"cWhen":1.5300181406981533e9,"tag":"Eval","cAll":true}

{"cWhen":1.5300181407843544e9,"tag":"Eval","cAll":true}

{"cWhen":1.5300181408741257e9,"tag":"Eval","cAll":true}

{"cWhen":1.5300181409600527e9,"tag":"Eval","cAll":true}

{"cWhen":1.530018141046698e9,"tag":"Eval","cAll":true}

{"cWhen":1.5300181411367176e9,"tag":"Eval","cAll":true}

{"cWhen":1.5300181412225685e9,"tag":"Eval","cAll":true}

{"cXWarp":8,"cNewPos":[0,8],"cWhen":1.5300181532560198e9,"tag":"Move"}

{"cXWarp":9,"cNewPos":[0,9],"cWhen":1.5300181535128353e9,"tag":"Move"}

{"cXWarp":10,"cNewPos":[0,10],"cWhen":1.5300181535628736e9,"tag":"Move"}

{"cXWarp":11,"cNewPos":[0,11],"cWhen":1.5300181536128602e9,"tag":"Move"}

{"cXWarp":12,"cNewPos":[0,12],"cWhen":1.5300181536628022e9,"tag":"Move"}

{"cXWarp":13,"cNewPos":[0,13],"cWhen":1.5300181537127826e9,"tag":"Move"}

{"cXWarp":14,"cNewPos":[0,14],"cWhen":1.5300181537627995e9,"tag":"Move"}

{"cXWarp":15,"cNewPos":[0,15],"cWhen":1.5300181538128183e9,"tag":"Move"}

{"cXWarp":16,"cNewPos":[0,16],"cWhen":1.5300181538628407e9,"tag":"Move"}

{"cXWarp":17,"cNewPos":[0,17],"cWhen":1.5300181539127848e9,"tag":"Move"}

{"cXWarp":18,"cNewPos":[0,18],"cWhen":1.5300181544639602e9,"tag":"Move"}

{"cXWarp":19,"cNewPos":[0,19],"cWhen":1.5300181547228398e9,"tag":"Move"}

{"cXWarp":20,"cNewPos":[0,20],"cWhen":1.5300181547728782e9,"tag":"Move"}

{"cXWarp":21,"cNewPos":[0,21],"cWhen":1.5300181548228087e9,"tag":"Move"}

{"cXWarp":22,"cNewPos":[0,22],"cWhen":1.530018154872802e9,"tag":"Move"}

{"cXWarp":23,"cNewPos":[0,23],"cWhen":1.5300181549228203e9,"tag":"Move"}

{"cXWarp":24,"cNewPos":[0,24],"cWhen":1.530018154972788e9,"tag":"Move"}

{"cXWarp":25,"cNewPos":[0,25],"cWhen":1.5300181550228348e9,"tag":"Move"}

{"cXWarp":26,"cNewPos":[0,26],"cWhen":1.5300181550728219e9,"tag":"Move"}

{"cXWarp":27,"cNewPos":[0,27],"cWhen":1.5300181556238291e9,"tag":"Move"}

{"cXWarp":28,"cNewPos":[0,28],"cWhen":1.5300181558828547e9,"tag":"Move"}

{"cXWarp":29,"cNewPos":[0,29],"cWhen":1.5300181559328578e9,"tag":"Move"}

{"cXWarp":30,"cNewPos":[0,30],"cWhen":1.5300181559828956e9,"tag":"Move"}

{"cXWarp":31,"cNewPos":[0,31],"cWhen":1.5300181560328436e9,"tag":"Move"}

{"cXWarp":32,"cNewPos":[0,32],"cWhen":1.5300181560828867e9,"tag":"Move"}

{"cXWarp":33,"cNewPos":[0,33],"cWhen":1.5300181561328454e9,"tag":"Move"}

{"cXWarp":34,"cNewPos":[0,34],"cWhen":1.530018156182871e9,"tag":"Move"}

{"cXWarp":35,"cNewPos":[0,35],"cWhen":1.5300181562328923e9,"tag":"Move"}

{"cXWarp":36,"cNewPos":[0,36],"cWhen":1.5300181569519315e9,"tag":"Move"}

{"cXWarp":37,"cNewPos":[0,37],"cWhen":1.5300181575760212e9,"tag":"Move"}

{"cOrigin":"+input","cTo":[0,37],"cNewPos":[0,38],"cWhen":1.530018158576138e9,"tag":"Change","cFrom":[0,37],"cText":[" "],"cRemoved":[""]}

{"cOrigin":"+input","cTo":[0,38],"cNewPos":[0,39],"cWhen":1.5300181612961593e9,"tag":"Change","cFrom":[0,38],"cText":["l"],"cRemoved":[""]}

{"cOrigin":"+input","cTo":[0,39],"cNewPos":[0,40],"cWhen":1.5300181615680356e9,"tag":"Change","cFrom":[0,39],"cText":["o"],"cRemoved":[""]}

{"cOrigin":"+input","cTo":[0,40],"cNewPos":[0,41],"cWhen":1.5300181625280454e9,"tag":"Change","cFrom":[0,40],"cText":[" "],"cRemoved":[""]}

{"cOrigin":"+input","cTo":[0,41],"cNewPos":[0,42],"cWhen":1.5300181632880437e9,"tag":"Change","cFrom":[0,41],"cText":["h"],"cRemoved":[""]}

{"cOrigin":"+input","cTo":[0,42],"cNewPos":[0,43],"cWhen":1.5300181635440571e9,"tag":"Change","cFrom":[0,42],"cText":["i"],"cRemoved":[""]}

{"cOrigin":"+input","cTo":[0,43],"cNewPos":[0,44],"cWhen":1.5300181640720136e9,"tag":"Change","cFrom":[0,43],"cText":[" "],"cRemoved":[""]}

{"cOrigin":"+input","cTo":[0,44],"cNewPos":[0,45],"cWhen":1.5300181648240545e9,"tag":"Change","cFrom":[0,44],"cText":["l"],"cRemoved":[""]}

{"cOrigin":"+input","cTo":[0,45],"cNewPos":[0,46],"cWhen":1.53001816507203e9,"tag":"Change","cFrom":[0,45],"cText":["o"],"cRemoved":[""]}

{"cOrigin":"+input","cTo":[0,46],"cNewPos":[0,47],"cWhen":1.5300181654161353e9,"tag":"Change","cFrom":[0,46],"cText":[" "],"cRemoved":[""]}

{"cOrigin":"+input","cTo":[0,47],"cNewPos":[0,48],"cWhen":1.5300181669041104e9,"tag":"Change","cFrom":[0,47],"cText":["h"],"cRemoved":[""]}

{"cOrigin":"+input","cTo":[0,48],"cNewPos":[0,49],"cWhen":1.530018167136295e9,"tag":"Change","cFrom":[0,48],"cText":["i"],"cRemoved":[""]}

{"cOrigin":"+input","cTo":[0,49],"cNewPos":[0,50],"cWhen":1.5300181676567366e9,"tag":"Change","cFrom":[0,49],"cText":[" "],"cRemoved":[""]}

{"cOrigin":"+delete","cTo":[0,50],"cNewPos":[0,49],"cWhen":1.530018171183869e9,"tag":"Change","cFrom":[0,49],"cText":[""],"cRemoved":[" "]}

{"cWhen":1.53001817339349e9,"tag":"Eval","cAll":true}

{"cWhen":1.5300181736437008e9,"tag":"Eval","cAll":true}

{"cWhen":1.53001817375865e9,"tag":"Eval","cAll":true}

{"cWhen":1.5300181738700237e9,"tag":"Eval","cAll":true}

{"cWhen":1.5300181739840925e9,"tag":"Eval","cAll":true}

{"cWhen":1.5300181740958765e9,"tag":"Eval","cAll":true}

{"cWhen":1.5300181742122674e9,"tag":"Eval","cAll":true}

{"cWhen":1.530018174327219e9,"tag":"Eval","cAll":true}

{"cWhen":1.5300181744387054e9,"tag":"Eval","cAll":true}

{"cWhen":1.530018174554028e9,"tag":"Eval","cAll":true}

{"cWhen":1.5300181746654212e9,"tag":"Eval","cAll":true}

{"cWhen":1.530018174779482e9,"tag":"Eval","cAll":true}

{"cWhen":1.5300181748906496e9,"tag":"Eval","cAll":true}

{"cWhen":1.5300181750053341e9,"tag":"Eval","cAll":true}

{"cWhen":1.5300181751200714e9,"tag":"Eval","cAll":true}

{"cWhen":1.5300181752324543e9,"tag":"Eval","cAll":true}

{"cWhen":1.5300181753476856e9,"tag":"Eval","cAll":true}

{"cWhen":1.5300181800735478e9,"tag":"Eval","cAll":true}

{"cWhen":1.5300181803236127e9,"tag":"Eval","cAll":true}

{"cWhen":1.5300181804397187e9,"tag":"Eval","cAll":true}

{"cWhen":1.5300181805541923e9,"tag":"Eval","cAll":true}

{"cWhen":1.530018180664033e9,"tag":"Eval","cAll":true}

{"cWhen":1.5300181807784011e9,"tag":"Eval","cAll":true}

{"cWhen":1.530018180891949e9,"tag":"Eval","cAll":true}

{"cWhen":1.5300181810021634e9,"tag":"Eval","cAll":true}

{"cWhen":1.5300181811158328e9,"tag":"Eval","cAll":true}

{"cWhen":1.5300181812258317e9,"tag":"Eval","cAll":true}

{"cWhen":1.5300181813414922e9,"tag":"Eval","cAll":true}

{"cWhen":1.5300181814565337e9,"tag":"Eval","cAll":true}

{"cWhen":1.5300181815669868e9,"tag":"Eval","cAll":true}

{"cWhen":1.530018181681012e9,"tag":"Eval","cAll":true}

{"cWhen":1.53001818179077e9,"tag":"Eval","cAll":true}

{"cWhen":1.5300181819060087e9,"tag":"Eval","cAll":true}

{"cWhen":1.530018182019558e9,"tag":"Eval","cAll":true}

{"cWhen":1.5300181821294792e9,"tag":"Eval","cAll":true}

{"cWhen":1.530018182243903e9,"tag":"Eval","cAll":true}

{"cWhen":1.5300181823564196e9,"tag":"Eval","cAll":true}

{"cWhen":1.530018182470095e9,"tag":"Eval","cAll":true}

{"cWhen":1.530018182580353e9,"tag":"Eval","cAll":true}

{"cWhen":1.5300181826937776e9,"tag":"Eval","cAll":true}

{"cWhen":1.5300181828076165e9,"tag":"Eval","cAll":true}

{"cWhen":1.5300181829180305e9,"tag":"Eval","cAll":true}

{"cWhen":1.5300181830319912e9,"tag":"Eval","cAll":true}

{"cWhen":1.5300181831423883e9,"tag":"Eval","cAll":true}

{"cWhen":1.5300181832562828e9,"tag":"Eval","cAll":true}

{"cOrigin":"+delete","cTo":[0,49],"cNewPos":[0,48],"cWhen":1.53001818871968e9,"tag":"Change","cFrom":[0,48],"cText":[""],"cRemoved":["i"]}

{"cOrigin":"+delete","cTo":[0,48],"cNewPos":[0,47],"cWhen":1.5300181889727802e9,"tag":"Change","cFrom":[0,47],"cText":[""],"cRemoved":["h"]}

{"cOrigin":"+delete","cTo":[0,47],"cNewPos":[0,46],"cWhen":1.5300181890227773e9,"tag":"Change","cFrom":[0,46],"cText":[""],"cRemoved":[" "]}

{"cOrigin":"+delete","cTo":[0,46],"cNewPos":[0,45],"cWhen":1.5300181890727744e9,"tag":"Change","cFrom":[0,45],"cText":[""],"cRemoved":["o"]}

{"cOrigin":"+delete","cTo":[0,45],"cNewPos":[0,44],"cWhen":1.5300181891227498e9,"tag":"Change","cFrom":[0,44],"cText":[""],"cRemoved":["l"]}

{"cOrigin":"+delete","cTo":[0,44],"cNewPos":[0,43],"cWhen":1.5300181891727931e9,"tag":"Change","cFrom":[0,43],"cText":[""],"cRemoved":[" "]}

{"cOrigin":"+delete","cTo":[0,43],"cNewPos":[0,42],"cWhen":1.5300181892227542e9,"tag":"Change","cFrom":[0,42],"cText":[""],"cRemoved":["i"]}

{"cOrigin":"+delete","cTo":[0,42],"cNewPos":[0,41],"cWhen":1.5300181892727847e9,"tag":"Change","cFrom":[0,41],"cText":[""],"cRemoved":["h"]}

{"cOrigin":"+delete","cTo":[0,41],"cNewPos":[0,40],"cWhen":1.530018189322783e9,"tag":"Change","cFrom":[0,40],"cText":[""],"cRemoved":[" "]}

{"cOrigin":"+delete","cTo":[0,40],"cNewPos":[0,39],"cWhen":1.5300181893727517e9,"tag":"Change","cFrom":[0,39],"cText":[""],"cRemoved":["o"]}

{"cOrigin":"+delete","cTo":[0,39],"cNewPos":[0,38],"cWhen":1.5300181894227479e9,"tag":"Change","cFrom":[0,38],"cText":[""],"cRemoved":["l"]}

{"cOrigin":"+delete","cTo":[0,38],"cNewPos":[0,37],"cWhen":1.530018189472763e9,"tag":"Change","cFrom":[0,37],"cText":[""],"cRemoved":[" "]}

{"cOrigin":"+delete","cTo":[0,37],"cNewPos":[0,36],"cWhen":1.530018189522777e9,"tag":"Change","cFrom":[0,36],"cText":[""],"cRemoved":["2"]}

{"cOrigin":"+delete","cTo":[0,36],"cNewPos":[0,35],"cWhen":1.5300181895727587e9,"tag":"Change","cFrom":[0,35],"cText":[""],"cRemoved":["*"]}

{"cOrigin":"+delete","cTo":[0,35],"cNewPos":[0,34],"cWhen":1.530018189622848e9,"tag":"Change","cFrom":[0,34],"cText":[""],"cRemoved":["i"]}

{"cOrigin":"+delete","cTo":[0,34],"cNewPos":[0,33],"cWhen":1.5300181896727688e9,"tag":"Change","cFrom":[0,33],"cText":[""],"cRemoved":["h"]}

{"cOrigin":"+delete","cTo":[0,33],"cNewPos":[0,32],"cWhen":1.5300181897227666e9,"tag":"Change","cFrom":[0,32],"cText":[""],"cRemoved":[" "]}

{"cOrigin":"+delete","cTo":[0,32],"cNewPos":[0,31],"cWhen":1.530018189772886e9,"tag":"Change","cFrom":[0,31],"cText":[""],"cRemoved":["o"]}

{"cOrigin":"+delete","cTo":[0,31],"cNewPos":[0,30],"cWhen":1.5300181898227992e9,"tag":"Change","cFrom":[0,30],"cText":[""],"cRemoved":["l"]}

{"cOrigin":"+delete","cTo":[0,30],"cNewPos":[0,29],"cWhen":1.530018189855602e9,"tag":"Change","cFrom":[0,29],"cText":[""],"cRemoved":[" "]}

{"cOrigin":"+delete","cTo":[0,29],"cNewPos":[0,28],"cWhen":1.5300181901128974e9,"tag":"Change","cFrom":[0,28],"cText":[""],"cRemoved":["i"]}

{"cOrigin":"+delete","cTo":[0,28],"cNewPos":[0,27],"cWhen":1.5300181901628406e9,"tag":"Change","cFrom":[0,27],"cText":[""],"cRemoved":["h"]}

{"cOrigin":"+delete","cTo":[0,27],"cNewPos":[0,26],"cWhen":1.5300181902128518e9,"tag":"Change","cFrom":[0,26],"cText":[""],"cRemoved":[" "]}

{"cOrigin":"+delete","cTo":[0,26],"cNewPos":[0,25],"cWhen":1.5300181902628384e9,"tag":"Change","cFrom":[0,25],"cText":[""],"cRemoved":["o"]}

{"cOrigin":"+delete","cTo":[0,25],"cNewPos":[0,24],"cWhen":1.5300181903129132e9,"tag":"Change","cFrom":[0,24],"cText":[""],"cRemoved":["l"]}

{"cOrigin":"+delete","cTo":[0,24],"cNewPos":[0,23],"cWhen":1.530018190362815e9,"tag":"Change","cFrom":[0,23],"cText":[""],"cRemoved":[" "]}

{"cOrigin":"+delete","cTo":[0,23],"cNewPos":[0,22],"cWhen":1.5300181904128737e9,"tag":"Change","cFrom":[0,22],"cText":[""],"cRemoved":["i"]}

{"cOrigin":"+delete","cTo":[0,22],"cNewPos":[0,21],"cWhen":1.5300181904628472e9,"tag":"Change","cFrom":[0,21],"cText":[""],"cRemoved":["h"]}

{"cOrigin":"+delete","cTo":[0,21],"cNewPos":[0,20],"cWhen":1.5300181905128992e9,"tag":"Change","cFrom":[0,20],"cText":[""],"cRemoved":[" "]}

{"cOrigin":"+delete","cTo":[0,20],"cNewPos":[0,19],"cWhen":1.5300181905628197e9,"tag":"Change","cFrom":[0,19],"cText":[""],"cRemoved":["o"]}

{"cOrigin":"+delete","cTo":[0,19],"cNewPos":[0,18],"cWhen":1.5300181909836414e9,"tag":"Change","cFrom":[0,18],"cText":[""],"cRemoved":["l"]}

{"cOrigin":"+delete","cTo":[0,18],"cNewPos":[0,17],"cWhen":1.5300181912428427e9,"tag":"Change","cFrom":[0,17],"cText":[""],"cRemoved":[" "]}

{"cOrigin":"+delete","cTo":[0,17],"cNewPos":[0,16],"cWhen":1.5300181912928436e9,"tag":"Change","cFrom":[0,16],"cText":[""],"cRemoved":["i"]}

{"cOrigin":"+delete","cTo":[0,16],"cNewPos":[0,15],"cWhen":1.5300181913428612e9,"tag":"Change","cFrom":[0,15],"cText":[""],"cRemoved":["h"]}

{"cOrigin":"+delete","cTo":[0,15],"cNewPos":[0,14],"cWhen":1.5300181913930244e9,"tag":"Change","cFrom":[0,14],"cText":[""],"cRemoved":[" "]}

{"cOrigin":"+delete","cTo":[0,14],"cNewPos":[0,13],"cWhen":1.5300181914445102e9,"tag":"Change","cFrom":[0,13],"cText":[""],"cRemoved":["o"]}

{"cOrigin":"+delete","cTo":[0,13],"cNewPos":[0,12],"cWhen":1.5300181914928017e9,"tag":"Change","cFrom":[0,12],"cText":[""],"cRemoved":["l"]}

{"cOrigin":"+delete","cTo":[0,12],"cNewPos":[0,11],"cWhen":1.5300181915428708e9,"tag":"Change","cFrom":[0,11],"cText":[""],"cRemoved":[" "]}

{"cXWarp":10,"cNewPos":[0,10],"cWhen":1.5300181938558984e9,"tag":"Move"}

{"cXWarp":9,"cNewPos":[0,9],"cWhen":1.5300181941129956e9,"tag":"Move"}

{"cXWarp":8,"cNewPos":[0,8],"cWhen":1.5300181941630313e9,"tag":"Move"}

{"cXWarp":7,"cNewPos":[0,7],"cWhen":1.5300181942129467e9,"tag":"Move"}

{"cXWarp":6,"cNewPos":[0,6],"cWhen":1.5300181942630386e9,"tag":"Move"}

{"cOrigin":"+delete","cTo":[0,6],"cNewPos":[0,5],"cWhen":1.5300181962716105e9,"tag":"Change","cFrom":[0,5],"cText":[""],"cRemoved":["e"]}

{"cOrigin":"+delete","cTo":[0,5],"cNewPos":[0,4],"cWhen":1.530018196522861e9,"tag":"Change","cFrom":[0,4],"cText":[""],"cRemoved":["t"]}

{"cOrigin":"+delete","cTo":[0,4],"cNewPos":[0,3],"cWhen":1.5300181965728424e9,"tag":"Change","cFrom":[0,3],"cText":[""],"cRemoved":["s"]}

{"cOrigin":"+delete","cTo":[0,3],"cNewPos":[0,2],"cWhen":1.530018196622823e9,"tag":"Change","cFrom":[0,2],"cText":[""],"cRemoved":["a"]}

{"cOrigin":"+delete","cTo":[0,2],"cNewPos":[0,1],"cWhen":1.5300181966728358e9,"tag":"Change","cFrom":[0,1],"cText":[""],"cRemoved":["f"]}

{"cOrigin":"+delete","cTo":[0,1],"cNewPos":[0,0],"cWhen":1.530018196722999e9,"tag":"Change","cFrom":[0,0],"cText":[""],"cRemoved":[" "]}

{"cXWarp":1,"cNewPos":[0,1],"cWhen":1.5300182025518196e9,"tag":"Move"}

{"cOrigin":"+delete","cTo":[0,1],"cNewPos":[0,0],"cWhen":1.5300182048316984e9,"tag":"Change","cFrom":[0,0],"cText":[""],"cRemoved":["r"]}

{"cXWarp":1,"cNewPos":[0,1],"cWhen":1.530018207543765e9,"tag":"Move"}

{"cWhen":1.5300182137530649e9,"tag":"Eval","cAll":true}

{"cWhen":1.5300182140038588e9,"tag":"Eval","cAll":true}

{"cWhen":1.5300182140537682e9,"tag":"Eval","cAll":true}

{"cWhen":1.530018214103877e9,"tag":"Eval","cAll":true}

{"cWhen":1.530018214153783e9,"tag":"Eval","cAll":true}

{"cWhen":1.5300182142037587e9,"tag":"Eval","cAll":true}

{"cWhen":1.5300182142539382e9,"tag":"Eval","cAll":true}

{"cWhen":1.5300182143042397e9,"tag":"Eval","cAll":true}

{"cWhen":1.5300182143537014e9,"tag":"Eval","cAll":true}

{"cWhen":1.5300182144036973e9,"tag":"Eval","cAll":true}

{"cWhen":1.5300182144537306e9,"tag":"Eval","cAll":true}

{"cWhen":1.530018216649159e9,"tag":"Eval","cAll":true}

{"cWhen":1.5300182169043705e9,"tag":"Eval","cAll":true}

{"cWhen":1.5300182169543521e9,"tag":"Eval","cAll":true}

{"cWhen":1.5300182170044236e9,"tag":"Eval","cAll":true}

{"cWhen":1.5300182170535812e9,"tag":"Eval","cAll":true}

{"cWhen":1.5300182171040852e9,"tag":"Eval","cAll":true}

{"cWhen":1.530018217153675e9,"tag":"Eval","cAll":true}

{"cWhen":1.5300182172037597e9,"tag":"Eval","cAll":true}

{"cWhen":1.5300182172537043e9,"tag":"Eval","cAll":true}

{"cWhen":1.530018217303746e9,"tag":"Eval","cAll":true}

{"cWhen":1.5300182173536806e9,"tag":"Eval","cAll":true}

{"cWhen":1.5300182174036698e9,"tag":"Eval","cAll":true}

{"cWhen":1.5300182174536843e9,"tag":"Eval","cAll":true}

{"cWhen":1.5300182175037282e9,"tag":"Eval","cAll":true}

{"cWhen":1.5300182175537093e9,"tag":"Eval","cAll":true}

{"cWhen":1.5300182176037216e9,"tag":"Eval","cAll":true}

{"cWhen":1.5300182176537006e9,"tag":"Eval","cAll":true}

{"cWhen":1.5300182177037282e9,"tag":"Eval","cAll":true}

{"cWhen":1.5300182177543879e9,"tag":"Eval","cAll":true}

{"cWhen":1.530018217804326e9,"tag":"Eval","cAll":true}

{"cWhen":1.5300182178536952e9,"tag":"Eval","cAll":true}

{"cWhen":1.5300182179037507e9,"tag":"Eval","cAll":true}

{"cWhen":1.5300182179536924e9,"tag":"Eval","cAll":true}

{"cWhen":1.5300182180036757e9,"tag":"Eval","cAll":true}

{"cWhen":1.5300182180536802e9,"tag":"Eval","cAll":true}

{"cWhen":1.5300182181037064e9,"tag":"Eval","cAll":true}

{"cWhen":1.5300182181536686e9,"tag":"Eval","cAll":true}

{"cWhen":1.5300182182037654e9,"tag":"Eval","cAll":true}

{"cWhen":1.5300182182536988e9,"tag":"Eval","cAll":true}

{"cWhen":1.5300182183039453e9,"tag":"Eval","cAll":true}

{"cWhen":1.5300182183536813e9,"tag":"Eval","cAll":true}

{"cWhen":1.530018218404086e9,"tag":"Eval","cAll":true}

{"cWhen":1.530018218453683e9,"tag":"Eval","cAll":true}

{"cWhen":1.5300182185038228e9,"tag":"Eval","cAll":true}

{"cWhen":1.5300182185537224e9,"tag":"Eval","cAll":true}

{"cWhen":1.530018218604738e9,"tag":"Eval","cAll":true}

{"cWhen":1.5300182186543767e9,"tag":"Eval","cAll":true}

{"cWhen":1.5300182187043598e9,"tag":"Eval","cAll":true}

{"cWhen":1.5300182187543535e9,"tag":"Eval","cAll":true}

{"cWhen":1.530018218803659e9,"tag":"Eval","cAll":true}

{"cWhen":1.5300182188537803e9,"tag":"Eval","cAll":true}

{"cWhen":1.5300182189036996e9,"tag":"Eval","cAll":true}

{"cWhen":1.530018218953699e9,"tag":"Eval","cAll":true}

{"cWhen":1.5300182190037029e9,"tag":"Eval","cAll":true}

{"cWhen":1.530018219054113e9,"tag":"Eval","cAll":true}

{"cWhen":1.530018219103701e9,"tag":"Eval","cAll":true}

{"cWhen":1.5300182191537316e9,"tag":"Eval","cAll":true}

{"cWhen":1.5300182192037215e9,"tag":"Eval","cAll":true}

{"cWhen":1.5300182192537217e9,"tag":"Eval","cAll":true}

{"cWhen":1.5300182193037295e9,"tag":"Eval","cAll":true}

{"cWhen":1.530018219353824e9,"tag":"Eval","cAll":true}

{"cWhen":1.530018219404111e9,"tag":"Eval","cAll":true}

{"cWhen":1.5300182194541194e9,"tag":"Eval","cAll":true}

{"cWhen":1.5300182195050597e9,"tag":"Eval","cAll":true}

{"cWhen":1.5300182195548685e9,"tag":"Eval","cAll":true}

{"cWhen":1.530018219603675e9,"tag":"Eval","cAll":true}

{"cWhen":1.5300182196537097e9,"tag":"Eval","cAll":true}

{"cWhen":1.5300182197040148e9,"tag":"Eval","cAll":true}

{"cWhen":1.5300182197536638e9,"tag":"Eval","cAll":true}

{"cWhen":1.5300182198036761e9,"tag":"Eval","cAll":true}

{"cWhen":1.5300182198537118e9,"tag":"Eval","cAll":true}

{"cWhen":1.5300182199036365e9,"tag":"Eval","cAll":true}

{"cWhen":1.5300182199536698e9,"tag":"Eval","cAll":true}

{"cWhen":1.5300182200036793e9,"tag":"Eval","cAll":true}

{"cWhen":1.5300182200536563e9,"tag":"Eval","cAll":true}

{"cWhen":1.5300182201036315e9,"tag":"Eval","cAll":true}

{"cWhen":1.5300182201537087e9,"tag":"Eval","cAll":true}

{"cWhen":1.530018220203657e9,"tag":"Eval","cAll":true}

{"cWhen":1.5300182202537076e9,"tag":"Eval","cAll":true}

{"cWhen":1.5300182203043842e9,"tag":"Eval","cAll":true}

{"cWhen":1.5300182203550105e9,"tag":"Eval","cAll":true}

{"cWhen":1.5300182204043837e9,"tag":"Eval","cAll":true}

{"cWhen":1.5300182204542952e9,"tag":"Eval","cAll":true}

{"cWhen":1.5300182205044992e9,"tag":"Eval","cAll":true}

{"cWhen":1.5300182205543313e9,"tag":"Eval","cAll":true}

{"cWhen":1.5300182206036553e9,"tag":"Eval","cAll":true}

{"cWhen":1.530018220654065e9,"tag":"Eval","cAll":true}

{"cWhen":1.5300182207036607e9,"tag":"Eval","cAll":true}

{"cWhen":1.530018220753648e9,"tag":"Eval","cAll":true}

{"cWhen":1.530018220803707e9,"tag":"Eval","cAll":true}

{"cWhen":1.5300182208536706e9,"tag":"Eval","cAll":true}

{"cWhen":1.5300182209036438e9,"tag":"Eval","cAll":true}

{"cWhen":1.5300182209536436e9,"tag":"Eval","cAll":true}

{"cWhen":1.5300182210036433e9,"tag":"Eval","cAll":true}

{"cWhen":1.5300182210536337e9,"tag":"Eval","cAll":true}

{"cWhen":1.5300182211036985e9,"tag":"Eval","cAll":true}

{"cWhen":1.5300182211536644e9,"tag":"Eval","cAll":true}

{"cWhen":1.5300182212036653e9,"tag":"Eval","cAll":true}

{"cWhen":1.5300182212536252e9,"tag":"Eval","cAll":true}

{"cWhen":1.5300182213043828e9,"tag":"Eval","cAll":true}

{"cWhen":1.5300182213542387e9,"tag":"Eval","cAll":true}

{"cWhen":1.5300182214042518e9,"tag":"Eval","cAll":true}

{"cWhen":1.5300182214543238e9,"tag":"Eval","cAll":true}

{"cWhen":1.5300182215043457e9,"tag":"Eval","cAll":true}

{"cWhen":1.5300182215543168e9,"tag":"Eval","cAll":true}

{"cWhen":1.5300182216042564e9,"tag":"Eval","cAll":true}

{"cWhen":1.530018221654906e9,"tag":"Eval","cAll":true}

{"cXWarp":2,"cNewPos":[0,2],"cWhen":1.5300182248313904e9,"tag":"Move"}

{"cXWarp":3,"cNewPos":[0,3],"cWhen":1.530018226615531e9,"tag":"Move"}

{"cXWarp":4,"cNewPos":[0,4],"cWhen":1.5300182275513659e9,"tag":"Move"}

{"cOrigin":"+input","cTo":[0,4],"cNewPos":[0,5],"cWhen":1.5300182288715773e9,"tag":"Change","cFrom":[0,4],"cText":[" "],"cRemoved":[""]}

{"cOrigin":"+input","cTo":[0,5],"cNewPos":[0,6],"cWhen":1.53001822943166e9,"tag":"Change","cFrom":[0,5],"cText":["l"],"cRemoved":[""]}

{"cOrigin":"+input","cTo":[0,6],"cNewPos":[0,7],"cWhen":1.5300182297675683e9,"tag":"Change","cFrom":[0,6],"cText":["o"],"cRemoved":[""]}

{"cOrigin":"+input","cTo":[0,7],"cNewPos":[0,8],"cWhen":1.5300182302315836e9,"tag":"Change","cFrom":[0,7],"cText":[" "],"cRemoved":[""]}

{"cWhen":1.5300182336893272e9,"tag":"Eval","cAll":true}

{"cWhen":1.53001823394455e9,"tag":"Eval","cAll":true}

{"cWhen":1.5300182339944737e9,"tag":"Eval","cAll":true}

{"cWhen":1.5300182340436978e9,"tag":"Eval","cAll":true}

{"cWhen":1.5300182340936499e9,"tag":"Eval","cAll":true}

{"cWhen":1.5300182341436524e9,"tag":"Eval","cAll":true}

{"cWhen":1.5300182341937046e9,"tag":"Eval","cAll":true}

{"cWhen":1.530018234243705e9,"tag":"Eval","cAll":true}

{"cWhen":1.5300182342936516e9,"tag":"Eval","cAll":true}

{"cWhen":1.530018234343703e9,"tag":"Eval","cAll":true}

{"cWhen":1.5300182343936555e9,"tag":"Eval","cAll":true}

{"cWhen":1.5300182344436657e9,"tag":"Eval","cAll":true}

{"cWhen":1.5300182344938974e9,"tag":"Eval","cAll":true}

{"cWhen":1.5300182345438988e9,"tag":"Eval","cAll":true}

{"cOrigin":"+delete","cTo":[0,8],"cNewPos":[0,7],"cWhen":1.5300182566152368e9,"tag":"Change","cFrom":[0,7],"cText":[""],"cRemoved":[" "]}

{"cOrigin":"+delete","cTo":[0,7],"cNewPos":[0,6],"cWhen":1.5300182568728588e9,"tag":"Change","cFrom":[0,6],"cText":[""],"cRemoved":["o"]}

{"cOrigin":"+delete","cTo":[0,6],"cNewPos":[0,5],"cWhen":1.5300182569228086e9,"tag":"Change","cFrom":[0,5],"cText":[""],"cRemoved":["l"]}

{"cOrigin":"+delete","cTo":[0,5],"cNewPos":[0,4],"cWhen":1.5300182569728146e9,"tag":"Change","cFrom":[0,4],"cText":[""],"cRemoved":[" "]}

{"cOrigin":"+delete","cTo":[0,4],"cNewPos":[0,3],"cWhen":1.530018257022812e9,"tag":"Change","cFrom":[0,3],"cText":[""],"cRemoved":["i"]}

{"cOrigin":"+delete","cTo":[0,3],"cNewPos":[0,2],"cWhen":1.5300182570728612e9,"tag":"Change","cFrom":[0,2],"cText":[""],"cRemoved":["h"]}

{"cOrigin":"+delete","cTo":[0,2],"cNewPos":[0,1],"cWhen":1.5300182571228292e9,"tag":"Change","cFrom":[0,1],"cText":[""],"cRemoved":["\""]}

{"cOrigin":"+delete","cTo":[0,1],"cNewPos":[0,0],"cWhen":1.5300182571728232e9,"tag":"Change","cFrom":[0,0],"cText":[""],"cRemoved":[" "]}
