{"cWhen":1530002747,"tag":"Eval","cAll":true}
{"cOrigin":"+input","cTo":[0,0],"cNewPos":[0,1],"cWhen":1.530002756635216e9,"tag":"Change","cFrom":[0,0],"cText":["!"],"cRemoved":[""]}

{"cOrigin":"+delete","cTo":[0,1],"cNewPos":[0,0],"cWhen":1.530002758282856e9,"tag":"Change","cFrom":[0,0],"cText":[""],"cRemoved":["!"]}

{"cOrigin":"+input","cTo":[0,0],"cNewPos":[0,1],"cWhen":1.530002760674762e9,"tag":"Change","cFrom":[0,0],"cText":["\""],"cRemoved":[""]}

{"cOrigin":"+input","cTo":[0,1],"cNewPos":[0,2],"cWhen":1.5300027640026689e9,"tag":"Change","cFrom":[0,1],"cText":["h"],"cRemoved":[""]}

{"cOrigin":"+input","cTo":[0,2],"cNewPos":[0,3],"cWhen":1.5300027649465764e9,"tag":"Change","cFrom":[0,2],"cText":["i"],"cRemoved":[""]}

{"cOrigin":"+input","cTo":[0,3],"cNewPos":[0,4],"cWhen":1.5300027675384145e9,"tag":"Change","cFrom":[0,3],"cText":["\""],"cRemoved":[""]}

{"cWhen":1.5300027712593298e9,"tag":"Eval","cAll":true}

{"cWhen":1.5300027738600533e9,"tag":"Eval","cAll":true}

{"cWhen":1.5300027738863573e9,"tag":"Eval","cAll":true}

{"cWhen":1.530002773913113e9,"tag":"Eval","cAll":true}

{"cWhen":1.5300027740431964e9,"tag":"Eval","cAll":true}

{"cWhen":1.5300027743786345e9,"tag":"Eval","cAll":true}

{"cWhen":1.530002774619534e9,"tag":"Eval","cAll":true}

{"cWhen":1.5300027748593888e9,"tag":"Eval","cAll":true}

{"cWhen":1.5300027751394236e9,"tag":"Eval","cAll":true}

{"cWhen":1.530002775347302e9,"tag":"Eval","cAll":true}

{"cWhen":1.5300027755551155e9,"tag":"Eval","cAll":true}

{"cOrigin":"+delete","cTo":[0,4],"cNewPos":[0,3],"cWhen":1.5300027822253294e9,"tag":"Change","cFrom":[0,3],"cText":[""],"cRemoved":["\""]}

{"cOrigin":"+input","cTo":[0,3],"cNewPos":[0,4],"cWhen":1.5300027837694747e9,"tag":"Change","cFrom":[0,3],"cText":[" "],"cRemoved":[""]}

{"cOrigin":"+input","cTo":[0,4],"cNewPos":[0,5],"cWhen":1.5300027904252448e9,"tag":"Change","cFrom":[0,4],"cText":["l"],"cRemoved":[""]}

{"cOrigin":"+input","cTo":[0,5],"cNewPos":[0,6],"cWhen":1.530002791217085e9,"tag":"Change","cFrom":[0,5],"cText":["o"],"cRemoved":[""]}

{"cXWarp":5,"cNewPos":[0,5],"cWhen":1.5300027928409457e9,"tag":"Move"}

{"cXWarp":4,"cNewPos":[0,4],"cWhen":1.5300027930409086e9,"tag":"Move"}

{"cXWarp":3,"cNewPos":[0,3],"cWhen":1.530002793240922e9,"tag":"Move"}

{"cOrigin":"+input","cTo":[0,3],"cNewPos":[0,4],"cWhen":1.530002795120838e9,"tag":"Change","cFrom":[0,3],"cText":["\""],"cRemoved":[""]}

{"cXWarp":5,"cNewPos":[0,5],"cWhen":1.5300027980886056e9,"tag":"Move"}

{"cXWarp":6,"cNewPos":[0,6],"cWhen":1.5300027985926843e9,"tag":"Move"}

{"cXWarp":7,"cNewPos":[0,7],"cWhen":1.53000279904068e9,"tag":"Move"}

{"cXWarp":7,"cNewPos":[0,7],"cWhen":1.530002799488644e9,"tag":"Move"}

{"cOrigin":"+input","cTo":[0,7],"cNewPos":[0,8],"cWhen":1.5300028015849113e9,"tag":"Change","cFrom":[0,7],"cText":["\""],"cRemoved":[""]}

{"cOrigin":"+input","cTo":[0,8],"cNewPos":[0,9],"cWhen":1.5300028151680336e9,"tag":"Change","cFrom":[0,8],"cText":["*"],"cRemoved":[""]}

{"cOrigin":"+input","cTo":[0,9],"cNewPos":[0,10],"cWhen":1.530002821047931e9,"tag":"Change","cFrom":[0,9],"cText":["3"],"cRemoved":[""]}

{"cOrigin":"+input","cTo":[0,10],"cNewPos":[0,11],"cWhen":1.5300028366313705e9,"tag":"Change","cFrom":[0,10],"cText":["\""],"cRemoved":[""]}

{"cXWarp":10,"cNewPos":[0,10],"cWhen":1.5300028404629602e9,"tag":"Move"}

{"cXWarp":9,"cNewPos":[0,9],"cWhen":1.5300028408632069e9,"tag":"Move"}

{"cXWarp":8,"cNewPos":[0,8],"cWhen":1.53000284135101e9,"tag":"Move"}

{"cXWarp":7,"cNewPos":[0,7],"cWhen":1.5300028418548405e9,"tag":"Move"}

{"cOrigin":"+delete","cTo":[0,7],"cNewPos":[0,6],"cWhen":1.530002843574838e9,"tag":"Change","cFrom":[0,6],"cText":[""],"cRemoved":["o"]}

{"cOrigin":"+input","cTo":[0,6],"cNewPos":[0,7],"cWhen":1.5300028468069093e9,"tag":"Change","cFrom":[0,6],"cText":["o"],"cRemoved":[""]}

{"cOrigin":"+delete","cTo":[0,8],"cNewPos":[0,7],"cWhen":1.5300028489267242e9,"tag":"Change","cFrom":[0,7],"cText":[""],"cRemoved":["\""]}

{"cXWarp":6,"cNewPos":[0,6],"cWhen":1.5300028531986089e9,"tag":"Move"}

{"cXWarp":5,"cNewPos":[0,5],"cWhen":1.5300028534145596e9,"tag":"Move"}

{"cXWarp":4,"cNewPos":[0,4],"cWhen":1.5300028536714811e9,"tag":"Move"}

{"cXWarp":3,"cNewPos":[0,3],"cWhen":1.530002853721507e9,"tag":"Move"}

{"cXWarp":2,"cNewPos":[0,2],"cWhen":1.5300028537714999e9,"tag":"Move"}

{"cXWarp":1,"cNewPos":[0,1],"cWhen":1.5300028538214836e9,"tag":"Move"}

{"cXWarp":0,"cNewPos":[0,0],"cWhen":1.5300028538714685e9,"tag":"Move"}

{"cXWarp":0,"cNewPos":[0,0],"cWhen":1.5300028539214795e9,"tag":"Move"}

{"cXWarp":1,"cNewPos":[0,1],"cWhen":1.5300028561984093e9,"tag":"Move"}

{"cXWarp":2,"cNewPos":[0,2],"cWhen":1.53000285664651e9,"tag":"Move"}

{"cXWarp":3,"cNewPos":[0,3],"cWhen":1.5300028571104865e9,"tag":"Move"}

{"cXWarp":4,"cNewPos":[0,4],"cWhen":1.53000285781447e9,"tag":"Move"}

{"cXWarp":3,"cNewPos":[0,3],"cWhen":1.5300028591583784e9,"tag":"Move"}

{"cOrigin":"+delete","cTo":[0,4],"cNewPos":[0,3],"cWhen":1.5300028621502843e9,"tag":"Change","cFrom":[0,3],"cText":[""],"cRemoved":["\""]}

{"cWhen":1.53000286619963e9,"tag":"Eval","cAll":true}

{"cXWarp":4,"cNewPos":[0,4],"cWhen":1.5300028783017623e9,"tag":"Move"}

{"cXWarp":5,"cNewPos":[0,5],"cWhen":1.5300028786937788e9,"tag":"Move"}

{"cXWarp":6,"cNewPos":[0,6],"cWhen":1.5300028790058668e9,"tag":"Move"}

{"cXWarp":7,"cNewPos":[0,7],"cWhen":1.5300028792697494e9,"tag":"Move"}

{"cXWarp":8,"cNewPos":[0,8],"cWhen":1.5300028796878085e9,"tag":"Move"}

{"cOrigin":"+input","cTo":[0,8],"cNewPos":[0,9],"cWhen":1.5300028814378965e9,"tag":"Change","cFrom":[0,8],"cText":[" "],"cRemoved":[""]}

{"cXWarp":10,"cNewPos":[0,10],"cWhen":1.530002884637604e9,"tag":"Move"}

{"cXWarp":10,"cNewPos":[0,10],"cWhen":1.530002885141624e9,"tag":"Move"}

{"cOrigin":"+input","cTo":[0,10],"cNewPos":[0,11],"cWhen":1.530002886789743e9,"tag":"Change","cFrom":[0,10],"cText":[" "],"cRemoved":[""]}

{"cOrigin":"+input","cTo":[0,11],"cNewPos":[0,12],"cWhen":1.5300028894296587e9,"tag":"Change","cFrom":[0,11],"cText":["l"],"cRemoved":[""]}

{"cOrigin":"+input","cTo":[0,12],"cNewPos":[0,13],"cWhen":1.530002889693652e9,"tag":"Change","cFrom":[0,12],"cText":["o"],"cRemoved":[""]}

{"cOrigin":"+input","cTo":[0,13],"cNewPos":[0,14],"cWhen":1.530002890205769e9,"tag":"Change","cFrom":[0,13],"cText":[" "],"cRemoved":[""]}

{"cOrigin":"+input","cTo":[0,14],"cNewPos":[0,15],"cWhen":1.5300028906536622e9,"tag":"Change","cFrom":[0,14],"cText":["l"],"cRemoved":[""]}

{"cOrigin":"+input","cTo":[0,15],"cNewPos":[0,16],"cWhen":1.5300028909977095e9,"tag":"Change","cFrom":[0,15],"cText":["o"],"cRemoved":[""]}

{"cOrigin":"+input","cTo":[0,16],"cNewPos":[0,17],"cWhen":1.5300028914775887e9,"tag":"Change","cFrom":[0,16],"cText":[" "],"cRemoved":[""]}

{"cOrigin":"+input","cTo":[0,17],"cNewPos":[0,18],"cWhen":1.5300028918696146e9,"tag":"Change","cFrom":[0,17],"cText":["l"],"cRemoved":[""]}

{"cOrigin":"+input","cTo":[0,18],"cNewPos":[0,19],"cWhen":1.530002892165784e9,"tag":"Change","cFrom":[0,18],"cText":["o"],"cRemoved":[""]}

{"cWhen":1.5300028948629365e9,"tag":"Eval","cAll":true}

{"cXWarp":19,"cNewPos":[0,19],"cWhen":1.530002910917077e9,"tag":"Move"}

{"cXWarp":19,"cNewPos":[0,19],"cWhen":1.530002911421154e9,"tag":"Move"}

{"cOrigin":"+delete","cTo":[0,19],"cNewPos":[0,18],"cWhen":1.530002914540854e9,"tag":"Change","cFrom":[0,18],"cText":[""],"cRemoved":["o"]}

{"cOrigin":"+delete","cTo":[0,18],"cNewPos":[0,17],"cWhen":1.5300029148449922e9,"tag":"Change","cFrom":[0,17],"cText":[""],"cRemoved":["l"]}

{"cOrigin":"+delete","cTo":[0,17],"cNewPos":[0,16],"cWhen":1.5300029150931525e9,"tag":"Change","cFrom":[0,16],"cText":[""],"cRemoved":[" "]}

{"cOrigin":"+delete","cTo":[0,16],"cNewPos":[0,15],"cWhen":1.5300029153088105e9,"tag":"Change","cFrom":[0,15],"cText":[""],"cRemoved":["o"]}

{"cOrigin":"+delete","cTo":[0,15],"cNewPos":[0,14],"cWhen":1.5300029156129403e9,"tag":"Change","cFrom":[0,14],"cText":[""],"cRemoved":["l"]}

{"cXWarp":14,"cNewPos":[0,14],"cWhen":1.5300029359646032e9,"tag":"Move"}

{"cXWarp":13,"cNewPos":[0,13],"cWhen":1.5300029363964581e9,"tag":"Move"}

{"cXWarp":12,"cNewPos":[0,12],"cWhen":1.5300029366525302e9,"tag":"Move"}

{"cXWarp":11,"cNewPos":[0,11],"cWhen":1.5300029369115376e9,"tag":"Move"}

{"cXWarp":10,"cNewPos":[0,10],"cWhen":1.5300029369614851e9,"tag":"Move"}

{"cXWarp":9,"cNewPos":[0,9],"cWhen":1.530002937011509e9,"tag":"Move"}

{"cXWarp":8,"cNewPos":[0,8],"cWhen":1.5300029370614538e9,"tag":"Move"}

{"cXWarp":7,"cNewPos":[0,7],"cWhen":1.5300029371485374e9,"tag":"Move"}

{"cXWarp":6,"cNewPos":[0,6],"cWhen":1.5300029374926007e9,"tag":"Move"}

{"cXWarp":5,"cNewPos":[0,5],"cWhen":1.530002937748519e9,"tag":"Move"}

{"cXWarp":4,"cNewPos":[0,4],"cWhen":1.5300029380046031e9,"tag":"Move"}

{"cXWarp":3,"cNewPos":[0,3],"cWhen":1.530002938236447e9,"tag":"Move"}

{"cXWarp":2,"cNewPos":[0,2],"cWhen":1.5300029384604344e9,"tag":"Move"}

{"cXWarp":1,"cNewPos":[0,1],"cWhen":1.5300029386764233e9,"tag":"Move"}

{"cXWarp":0,"cNewPos":[0,0],"cWhen":1.530002938916553e9,"tag":"Move"}

{"cXWarp":0,"cNewPos":[0,0],"cWhen":1.5300029391484318e9,"tag":"Move"}

{"cXWarp":0,"cNewPos":[0,0],"cWhen":1.5300029396364636e9,"tag":"Move"}

{"cXWarp":1,"cNewPos":[0,1],"cWhen":1.5300029411563754e9,"tag":"Move"}

{"cXWarp":2,"cNewPos":[0,2],"cWhen":1.5300029416524298e9,"tag":"Move"}

{"cXWarp":3,"cNewPos":[0,3],"cWhen":1.5300029419114676e9,"tag":"Move"}

{"cXWarp":4,"cNewPos":[0,4],"cWhen":1.530002941961458e9,"tag":"Move"}

{"cXWarp":5,"cNewPos":[0,5],"cWhen":1.5300029420115027e9,"tag":"Move"}

{"cXWarp":6,"cNewPos":[0,6],"cWhen":1.5300029420614846e9,"tag":"Move"}

{"cXWarp":7,"cNewPos":[0,7],"cWhen":1.5300029422451565e9,"tag":"Move"}

{"cXWarp":8,"cNewPos":[0,8],"cWhen":1.5300029425003755e9,"tag":"Move"}

{"cOrigin":"+input","cTo":[0,8],"cNewPos":[1,0],"cWhen":1.5300029456446092e9,"tag":"Change","cFrom":[0,8],"cText":["",""],"cRemoved":[""]}

{"cOrigin":"+input","cTo":[1,0],"cNewPos":[2,0],"cWhen":1.5300029460133367e9,"tag":"Change","cFrom":[1,0],"cText":["",""],"cRemoved":[""]}

{"cXWarp":1,"cNewPos":[2,1],"cWhen":1.5300029508043654e9,"tag":"Move"}

{"cXWarp":2,"cNewPos":[2,2],"cWhen":1.5300029516042955e9,"tag":"Move"}

{"cXWarp":3,"cNewPos":[2,3],"cWhen":1.5300029520362113e9,"tag":"Move"}

{"cXWarp":4,"cNewPos":[2,4],"cWhen":1.5300029525658367e9,"tag":"Move"}

{"cOrigin":"+input","cTo":[2,4],"cNewPos":[2,5],"cWhen":1.5300029549322746e9,"tag":"Change","cFrom":[2,4],"cText":["£"],"cRemoved":[""]}

{"cOrigin":"+input","cTo":[2,5],"cNewPos":[2,6],"cWhen":1.5300029549403436e9,"tag":"Change","cFrom":[2,5],"cText":["\""],"cRemoved":[""]}

{"cOrigin":"+delete","cTo":[2,6],"cNewPos":[2,5],"cWhen":1.5300029570601988e9,"tag":"Change","cFrom":[2,5],"cText":[""],"cRemoved":["\""]}

{"cOrigin":"+delete","cTo":[2,5],"cNewPos":[2,4],"cWhen":1.5300029573242311e9,"tag":"Change","cFrom":[2,4],"cText":[""],"cRemoved":["£"]}

{"cOrigin":"+delete","cTo":[2,4],"cNewPos":[2,3],"cWhen":1.5300029575722368e9,"tag":"Change","cFrom":[2,3],"cText":[""],"cRemoved":["l"]}

{"cOrigin":"+delete","cTo":[2,3],"cNewPos":[2,2],"cWhen":1.530002957916284e9,"tag":"Change","cFrom":[2,2],"cText":[""],"cRemoved":[" "]}

{"cOrigin":"+delete","cTo":[2,2],"cNewPos":[2,1],"cWhen":1.530002958300074e9,"tag":"Change","cFrom":[2,1],"cText":[""],"cRemoved":["\""]}

{"cOrigin":"+delete","cTo":[2,1],"cNewPos":[2,0],"cWhen":1.5300029585000613e9,"tag":"Change","cFrom":[2,0],"cText":[""],"cRemoved":[" "]}

{"cOrigin":"+delete","cTo":[2,1],"cNewPos":[2,0],"cWhen":1.5300029598601072e9,"tag":"Change","cFrom":[2,0],"cText":[""],"cRemoved":["o"]}

{"cXWarp":0,"cNewPos":[1,0],"cWhen":1.5300029634439902e9,"tag":"Move"}

{"cXWarp":0,"cNewPos":[0,0],"cWhen":1.5300029638200045e9,"tag":"Move"}

{"cXWarp":0,"cNewPos":[0,0],"cWhen":1.5300029641800866e9,"tag":"Move"}

{"cXWarp":1,"cNewPos":[0,1],"cWhen":1.5300029889238465e9,"tag":"Move"}

{"cXWarp":2,"cNewPos":[0,2],"cWhen":1.5300029891877604e9,"tag":"Move"}

{"cXWarp":3,"cNewPos":[0,3],"cWhen":1.5300029894997017e9,"tag":"Move"}

{"cXWarp":4,"cNewPos":[0,4],"cWhen":1.5300029897316983e9,"tag":"Move"}

{"cXWarp":5,"cNewPos":[0,5],"cWhen":1.5300029899718447e9,"tag":"Move"}

{"cXWarp":6,"cNewPos":[0,6],"cWhen":1.5300029901638224e9,"tag":"Move"}

{"cXWarp":7,"cNewPos":[0,7],"cWhen":1.5300029903717377e9,"tag":"Move"}

{"cXWarp":8,"cNewPos":[0,8],"cWhen":1.5300029906437204e9,"tag":"Move"}

{"cOrigin":"+input","cTo":[0,8],"cNewPos":[0,9],"cWhen":1.5300029937636955e9,"tag":"Change","cFrom":[0,8],"cText":["\""],"cRemoved":[""]}

{"cOrigin":"+input","cTo":[0,9],"cNewPos":[1,0],"cWhen":1.530002998915761e9,"tag":"Change","cFrom":[0,9],"cText":["",""],"cRemoved":[""]}

{"cOrigin":"+input","cTo":[1,0],"cNewPos":[2,0],"cWhen":1.5300029991716585e9,"tag":"Change","cFrom":[1,0],"cText":["",""],"cRemoved":[""]}

{"cOrigin":"+input","cTo":[2,0],"cNewPos":[3,0],"cWhen":1.5300029992216763e9,"tag":"Change","cFrom":[2,0],"cText":["",""],"cRemoved":[""]}

{"cOrigin":"+input","cTo":[3,0],"cNewPos":[4,0],"cWhen":1.5300029992716506e9,"tag":"Change","cFrom":[3,0],"cText":["",""],"cRemoved":[""]}

{"cOrigin":"+input","cTo":[4,0],"cNewPos":[5,0],"cWhen":1.5300029993216605e9,"tag":"Change","cFrom":[4,0],"cText":["",""],"cRemoved":[""]}

{"cOrigin":"+input","cTo":[5,0],"cNewPos":[6,0],"cWhen":1.5300029993716354e9,"tag":"Change","cFrom":[5,0],"cText":["",""],"cRemoved":[""]}

{"cOrigin":"+input","cTo":[6,0],"cNewPos":[7,0],"cWhen":1.530002999421678e9,"tag":"Change","cFrom":[6,0],"cText":["",""],"cRemoved":[""]}

{"cOrigin":"+input","cTo":[7,0],"cNewPos":[8,0],"cWhen":1.5300029994716337e9,"tag":"Change","cFrom":[7,0],"cText":["",""],"cRemoved":[""]}

{"cXWarp":0,"cNewPos":[7,0],"cWhen":1.5300030028994656e9,"tag":"Move"}

{"cXWarp":0,"cNewPos":[6,0],"cWhen":1.5300030032194629e9,"tag":"Move"}

{"cXWarp":0,"cNewPos":[5,0],"cWhen":1.5300030034515338e9,"tag":"Move"}

{"cXWarp":0,"cNewPos":[4,0],"cWhen":1.5300030036916535e9,"tag":"Move"}

{"cXWarp":0,"cNewPos":[3,0],"cWhen":1.5300030038435235e9,"tag":"Move"}

{"cXWarp":0,"cNewPos":[2,0],"cWhen":1.5300030042353926e9,"tag":"Move"}

{"cWhen":1.5300030096486127e9,"tag":"Eval","cAll":true}

{"cXWarp":0,"cNewPos":[1,0],"cWhen":1.5300030130114248e9,"tag":"Move"}

{"cXWarp":0,"cNewPos":[0,0],"cWhen":1.5300030131873717e9,"tag":"Move"}

{"cOrigin":"+input","cTo":[0,0],"cNewPos":[0,1],"cWhen":1.5300030167554607e9,"tag":"Change","cFrom":[0,0],"cText":["c"],"cRemoved":[""]}

{"cOrigin":"+input","cTo":[0,1],"cNewPos":[0,2],"cWhen":1.5300030190915709e9,"tag":"Change","cFrom":[0,1],"cText":["r"],"cRemoved":[""]}

{"cOrigin":"+input","cTo":[0,2],"cNewPos":[0,3],"cWhen":1.5300030205314286e9,"tag":"Change","cFrom":[0,2],"cText":["u"],"cRemoved":[""]}

{"cOrigin":"+input","cTo":[0,3],"cNewPos":[0,4],"cWhen":1.5300030226113367e9,"tag":"Change","cFrom":[0,3],"cText":["n"],"cRemoved":[""]}

{"cOrigin":"+input","cTo":[0,4],"cNewPos":[0,5],"cWhen":1.5300030241552496e9,"tag":"Change","cFrom":[0,4],"cText":["c"],"cRemoved":[""]}

{"cOrigin":"+input","cTo":[0,5],"cNewPos":[0,6],"cWhen":1.5300030258673258e9,"tag":"Change","cFrom":[0,5],"cText":["h"],"cRemoved":[""]}

{"cWhen":1.5300030288801336e9,"tag":"Eval","cAll":true}

{"cXWarp":7,"cNewPos":[0,7],"cWhen":1.5300030408677318e9,"tag":"Move"}

{"cXWarp":8,"cNewPos":[0,8],"cWhen":1.5300030411215017e9,"tag":"Move"}

{"cXWarp":9,"cNewPos":[0,9],"cWhen":1.5300030411714406e9,"tag":"Move"}

{"cXWarp":10,"cNewPos":[0,10],"cWhen":1.5300030413390112e9,"tag":"Move"}

{"cXWarp":11,"cNewPos":[0,11],"cWhen":1.5300030415550182e9,"tag":"Move"}

{"cXWarp":12,"cNewPos":[0,12],"cWhen":1.530003041930908e9,"tag":"Move"}

{"cXWarp":13,"cNewPos":[0,13],"cWhen":1.5300030423549166e9,"tag":"Move"}

{"cXWarp":14,"cNewPos":[0,14],"cWhen":1.530003042570902e9,"tag":"Move"}

{"cOrigin":"+input","cTo":[0,14],"cNewPos":[0,15],"cWhen":1.530003043803259e9,"tag":"Change","cFrom":[0,14],"cText":[" "],"cRemoved":[""]}

{"cOrigin":"+input","cTo":[0,15],"cNewPos":[0,16],"cWhen":1.5300030446431167e9,"tag":"Change","cFrom":[0,15],"cText":[" "],"cRemoved":[""]}

{"cXWarp":15,"cNewPos":[0,15],"cWhen":1.530003046554839e9,"tag":"Move"}

{"cXWarp":14,"cNewPos":[0,14],"cWhen":1.5300030469948246e9,"tag":"Move"}

{"cXWarp":15,"cNewPos":[0,15],"cWhen":1.5300030478668382e9,"tag":"Move"}

{"cXWarp":16,"cNewPos":[0,16],"cWhen":1.5300030481389318e9,"tag":"Move"}

{"cOrigin":"+delete","cTo":[0,17],"cNewPos":[0,16],"cWhen":1.530003052324396e9,"tag":"Change","cFrom":[0,16],"cText":[""],"cRemoved":["\""]}

{"cXWarp":15,"cNewPos":[0,15],"cWhen":1.5300030541948347e9,"tag":"Move"}

{"cXWarp":14,"cNewPos":[0,14],"cWhen":1.530003054506715e9,"tag":"Move"}

{"cOrigin":"+input","cTo":[0,14],"cNewPos":[0,15],"cWhen":1.5300030583707907e9,"tag":"Change","cFrom":[0,14],"cText":["\""],"cRemoved":[""]}

{"cOrigin":"+input","cTo":[0,15],"cNewPos":[0,16],"cWhen":1.5300030607628443e9,"tag":"Change","cFrom":[0,15],"cText":[" "],"cRemoved":[""]}

{"cOrigin":"+input","cTo":[0,16],"cNewPos":[0,17],"cWhen":1.5300030614508712e9,"tag":"Change","cFrom":[0,16],"cText":[" "],"cRemoved":[""]}

{"cOrigin":"+input","cTo":[0,17],"cNewPos":[0,18],"cWhen":1.5300030642428062e9,"tag":"Change","cFrom":[0,17],"cText":["l"],"cRemoved":[""]}

{"cOrigin":"+input","cTo":[0,18],"cNewPos":[0,19],"cWhen":1.5300030650029414e9,"tag":"Change","cFrom":[0,18],"cText":["o"],"cRemoved":[""]}

{"cOrigin":"+input","cTo":[0,19],"cNewPos":[0,20],"cWhen":1.5300030654188888e9,"tag":"Change","cFrom":[0,19],"cText":["l"],"cRemoved":[""]}

{"cOrigin":"+input","cTo":[0,20],"cNewPos":[0,21],"cWhen":1.5300030657068298e9,"tag":"Change","cFrom":[0,20],"cText":["o"],"cRemoved":[""]}

{"cOrigin":"+input","cTo":[0,21],"cNewPos":[0,22],"cWhen":1.5300030660828726e9,"tag":"Change","cFrom":[0,21],"cText":["l"],"cRemoved":[""]}

{"cOrigin":"+input","cTo":[0,22],"cNewPos":[0,23],"cWhen":1.5300030673228176e9,"tag":"Change","cFrom":[0,22],"cText":["o"],"cRemoved":[""]}

{"cWhen":1.5300030698797722e9,"tag":"Eval","cAll":true}

{"cOrigin":"+delete","cTo":[0,23],"cNewPos":[0,22],"cWhen":1.5300030730185125e9,"tag":"Change","cFrom":[0,22],"cText":[""],"cRemoved":["o"]}

{"cOrigin":"+delete","cTo":[0,22],"cNewPos":[0,21],"cWhen":1.530003073210614e9,"tag":"Change","cFrom":[0,21],"cText":[""],"cRemoved":["l"]}

{"cOrigin":"+delete","cTo":[0,21],"cNewPos":[0,20],"cWhen":1.5300030735225945e9,"tag":"Change","cFrom":[0,20],"cText":[""],"cRemoved":["o"]}

{"cOrigin":"+delete","cTo":[0,20],"cNewPos":[0,19],"cWhen":1.5300030737625966e9,"tag":"Change","cFrom":[0,19],"cText":[""],"cRemoved":["l"]}

{"cOrigin":"+delete","cTo":[0,19],"cNewPos":[0,18],"cWhen":1.5300030739785938e9,"tag":"Change","cFrom":[0,18],"cText":[""],"cRemoved":["o"]}

{"cOrigin":"+delete","cTo":[0,18],"cNewPos":[0,17],"cWhen":1.5300030741946242e9,"tag":"Change","cFrom":[0,17],"cText":[""],"cRemoved":["l"]}

{"cOrigin":"+delete","cTo":[0,17],"cNewPos":[0,16],"cWhen":1.530003074458611e9,"tag":"Change","cFrom":[0,16],"cText":[""],"cRemoved":[" "]}

{"cOrigin":"+delete","cTo":[0,16],"cNewPos":[0,15],"cWhen":1.5300030749944322e9,"tag":"Change","cFrom":[0,15],"cText":[""],"cRemoved":[" "]}

{"cOrigin":"+delete","cTo":[0,15],"cNewPos":[0,14],"cWhen":1.5300030755496564e9,"tag":"Change","cFrom":[0,14],"cText":[""],"cRemoved":["\""]}

{"cOrigin":"+input","cTo":[0,14],"cNewPos":[0,15],"cWhen":1.5300030784827213e9,"tag":"Change","cFrom":[0,14],"cText":["\""],"cRemoved":[""]}

{"cOrigin":"+input","cTo":[0,15],"cNewPos":[1,0],"cWhen":1.5300030898584986e9,"tag":"Change","cFrom":[0,15],"cText":["",""],"cRemoved":[""]}

{"cOrigin":"+input","cTo":[1,0],"cNewPos":[2,0],"cWhen":1.5300030907306232e9,"tag":"Change","cFrom":[1,0],"cText":["",""],"cRemoved":[""]}

{"cOrigin":"+input","cTo":[2,0],"cNewPos":[2,1],"cWhen":1.5300030960585315e9,"tag":"Change","cFrom":[2,0],"cText":["\""],"cRemoved":[""]}

{"cOrigin":"+input","cTo":[2,1],"cNewPos":[2,2],"cWhen":1.530003098218532e9,"tag":"Change","cFrom":[2,1],"cText":["l"],"cRemoved":[""]}

{"cOrigin":"+input","cTo":[2,2],"cNewPos":[2,3],"cWhen":1.5300030986105263e9,"tag":"Change","cFrom":[2,2],"cText":["o"],"cRemoved":[""]}

{"cOrigin":"+input","cTo":[2,3],"cNewPos":[2,4],"cWhen":1.530003103482356e9,"tag":"Change","cFrom":[2,3],"cText":["\""],"cRemoved":[""]}

{"cWhen":1.5300031075765293e9,"tag":"Eval","cAll":true}

{"cOrigin":"+input","cTo":[2,4],"cNewPos":[2,5],"cWhen":1.5300031153149898e9,"tag":"Change","cFrom":[2,4],"cText":[" "],"cRemoved":[""]}

{"cOrigin":"+input","cTo":[2,5],"cNewPos":[2,6],"cWhen":1.530003119051493e9,"tag":"Change","cFrom":[2,5],"cText":["l"],"cRemoved":[""]}

{"cOrigin":"+input","cTo":[2,6],"cNewPos":[2,7],"cWhen":1.5300031193016717e9,"tag":"Change","cFrom":[2,6],"cText":["l"],"cRemoved":[""]}

{"cOrigin":"+input","cTo":[2,7],"cNewPos":[2,8],"cWhen":1.5300031193516805e9,"tag":"Change","cFrom":[2,7],"cText":["l"],"cRemoved":[""]}

{"cOrigin":"+input","cTo":[2,8],"cNewPos":[2,9],"cWhen":1.530003119401711e9,"tag":"Change","cFrom":[2,8],"cText":["l"],"cRemoved":[""]}

{"cOrigin":"+input","cTo":[2,9],"cNewPos":[2,10],"cWhen":1.5300031194516826e9,"tag":"Change","cFrom":[2,9],"cText":["l"],"cRemoved":[""]}

{"cOrigin":"+input","cTo":[2,10],"cNewPos":[2,11],"cWhen":1.530003119501664e9,"tag":"Change","cFrom":[2,10],"cText":["l"],"cRemoved":[""]}

{"cOrigin":"+input","cTo":[2,11],"cNewPos":[2,12],"cWhen":1.530003119551668e9,"tag":"Change","cFrom":[2,11],"cText":["l"],"cRemoved":[""]}

{"cOrigin":"+input","cTo":[2,12],"cNewPos":[2,13],"cWhen":1.530003119601665e9,"tag":"Change","cFrom":[2,12],"cText":["l"],"cRemoved":[""]}

{"cOrigin":"+input","cTo":[2,13],"cNewPos":[2,14],"cWhen":1.5300031196516528e9,"tag":"Change","cFrom":[2,13],"cText":["l"],"cRemoved":[""]}

{"cOrigin":"+input","cTo":[2,14],"cNewPos":[2,15],"cWhen":1.5300031197016754e9,"tag":"Change","cFrom":[2,14],"cText":["l"],"cRemoved":[""]}

{"cOrigin":"+input","cTo":[2,15],"cNewPos":[2,16],"cWhen":1.5300031197517028e9,"tag":"Change","cFrom":[2,15],"cText":["l"],"cRemoved":[""]}

{"cOrigin":"+input","cTo":[2,16],"cNewPos":[2,17],"cWhen":1.530003119801678e9,"tag":"Change","cFrom":[2,16],"cText":["l"],"cRemoved":[""]}

{"cOrigin":"+input","cTo":[2,17],"cNewPos":[2,18],"cWhen":1.530003119851658e9,"tag":"Change","cFrom":[2,17],"cText":["l"],"cRemoved":[""]}

{"cOrigin":"+delete","cTo":[2,18],"cNewPos":[2,17],"cWhen":1.5300031220275924e9,"tag":"Change","cFrom":[2,17],"cText":[""],"cRemoved":["l"]}

{"cOrigin":"+delete","cTo":[2,17],"cNewPos":[2,16],"cWhen":1.5300031222756326e9,"tag":"Change","cFrom":[2,16],"cText":[""],"cRemoved":["l"]}

{"cOrigin":"+delete","cTo":[2,16],"cNewPos":[2,15],"cWhen":1.5300031224756422e9,"tag":"Change","cFrom":[2,15],"cText":[""],"cRemoved":["l"]}

{"cOrigin":"+delete","cTo":[2,15],"cNewPos":[2,14],"cWhen":1.5300031228596141e9,"tag":"Change","cFrom":[2,14],"cText":[""],"cRemoved":["l"]}

{"cOrigin":"+delete","cTo":[2,14],"cNewPos":[2,13],"cWhen":1.530003123099606e9,"tag":"Change","cFrom":[2,13],"cText":[""],"cRemoved":["l"]}

{"cOrigin":"+delete","cTo":[2,13],"cNewPos":[2,12],"cWhen":1.53000312333266e9,"tag":"Change","cFrom":[2,12],"cText":[""],"cRemoved":["l"]}

{"cOrigin":"+delete","cTo":[2,12],"cNewPos":[2,11],"cWhen":1.5300031235570996e9,"tag":"Change","cFrom":[2,11],"cText":[""],"cRemoved":["l"]}

{"cOrigin":"+delete","cTo":[2,11],"cNewPos":[2,10],"cWhen":1.5300031237907495e9,"tag":"Change","cFrom":[2,10],"cText":[""],"cRemoved":["l"]}

{"cOrigin":"+delete","cTo":[2,10],"cNewPos":[2,9],"cWhen":1.53000312399576e9,"tag":"Change","cFrom":[2,9],"cText":[""],"cRemoved":["l"]}

{"cOrigin":"+delete","cTo":[2,9],"cNewPos":[2,8],"cWhen":1.530003124243878e9,"tag":"Change","cFrom":[2,8],"cText":[""],"cRemoved":["l"]}

{"cOrigin":"+delete","cTo":[2,8],"cNewPos":[2,7],"cWhen":1.5300031245959287e9,"tag":"Change","cFrom":[2,7],"cText":[""],"cRemoved":["l"]}

{"cOrigin":"+delete","cTo":[2,7],"cNewPos":[2,6],"cWhen":1.5300031251078758e9,"tag":"Change","cFrom":[2,6],"cText":[""],"cRemoved":["l"]}

{"cOrigin":"+input","cTo":[2,6],"cNewPos":[2,7],"cWhen":1.5300031265723944e9,"tag":"Change","cFrom":[2,6],"cText":["o"],"cRemoved":[""]}

{"cOrigin":"+input","cTo":[2,7],"cNewPos":[2,8],"cWhen":1.5300031274204865e9,"tag":"Change","cFrom":[2,7],"cText":[" "],"cRemoved":[""]}

{"cOrigin":"+input","cTo":[2,8],"cNewPos":[2,9],"cWhen":1.5300031289485962e9,"tag":"Change","cFrom":[2,8],"cText":["l"],"cRemoved":[""]}

{"cOrigin":"+input","cTo":[2,9],"cNewPos":[2,10],"cWhen":1.5300031293407307e9,"tag":"Change","cFrom":[2,9],"cText":["o"],"cRemoved":[""]}

{"cOrigin":"+input","cTo":[2,10],"cNewPos":[2,11],"cWhen":1.530003129884842e9,"tag":"Change","cFrom":[2,10],"cText":[" "],"cRemoved":[""]}

{"cWhen":1.530003133172185e9,"tag":"Eval","cAll":true}

{"cOrigin":"+input","cTo":[2,11],"cNewPos":[2,12],"cWhen":1.530003138437892e9,"tag":"Change","cFrom":[2,11],"cText":["\""],"cRemoved":[""]}

{"cWhen":1.5300031414673855e9,"tag":"Eval","cAll":true}

{"cXWarp":13,"cNewPos":[2,13],"cWhen":1.5300031500393822e9,"tag":"Move"}

{"cXWarp":14,"cNewPos":[2,14],"cWhen":1.5300031514715977e9,"tag":"Move"}

{"cXWarp":14,"cNewPos":[2,14],"cWhen":1.5300031518957314e9,"tag":"Move"}

{"cXWarp":13,"cNewPos":[2,13],"cWhen":1.5300031527038634e9,"tag":"Move"}

{"cXWarp":12,"cNewPos":[2,12],"cWhen":1.5300031529278533e9,"tag":"Move"}

{"cXWarp":11,"cNewPos":[2,11],"cWhen":1.53000315314391e9,"tag":"Move"}

{"cOrigin":"+delete","cTo":[2,12],"cNewPos":[2,11],"cWhen":1.5300031569201405e9,"tag":"Change","cFrom":[2,11],"cText":[""],"cRemoved":["\""]}

{"cXWarp":10,"cNewPos":[2,10],"cWhen":1.5300031584245396e9,"tag":"Move"}

{"cXWarp":9,"cNewPos":[2,9],"cWhen":1.5300031588566852e9,"tag":"Move"}

{"cXWarp":10,"cNewPos":[2,10],"cWhen":1.5300031603929188e9,"tag":"Move"}

{"cOrigin":"+input","cTo":[2,10],"cNewPos":[2,11],"cWhen":1.5300031636893618e9,"tag":"Change","cFrom":[2,10],"cText":["\""],"cRemoved":[""]}

{"cWhen":1.530003166166788e9,"tag":"Eval","cAll":true}

{"cWhen":1.530003167871573e9,"tag":"Eval","cAll":true}

{"cWhen":1.5300031680930033e9,"tag":"Eval","cAll":true}

{"cWhen":1.5300031682848487e9,"tag":"Eval","cAll":true}

{"cWhen":1.530003168460835e9,"tag":"Eval","cAll":true}

{"cWhen":1.530003168629082e9,"tag":"Eval","cAll":true}

{"cXWarp":10,"cNewPos":[2,10],"cWhen":1.5300031883652322e9,"tag":"Move"}

{"cXWarp":9,"cNewPos":[2,9],"cWhen":1.5300031887803404e9,"tag":"Move"}

{"cXWarp":8,"cNewPos":[2,8],"cWhen":1.530003189100487e9,"tag":"Move"}

{"cXWarp":7,"cNewPos":[2,7],"cWhen":1.5300031895324712e9,"tag":"Move"}

{"cXWarp":6,"cNewPos":[2,6],"cWhen":1.5300031903646326e9,"tag":"Move"}

{"cXWarp":5,"cNewPos":[2,5],"cWhen":1.530003195325077e9,"tag":"Move"}

{"cXWarp":4,"cNewPos":[2,4],"cWhen":1.5300031956690996e9,"tag":"Move"}

{"cXWarp":3,"cNewPos":[2,3],"cWhen":1.5300031960711923e9,"tag":"Move"}

{"cXWarp":4,"cNewPos":[2,4],"cWhen":1.5300031970134242e9,"tag":"Move"}

{"cXWarp":3,"cNewPos":[2,3],"cWhen":1.5300031986694908e9,"tag":"Move"}

{"cOrigin":"+delete","cTo":[2,3],"cNewPos":[2,2],"cWhen":1.5300032006136513e9,"tag":"Change","cFrom":[2,2],"cText":[""],"cRemoved":["o"]}

{"cOrigin":"+delete","cTo":[2,3],"cNewPos":[2,2],"cWhen":1.5300032030139585e9,"tag":"Change","cFrom":[2,2],"cText":[""],"cRemoved":["\""]}

{"cOrigin":"+input","cTo":[2,2],"cNewPos":[2,3],"cWhen":1.530003203502177e9,"tag":"Change","cFrom":[2,2],"cText":["o"],"cRemoved":[""]}

{"cWhen":1.5300032082440934e9,"tag":"Eval","cAll":true}

{"cXWarp":2,"cNewPos":[2,2],"cWhen":1.5300032240790086e9,"tag":"Move"}

{"cXWarp":1,"cNewPos":[2,1],"cWhen":1.530003224352197e9,"tag":"Move"}

{"cXWarp":0,"cNewPos":[2,0],"cWhen":1.5300032247282927e9,"tag":"Move"}

{"cXWarp":0,"cNewPos":[2,0],"cWhen":1.5300032252162602e9,"tag":"Move"}

{"cOrigin":"+input","cTo":[2,0],"cNewPos":[2,1],"cWhen":1.530003227416587e9,"tag":"Change","cFrom":[2,0],"cText":[" "],"cRemoved":[""]}

{"cXWarp":0,"cNewPos":[2,0],"cWhen":1.5300032294727182e9,"tag":"Move"}

{"cXWarp":0,"cNewPos":[2,0],"cWhen":1.530003229792785e9,"tag":"Move"}

{"cXWarp":0,"cNewPos":[2,0],"cWhen":1.5300032300967288e9,"tag":"Move"}

{"cOrigin":"+input","cTo":[2,0],"cNewPos":[2,1],"cWhen":1.5300032317817912e9,"tag":"Change","cFrom":[2,0],"cText":["f"],"cRemoved":[""]}

{"cOrigin":"+input","cTo":[2,1],"cNewPos":[2,2],"cWhen":1.530003232953177e9,"tag":"Change","cFrom":[2,1],"cText":["a"],"cRemoved":[""]}

{"cOrigin":"+input","cTo":[2,2],"cNewPos":[2,3],"cWhen":1.5300032339693747e9,"tag":"Change","cFrom":[2,2],"cText":["s"],"cRemoved":[""]}

{"cOrigin":"+input","cTo":[2,3],"cNewPos":[2,4],"cWhen":1.5300032347533538e9,"tag":"Change","cFrom":[2,3],"cText":["t"],"cRemoved":[""]}

{"cOrigin":"+input","cTo":[2,4],"cNewPos":[2,5],"cWhen":1.5300032353294883e9,"tag":"Change","cFrom":[2,4],"cText":["e"],"cRemoved":[""]}

{"cOrigin":"+input","cTo":[2,5],"cNewPos":[2,6],"cWhen":1.530003235585449e9,"tag":"Change","cFrom":[2,5],"cText":["r"],"cRemoved":[""]}

{"cWhen":1.5300032401357412e9,"tag":"Eval","cAll":true}

{"cXWarp":7,"cNewPos":[2,7],"cWhen":1.530003254218975e9,"tag":"Move"}

{"cXWarp":8,"cNewPos":[2,8],"cWhen":1.5300032544670923e9,"tag":"Move"}

{"cXWarp":9,"cNewPos":[2,9],"cWhen":1.5300032546670184e9,"tag":"Move"}

{"cXWarp":10,"cNewPos":[2,10],"cWhen":1.530003254875016e9,"tag":"Move"}

{"cXWarp":11,"cNewPos":[2,11],"cWhen":1.5300032551072009e9,"tag":"Move"}

{"cXWarp":12,"cNewPos":[2,12],"cWhen":1.5300032554671042e9,"tag":"Move"}

{"cXWarp":13,"cNewPos":[2,13],"cWhen":1.530003255683277e9,"tag":"Move"}

{"cXWarp":14,"cNewPos":[2,14],"cWhen":1.530003255931222e9,"tag":"Move"}

{"cXWarp":15,"cNewPos":[2,15],"cWhen":1.5300032561645362e9,"tag":"Move"}

{"cXWarp":16,"cNewPos":[2,16],"cWhen":1.5300032564272776e9,"tag":"Move"}

{"cXWarp":17,"cNewPos":[2,17],"cWhen":1.530003256803232e9,"tag":"Move"}

{"cOrigin":"+input","cTo":[2,17],"cNewPos":[2,18],"cWhen":1.5300032577636151e9,"tag":"Change","cFrom":[2,17],"cText":[" "],"cRemoved":[""]}

{"cOrigin":"+input","cTo":[2,18],"cNewPos":[2,19],"cWhen":1.5300032594675772e9,"tag":"Change","cFrom":[2,18],"cText":["l"],"cRemoved":[""]}

{"cOrigin":"+input","cTo":[2,19],"cNewPos":[2,20],"cWhen":1.5300032597217796e9,"tag":"Change","cFrom":[2,19],"cText":["l"],"cRemoved":[""]}

{"cOrigin":"+input","cTo":[2,20],"cNewPos":[2,21],"cWhen":1.5300032597718418e9,"tag":"Change","cFrom":[2,20],"cText":["l"],"cRemoved":[""]}

{"cOrigin":"+input","cTo":[2,21],"cNewPos":[2,22],"cWhen":1.5300032598216083e9,"tag":"Change","cFrom":[2,21],"cText":["l"],"cRemoved":[""]}

{"cOrigin":"+input","cTo":[2,22],"cNewPos":[2,23],"cWhen":1.5300032598716395e9,"tag":"Change","cFrom":[2,22],"cText":["l"],"cRemoved":[""]}

{"cOrigin":"+input","cTo":[2,23],"cNewPos":[2,24],"cWhen":1.5300032599216306e9,"tag":"Change","cFrom":[2,23],"cText":["l"],"cRemoved":[""]}

{"cOrigin":"+input","cTo":[2,24],"cNewPos":[2,25],"cWhen":1.530003259971682e9,"tag":"Change","cFrom":[2,24],"cText":["l"],"cRemoved":[""]}

{"cOrigin":"+input","cTo":[2,25],"cNewPos":[2,26],"cWhen":1.530003260021635e9,"tag":"Change","cFrom":[2,25],"cText":["l"],"cRemoved":[""]}

{"cOrigin":"+input","cTo":[2,26],"cNewPos":[2,27],"cWhen":1.5300032600716379e9,"tag":"Change","cFrom":[2,26],"cText":["l"],"cRemoved":[""]}

{"cOrigin":"+input","cTo":[2,27],"cNewPos":[2,28],"cWhen":1.5300032601216002e9,"tag":"Change","cFrom":[2,27],"cText":["l"],"cRemoved":[""]}

{"cOrigin":"+input","cTo":[2,28],"cNewPos":[2,29],"cWhen":1.5300032601716597e9,"tag":"Change","cFrom":[2,28],"cText":["l"],"cRemoved":[""]}

{"cOrigin":"+input","cTo":[2,29],"cNewPos":[2,30],"cWhen":1.5300032602216475e9,"tag":"Change","cFrom":[2,29],"cText":["l"],"cRemoved":[""]}

{"cOrigin":"+input","cTo":[2,30],"cNewPos":[2,31],"cWhen":1.530003260271688e9,"tag":"Change","cFrom":[2,30],"cText":["l"],"cRemoved":[""]}

{"cOrigin":"+input","cTo":[2,31],"cNewPos":[2,32],"cWhen":1.5300032612518127e9,"tag":"Change","cFrom":[2,31],"cText":["l"],"cRemoved":[""]}

{"cOrigin":"+input","cTo":[2,32],"cNewPos":[2,33],"cWhen":1.5300032614998057e9,"tag":"Change","cFrom":[2,32],"cText":["o"],"cRemoved":[""]}

{"cOrigin":"+delete","cTo":[2,33],"cNewPos":[2,32],"cWhen":1.5300032630677137e9,"tag":"Change","cFrom":[2,32],"cText":[""],"cRemoved":["o"]}

{"cOrigin":"+delete","cTo":[2,32],"cNewPos":[2,31],"cWhen":1.5300032632677681e9,"tag":"Change","cFrom":[2,31],"cText":[""],"cRemoved":["l"]}

{"cOrigin":"+delete","cTo":[2,31],"cNewPos":[2,30],"cWhen":1.530003263483847e9,"tag":"Change","cFrom":[2,30],"cText":[""],"cRemoved":["l"]}

{"cOrigin":"+delete","cTo":[2,30],"cNewPos":[2,29],"cWhen":1.5300032636758397e9,"tag":"Change","cFrom":[2,29],"cText":[""],"cRemoved":["l"]}

{"cOrigin":"+delete","cTo":[2,29],"cNewPos":[2,28],"cWhen":1.5300032638524787e9,"tag":"Change","cFrom":[2,28],"cText":[""],"cRemoved":["l"]}

{"cOrigin":"+delete","cTo":[2,28],"cNewPos":[2,27],"cWhen":1.5300032640298488e9,"tag":"Change","cFrom":[2,27],"cText":[""],"cRemoved":["l"]}

{"cOrigin":"+delete","cTo":[2,27],"cNewPos":[2,26],"cWhen":1.5300032642047777e9,"tag":"Change","cFrom":[2,26],"cText":[""],"cRemoved":["l"]}

{"cOrigin":"+delete","cTo":[2,26],"cNewPos":[2,25],"cWhen":1.5300032643844533e9,"tag":"Change","cFrom":[2,25],"cText":[""],"cRemoved":["l"]}

{"cOrigin":"+delete","cTo":[2,25],"cNewPos":[2,24],"cWhen":1.5300032645638378e9,"tag":"Change","cFrom":[2,24],"cText":[""],"cRemoved":["l"]}

{"cOrigin":"+delete","cTo":[2,24],"cNewPos":[2,23],"cWhen":1.5300032647558353e9,"tag":"Change","cFrom":[2,23],"cText":[""],"cRemoved":["l"]}

{"cOrigin":"+delete","cTo":[2,23],"cNewPos":[2,22],"cWhen":1.5300032649078758e9,"tag":"Change","cFrom":[2,22],"cText":[""],"cRemoved":["l"]}

{"cOrigin":"+delete","cTo":[2,22],"cNewPos":[2,21],"cWhen":1.5300032650855255e9,"tag":"Change","cFrom":[2,21],"cText":[""],"cRemoved":["l"]}

{"cOrigin":"+delete","cTo":[2,21],"cNewPos":[2,20],"cWhen":1.5300032652919052e9,"tag":"Change","cFrom":[2,20],"cText":[""],"cRemoved":["l"]}

{"cOrigin":"+delete","cTo":[2,20],"cNewPos":[2,19],"cWhen":1.5300032655080118e9,"tag":"Change","cFrom":[2,19],"cText":[""],"cRemoved":["l"]}

{"cOrigin":"+delete","cTo":[2,19],"cNewPos":[2,18],"cWhen":1.530003265797186e9,"tag":"Change","cFrom":[2,18],"cText":[""],"cRemoved":["l"]}
