{"cWhen":1530017984,"tag":"Eval","cAll":true}
{"cOrigin":"+input","cTo":[0,0],"cNewPos":[0,1],"cWhen":1.5300179968341298e9,"tag":"Change","cFrom":[0,0],"cText":["\""],"cRemoved":[""]}

{"cOrigin":"+input","cTo":[0,1],"cNewPos":[0,2],"cWhen":1.5300180008262956e9,"tag":"Change","cFrom":[0,1],"cText":["h"],"cRemoved":[""]}

{"cOrigin":"+input","cTo":[0,2],"cNewPos":[0,3],"cWhen":1.5300180012181299e9,"tag":"Change","cFrom":[0,2],"cText":["i"],"cRemoved":[""]}

{"cOrigin":"+input","cTo":[0,3],"cNewPos":[0,4],"cWhen":1.530018006826133e9,"tag":"Change","cFrom":[0,3],"cText":[" "],"cRemoved":[""]}

{"cOrigin":"+input","cTo":[0,4],"cNewPos":[0,5],"cWhen":1.5300180080020678e9,"tag":"Change","cFrom":[0,4],"cText":["l"],"cRemoved":[""]}

{"cOrigin":"+input","cTo":[0,5],"cNewPos":[0,6],"cWhen":1.530018008386069e9,"tag":"Change","cFrom":[0,5],"cText":["o"],"cRemoved":[""]}

{"cOrigin":"+input","cTo":[0,6],"cNewPos":[0,7],"cWhen":1.5300180091460893e9,"tag":"Change","cFrom":[0,6],"cText":[" "],"cRemoved":[""]}

{"cOrigin":"+input","cTo":[0,7],"cNewPos":[0,8],"cWhen":1.5300180116020637e9,"tag":"Change","cFrom":[0,7],"cText":["h"],"cRemoved":[""]}

{"cOrigin":"+input","cTo":[0,8],"cNewPos":[0,9],"cWhen":1.530018013626057e9,"tag":"Change","cFrom":[0,8],"cText":["i"],"cRemoved":[""]}

{"cWhen":1.5300180161314423e9,"tag":"Eval","cAll":true}

{"cOrigin":"+input","cTo":[0,9],"cNewPos":[0,10],"cWhen":1.5300180229699428e9,"tag":"Change","cFrom":[0,9],"cText":["\""],"cRemoved":[""]}

{"cWhen":1.5300180255633607e9,"tag":"Eval","cAll":true}

{"cWhen":1.5300180258150628e9,"tag":"Eval","cAll":true}

{"cOrigin":"+delete","cTo":[0,10],"cNewPos":[0,9],"cWhen":1.530018034289848e9,"tag":"Change","cFrom":[0,9],"cText":[""],"cRemoved":["\""]}

{"cOrigin":"+input","cTo":[0,9],"cNewPos":[0,10],"cWhen":1.530018037049841e9,"tag":"Change","cFrom":[0,9],"cText":[" "],"cRemoved":[""]}

{"cOrigin":"+input","cTo":[0,10],"cNewPos":[0,11],"cWhen":1.5300180375378754e9,"tag":"Change","cFrom":[0,10],"cText":["l"],"cRemoved":[""]}

{"cOrigin":"+input","cTo":[0,11],"cNewPos":[0,12],"cWhen":1.530018037905828e9,"tag":"Change","cFrom":[0,11],"cText":["o"],"cRemoved":[""]}

{"cOrigin":"+input","cTo":[0,12],"cNewPos":[0,13],"cWhen":1.5300180383778393e9,"tag":"Change","cFrom":[0,12],"cText":[" "],"cRemoved":[""]}

{"cOrigin":"+input","cTo":[0,13],"cNewPos":[0,14],"cWhen":1.5300180388738687e9,"tag":"Change","cFrom":[0,13],"cText":["l"],"cRemoved":[""]}

{"cOrigin":"+input","cTo":[0,14],"cNewPos":[0,15],"cWhen":1.5300180392738438e9,"tag":"Change","cFrom":[0,14],"cText":["o"],"cRemoved":[""]}

{"cOrigin":"+input","cTo":[0,15],"cNewPos":[0,16],"cWhen":1.5300180397858377e9,"tag":"Change","cFrom":[0,15],"cText":[" "],"cRemoved":[""]}

{"cOrigin":"+input","cTo":[0,16],"cNewPos":[0,17],"cWhen":1.5300180403698065e9,"tag":"Change","cFrom":[0,16],"cText":["l"],"cRemoved":[""]}

{"cOrigin":"+input","cTo":[0,17],"cNewPos":[0,18],"cWhen":1.5300180408098361e9,"tag":"Change","cFrom":[0,17],"cText":["o"],"cRemoved":[""]}

{"cOrigin":"+input","cTo":[0,18],"cNewPos":[0,19],"cWhen":1.5300180413058567e9,"tag":"Change","cFrom":[0,18],"cText":[" "],"cRemoved":[""]}

{"cOrigin":"+input","cTo":[0,19],"cNewPos":[0,20],"cWhen":1.5300180418818004e9,"tag":"Change","cFrom":[0,19],"cText":["l"],"cRemoved":[""]}

{"cOrigin":"+input","cTo":[0,20],"cNewPos":[0,21],"cWhen":1.530018042402069e9,"tag":"Change","cFrom":[0,20],"cText":["o"],"cRemoved":[""]}

{"cOrigin":"+input","cTo":[0,21],"cNewPos":[0,22],"cWhen":1.530018042929812e9,"tag":"Change","cFrom":[0,21],"cText":[" "],"cRemoved":[""]}

{"cOrigin":"+input","cTo":[0,22],"cNewPos":[0,23],"cWhen":1.530018043473827e9,"tag":"Change","cFrom":[0,22],"cText":["l"],"cRemoved":[""]}

{"cOrigin":"+input","cTo":[0,23],"cNewPos":[0,24],"cWhen":1.5300180440578136e9,"tag":"Change","cFrom":[0,23],"cText":["o"],"cRemoved":[""]}

{"cOrigin":"+input","cTo":[0,24],"cNewPos":[0,25],"cWhen":1.5300180445217671e9,"tag":"Change","cFrom":[0,24],"cText":[" "],"cRemoved":[""]}

{"cOrigin":"+input","cTo":[0,25],"cNewPos":[0,26],"cWhen":1.5300180452098374e9,"tag":"Change","cFrom":[0,25],"cText":["l"],"cRemoved":[""]}

{"cOrigin":"+input","cTo":[0,26],"cNewPos":[0,27],"cWhen":1.5300180456258311e9,"tag":"Change","cFrom":[0,26],"cText":["o"],"cRemoved":[""]}

{"cOrigin":"+input","cTo":[0,27],"cNewPos":[0,28],"cWhen":1.5300180460817802e9,"tag":"Change","cFrom":[0,27],"cText":[" "],"cRemoved":[""]}

{"cOrigin":"+input","cTo":[0,28],"cNewPos":[0,29],"cWhen":1.5300180491376846e9,"tag":"Change","cFrom":[0,28],"cText":["h"],"cRemoved":[""]}

{"cOrigin":"+input","cTo":[0,29],"cNewPos":[0,30],"cWhen":1.5300180496418016e9,"tag":"Change","cFrom":[0,29],"cText":["i"],"cRemoved":[""]}

{"cOrigin":"+input","cTo":[0,30],"cNewPos":[0,31],"cWhen":1.530018050153733e9,"tag":"Change","cFrom":[0,30],"cText":[" "],"cRemoved":[""]}

{"cOrigin":"+input","cTo":[0,31],"cNewPos":[0,32],"cWhen":1.5300180506657846e9,"tag":"Change","cFrom":[0,31],"cText":["h"],"cRemoved":[""]}

{"cOrigin":"+input","cTo":[0,32],"cNewPos":[0,33],"cWhen":1.530018051177791e9,"tag":"Change","cFrom":[0,32],"cText":["i"],"cRemoved":[""]}

{"cOrigin":"+input","cTo":[0,33],"cNewPos":[0,34],"cWhen":1.5300180516497061e9,"tag":"Change","cFrom":[0,33],"cText":[" "],"cRemoved":[""]}

{"cOrigin":"+input","cTo":[0,34],"cNewPos":[0,35],"cWhen":1.5300180521697743e9,"tag":"Change","cFrom":[0,34],"cText":["h"],"cRemoved":[""]}

{"cOrigin":"+input","cTo":[0,35],"cNewPos":[0,36],"cWhen":1.5300180527057433e9,"tag":"Change","cFrom":[0,35],"cText":["i"],"cRemoved":[""]}

{"cOrigin":"+input","cTo":[0,36],"cNewPos":[0,37],"cWhen":1.5300180532337327e9,"tag":"Change","cFrom":[0,36],"cText":[" "],"cRemoved":[""]}

{"cOrigin":"+input","cTo":[0,37],"cNewPos":[0,38],"cWhen":1.530018053801758e9,"tag":"Change","cFrom":[0,37],"cText":["h"],"cRemoved":[""]}

{"cOrigin":"+input","cTo":[0,38],"cNewPos":[0,39],"cWhen":1.5300180543537107e9,"tag":"Change","cFrom":[0,38],"cText":["i"],"cRemoved":[""]}

{"cOrigin":"+input","cTo":[0,39],"cNewPos":[0,40],"cWhen":1.53001805482575e9,"tag":"Change","cFrom":[0,39],"cText":[" "],"cRemoved":[""]}

{"cOrigin":"+input","cTo":[0,40],"cNewPos":[0,41],"cWhen":1.5300180553457375e9,"tag":"Change","cFrom":[0,40],"cText":["h"],"cRemoved":[""]}

{"cOrigin":"+input","cTo":[0,41],"cNewPos":[0,42],"cWhen":1.530018055833717e9,"tag":"Change","cFrom":[0,41],"cText":["i"],"cRemoved":[""]}

{"cOrigin":"+input","cTo":[0,42],"cNewPos":[0,43],"cWhen":1.530018056305728e9,"tag":"Change","cFrom":[0,42],"cText":[" "],"cRemoved":[""]}

{"cOrigin":"+input","cTo":[0,43],"cNewPos":[0,44],"cWhen":1.530018056745748e9,"tag":"Change","cFrom":[0,43],"cText":["h"],"cRemoved":[""]}

{"cOrigin":"+input","cTo":[0,44],"cNewPos":[0,45],"cWhen":1.5300180573137162e9,"tag":"Change","cFrom":[0,44],"cText":["i"],"cRemoved":[""]}

{"cOrigin":"+input","cTo":[0,45],"cNewPos":[0,46],"cWhen":1.5300180591856527e9,"tag":"Change","cFrom":[0,45],"cText":["\""],"cRemoved":[""]}

{"cWhen":1.5300180616832101e9,"tag":"Eval","cAll":true}

{"cXWarp":45,"cNewPos":[0,45],"cWhen":1.5300180906740215e9,"tag":"Move"}

{"cXWarp":44,"cNewPos":[0,44],"cWhen":1.530018090937246e9,"tag":"Move"}

{"cXWarp":43,"cNewPos":[0,43],"cWhen":1.5300180911292694e9,"tag":"Move"}

{"cXWarp":42,"cNewPos":[0,42],"cWhen":1.5300180913372664e9,"tag":"Move"}

{"cXWarp":41,"cNewPos":[0,41],"cWhen":1.5300180915933077e9,"tag":"Move"}

{"cXWarp":40,"cNewPos":[0,40],"cWhen":1.5300180916434274e9,"tag":"Move"}

{"cXWarp":39,"cNewPos":[0,39],"cWhen":1.5300180916933758e9,"tag":"Move"}

{"cXWarp":38,"cNewPos":[0,38],"cWhen":1.5300180917434368e9,"tag":"Move"}

{"cXWarp":37,"cNewPos":[0,37],"cWhen":1.5300180917933228e9,"tag":"Move"}

{"cXWarp":36,"cNewPos":[0,36],"cWhen":1.5300180918433437e9,"tag":"Move"}

{"cXWarp":35,"cNewPos":[0,35],"cWhen":1.5300180918932962e9,"tag":"Move"}

{"cXWarp":34,"cNewPos":[0,34],"cWhen":1.5300180919433846e9,"tag":"Move"}

{"cXWarp":33,"cNewPos":[0,33],"cWhen":1.5300180919933662e9,"tag":"Move"}

{"cXWarp":32,"cNewPos":[0,32],"cWhen":1.530018092043397e9,"tag":"Move"}

{"cXWarp":31,"cNewPos":[0,31],"cWhen":1.530018092093341e9,"tag":"Move"}

{"cXWarp":30,"cNewPos":[0,30],"cWhen":1.5300180921433036e9,"tag":"Move"}

{"cXWarp":29,"cNewPos":[0,29],"cWhen":1.5300180921932917e9,"tag":"Move"}

{"cXWarp":28,"cNewPos":[0,28],"cWhen":1.5300180922433326e9,"tag":"Move"}

{"cXWarp":27,"cNewPos":[0,27],"cWhen":1.530018092293314e9,"tag":"Move"}

{"cXWarp":26,"cNewPos":[0,26],"cWhen":1.5300180923433752e9,"tag":"Move"}

{"cXWarp":25,"cNewPos":[0,25],"cWhen":1.5300180923933687e9,"tag":"Move"}

{"cXWarp":24,"cNewPos":[0,24],"cWhen":1.5300180924433773e9,"tag":"Move"}

{"cXWarp":23,"cNewPos":[0,23],"cWhen":1.530018092493347e9,"tag":"Move"}

{"cXWarp":22,"cNewPos":[0,22],"cWhen":1.5300180925433588e9,"tag":"Move"}

{"cXWarp":21,"cNewPos":[0,21],"cWhen":1.5300180925949016e9,"tag":"Move"}

{"cXWarp":20,"cNewPos":[0,20],"cWhen":1.5300180926431873e9,"tag":"Move"}

{"cXWarp":19,"cNewPos":[0,19],"cWhen":1.530018092693174e9,"tag":"Move"}

{"cXWarp":18,"cNewPos":[0,18],"cWhen":1.5300180927431743e9,"tag":"Move"}

{"cXWarp":17,"cNewPos":[0,17],"cWhen":1.530018092803161e9,"tag":"Move"}

{"cXWarp":16,"cNewPos":[0,16],"cWhen":1.5300180928531888e9,"tag":"Move"}

{"cXWarp":15,"cNewPos":[0,15],"cWhen":1.5300180929031768e9,"tag":"Move"}

{"cXWarp":14,"cNewPos":[0,14],"cWhen":1.5300180929531772e9,"tag":"Move"}

{"cXWarp":13,"cNewPos":[0,13],"cWhen":1.5300180930031946e9,"tag":"Move"}

{"cXWarp":12,"cNewPos":[0,12],"cWhen":1.530018093053208e9,"tag":"Move"}

{"cXWarp":11,"cNewPos":[0,11],"cWhen":1.5300180931031961e9,"tag":"Move"}

{"cXWarp":10,"cNewPos":[0,10],"cWhen":1.5300180931532085e9,"tag":"Move"}

{"cXWarp":9,"cNewPos":[0,9],"cWhen":1.5300180932032056e9,"tag":"Move"}

{"cXWarp":8,"cNewPos":[0,8],"cWhen":1.5300180932531943e9,"tag":"Move"}

{"cXWarp":7,"cNewPos":[0,7],"cWhen":1.53001809330331e9,"tag":"Move"}

{"cXWarp":6,"cNewPos":[0,6],"cWhen":1.5300180933533194e9,"tag":"Move"}

{"cXWarp":5,"cNewPos":[0,5],"cWhen":1.5300180934033177e9,"tag":"Move"}

{"cXWarp":4,"cNewPos":[0,4],"cWhen":1.5300180934533103e9,"tag":"Move"}

{"cXWarp":3,"cNewPos":[0,3],"cWhen":1.5300180935034125e9,"tag":"Move"}

{"cXWarp":2,"cNewPos":[0,2],"cWhen":1.5300180935533917e9,"tag":"Move"}

{"cXWarp":1,"cNewPos":[0,1],"cWhen":1.5300180936033792e9,"tag":"Move"}

{"cXWarp":0,"cNewPos":[0,0],"cWhen":1.5300180936532953e9,"tag":"Move"}

{"cXWarp":0,"cNewPos":[0,0],"cWhen":1.5300180937032597e9,"tag":"Move"}

{"cOrigin":"+input","cTo":[0,0],"cNewPos":[0,1],"cWhen":1.530018095761489e9,"tag":"Change","cFrom":[0,0],"cText":["c"],"cRemoved":[""]}

{"cOrigin":"+input","cTo":[0,1],"cNewPos":[0,2],"cWhen":1.5300180964734101e9,"tag":"Change","cFrom":[0,1],"cText":["r"],"cRemoved":[""]}

{"cOrigin":"+input","cTo":[0,2],"cNewPos":[0,3],"cWhen":1.5300180973293984e9,"tag":"Change","cFrom":[0,2],"cText":["u"],"cRemoved":[""]}

{"cOrigin":"+input","cTo":[0,3],"cNewPos":[0,4],"cWhen":1.530018097889446e9,"tag":"Change","cFrom":[0,3],"cText":["n"],"cRemoved":[""]}

{"cOrigin":"+input","cTo":[0,4],"cNewPos":[0,5],"cWhen":1.5300180992814667e9,"tag":"Change","cFrom":[0,4],"cText":["c"],"cRemoved":[""]}

{"cOrigin":"+input","cTo":[0,5],"cNewPos":[0,6],"cWhen":1.530018099793415e9,"tag":"Change","cFrom":[0,5],"cText":["h"],"cRemoved":[""]}

{"cOrigin":"+input","cTo":[0,6],"cNewPos":[0,7],"cWhen":1.5300181032814567e9,"tag":"Change","cFrom":[0,6],"cText":[" "],"cRemoved":[""]}

{"cWhen":1.5300181056109974e9,"tag":"Eval","cAll":true}

{"cOrigin":"+delete","cTo":[0,7],"cNewPos":[0,6],"cWhen":1.5300181321928282e9,"tag":"Change","cFrom":[0,6],"cText":[""],"cRemoved":[" "]}

{"cOrigin":"+delete","cTo":[0,6],"cNewPos":[0,5],"cWhen":1.5300181326969695e9,"tag":"Change","cFrom":[0,5],"cText":[""],"cRemoved":["h"]}

{"cOrigin":"+delete","cTo":[0,5],"cNewPos":[0,4],"cWhen":1.530018133192818e9,"tag":"Change","cFrom":[0,4],"cText":[""],"cRemoved":["c"]}

{"cOrigin":"+delete","cTo":[0,4],"cNewPos":[0,3],"cWhen":1.5300181335368242e9,"tag":"Change","cFrom":[0,3],"cText":[""],"cRemoved":["n"]}

{"cOrigin":"+delete","cTo":[0,3],"cNewPos":[0,2],"cWhen":1.5300181338648026e9,"tag":"Change","cFrom":[0,2],"cText":[""],"cRemoved":["u"]}

{"cOrigin":"+delete","cTo":[0,2],"cNewPos":[0,1],"cWhen":1.5300181341767898e9,"tag":"Change","cFrom":[0,1],"cText":[""],"cRemoved":["r"]}

{"cOrigin":"+delete","cTo":[0,1],"cNewPos":[0,0],"cWhen":1.530018134624813e9,"tag":"Change","cFrom":[0,0],"cText":[""],"cRemoved":["c"]}

{"cOrigin":"+input","cTo":[0,0],"cNewPos":[0,1],"cWhen":1.530018136969128e9,"tag":"Change","cFrom":[0,0],"cText":["t"],"cRemoved":[""]}

{"cOrigin":"+delete","cTo":[0,1],"cNewPos":[0,0],"cWhen":1.5300181399607499e9,"tag":"Change","cFrom":[0,0],"cText":[""],"cRemoved":["t"]}

{"cOrigin":"+input","cTo":[0,0],"cNewPos":[0,1],"cWhen":1.5300181532327776e9,"tag":"Change","cFrom":[0,0],"cText":["f"],"cRemoved":[""]}

{"cOrigin":"+input","cTo":[0,1],"cNewPos":[0,2],"cWhen":1.5300181542569203e9,"tag":"Change","cFrom":[0,1],"cText":["a"],"cRemoved":[""]}

{"cOrigin":"+input","cTo":[0,2],"cNewPos":[0,3],"cWhen":1.5300181554647868e9,"tag":"Change","cFrom":[0,2],"cText":["s"],"cRemoved":[""]}

{"cOrigin":"+input","cTo":[0,3],"cNewPos":[0,4],"cWhen":1.5300181562327797e9,"tag":"Change","cFrom":[0,3],"cText":["t"],"cRemoved":[""]}

{"cOrigin":"+input","cTo":[0,4],"cNewPos":[0,5],"cWhen":1.5300181568567498e9,"tag":"Change","cFrom":[0,4],"cText":["e"],"cRemoved":[""]}

{"cOrigin":"+input","cTo":[0,5],"cNewPos":[0,6],"cWhen":1.5300181572807548e9,"tag":"Change","cFrom":[0,5],"cText":["r"],"cRemoved":[""]}

{"cOrigin":"+input","cTo":[0,6],"cNewPos":[0,7],"cWhen":1.5300181599529932e9,"tag":"Change","cFrom":[0,6],"cText":[" "],"cRemoved":[""]}

{"cWhen":1.530018160857825e9,"tag":"Eval","cAll":true}

{"cXWarp":6,"cNewPos":[0,6],"cWhen":1.5300181731690555e9,"tag":"Move"}

{"cXWarp":5,"cNewPos":[0,5],"cWhen":1.5300181736087072e9,"tag":"Move"}

{"cXWarp":4,"cNewPos":[0,4],"cWhen":1.530018174080702e9,"tag":"Move"}

{"cXWarp":3,"cNewPos":[0,3],"cWhen":1.530018174368528e9,"tag":"Move"}

{"cXWarp":2,"cNewPos":[0,2],"cWhen":1.5300181747445056e9,"tag":"Move"}

{"cXWarp":1,"cNewPos":[0,1],"cWhen":1.530018175192735e9,"tag":"Move"}

{"cXWarp":0,"cNewPos":[0,0],"cWhen":1.5300181758726788e9,"tag":"Move"}

{"cXWarp":0,"cNewPos":[0,0],"cWhen":1.5300181765206926e9,"tag":"Move"}

{"cXWarp":0,"cNewPos":[0,0],"cWhen":1.530018176773224e9,"tag":"Move"}

{"cXWarp":1,"cNewPos":[0,1],"cWhen":1.5300181823848884e9,"tag":"Move"}

{"cXWarp":2,"cNewPos":[0,2],"cWhen":1.5300181827524562e9,"tag":"Move"}

{"cXWarp":3,"cNewPos":[0,3],"cWhen":1.530018183184472e9,"tag":"Move"}

{"cXWarp":4,"cNewPos":[0,4],"cWhen":1.5300181835204377e9,"tag":"Move"}

{"cXWarp":5,"cNewPos":[0,5],"cWhen":1.5300181839204915e9,"tag":"Move"}

{"cXWarp":6,"cNewPos":[0,6],"cWhen":1.530018184288438e9,"tag":"Move"}

{"cOrigin":"+input","cTo":[0,6],"cNewPos":[0,7],"cWhen":1.5300181873207521e9,"tag":"Change","cFrom":[0,6],"cText":["e"],"cRemoved":[""]}

{"cOrigin":"+input","cTo":[0,7],"cNewPos":[0,8],"cWhen":1.5300181945213423e9,"tag":"Change","cFrom":[0,7],"cText":["v"],"cRemoved":[""]}

{"cOrigin":"+input","cTo":[0,8],"cNewPos":[0,9],"cWhen":1.5300181951366868e9,"tag":"Change","cFrom":[0,8],"cText":["e"],"cRemoved":[""]}

{"cOrigin":"+input","cTo":[0,9],"cNewPos":[0,10],"cWhen":1.5300181956007104e9,"tag":"Change","cFrom":[0,9],"cText":["r"],"cRemoved":[""]}

{"cOrigin":"+input","cTo":[0,10],"cNewPos":[0,11],"cWhen":1.530018196161077e9,"tag":"Change","cFrom":[0,10],"cText":["y"],"cRemoved":[""]}

{"cOrigin":"+delete","cTo":[0,11],"cNewPos":[0,10],"cWhen":1.5300181992485058e9,"tag":"Change","cFrom":[0,10],"cText":[""],"cRemoved":["y"]}

{"cOrigin":"+delete","cTo":[0,10],"cNewPos":[0,9],"cWhen":1.530018199568465e9,"tag":"Change","cFrom":[0,9],"cText":[""],"cRemoved":["r"]}

{"cOrigin":"+delete","cTo":[0,9],"cNewPos":[0,8],"cWhen":1.5300181999684362e9,"tag":"Change","cFrom":[0,8],"cText":[""],"cRemoved":["e"]}

{"cOrigin":"+delete","cTo":[0,8],"cNewPos":[0,7],"cWhen":1.5300182003044312e9,"tag":"Change","cFrom":[0,7],"cText":[""],"cRemoved":["v"]}

{"cOrigin":"+delete","cTo":[0,7],"cNewPos":[0,6],"cWhen":1.5300182010724378e9,"tag":"Change","cFrom":[0,6],"cText":[""],"cRemoved":["e"]}

{"cOrigin":"+input","cTo":[0,6],"cNewPos":[0,7],"cWhen":1.5300182026484013e9,"tag":"Change","cFrom":[0,6],"cText":[" "],"cRemoved":[""]}

{"cOrigin":"+input","cTo":[0,7],"cNewPos":[0,8],"cWhen":1.530018204072582e9,"tag":"Change","cFrom":[0,7],"cText":["e"],"cRemoved":[""]}

{"cOrigin":"+input","cTo":[0,8],"cNewPos":[0,9],"cWhen":1.530018207432568e9,"tag":"Change","cFrom":[0,8],"cText":["v"],"cRemoved":[""]}

{"cOrigin":"+input","cTo":[0,9],"cNewPos":[0,10],"cWhen":1.5300182088245547e9,"tag":"Change","cFrom":[0,9],"cText":["r"],"cRemoved":[""]}

{"cOrigin":"+input","cTo":[0,10],"cNewPos":[0,11],"cWhen":1.5300182093205755e9,"tag":"Change","cFrom":[0,10],"cText":["e"],"cRemoved":[""]}

{"cOrigin":"+input","cTo":[0,11],"cNewPos":[0,12],"cWhen":1.5300182099285576e9,"tag":"Change","cFrom":[0,11],"cText":["y"],"cRemoved":[""]}

{"cOrigin":"+input","cTo":[0,12],"cNewPos":[0,13],"cWhen":1.5300182134965355e9,"tag":"Change","cFrom":[0,12],"cText":[" "],"cRemoved":[""]}

{"cOrigin":"+input","cTo":[0,13],"cNewPos":[0,14],"cWhen":1.5300182142643294e9,"tag":"Change","cFrom":[0,13],"cText":["2"],"cRemoved":[""]}

{"cWhen":1.5300182182178113e9,"tag":"Eval","cAll":true}

{"cXWarp":15,"cNewPos":[0,15],"cWhen":1.5300182419121723e9,"tag":"Move"}

{"cXWarp":16,"cNewPos":[0,16],"cWhen":1.5300182421601968e9,"tag":"Move"}

{"cXWarp":17,"cNewPos":[0,17],"cWhen":1.5300182424001832e9,"tag":"Move"}

{"cXWarp":18,"cNewPos":[0,18],"cWhen":1.5300182426081743e9,"tag":"Move"}

{"cXWarp":19,"cNewPos":[0,19],"cWhen":1.5300182427841768e9,"tag":"Move"}

{"cXWarp":20,"cNewPos":[0,20],"cWhen":1.5300182430001745e9,"tag":"Move"}

{"cXWarp":21,"cNewPos":[0,21],"cWhen":1.5300182431601748e9,"tag":"Move"}

{"cXWarp":22,"cNewPos":[0,22],"cWhen":1.5300182433601682e9,"tag":"Move"}

{"cXWarp":23,"cNewPos":[0,23],"cWhen":1.530018243613281e9,"tag":"Move"}

{"cXWarp":24,"cNewPos":[0,24],"cWhen":1.5300182436632912e9,"tag":"Move"}

{"cXWarp":25,"cNewPos":[0,25],"cWhen":1.5300182437132995e9,"tag":"Move"}

{"cXWarp":26,"cNewPos":[0,26],"cWhen":1.5300182437632916e9,"tag":"Move"}

{"cXWarp":27,"cNewPos":[0,27],"cWhen":1.5300182438132775e9,"tag":"Move"}

{"cXWarp":28,"cNewPos":[0,28],"cWhen":1.530018243863277e9,"tag":"Move"}

{"cXWarp":29,"cNewPos":[0,29],"cWhen":1.5300182439132888e9,"tag":"Move"}

{"cXWarp":30,"cNewPos":[0,30],"cWhen":1.530018243963325e9,"tag":"Move"}

{"cXWarp":31,"cNewPos":[0,31],"cWhen":1.5300182440132957e9,"tag":"Move"}

{"cXWarp":32,"cNewPos":[0,32],"cWhen":1.530018244063295e9,"tag":"Move"}

{"cXWarp":33,"cNewPos":[0,33],"cWhen":1.5300182441133025e9,"tag":"Move"}

{"cXWarp":34,"cNewPos":[0,34],"cWhen":1.530018244163283e9,"tag":"Move"}

{"cXWarp":35,"cNewPos":[0,35],"cWhen":1.5300182442133787e9,"tag":"Move"}

{"cXWarp":36,"cNewPos":[0,36],"cWhen":1.5300182442632735e9,"tag":"Move"}

{"cXWarp":37,"cNewPos":[0,37],"cWhen":1.5300182443132915e9,"tag":"Move"}

{"cXWarp":38,"cNewPos":[0,38],"cWhen":1.530018244363329e9,"tag":"Move"}

{"cXWarp":39,"cNewPos":[0,39],"cWhen":1.530018244413301e9,"tag":"Move"}

{"cXWarp":40,"cNewPos":[0,40],"cWhen":1.5300182444632955e9,"tag":"Move"}

{"cXWarp":41,"cNewPos":[0,41],"cWhen":1.5300182445133173e9,"tag":"Move"}

{"cXWarp":42,"cNewPos":[0,42],"cWhen":1.5300182445633056e9,"tag":"Move"}

{"cXWarp":43,"cNewPos":[0,43],"cWhen":1.530018244613306e9,"tag":"Move"}

{"cXWarp":44,"cNewPos":[0,44],"cWhen":1.5300182446633081e9,"tag":"Move"}

{"cXWarp":45,"cNewPos":[0,45],"cWhen":1.530018244713297e9,"tag":"Move"}

{"cXWarp":46,"cNewPos":[0,46],"cWhen":1.5300182447633007e9,"tag":"Move"}

{"cXWarp":47,"cNewPos":[0,47],"cWhen":1.5300182448132815e9,"tag":"Move"}

{"cXWarp":48,"cNewPos":[0,48],"cWhen":1.5300182448632753e9,"tag":"Move"}

{"cXWarp":49,"cNewPos":[0,49],"cWhen":1.5300182449132957e9,"tag":"Move"}

{"cXWarp":50,"cNewPos":[0,50],"cWhen":1.5300182449632914e9,"tag":"Move"}

{"cXWarp":51,"cNewPos":[0,51],"cWhen":1.530018245013322e9,"tag":"Move"}

{"cXWarp":52,"cNewPos":[0,52],"cWhen":1.5300182450632794e9,"tag":"Move"}

{"cXWarp":53,"cNewPos":[0,53],"cWhen":1.5300182451132524e9,"tag":"Move"}

{"cXWarp":54,"cNewPos":[0,54],"cWhen":1.530018245163234e9,"tag":"Move"}

{"cXWarp":55,"cNewPos":[0,55],"cWhen":1.5300182452132914e9,"tag":"Move"}

{"cXWarp":56,"cNewPos":[0,56],"cWhen":1.5300182452632115e9,"tag":"Move"}

{"cXWarp":57,"cNewPos":[0,57],"cWhen":1.5300182453132603e9,"tag":"Move"}

{"cXWarp":58,"cNewPos":[0,58],"cWhen":1.5300182453632495e9,"tag":"Move"}

{"cXWarp":59,"cNewPos":[0,59],"cWhen":1.5300182454132504e9,"tag":"Move"}

{"cXWarp":60,"cNewPos":[0,60],"cWhen":1.5300182454632308e9,"tag":"Move"}

{"cXWarp":61,"cNewPos":[0,61],"cWhen":1.530018245513237e9,"tag":"Move"}

{"cXWarp":61,"cNewPos":[0,61],"cWhen":1.530018245563233e9,"tag":"Move"}

{"cOrigin":"+delete","cTo":[0,61],"cNewPos":[0,60],"cWhen":1.5300182469760277e9,"tag":"Change","cFrom":[0,60],"cText":[""],"cRemoved":["\""]}

{"cOrigin":"+delete","cTo":[0,60],"cNewPos":[0,59],"cWhen":1.5300182472333353e9,"tag":"Change","cFrom":[0,59],"cText":[""],"cRemoved":["i"]}

{"cOrigin":"+delete","cTo":[0,59],"cNewPos":[0,58],"cWhen":1.5300182472832599e9,"tag":"Change","cFrom":[0,58],"cText":[""],"cRemoved":["h"]}

{"cOrigin":"+delete","cTo":[0,58],"cNewPos":[0,57],"cWhen":1.5300182473332574e9,"tag":"Change","cFrom":[0,57],"cText":[""],"cRemoved":[" "]}

{"cOrigin":"+delete","cTo":[0,57],"cNewPos":[0,56],"cWhen":1.5300182473832328e9,"tag":"Change","cFrom":[0,56],"cText":[""],"cRemoved":["i"]}

{"cOrigin":"+delete","cTo":[0,56],"cNewPos":[0,55],"cWhen":1.5300182474332504e9,"tag":"Change","cFrom":[0,55],"cText":[""],"cRemoved":["h"]}

{"cOrigin":"+delete","cTo":[0,55],"cNewPos":[0,54],"cWhen":1.5300182474832296e9,"tag":"Change","cFrom":[0,54],"cText":[""],"cRemoved":[" "]}

{"cOrigin":"+delete","cTo":[0,54],"cNewPos":[0,53],"cWhen":1.5300182475332286e9,"tag":"Change","cFrom":[0,53],"cText":[""],"cRemoved":["i"]}

{"cOrigin":"+delete","cTo":[0,53],"cNewPos":[0,52],"cWhen":1.5300182475832062e9,"tag":"Change","cFrom":[0,52],"cText":[""],"cRemoved":["h"]}

{"cOrigin":"+delete","cTo":[0,52],"cNewPos":[0,51],"cWhen":1.5300182476332338e9,"tag":"Change","cFrom":[0,51],"cText":[""],"cRemoved":[" "]}

{"cOrigin":"+delete","cTo":[0,51],"cNewPos":[0,50],"cWhen":1.5300182476832688e9,"tag":"Change","cFrom":[0,50],"cText":[""],"cRemoved":["i"]}

{"cOrigin":"+delete","cTo":[0,50],"cNewPos":[0,49],"cWhen":1.5300182477332551e9,"tag":"Change","cFrom":[0,49],"cText":[""],"cRemoved":["h"]}

{"cOrigin":"+delete","cTo":[0,49],"cNewPos":[0,48],"cWhen":1.5300182477832203e9,"tag":"Change","cFrom":[0,48],"cText":[""],"cRemoved":[" "]}

{"cOrigin":"+delete","cTo":[0,48],"cNewPos":[0,47],"cWhen":1.5300182478332524e9,"tag":"Change","cFrom":[0,47],"cText":[""],"cRemoved":["i"]}

{"cOrigin":"+delete","cTo":[0,47],"cNewPos":[0,46],"cWhen":1.5300182478832328e9,"tag":"Change","cFrom":[0,46],"cText":[""],"cRemoved":["h"]}

{"cOrigin":"+delete","cTo":[0,46],"cNewPos":[0,45],"cWhen":1.5300182479332232e9,"tag":"Change","cFrom":[0,45],"cText":[""],"cRemoved":[" "]}

{"cOrigin":"+delete","cTo":[0,45],"cNewPos":[0,44],"cWhen":1.530018247983208e9,"tag":"Change","cFrom":[0,44],"cText":[""],"cRemoved":["i"]}

{"cOrigin":"+delete","cTo":[0,44],"cNewPos":[0,43],"cWhen":1.5300182480332022e9,"tag":"Change","cFrom":[0,43],"cText":[""],"cRemoved":["h"]}

{"cOrigin":"+delete","cTo":[0,43],"cNewPos":[0,42],"cWhen":1.5300182480831935e9,"tag":"Change","cFrom":[0,42],"cText":[""],"cRemoved":[" "]}

{"cOrigin":"+delete","cTo":[0,42],"cNewPos":[0,41],"cWhen":1.5300182481332207e9,"tag":"Change","cFrom":[0,41],"cText":[""],"cRemoved":["o"]}

{"cOrigin":"+delete","cTo":[0,41],"cNewPos":[0,40],"cWhen":1.5300182481831841e9,"tag":"Change","cFrom":[0,40],"cText":[""],"cRemoved":["l"]}

{"cOrigin":"+delete","cTo":[0,40],"cNewPos":[0,39],"cWhen":1.5300182482331784e9,"tag":"Change","cFrom":[0,39],"cText":[""],"cRemoved":[" "]}

{"cOrigin":"+delete","cTo":[0,39],"cNewPos":[0,38],"cWhen":1.5300182482832026e9,"tag":"Change","cFrom":[0,38],"cText":[""],"cRemoved":["o"]}

{"cOrigin":"+delete","cTo":[0,38],"cNewPos":[0,37],"cWhen":1.5300182483332717e9,"tag":"Change","cFrom":[0,37],"cText":[""],"cRemoved":["l"]}

{"cOrigin":"+delete","cTo":[0,37],"cNewPos":[0,36],"cWhen":1.5300182483832448e9,"tag":"Change","cFrom":[0,36],"cText":[""],"cRemoved":[" "]}

{"cOrigin":"+delete","cTo":[0,36],"cNewPos":[0,35],"cWhen":1.5300182484332807e9,"tag":"Change","cFrom":[0,35],"cText":[""],"cRemoved":["o"]}

{"cOrigin":"+delete","cTo":[0,35],"cNewPos":[0,34],"cWhen":1.5300182484832592e9,"tag":"Change","cFrom":[0,34],"cText":[""],"cRemoved":["l"]}

{"cOrigin":"+delete","cTo":[0,34],"cNewPos":[0,33],"cWhen":1.5300182485332386e9,"tag":"Change","cFrom":[0,33],"cText":[""],"cRemoved":[" "]}

{"cOrigin":"+delete","cTo":[0,33],"cNewPos":[0,32],"cWhen":1.5300182485832393e9,"tag":"Change","cFrom":[0,32],"cText":[""],"cRemoved":["o"]}

{"cOrigin":"+delete","cTo":[0,32],"cNewPos":[0,31],"cWhen":1.530018248633296e9,"tag":"Change","cFrom":[0,31],"cText":[""],"cRemoved":["l"]}

{"cOrigin":"+delete","cTo":[0,31],"cNewPos":[0,30],"cWhen":1.5300182486832755e9,"tag":"Change","cFrom":[0,30],"cText":[""],"cRemoved":[" "]}

{"cOrigin":"+delete","cTo":[0,30],"cNewPos":[0,29],"cWhen":1.5300182487332792e9,"tag":"Change","cFrom":[0,29],"cText":[""],"cRemoved":["o"]}

{"cOrigin":"+delete","cTo":[0,29],"cNewPos":[0,28],"cWhen":1.5300182487832663e9,"tag":"Change","cFrom":[0,28],"cText":[""],"cRemoved":["l"]}

{"cOrigin":"+delete","cTo":[0,28],"cNewPos":[0,27],"cWhen":1.5300182488332632e9,"tag":"Change","cFrom":[0,27],"cText":[""],"cRemoved":[" "]}

{"cOrigin":"+delete","cTo":[0,27],"cNewPos":[0,26],"cWhen":1.5300182488832617e9,"tag":"Change","cFrom":[0,26],"cText":[""],"cRemoved":["o"]}

{"cOrigin":"+delete","cTo":[0,26],"cNewPos":[0,25],"cWhen":1.5300182489334023e9,"tag":"Change","cFrom":[0,25],"cText":[""],"cRemoved":["l"]}

{"cOrigin":"+delete","cTo":[0,25],"cNewPos":[0,24],"cWhen":1.5300182489832957e9,"tag":"Change","cFrom":[0,24],"cText":[""],"cRemoved":[" "]}

{"cOrigin":"+delete","cTo":[0,24],"cNewPos":[0,23],"cWhen":1.530018249033288e9,"tag":"Change","cFrom":[0,23],"cText":[""],"cRemoved":["i"]}

{"cOrigin":"+delete","cTo":[0,23],"cNewPos":[0,22],"cWhen":1.530018249083324e9,"tag":"Change","cFrom":[0,22],"cText":[""],"cRemoved":["h"]}

{"cOrigin":"+delete","cTo":[0,22],"cNewPos":[0,21],"cWhen":1.5300182491332433e9,"tag":"Change","cFrom":[0,21],"cText":[""],"cRemoved":[" "]}

{"cOrigin":"+delete","cTo":[0,21],"cNewPos":[0,20],"cWhen":1.5300182491833196e9,"tag":"Change","cFrom":[0,20],"cText":[""],"cRemoved":["o"]}

{"cOrigin":"+delete","cTo":[0,20],"cNewPos":[0,19],"cWhen":1.5300182492332869e9,"tag":"Change","cFrom":[0,19],"cText":[""],"cRemoved":["l"]}

{"cOrigin":"+delete","cTo":[0,19],"cNewPos":[0,18],"cWhen":1.5300182492833307e9,"tag":"Change","cFrom":[0,18],"cText":[""],"cRemoved":[" "]}

{"cOrigin":"+delete","cTo":[0,18],"cNewPos":[0,17],"cWhen":1.5300182493333108e9,"tag":"Change","cFrom":[0,17],"cText":[""],"cRemoved":["i"]}

{"cOrigin":"+delete","cTo":[0,17],"cNewPos":[0,16],"cWhen":1.5300182493832636e9,"tag":"Change","cFrom":[0,16],"cText":[""],"cRemoved":["h"]}

{"cOrigin":"+delete","cTo":[0,16],"cNewPos":[0,15],"cWhen":1.5300182494332466e9,"tag":"Change","cFrom":[0,15],"cText":[""],"cRemoved":["\""]}

{"cOrigin":"+delete","cTo":[0,15],"cNewPos":[0,14],"cWhen":1.5300182494832363e9,"tag":"Change","cFrom":[0,14],"cText":[""],"cRemoved":[" "]}

{"cOrigin":"+delete","cTo":[0,14],"cNewPos":[0,13],"cWhen":1.530018249533244e9,"tag":"Change","cFrom":[0,13],"cText":[""],"cRemoved":["2"]}

{"cOrigin":"+delete","cTo":[0,13],"cNewPos":[0,12],"cWhen":1.53001824958325e9,"tag":"Change","cFrom":[0,12],"cText":[""],"cRemoved":[" "]}

{"cOrigin":"+delete","cTo":[0,12],"cNewPos":[0,11],"cWhen":1.5300182496332195e9,"tag":"Change","cFrom":[0,11],"cText":[""],"cRemoved":["y"]}

{"cOrigin":"+delete","cTo":[0,11],"cNewPos":[0,10],"cWhen":1.530018249683259e9,"tag":"Change","cFrom":[0,10],"cText":[""],"cRemoved":["e"]}

{"cOrigin":"+delete","cTo":[0,10],"cNewPos":[0,9],"cWhen":1.5300182497332618e9,"tag":"Change","cFrom":[0,9],"cText":[""],"cRemoved":["r"]}

{"cOrigin":"+delete","cTo":[0,9],"cNewPos":[0,8],"cWhen":1.5300182497832594e9,"tag":"Change","cFrom":[0,8],"cText":[""],"cRemoved":["v"]}

{"cOrigin":"+delete","cTo":[0,8],"cNewPos":[0,7],"cWhen":1.5300182498332555e9,"tag":"Change","cFrom":[0,7],"cText":[""],"cRemoved":["e"]}

{"cOrigin":"+delete","cTo":[0,7],"cNewPos":[0,6],"cWhen":1.5300182498832734e9,"tag":"Change","cFrom":[0,6],"cText":[""],"cRemoved":[" "]}

{"cOrigin":"+delete","cTo":[0,6],"cNewPos":[0,5],"cWhen":1.5300182499332848e9,"tag":"Change","cFrom":[0,5],"cText":[""],"cRemoved":["r"]}

{"cOrigin":"+delete","cTo":[0,5],"cNewPos":[0,4],"cWhen":1.5300182499833026e9,"tag":"Change","cFrom":[0,4],"cText":[""],"cRemoved":["e"]}

{"cOrigin":"+delete","cTo":[0,4],"cNewPos":[0,3],"cWhen":1.5300182500332363e9,"tag":"Change","cFrom":[0,3],"cText":[""],"cRemoved":["t"]}

{"cOrigin":"+delete","cTo":[0,3],"cNewPos":[0,2],"cWhen":1.5300182500833147e9,"tag":"Change","cFrom":[0,2],"cText":[""],"cRemoved":["s"]}

{"cOrigin":"+delete","cTo":[0,2],"cNewPos":[0,1],"cWhen":1.5300182501332524e9,"tag":"Change","cFrom":[0,1],"cText":[""],"cRemoved":["a"]}

{"cOrigin":"+delete","cTo":[0,1],"cNewPos":[0,0],"cWhen":1.5300182501832573e9,"tag":"Change","cFrom":[0,0],"cText":[""],"cRemoved":["f"]}
