{"cWhen":1530002747,"tag":"Eval","cAll":true}
{"cOrigin":"+input","cTo":[0,0],"cNewPos":[0,1],"cWhen":1.5300027472461662e9,"tag":"Change","cFrom":[0,0],"cText":["c"],"cRemoved":[""]}

{"cOrigin":"+input","cTo":[0,1],"cNewPos":[0,2],"cWhen":1.530002747398093e9,"tag":"Change","cFrom":[0,1],"cText":["r"],"cRemoved":[""]}

{"cOrigin":"+input","cTo":[0,2],"cNewPos":[0,3],"cWhen":1.530002747918828e9,"tag":"Change","cFrom":[0,2],"cText":["u"],"cRemoved":[""]}

{"cOrigin":"+input","cTo":[0,3],"cNewPos":[0,4],"cWhen":1.5300027483660004e9,"tag":"Change","cFrom":[0,3],"cText":["n"],"cRemoved":[""]}

{"cOrigin":"+input","cTo":[0,4],"cNewPos":[0,5],"cWhen":1.5300027484620805e9,"tag":"Change","cFrom":[0,4],"cText":["c"],"cRemoved":[""]}

{"cOrigin":"+input","cTo":[0,5],"cNewPos":[0,6],"cWhen":1.5300027487979908e9,"tag":"Change","cFrom":[0,5],"cText":["h"],"cRemoved":[""]}

{"cOrigin":"+input","cTo":[0,6],"cNewPos":[0,7],"cWhen":1.5300027501978562e9,"tag":"Change","cFrom":[0,6],"cText":[" "],"cRemoved":[""]}

{"cOrigin":"+input","cTo":[0,7],"cNewPos":[0,8],"cWhen":1.5300027508218906e9,"tag":"Change","cFrom":[0,7],"cText":["\""],"cRemoved":[""]}

{"cOrigin":"+input","cTo":[0,8],"cNewPos":[0,9],"cWhen":1.5300027508298738e9,"tag":"Change","cFrom":[0,8],"cText":["£"],"cRemoved":[""]}

{"cOrigin":"+input","cTo":[0,9],"cNewPos":[0,10],"cWhen":1.5300027518058996e9,"tag":"Change","cFrom":[0,9],"cText":["l"],"cRemoved":[""]}

{"cOrigin":"+input","cTo":[0,10],"cNewPos":[0,11],"cWhen":1.5300027519978614e9,"tag":"Change","cFrom":[0,10],"cText":["o"],"cRemoved":[""]}

{"cOrigin":"+delete","cTo":[0,11],"cNewPos":[0,10],"cWhen":1.5300027525578e9,"tag":"Change","cFrom":[0,10],"cText":[""],"cRemoved":["o"]}

{"cOrigin":"+delete","cTo":[0,10],"cNewPos":[0,9],"cWhen":1.5300027526936512e9,"tag":"Change","cFrom":[0,9],"cText":[""],"cRemoved":["l"]}

{"cOrigin":"+delete","cTo":[0,9],"cNewPos":[0,8],"cWhen":1.5300027528296318e9,"tag":"Change","cFrom":[0,8],"cText":[""],"cRemoved":["£"]}

{"cOrigin":"+input","cTo":[0,8],"cNewPos":[0,9],"cWhen":1.5300027535742016e9,"tag":"Change","cFrom":[0,8],"cText":["l"],"cRemoved":[""]}

{"cOrigin":"+input","cTo":[0,9],"cNewPos":[0,10],"cWhen":1.5300027537256868e9,"tag":"Change","cFrom":[0,9],"cText":["o"],"cRemoved":[""]}

{"cOrigin":"+input","cTo":[0,10],"cNewPos":[0,11],"cWhen":1.5300027540617447e9,"tag":"Change","cFrom":[0,10],"cText":[" "],"cRemoved":[""]}

{"cOrigin":"+input","cTo":[0,11],"cNewPos":[0,12],"cWhen":1.53000275450171e9,"tag":"Change","cFrom":[0,11],"cText":["h"],"cRemoved":[""]}

{"cOrigin":"+input","cTo":[0,12],"cNewPos":[0,13],"cWhen":1.5300027546376913e9,"tag":"Change","cFrom":[0,12],"cText":["i"],"cRemoved":[""]}

{"cOrigin":"+input","cTo":[0,13],"cNewPos":[0,14],"cWhen":1.5300027548776956e9,"tag":"Change","cFrom":[0,13],"cText":[" "],"cRemoved":[""]}

{"cOrigin":"+input","cTo":[0,14],"cNewPos":[0,15],"cWhen":1.5300027551976838e9,"tag":"Change","cFrom":[0,14],"cText":["l"],"cRemoved":[""]}

{"cOrigin":"+input","cTo":[0,15],"cNewPos":[0,16],"cWhen":1.5300027553896668e9,"tag":"Change","cFrom":[0,15],"cText":["o"],"cRemoved":[""]}

{"cOrigin":"+input","cTo":[0,16],"cNewPos":[0,17],"cWhen":1.5300027556775994e9,"tag":"Change","cFrom":[0,16],"cText":[" "],"cRemoved":[""]}

{"cOrigin":"+input","cTo":[0,17],"cNewPos":[0,18],"cWhen":1.5300027559176319e9,"tag":"Change","cFrom":[0,17],"cText":[" "],"cRemoved":[""]}

{"cOrigin":"+delete","cTo":[0,18],"cNewPos":[0,17],"cWhen":1.5300027567814004e9,"tag":"Change","cFrom":[0,17],"cText":[""],"cRemoved":[" "]}

{"cOrigin":"+input","cTo":[0,17],"cNewPos":[0,18],"cWhen":1.5300027574455256e9,"tag":"Change","cFrom":[0,17],"cText":["l"],"cRemoved":[""]}

{"cOrigin":"+input","cTo":[0,18],"cNewPos":[0,19],"cWhen":1.5300027575974488e9,"tag":"Change","cFrom":[0,18],"cText":["o"],"cRemoved":[""]}

{"cOrigin":"+input","cTo":[0,19],"cNewPos":[1,0],"cWhen":1.5300027594133122e9,"tag":"Change","cFrom":[0,19],"cText":["",""],"cRemoved":[""]}

{"cOrigin":"+input","cTo":[1,0],"cNewPos":[2,0],"cWhen":1.530002759664085e9,"tag":"Change","cFrom":[1,0],"cText":["",""],"cRemoved":[""]}

{"cOrigin":"+delete","cTo":[2,0],"cNewPos":[1,0],"cWhen":1.5300027611090817e9,"tag":"Change","cFrom":[1,0],"cText":[""],"cRemoved":["",""]}

{"cOrigin":"+delete","cTo":[1,0],"cNewPos":[0,19],"cWhen":1.5300027612530806e9,"tag":"Change","cFrom":[0,19],"cText":[""],"cRemoved":["",""]}

{"cOrigin":"+input","cTo":[0,19],"cNewPos":[0,20],"cWhen":1.530002762925189e9,"tag":"Change","cFrom":[0,19],"cText":["*"],"cRemoved":[""]}

{"cOrigin":"+input","cTo":[0,20],"cNewPos":[0,21],"cWhen":1.530002763589247e9,"tag":"Change","cFrom":[0,20],"cText":["3"],"cRemoved":[""]}

{"cWhen":1.530002765863208e9,"tag":"Eval","cAll":true}

{"cWhen":1.5300027661154923e9,"tag":"Eval","cAll":true}

{"cWhen":1.5300027661655893e9,"tag":"Eval","cAll":true}

{"cOrigin":"+input","cTo":[0,21],"cNewPos":[0,22],"cWhen":1.5300027693567684e9,"tag":"Change","cFrom":[0,21],"cText":["\""],"cRemoved":[""]}

{"cWhen":1.5300027705341585e9,"tag":"Eval","cAll":true}

{"cWhen":1.5300027735715008e9,"tag":"Eval","cAll":true}

{"cWhen":1.530002773615329e9,"tag":"Eval","cAll":true}

{"cWhen":1.5300027736573195e9,"tag":"Eval","cAll":true}

{"cWhen":1.5300027737004483e9,"tag":"Eval","cAll":true}

{"cWhen":1.5300027737459655e9,"tag":"Eval","cAll":true}

{"cWhen":1.5300027737899597e9,"tag":"Eval","cAll":true}

{"cWhen":1.530002773831534e9,"tag":"Eval","cAll":true}

{"cWhen":1.5300027738730328e9,"tag":"Eval","cAll":true}

{"cWhen":1.530002774309877e9,"tag":"Eval","cAll":true}

{"cWhen":1.5300027745657947e9,"tag":"Eval","cAll":true}

{"cXWarp":21,"cNewPos":[0,21],"cWhen":1.530002790907472e9,"tag":"Move"}

{"cXWarp":20,"cNewPos":[0,20],"cWhen":1.530002792612164e9,"tag":"Move"}

{"cXWarp":19,"cNewPos":[0,19],"cWhen":1.5300027928640053e9,"tag":"Move"}

{"cXWarp":18,"cNewPos":[0,18],"cWhen":1.5300027929139361e9,"tag":"Move"}

{"cXWarp":17,"cNewPos":[0,17],"cWhen":1.530002792963946e9,"tag":"Move"}

{"cXWarp":16,"cNewPos":[0,16],"cWhen":1.530002793013948e9,"tag":"Move"}

{"cXWarp":15,"cNewPos":[0,15],"cWhen":1.5300027930639062e9,"tag":"Move"}

{"cXWarp":14,"cNewPos":[0,14],"cWhen":1.5300027931139607e9,"tag":"Move"}

{"cXWarp":13,"cNewPos":[0,13],"cWhen":1.5300027931639547e9,"tag":"Move"}

{"cXWarp":12,"cNewPos":[0,12],"cWhen":1.5300027932139566e9,"tag":"Move"}

{"cXWarp":11,"cNewPos":[0,11],"cWhen":1.5300027932639494e9,"tag":"Move"}

{"cXWarp":10,"cNewPos":[0,10],"cWhen":1.530002793313934e9,"tag":"Move"}

{"cXWarp":9,"cNewPos":[0,9],"cWhen":1.5300027933643107e9,"tag":"Move"}

{"cXWarp":8,"cNewPos":[0,8],"cWhen":1.530002793413936e9,"tag":"Move"}

{"cXWarp":7,"cNewPos":[0,7],"cWhen":1.530002793463959e9,"tag":"Move"}

{"cXWarp":6,"cNewPos":[0,6],"cWhen":1.5300027935139368e9,"tag":"Move"}

{"cXWarp":5,"cNewPos":[0,5],"cWhen":1.5300027935640414e9,"tag":"Move"}

{"cXWarp":4,"cNewPos":[0,4],"cWhen":1.5300027936139083e9,"tag":"Move"}

{"cXWarp":3,"cNewPos":[0,3],"cWhen":1.5300027936639016e9,"tag":"Move"}

{"cXWarp":2,"cNewPos":[0,2],"cWhen":1.5300027937139342e9,"tag":"Move"}

{"cXWarp":1,"cNewPos":[0,1],"cWhen":1.5300027937639947e9,"tag":"Move"}

{"cXWarp":0,"cNewPos":[0,0],"cWhen":1.5300027938139446e9,"tag":"Move"}

{"cXWarp":0,"cNewPos":[0,0],"cWhen":1.5300027938639042e9,"tag":"Move"}

{"cXWarp":0,"cNewPos":[0,0],"cWhen":1.5300027939139228e9,"tag":"Move"}

{"cXWarp":0,"cNewPos":[0,0],"cWhen":1.5300027939639251e9,"tag":"Move"}

{"cXWarp":0,"cNewPos":[0,0],"cWhen":1.5300027940138764e9,"tag":"Move"}

{"cXWarp":0,"cNewPos":[0,0],"cWhen":1.5300027940639396e9,"tag":"Move"}

{"cXWarp":0,"cNewPos":[0,0],"cWhen":1.5300027941139355e9,"tag":"Move"}

{"cOrigin":"+input","cTo":[0,0],"cNewPos":[0,1],"cWhen":1.530002795003502e9,"tag":"Change","cFrom":[0,0],"cText":["e"],"cRemoved":[""]}

{"cOrigin":"+input","cTo":[0,1],"cNewPos":[0,2],"cWhen":1.5300027951236525e9,"tag":"Change","cFrom":[0,1],"cText":["v"],"cRemoved":[""]}

{"cOrigin":"+input","cTo":[0,2],"cNewPos":[0,3],"cWhen":1.5300027952595935e9,"tag":"Change","cFrom":[0,2],"cText":["e"],"cRemoved":[""]}

{"cOrigin":"+input","cTo":[0,3],"cNewPos":[0,4],"cWhen":1.5300027968354666e9,"tag":"Change","cFrom":[0,3],"cText":["r"],"cRemoved":[""]}

{"cOrigin":"+input","cTo":[0,4],"cNewPos":[0,5],"cWhen":1.5300027969392843e9,"tag":"Change","cFrom":[0,4],"cText":["y"],"cRemoved":[""]}

{"cOrigin":"+input","cTo":[0,5],"cNewPos":[0,6],"cWhen":1.5300027971552708e9,"tag":"Change","cFrom":[0,5],"cText":[" "],"cRemoved":[""]}

{"cOrigin":"+input","cTo":[0,6],"cNewPos":[0,7],"cWhen":1.5300027998914437e9,"tag":"Change","cFrom":[0,6],"cText":["3"],"cRemoved":[""]}

{"cOrigin":"+input","cTo":[0,7],"cNewPos":[0,8],"cWhen":1.5300028000434053e9,"tag":"Change","cFrom":[0,7],"cText":[" "],"cRemoved":[""]}

{"cWhen":1.5300028021000218e9,"tag":"Eval","cAll":true}

{"cWhen":1.530002802355645e9,"tag":"Eval","cAll":true}

{"cWhen":1.5300028028460076e9,"tag":"Eval","cAll":true}

{"cXWarp":9,"cNewPos":[0,9],"cWhen":1.5300028147865598e9,"tag":"Move"}

{"cXWarp":10,"cNewPos":[0,10],"cWhen":1.530002815043884e9,"tag":"Move"}

{"cXWarp":11,"cNewPos":[0,11],"cWhen":1.5300028150942461e9,"tag":"Move"}

{"cXWarp":12,"cNewPos":[0,12],"cWhen":1.5300028151439095e9,"tag":"Move"}

{"cXWarp":13,"cNewPos":[0,13],"cWhen":1.5300028151939468e9,"tag":"Move"}

{"cXWarp":14,"cNewPos":[0,14],"cWhen":1.5300028152439332e9,"tag":"Move"}

{"cXWarp":15,"cNewPos":[0,15],"cWhen":1.530002815293925e9,"tag":"Move"}

{"cXWarp":16,"cNewPos":[0,16],"cWhen":1.5300028153438528e9,"tag":"Move"}

{"cXWarp":17,"cNewPos":[0,17],"cWhen":1.5300028153939164e9,"tag":"Move"}

{"cXWarp":18,"cNewPos":[0,18],"cWhen":1.5300028154438703e9,"tag":"Move"}

{"cXWarp":19,"cNewPos":[0,19],"cWhen":1.530002815493935e9,"tag":"Move"}

{"cXWarp":20,"cNewPos":[0,20],"cWhen":1.530002815543851e9,"tag":"Move"}

{"cXWarp":21,"cNewPos":[0,21],"cWhen":1.5300028155939438e9,"tag":"Move"}

{"cXWarp":22,"cNewPos":[0,22],"cWhen":1.5300028156439233e9,"tag":"Move"}

{"cXWarp":23,"cNewPos":[0,23],"cWhen":1.5300028156939135e9,"tag":"Move"}

{"cXWarp":24,"cNewPos":[0,24],"cWhen":1.5300028157439191e9,"tag":"Move"}

{"cXWarp":25,"cNewPos":[0,25],"cWhen":1.5300028157938406e9,"tag":"Move"}

{"cXWarp":26,"cNewPos":[0,26],"cWhen":1.5300028158439796e9,"tag":"Move"}

{"cXWarp":27,"cNewPos":[0,27],"cWhen":1.530002815894071e9,"tag":"Move"}

{"cXWarp":28,"cNewPos":[0,28],"cWhen":1.5300028159438841e9,"tag":"Move"}

{"cXWarp":29,"cNewPos":[0,29],"cWhen":1.5300028159940324e9,"tag":"Move"}

{"cXWarp":30,"cNewPos":[0,30],"cWhen":1.530002816043889e9,"tag":"Move"}

{"cXWarp":30,"cNewPos":[0,30],"cWhen":1.530002816093932e9,"tag":"Move"}

{"cXWarp":30,"cNewPos":[0,30],"cWhen":1.530002816143882e9,"tag":"Move"}

{"cXWarp":30,"cNewPos":[0,30],"cWhen":1.5300028161940005e9,"tag":"Move"}

{"cXWarp":30,"cNewPos":[0,30],"cWhen":1.5300028162439494e9,"tag":"Move"}

{"cXWarp":30,"cNewPos":[0,30],"cWhen":1.530002816293939e9,"tag":"Move"}

{"cXWarp":30,"cNewPos":[0,30],"cWhen":1.5300028163438556e9,"tag":"Move"}

{"cOrigin":"+input","cTo":[0,30],"cNewPos":[1,0],"cWhen":1.5300028168186378e9,"tag":"Change","cFrom":[0,30],"cText":["",""],"cRemoved":[""]}

{"cOrigin":"+input","cTo":[1,0],"cNewPos":[2,0],"cWhen":1.530002816994609e9,"tag":"Change","cFrom":[1,0],"cText":["",""],"cRemoved":[""]}

{"cOrigin":"+input","cTo":[2,0],"cNewPos":[2,1],"cWhen":1.5300028230822012e9,"tag":"Change","cFrom":[2,0],"cText":["s"],"cRemoved":[""]}

{"cOrigin":"+input","cTo":[2,1],"cNewPos":[2,2],"cWhen":1.530002823202187e9,"tag":"Change","cFrom":[2,1],"cText":["l"],"cRemoved":[""]}

{"cOrigin":"+input","cTo":[2,2],"cNewPos":[2,3],"cWhen":1.5300028233622475e9,"tag":"Change","cFrom":[2,2],"cText":["o"],"cRemoved":[""]}

{"cOrigin":"+input","cTo":[2,3],"cNewPos":[2,4],"cWhen":1.530002823578187e9,"tag":"Change","cFrom":[2,3],"cText":["w"],"cRemoved":[""]}

{"cOrigin":"+input","cTo":[2,4],"cNewPos":[2,5],"cWhen":1.5300028239543703e9,"tag":"Change","cFrom":[2,4],"cText":["e"],"cRemoved":[""]}

{"cOrigin":"+input","cTo":[2,5],"cNewPos":[2,6],"cWhen":1.5300028240903609e9,"tag":"Change","cFrom":[2,5],"cText":["r"],"cRemoved":[""]}

{"cOrigin":"+input","cTo":[2,6],"cNewPos":[2,7],"cWhen":1.5300028252104135e9,"tag":"Change","cFrom":[2,6],"cText":[" "],"cRemoved":[""]}

{"cOrigin":"+input","cTo":[2,7],"cNewPos":[2,8],"cWhen":1.530002825810379e9,"tag":"Change","cFrom":[2,7],"cText":["\""],"cRemoved":[""]}

{"cOrigin":"+input","cTo":[2,8],"cNewPos":[2,9],"cWhen":1.5300028293622024e9,"tag":"Change","cFrom":[2,8],"cText":["l"],"cRemoved":[""]}

{"cOrigin":"+input","cTo":[2,9],"cNewPos":[2,10],"cWhen":1.5300028295222225e9,"tag":"Change","cFrom":[2,9],"cText":["o"],"cRemoved":[""]}

{"cOrigin":"+input","cTo":[2,10],"cNewPos":[2,11],"cWhen":1.530002832249925e9,"tag":"Change","cFrom":[2,10],"cText":["*"],"cRemoved":[""]}

{"cOrigin":"+input","cTo":[2,11],"cNewPos":[2,12],"cWhen":1.5300028330420902e9,"tag":"Change","cFrom":[2,11],"cText":["3"],"cRemoved":[""]}

{"cOrigin":"+input","cTo":[2,12],"cNewPos":[2,13],"cWhen":1.5300028332341871e9,"tag":"Change","cFrom":[2,12],"cText":[" "],"cRemoved":[""]}

{"cOrigin":"+input","cTo":[2,13],"cNewPos":[2,14],"cWhen":1.5300028340821176e9,"tag":"Change","cFrom":[2,13],"cText":["l"],"cRemoved":[""]}

{"cOrigin":"+input","cTo":[2,14],"cNewPos":[2,15],"cWhen":1.5300028342581756e9,"tag":"Change","cFrom":[2,14],"cText":["o"],"cRemoved":[""]}

{"cOrigin":"+input","cTo":[2,15],"cNewPos":[2,16],"cWhen":1.5300028349781091e9,"tag":"Change","cFrom":[2,15],"cText":[" "],"cRemoved":[""]}

{"cOrigin":"+input","cTo":[2,16],"cNewPos":[2,17],"cWhen":1.530002835114143e9,"tag":"Change","cFrom":[2,16],"cText":["l"],"cRemoved":[""]}

{"cOrigin":"+input","cTo":[2,17],"cNewPos":[2,18],"cWhen":1.530002835289994e9,"tag":"Change","cFrom":[2,17],"cText":["o"],"cRemoved":[""]}

{"cOrigin":"+input","cTo":[2,18],"cNewPos":[2,19],"cWhen":1.5300028354660797e9,"tag":"Change","cFrom":[2,18],"cText":[" "],"cRemoved":[""]}

{"cOrigin":"+input","cTo":[2,19],"cNewPos":[2,20],"cWhen":1.5300028363300304e9,"tag":"Change","cFrom":[2,19],"cText":["l"],"cRemoved":[""]}

{"cOrigin":"+input","cTo":[2,20],"cNewPos":[2,21],"cWhen":1.5300028365060294e9,"tag":"Change","cFrom":[2,20],"cText":["o"],"cRemoved":[""]}

{"cOrigin":"+input","cTo":[2,21],"cNewPos":[2,22],"cWhen":1.5300028368820288e9,"tag":"Change","cFrom":[2,21],"cText":[" "],"cRemoved":[""]}

{"cOrigin":"+input","cTo":[2,22],"cNewPos":[2,23],"cWhen":1.5300028370660417e9,"tag":"Change","cFrom":[2,22],"cText":["h"],"cRemoved":[""]}

{"cOrigin":"+input","cTo":[2,23],"cNewPos":[2,24],"cWhen":1.5300028375140371e9,"tag":"Change","cFrom":[2,23],"cText":["i"],"cRemoved":[""]}

{"cOrigin":"+input","cTo":[2,24],"cNewPos":[2,25],"cWhen":1.5300028387699475e9,"tag":"Change","cFrom":[2,24],"cText":[" "],"cRemoved":[""]}

{"cOrigin":"+input","cTo":[2,25],"cNewPos":[2,26],"cWhen":1.5300028390579345e9,"tag":"Change","cFrom":[2,25],"cText":["l"],"cRemoved":[""]}

{"cOrigin":"+input","cTo":[2,26],"cNewPos":[2,27],"cWhen":1.5300028392499201e9,"tag":"Change","cFrom":[2,26],"cText":["o"],"cRemoved":[""]}

{"cOrigin":"+input","cTo":[2,27],"cNewPos":[2,28],"cWhen":1.5300028409218605e9,"tag":"Change","cFrom":[2,27],"cText":[" "],"cRemoved":[""]}

{"cOrigin":"+input","cTo":[2,28],"cNewPos":[2,29],"cWhen":1.5300028410898037e9,"tag":"Change","cFrom":[2,28],"cText":["h"],"cRemoved":[""]}

{"cOrigin":"+input","cTo":[2,29],"cNewPos":[2,30],"cWhen":1.5300028416097887e9,"tag":"Change","cFrom":[2,29],"cText":["i"],"cRemoved":[""]}

{"cOrigin":"+input","cTo":[2,30],"cNewPos":[2,31],"cWhen":1.5300028419863703e9,"tag":"Change","cFrom":[2,30],"cText":[" "],"cRemoved":[""]}

{"cOrigin":"+input","cTo":[2,31],"cNewPos":[2,32],"cWhen":1.5300028420977325e9,"tag":"Change","cFrom":[2,31],"cText":["h"],"cRemoved":[""]}

{"cOrigin":"+input","cTo":[2,32],"cNewPos":[2,33],"cWhen":1.5300028422658975e9,"tag":"Change","cFrom":[2,32],"cText":[" "],"cRemoved":[""]}

{"cOrigin":"+input","cTo":[2,33],"cNewPos":[2,34],"cWhen":1.530002842345827e9,"tag":"Change","cFrom":[2,33],"cText":["i"],"cRemoved":[""]}

{"cOrigin":"+input","cTo":[2,34],"cNewPos":[2,35],"cWhen":1.530002842609785e9,"tag":"Change","cFrom":[2,34],"cText":[" "],"cRemoved":[""]}

{"cOrigin":"+input","cTo":[2,35],"cNewPos":[2,36],"cWhen":1.5300028427938628e9,"tag":"Change","cFrom":[2,35],"cText":["h"],"cRemoved":[""]}

{"cOrigin":"+delete","cTo":[2,36],"cNewPos":[2,35],"cWhen":1.5300028435136614e9,"tag":"Change","cFrom":[2,35],"cText":[""],"cRemoved":["h"]}

{"cOrigin":"+delete","cTo":[2,35],"cNewPos":[2,34],"cWhen":1.5300028436655912e9,"tag":"Change","cFrom":[2,34],"cText":[""],"cRemoved":[" "]}

{"cOrigin":"+delete","cTo":[2,34],"cNewPos":[2,33],"cWhen":1.5300028438096209e9,"tag":"Change","cFrom":[2,33],"cText":[""],"cRemoved":["i"]}

{"cOrigin":"+delete","cTo":[2,33],"cNewPos":[2,32],"cWhen":1.5300028439536564e9,"tag":"Change","cFrom":[2,32],"cText":[""],"cRemoved":[" "]}

{"cOrigin":"+input","cTo":[2,32],"cNewPos":[2,33],"cWhen":1.5300028449939005e9,"tag":"Change","cFrom":[2,32],"cText":["i"],"cRemoved":[""]}

{"cOrigin":"+input","cTo":[2,33],"cNewPos":[2,34],"cWhen":1.5300028454097877e9,"tag":"Change","cFrom":[2,33],"cText":[" "],"cRemoved":[""]}

{"cOrigin":"+input","cTo":[2,34],"cNewPos":[2,35],"cWhen":1.5300028455217135e9,"tag":"Change","cFrom":[2,34],"cText":["h"],"cRemoved":[""]}

{"cOrigin":"+input","cTo":[2,35],"cNewPos":[2,36],"cWhen":1.5300028456577504e9,"tag":"Change","cFrom":[2,35],"cText":[" "],"cRemoved":[""]}

{"cOrigin":"+input","cTo":[2,36],"cNewPos":[2,37],"cWhen":1.5300028457777815e9,"tag":"Change","cFrom":[2,36],"cText":["i"],"cRemoved":[""]}

{"cOrigin":"+input","cTo":[2,37],"cNewPos":[2,38],"cWhen":1.530002847393828e9,"tag":"Change","cFrom":[2,37],"cText":["*"],"cRemoved":[""]}

{"cOrigin":"+delete","cTo":[2,38],"cNewPos":[2,37],"cWhen":1.530002849009471e9,"tag":"Change","cFrom":[2,37],"cText":[""],"cRemoved":["*"]}

{"cOrigin":"+delete","cTo":[2,37],"cNewPos":[2,36],"cWhen":1.5300028492014248e9,"tag":"Change","cFrom":[2,36],"cText":[""],"cRemoved":["i"]}

{"cOrigin":"+delete","cTo":[2,36],"cNewPos":[2,35],"cWhen":1.530002849353364e9,"tag":"Change","cFrom":[2,35],"cText":[""],"cRemoved":[" "]}

{"cOrigin":"+input","cTo":[2,35],"cNewPos":[2,36],"cWhen":1.5300028505215077e9,"tag":"Change","cFrom":[2,35],"cText":["i"],"cRemoved":[""]}

{"cOrigin":"+input","cTo":[2,36],"cNewPos":[2,37],"cWhen":1.5300028516340044e9,"tag":"Change","cFrom":[2,36],"cText":["*"],"cRemoved":[""]}

{"cOrigin":"+input","cTo":[2,37],"cNewPos":[2,38],"cWhen":1.5300028524655416e9,"tag":"Change","cFrom":[2,37],"cText":["3"],"cRemoved":[""]}

{"cOrigin":"+input","cTo":[2,38],"cNewPos":[2,39],"cWhen":1.5300028542735074e9,"tag":"Change","cFrom":[2,38],"cText":["\""],"cRemoved":[""]}

{"cWhen":1.5300028556424778e9,"tag":"Eval","cAll":true}

{"cWhen":1.5300028559877808e9,"tag":"Eval","cAll":true}

{"cWhen":1.53000285637185e9,"tag":"Eval","cAll":true}

{"cWhen":1.5300028566352708e9,"tag":"Eval","cAll":true}

{"cXWarp":0,"cNewPos":[1,0],"cWhen":1.5300028636569607e9,"tag":"Move"}

{"cXWarp":0,"cNewPos":[0,0],"cWhen":1.530002864352931e9,"tag":"Move"}

{"cXWarp":0,"cNewPos":[1,0],"cWhen":1.5300028643608696e9,"tag":"Move"}

{"cXWarp":0,"cNewPos":[0,0],"cWhen":1.5300028648488848e9,"tag":"Move"}

{"cXWarp":1,"cNewPos":[0,1],"cWhen":1.5300028656744108e9,"tag":"Move"}

{"cXWarp":2,"cNewPos":[0,2],"cWhen":1.530002866120861e9,"tag":"Move"}

{"cXWarp":3,"cNewPos":[0,3],"cWhen":1.5300028663738081e9,"tag":"Move"}

{"cXWarp":4,"cNewPos":[0,4],"cWhen":1.5300028664239008e9,"tag":"Move"}

{"cXWarp":5,"cNewPos":[0,5],"cWhen":1.5300028664737918e9,"tag":"Move"}

{"cXWarp":6,"cNewPos":[0,6],"cWhen":1.5300028665237927e9,"tag":"Move"}

{"cXWarp":7,"cNewPos":[0,7],"cWhen":1.5300028665737877e9,"tag":"Move"}

{"cXWarp":8,"cNewPos":[0,8],"cWhen":1.530002866623837e9,"tag":"Move"}

{"cXWarp":9,"cNewPos":[0,9],"cWhen":1.5300028666737943e9,"tag":"Move"}

{"cXWarp":10,"cNewPos":[0,10],"cWhen":1.5300028667238016e9,"tag":"Move"}

{"cXWarp":11,"cNewPos":[0,11],"cWhen":1.5300028667737892e9,"tag":"Move"}

{"cXWarp":12,"cNewPos":[0,12],"cWhen":1.5300028668240864e9,"tag":"Move"}

{"cXWarp":13,"cNewPos":[0,13],"cWhen":1.5300028668739011e9,"tag":"Move"}

{"cXWarp":14,"cNewPos":[0,14],"cWhen":1.5300028669238598e9,"tag":"Move"}

{"cXWarp":15,"cNewPos":[0,15],"cWhen":1.5300028669738042e9,"tag":"Move"}

{"cXWarp":16,"cNewPos":[0,16],"cWhen":1.5300028670238972e9,"tag":"Move"}

{"cXWarp":17,"cNewPos":[0,17],"cWhen":1.5300028670738628e9,"tag":"Move"}

{"cXWarp":18,"cNewPos":[0,18],"cWhen":1.5300028671238253e9,"tag":"Move"}

{"cXWarp":19,"cNewPos":[0,19],"cWhen":1.530002867173827e9,"tag":"Move"}

{"cXWarp":20,"cNewPos":[0,20],"cWhen":1.530002867223845e9,"tag":"Move"}

{"cXWarp":21,"cNewPos":[0,21],"cWhen":1.5300028672737963e9,"tag":"Move"}

{"cXWarp":22,"cNewPos":[0,22],"cWhen":1.5300028673238628e9,"tag":"Move"}

{"cXWarp":23,"cNewPos":[0,23],"cWhen":1.5300028673737996e9,"tag":"Move"}

{"cXWarp":24,"cNewPos":[0,24],"cWhen":1.530002867423845e9,"tag":"Move"}

{"cXWarp":25,"cNewPos":[0,25],"cWhen":1.5300028674737875e9,"tag":"Move"}

{"cXWarp":26,"cNewPos":[0,26],"cWhen":1.5300028675237908e9,"tag":"Move"}

{"cXWarp":27,"cNewPos":[0,27],"cWhen":1.530002867573796e9,"tag":"Move"}

{"cXWarp":28,"cNewPos":[0,28],"cWhen":1.53000286762396e9,"tag":"Move"}

{"cXWarp":29,"cNewPos":[0,29],"cWhen":1.530002867673937e9,"tag":"Move"}

{"cXWarp":30,"cNewPos":[0,30],"cWhen":1.5300028677238674e9,"tag":"Move"}

{"cXWarp":30,"cNewPos":[0,30],"cWhen":1.530002867773792e9,"tag":"Move"}

{"cXWarp":30,"cNewPos":[0,30],"cWhen":1.5300028678238058e9,"tag":"Move"}

{"cXWarp":30,"cNewPos":[0,30],"cWhen":1.530002867873786e9,"tag":"Move"}

{"cXWarp":30,"cNewPos":[0,30],"cWhen":1.53000286792386e9,"tag":"Move"}

{"cOrigin":"+delete","cTo":[0,30],"cNewPos":[0,29],"cWhen":1.5300028691607735e9,"tag":"Change","cFrom":[0,29],"cText":[""],"cRemoved":["\""]}

{"cOrigin":"+delete","cTo":[0,29],"cNewPos":[0,28],"cWhen":1.5300028694137993e9,"tag":"Change","cFrom":[0,28],"cText":[""],"cRemoved":["3"]}

{"cOrigin":"+delete","cTo":[0,28],"cNewPos":[0,27],"cWhen":1.5300028694638002e9,"tag":"Change","cFrom":[0,27],"cText":[""],"cRemoved":["*"]}

{"cOrigin":"+delete","cTo":[0,27],"cNewPos":[0,26],"cWhen":1.5300028695137901e9,"tag":"Change","cFrom":[0,26],"cText":[""],"cRemoved":["o"]}

{"cOrigin":"+delete","cTo":[0,26],"cNewPos":[0,25],"cWhen":1.5300028695637887e9,"tag":"Change","cFrom":[0,25],"cText":[""],"cRemoved":["l"]}

{"cOrigin":"+delete","cTo":[0,25],"cNewPos":[0,24],"cWhen":1.530002869613786e9,"tag":"Change","cFrom":[0,24],"cText":[""],"cRemoved":[" "]}

{"cOrigin":"+delete","cTo":[0,24],"cNewPos":[0,23],"cWhen":1.530002869663909e9,"tag":"Change","cFrom":[0,23],"cText":[""],"cRemoved":["o"]}

{"cOrigin":"+delete","cTo":[0,23],"cNewPos":[0,22],"cWhen":1.5300028697139084e9,"tag":"Change","cFrom":[0,22],"cText":[""],"cRemoved":["l"]}

{"cOrigin":"+delete","cTo":[0,22],"cNewPos":[0,21],"cWhen":1.5300028697639134e9,"tag":"Change","cFrom":[0,21],"cText":[""],"cRemoved":[" "]}

{"cOrigin":"+delete","cTo":[0,21],"cNewPos":[0,20],"cWhen":1.5300028698140311e9,"tag":"Change","cFrom":[0,20],"cText":[""],"cRemoved":["i"]}

{"cOrigin":"+delete","cTo":[0,20],"cNewPos":[0,19],"cWhen":1.530002869864204e9,"tag":"Change","cFrom":[0,19],"cText":[""],"cRemoved":["h"]}

{"cOrigin":"+delete","cTo":[0,19],"cNewPos":[0,18],"cWhen":1.5300028699139528e9,"tag":"Change","cFrom":[0,18],"cText":[""],"cRemoved":[" "]}

{"cOrigin":"+delete","cTo":[0,18],"cNewPos":[0,17],"cWhen":1.5300028699637809e9,"tag":"Change","cFrom":[0,17],"cText":[""],"cRemoved":["o"]}

{"cOrigin":"+delete","cTo":[0,17],"cNewPos":[0,16],"cWhen":1.530002870013765e9,"tag":"Change","cFrom":[0,16],"cText":[""],"cRemoved":["l"]}

{"cOrigin":"+delete","cTo":[0,16],"cNewPos":[0,15],"cWhen":1.53000287006378e9,"tag":"Change","cFrom":[0,15],"cText":[""],"cRemoved":["\""]}

{"cOrigin":"+delete","cTo":[0,15],"cNewPos":[0,14],"cWhen":1.530002870113862e9,"tag":"Change","cFrom":[0,14],"cText":[""],"cRemoved":[" "]}

{"cOrigin":"+delete","cTo":[0,14],"cNewPos":[0,13],"cWhen":1.530002870163751e9,"tag":"Change","cFrom":[0,13],"cText":[""],"cRemoved":["h"]}

{"cOrigin":"+delete","cTo":[0,13],"cNewPos":[0,12],"cWhen":1.5300028702138317e9,"tag":"Change","cFrom":[0,12],"cText":[""],"cRemoved":["c"]}

{"cOrigin":"+delete","cTo":[0,12],"cNewPos":[0,11],"cWhen":1.5300028702637742e9,"tag":"Change","cFrom":[0,11],"cText":[""],"cRemoved":["n"]}

{"cOrigin":"+delete","cTo":[0,11],"cNewPos":[0,10],"cWhen":1.530002870313854e9,"tag":"Change","cFrom":[0,10],"cText":[""],"cRemoved":["u"]}

{"cOrigin":"+delete","cTo":[0,10],"cNewPos":[0,9],"cWhen":1.5300028703639002e9,"tag":"Change","cFrom":[0,9],"cText":[""],"cRemoved":["r"]}

{"cOrigin":"+delete","cTo":[0,9],"cNewPos":[0,8],"cWhen":1.5300028704138803e9,"tag":"Change","cFrom":[0,8],"cText":[""],"cRemoved":["c"]}

{"cOrigin":"+delete","cTo":[0,8],"cNewPos":[0,7],"cWhen":1.5300028704638617e9,"tag":"Change","cFrom":[0,7],"cText":[""],"cRemoved":[" "]}

{"cOrigin":"+delete","cTo":[0,7],"cNewPos":[0,6],"cWhen":1.5300028705138404e9,"tag":"Change","cFrom":[0,6],"cText":[""],"cRemoved":["3"]}

{"cOrigin":"+delete","cTo":[0,6],"cNewPos":[0,5],"cWhen":1.5300028705637875e9,"tag":"Change","cFrom":[0,5],"cText":[""],"cRemoved":[" "]}

{"cOrigin":"+delete","cTo":[0,5],"cNewPos":[0,4],"cWhen":1.5300028706138268e9,"tag":"Change","cFrom":[0,4],"cText":[""],"cRemoved":["y"]}

{"cOrigin":"+delete","cTo":[0,4],"cNewPos":[0,3],"cWhen":1.5300028706639638e9,"tag":"Change","cFrom":[0,3],"cText":[""],"cRemoved":["r"]}

{"cOrigin":"+delete","cTo":[0,3],"cNewPos":[0,2],"cWhen":1.5300028707139757e9,"tag":"Change","cFrom":[0,2],"cText":[""],"cRemoved":["e"]}

{"cOrigin":"+delete","cTo":[0,2],"cNewPos":[0,1],"cWhen":1.5300028707639792e9,"tag":"Change","cFrom":[0,1],"cText":[""],"cRemoved":["v"]}

{"cOrigin":"+delete","cTo":[0,1],"cNewPos":[0,0],"cWhen":1.5300028710167305e9,"tag":"Change","cFrom":[0,0],"cText":[""],"cRemoved":["e"]}

{"cWhen":1.5300028740019577e9,"tag":"Eval","cAll":true}

{"cWhen":1.5300028744820392e9,"tag":"Eval","cAll":true}

{"cWhen":1.530002874803151e9,"tag":"Eval","cAll":true}

{"cWhen":1.530002875055284e9,"tag":"Eval","cAll":true}

{"cWhen":1.5300028751054246e9,"tag":"Eval","cAll":true}

{"cXWarp":0,"cNewPos":[1,0],"cWhen":1.5300028779287474e9,"tag":"Move"}

{"cXWarp":0,"cNewPos":[0,0],"cWhen":1.5300028788727653e9,"tag":"Move"}

{"cOrigin":"+input","cTo":[0,0],"cNewPos":[0,1],"cWhen":1.5300028803928864e9,"tag":"Change","cFrom":[0,0],"cText":["e"],"cRemoved":[""]}

{"cOrigin":"+input","cTo":[0,1],"cNewPos":[0,2],"cWhen":1.5300028805047722e9,"tag":"Change","cFrom":[0,1],"cText":["v"],"cRemoved":[""]}

{"cOrigin":"+input","cTo":[0,2],"cNewPos":[0,3],"cWhen":1.5300028807288225e9,"tag":"Change","cFrom":[0,2],"cText":["e"],"cRemoved":[""]}

{"cOrigin":"+input","cTo":[0,3],"cNewPos":[0,4],"cWhen":1.5300028808727512e9,"tag":"Change","cFrom":[0,3],"cText":["r"],"cRemoved":[""]}

{"cOrigin":"+input","cTo":[0,4],"cNewPos":[0,5],"cWhen":1.5300028812808466e9,"tag":"Change","cFrom":[0,4],"cText":["y"],"cRemoved":[""]}

{"cOrigin":"+input","cTo":[0,5],"cNewPos":[0,6],"cWhen":1.5300028825047953e9,"tag":"Change","cFrom":[0,5],"cText":[" "],"cRemoved":[""]}

{"cOrigin":"+input","cTo":[0,6],"cNewPos":[0,7],"cWhen":1.5300028825847907e9,"tag":"Change","cFrom":[0,6],"cText":["2"],"cRemoved":[""]}

{"cOrigin":"+input","cTo":[0,7],"cNewPos":[0,8],"cWhen":1.5300028833127825e9,"tag":"Change","cFrom":[0,7],"cText":[" "],"cRemoved":[""]}

{"cOrigin":"+input","cTo":[0,8],"cNewPos":[0,9],"cWhen":1.5300028838407764e9,"tag":"Change","cFrom":[0,8],"cText":["c"],"cRemoved":[""]}

{"cOrigin":"+input","cTo":[0,9],"cNewPos":[0,10],"cWhen":1.5300028840888073e9,"tag":"Change","cFrom":[0,9],"cText":["r"],"cRemoved":[""]}

{"cOrigin":"+input","cTo":[0,10],"cNewPos":[0,11],"cWhen":1.5300028842515187e9,"tag":"Change","cFrom":[0,10],"cText":["u"],"cRemoved":[""]}

{"cOrigin":"+input","cTo":[0,11],"cNewPos":[0,12],"cWhen":1.530002884896542e9,"tag":"Change","cFrom":[0,11],"cText":["n"],"cRemoved":[""]}

{"cOrigin":"+input","cTo":[0,12],"cNewPos":[0,13],"cWhen":1.5300028850005143e9,"tag":"Change","cFrom":[0,12],"cText":["c"],"cRemoved":[""]}

{"cOrigin":"+input","cTo":[0,13],"cNewPos":[0,14],"cWhen":1.530002885472724e9,"tag":"Change","cFrom":[0,13],"cText":["h"],"cRemoved":[""]}

{"cOrigin":"+input","cTo":[0,14],"cNewPos":[0,15],"cWhen":1.530002887264703e9,"tag":"Change","cFrom":[0,14],"cText":[" "],"cRemoved":[""]}

{"cOrigin":"+input","cTo":[0,15],"cNewPos":[0,16],"cWhen":1.530002888072429e9,"tag":"Change","cFrom":[0,15],"cText":["\""],"cRemoved":[""]}

{"cOrigin":"+input","cTo":[0,16],"cNewPos":[0,17],"cWhen":1.5300028885366573e9,"tag":"Change","cFrom":[0,16],"cText":["l"],"cRemoved":[""]}

{"cOrigin":"+input","cTo":[0,17],"cNewPos":[0,18],"cWhen":1.5300028887126842e9,"tag":"Change","cFrom":[0,17],"cText":["o"],"cRemoved":[""]}

{"cOrigin":"+input","cTo":[0,18],"cNewPos":[0,19],"cWhen":1.530002889200632e9,"tag":"Change","cFrom":[0,18],"cText":[" "],"cRemoved":[""]}

{"cOrigin":"+input","cTo":[0,19],"cNewPos":[0,20],"cWhen":1.5300028894566243e9,"tag":"Change","cFrom":[0,19],"cText":["l"],"cRemoved":[""]}

{"cOrigin":"+input","cTo":[0,20],"cNewPos":[0,21],"cWhen":1.530002889640619e9,"tag":"Change","cFrom":[0,20],"cText":["o"],"cRemoved":[""]}

{"cOrigin":"+input","cTo":[0,21],"cNewPos":[0,22],"cWhen":1.530002889976608e9,"tag":"Change","cFrom":[0,21],"cText":[" "],"cRemoved":[""]}

{"cOrigin":"+input","cTo":[0,22],"cNewPos":[0,23],"cWhen":1.5300028903446093e9,"tag":"Change","cFrom":[0,22],"cText":["h"],"cRemoved":[""]}

{"cOrigin":"+input","cTo":[0,23],"cNewPos":[0,24],"cWhen":1.530002890488565e9,"tag":"Change","cFrom":[0,23],"cText":["i"],"cRemoved":[""]}

{"cOrigin":"+input","cTo":[0,24],"cNewPos":[0,25],"cWhen":1.530002890720578e9,"tag":"Change","cFrom":[0,24],"cText":[" "],"cRemoved":[""]}

{"cOrigin":"+input","cTo":[0,25],"cNewPos":[0,26],"cWhen":1.5300028911684241e9,"tag":"Change","cFrom":[0,25],"cText":["l"],"cRemoved":[""]}

{"cOrigin":"+input","cTo":[0,26],"cNewPos":[0,27],"cWhen":1.5300028913523765e9,"tag":"Change","cFrom":[0,26],"cText":["o"],"cRemoved":[""]}

{"cOrigin":"+input","cTo":[0,27],"cNewPos":[0,28],"cWhen":1.5300028916086533e9,"tag":"Change","cFrom":[0,27],"cText":[" "],"cRemoved":[""]}

{"cOrigin":"+input","cTo":[0,28],"cNewPos":[0,29],"cWhen":1.5300028918805435e9,"tag":"Change","cFrom":[0,28],"cText":["h"],"cRemoved":[""]}

{"cOrigin":"+input","cTo":[0,29],"cNewPos":[0,30],"cWhen":1.53000289201704e9,"tag":"Change","cFrom":[0,29],"cText":["i"],"cRemoved":[""]}

{"cOrigin":"+input","cTo":[0,30],"cNewPos":[0,31],"cWhen":1.530002894144256e9,"tag":"Change","cFrom":[0,30],"cText":["\""],"cRemoved":[""]}

{"cWhen":1.5300028953310027e9,"tag":"Eval","cAll":true}

{"cWhen":1.5300028956816065e9,"tag":"Eval","cAll":true}

{"cWhen":1.530002895889548e9,"tag":"Eval","cAll":true}

{"cWhen":1.530002896073704e9,"tag":"Eval","cAll":true}

{"cOrigin":"+input","cTo":[0,31],"cNewPos":[1,0],"cWhen":1.5300029113602262e9,"tag":"Change","cFrom":[0,31],"cText":["",""],"cRemoved":[""]}

{"cOrigin":"+delete","cTo":[1,0],"cNewPos":[0,31],"cWhen":1.530002912559834e9,"tag":"Change","cFrom":[0,31],"cText":[""],"cRemoved":["",""]}

{"cXWarp":31,"cNewPos":[0,31],"cWhen":1.5300029134958167e9,"tag":"Move"}

{"cXWarp":31,"cNewPos":[0,31],"cWhen":1.5300029138088584e9,"tag":"Move"}

{"cXWarp":0,"cNewPos":[1,0],"cWhen":1.5300029141919644e9,"tag":"Move"}

{"cXWarp":0,"cNewPos":[2,0],"cWhen":1.530002914415968e9,"tag":"Move"}

{"cXWarp":0,"cNewPos":[2,0],"cWhen":1.5300029145839434e9,"tag":"Move"}

{"cXWarp":0,"cNewPos":[2,0],"cWhen":1.5300029150159512e9,"tag":"Move"}

{"cXWarp":0,"cNewPos":[2,0],"cWhen":1.5300029151999707e9,"tag":"Move"}

{"cOrigin":"+input","cTo":[2,0],"cNewPos":[3,0],"cWhen":1.5300029158798873e9,"tag":"Change","cFrom":[2,0],"cText":["",""],"cRemoved":[""]}

{"cOrigin":"+delete","cTo":[3,0],"cNewPos":[2,0],"cWhen":1.5300029171279044e9,"tag":"Change","cFrom":[2,0],"cText":[""],"cRemoved":["",""]}

{"cXWarp":1,"cNewPos":[2,1],"cWhen":1.5300029175998974e9,"tag":"Move"}

{"cXWarp":2,"cNewPos":[2,2],"cWhen":1.5300029178540182e9,"tag":"Move"}

{"cXWarp":3,"cNewPos":[2,3],"cWhen":1.5300029179039507e9,"tag":"Move"}

{"cXWarp":4,"cNewPos":[2,4],"cWhen":1.5300029179539323e9,"tag":"Move"}

{"cXWarp":5,"cNewPos":[2,5],"cWhen":1.5300029180039678e9,"tag":"Move"}

{"cXWarp":6,"cNewPos":[2,6],"cWhen":1.5300029180538952e9,"tag":"Move"}

{"cXWarp":7,"cNewPos":[2,7],"cWhen":1.5300029181039252e9,"tag":"Move"}

{"cXWarp":8,"cNewPos":[2,8],"cWhen":1.5300029181539183e9,"tag":"Move"}

{"cXWarp":9,"cNewPos":[2,9],"cWhen":1.5300029182039368e9,"tag":"Move"}

{"cXWarp":10,"cNewPos":[2,10],"cWhen":1.5300029182539134e9,"tag":"Move"}

{"cXWarp":11,"cNewPos":[2,11],"cWhen":1.530002918303965e9,"tag":"Move"}

{"cXWarp":12,"cNewPos":[2,12],"cWhen":1.5300029183539302e9,"tag":"Move"}

{"cXWarp":13,"cNewPos":[2,13],"cWhen":1.5300029184039485e9,"tag":"Move"}

{"cXWarp":14,"cNewPos":[2,14],"cWhen":1.530002918453948e9,"tag":"Move"}

{"cXWarp":15,"cNewPos":[2,15],"cWhen":1.5300029185038729e9,"tag":"Move"}

{"cXWarp":16,"cNewPos":[2,16],"cWhen":1.5300029185538034e9,"tag":"Move"}

{"cXWarp":17,"cNewPos":[2,17],"cWhen":1.5300029186038382e9,"tag":"Move"}

{"cXWarp":18,"cNewPos":[2,18],"cWhen":1.5300029186537926e9,"tag":"Move"}

{"cXWarp":19,"cNewPos":[2,19],"cWhen":1.5300029187038486e9,"tag":"Move"}

{"cXWarp":20,"cNewPos":[2,20],"cWhen":1.530002918753839e9,"tag":"Move"}

{"cXWarp":21,"cNewPos":[2,21],"cWhen":1.5300029188038058e9,"tag":"Move"}

{"cXWarp":22,"cNewPos":[2,22],"cWhen":1.5300029188537955e9,"tag":"Move"}

{"cXWarp":23,"cNewPos":[2,23],"cWhen":1.5300029189038224e9,"tag":"Move"}

{"cXWarp":24,"cNewPos":[2,24],"cWhen":1.5300029189538257e9,"tag":"Move"}

{"cXWarp":25,"cNewPos":[2,25],"cWhen":1.5300029190038223e9,"tag":"Move"}

{"cXWarp":26,"cNewPos":[2,26],"cWhen":1.5300029190538566e9,"tag":"Move"}

{"cXWarp":27,"cNewPos":[2,27],"cWhen":1.5300029191038525e9,"tag":"Move"}

{"cXWarp":28,"cNewPos":[2,28],"cWhen":1.5300029191538296e9,"tag":"Move"}

{"cXWarp":29,"cNewPos":[2,29],"cWhen":1.5300029192039373e9,"tag":"Move"}

{"cXWarp":30,"cNewPos":[2,30],"cWhen":1.5300029192539477e9,"tag":"Move"}

{"cXWarp":31,"cNewPos":[2,31],"cWhen":1.5300029193039486e9,"tag":"Move"}

{"cXWarp":32,"cNewPos":[2,32],"cWhen":1.5300029193539758e9,"tag":"Move"}

{"cXWarp":33,"cNewPos":[2,33],"cWhen":1.5300029194038424e9,"tag":"Move"}

{"cXWarp":34,"cNewPos":[2,34],"cWhen":1.5300029194538617e9,"tag":"Move"}

{"cXWarp":35,"cNewPos":[2,35],"cWhen":1.5300029195037994e9,"tag":"Move"}

{"cXWarp":36,"cNewPos":[2,36],"cWhen":1.53000291955379e9,"tag":"Move"}

{"cXWarp":37,"cNewPos":[2,37],"cWhen":1.530002919603818e9,"tag":"Move"}

{"cXWarp":38,"cNewPos":[2,38],"cWhen":1.530002919653841e9,"tag":"Move"}

{"cXWarp":39,"cNewPos":[2,39],"cWhen":1.530002919703804e9,"tag":"Move"}

{"cXWarp":39,"cNewPos":[2,39],"cWhen":1.530002919753835e9,"tag":"Move"}

{"cXWarp":39,"cNewPos":[2,39],"cWhen":1.5300029198038478e9,"tag":"Move"}

{"cXWarp":39,"cNewPos":[2,39],"cWhen":1.5300029198537943e9,"tag":"Move"}

{"cXWarp":39,"cNewPos":[2,39],"cWhen":1.530002919903804e9,"tag":"Move"}

{"cXWarp":39,"cNewPos":[2,39],"cWhen":1.530002919953816e9,"tag":"Move"}

{"cXWarp":39,"cNewPos":[2,39],"cWhen":1.5300029200038292e9,"tag":"Move"}

{"cOrigin":"+input","cTo":[2,39],"cNewPos":[3,0],"cWhen":1.5300029204641619e9,"tag":"Change","cFrom":[2,39],"cText":["",""],"cRemoved":[""]}

{"cOrigin":"+input","cTo":[3,0],"cNewPos":[4,0],"cWhen":1.5300029207520254e9,"tag":"Change","cFrom":[3,0],"cText":["",""],"cRemoved":[""]}

{"cOrigin":"+input","cTo":[4,0],"cNewPos":[4,1],"cWhen":1.5300029219038737e9,"tag":"Change","cFrom":[4,0],"cText":["f"],"cRemoved":[""]}

{"cOrigin":"+input","cTo":[4,1],"cNewPos":[4,2],"cWhen":1.5300029219917543e9,"tag":"Change","cFrom":[4,1],"cText":["a"],"cRemoved":[""]}

{"cOrigin":"+input","cTo":[4,2],"cNewPos":[4,3],"cWhen":1.530002922215725e9,"tag":"Change","cFrom":[4,2],"cText":["s"],"cRemoved":[""]}

{"cOrigin":"+input","cTo":[4,3],"cNewPos":[4,4],"cWhen":1.5300029231117349e9,"tag":"Change","cFrom":[4,3],"cText":["t"],"cRemoved":[""]}

{"cOrigin":"+input","cTo":[4,4],"cNewPos":[4,5],"cWhen":1.530002923255948e9,"tag":"Change","cFrom":[4,4],"cText":["e"],"cRemoved":[""]}

{"cOrigin":"+input","cTo":[4,5],"cNewPos":[4,6],"cWhen":1.530002923271895e9,"tag":"Change","cFrom":[4,5],"cText":["3"],"cRemoved":[""]}

{"cOrigin":"+input","cTo":[4,6],"cNewPos":[4,7],"cWhen":1.530002923351996e9,"tag":"Change","cFrom":[4,6],"cText":["r"],"cRemoved":[""]}

{"cOrigin":"+delete","cTo":[4,7],"cNewPos":[4,6],"cWhen":1.5300029243439462e9,"tag":"Change","cFrom":[4,6],"cText":[""],"cRemoved":["r"]}

{"cOrigin":"+delete","cTo":[4,6],"cNewPos":[4,5],"cWhen":1.5300029245197957e9,"tag":"Change","cFrom":[4,5],"cText":[""],"cRemoved":["3"]}

{"cOrigin":"+input","cTo":[4,5],"cNewPos":[4,6],"cWhen":1.530002925415738e9,"tag":"Change","cFrom":[4,5],"cText":["r"],"cRemoved":[""]}

{"cOrigin":"+input","cTo":[4,6],"cNewPos":[4,7],"cWhen":1.530002931591872e9,"tag":"Change","cFrom":[4,6],"cText":[" "],"cRemoved":[""]}

{"cOrigin":"+input","cTo":[4,7],"cNewPos":[4,8],"cWhen":1.5300029321116235e9,"tag":"Change","cFrom":[4,7],"cText":["\""],"cRemoved":[""]}

{"cOrigin":"+input","cTo":[4,8],"cNewPos":[4,9],"cWhen":1.5300029331598246e9,"tag":"Change","cFrom":[4,8],"cText":["h"],"cRemoved":[""]}

{"cOrigin":"+input","cTo":[4,9],"cNewPos":[4,10],"cWhen":1.530002933335812e9,"tag":"Change","cFrom":[4,9],"cText":["i"],"cRemoved":[""]}

{"cOrigin":"+input","cTo":[4,10],"cNewPos":[4,11],"cWhen":1.5300029344155686e9,"tag":"Change","cFrom":[4,10],"cText":[" "],"cRemoved":[""]}

{"cOrigin":"+input","cTo":[4,11],"cNewPos":[4,12],"cWhen":1.5300029352636938e9,"tag":"Change","cFrom":[4,11],"cText":["l"],"cRemoved":[""]}

{"cOrigin":"+input","cTo":[4,12],"cNewPos":[4,13],"cWhen":1.5300029354477904e9,"tag":"Change","cFrom":[4,12],"cText":["o"],"cRemoved":[""]}

{"cOrigin":"+input","cTo":[4,13],"cNewPos":[4,14],"cWhen":1.530002936919521e9,"tag":"Change","cFrom":[4,13],"cText":["*"],"cRemoved":[""]}

{"cOrigin":"+input","cTo":[4,14],"cNewPos":[4,15],"cWhen":1.5300029376797552e9,"tag":"Change","cFrom":[4,14],"cText":["2"],"cRemoved":[""]}

{"cOrigin":"+input","cTo":[4,15],"cNewPos":[4,16],"cWhen":1.5300029380235252e9,"tag":"Change","cFrom":[4,15],"cText":[" "],"cRemoved":[""]}

{"cOrigin":"+input","cTo":[4,16],"cNewPos":[4,17],"cWhen":1.5300029388477497e9,"tag":"Change","cFrom":[4,16],"cText":["h"],"cRemoved":[""]}

{"cOrigin":"+input","cTo":[4,17],"cNewPos":[4,18],"cWhen":1.5300029389676685e9,"tag":"Change","cFrom":[4,17],"cText":["i"],"cRemoved":[""]}

{"cOrigin":"+input","cTo":[4,18],"cNewPos":[4,19],"cWhen":1.530002940231479e9,"tag":"Change","cFrom":[4,18],"cText":["*"],"cRemoved":[""]}

{"cOrigin":"+input","cTo":[4,19],"cNewPos":[4,20],"cWhen":1.5300029405914829e9,"tag":"Change","cFrom":[4,19],"cText":["9"],"cRemoved":[""]}

{"cOrigin":"+input","cTo":[4,20],"cNewPos":[4,21],"cWhen":1.5300029410156388e9,"tag":"Change","cFrom":[4,20],"cText":[" "],"cRemoved":[""]}

{"cOrigin":"+input","cTo":[4,21],"cNewPos":[4,22],"cWhen":1.5300029422396388e9,"tag":"Change","cFrom":[4,21],"cText":["l"],"cRemoved":[""]}

{"cOrigin":"+input","cTo":[4,22],"cNewPos":[4,23],"cWhen":1.530002942423696e9,"tag":"Change","cFrom":[4,22],"cText":["o"],"cRemoved":[""]}

{"cOrigin":"+input","cTo":[4,23],"cNewPos":[4,24],"cWhen":1.5300029437515252e9,"tag":"Change","cFrom":[4,23],"cText":["*"],"cRemoved":[""]}

{"cOrigin":"+input","cTo":[4,24],"cNewPos":[4,25],"cWhen":1.530002944631402e9,"tag":"Change","cFrom":[4,24],"cText":["1"],"cRemoved":[""]}

{"cOrigin":"+input","cTo":[4,25],"cNewPos":[4,26],"cWhen":1.5300029464473453e9,"tag":"Change","cFrom":[4,25],"cText":["\""],"cRemoved":[""]}

{"cWhen":1.5300029481723418e9,"tag":"Eval","cAll":true}

{"cWhen":1.530002948561181e9,"tag":"Eval","cAll":true}

{"cOrigin":"+input","cTo":[4,26],"cNewPos":[5,0],"cWhen":1.5300029944547668e9,"tag":"Change","cFrom":[4,26],"cText":["",""],"cRemoved":[""]}

{"cOrigin":"+input","cTo":[5,0],"cNewPos":[6,0],"cWhen":1.5300029946387901e9,"tag":"Change","cFrom":[5,0],"cText":["",""],"cRemoved":[""]}

{"cOrigin":"+input","cTo":[6,0],"cNewPos":[6,1],"cWhen":1.5300029987029154e9,"tag":"Change","cFrom":[6,0],"cText":["\""],"cRemoved":[""]}

{"cOrigin":"+input","cTo":[6,1],"cNewPos":[6,2],"cWhen":1.5300030000467224e9,"tag":"Change","cFrom":[6,1],"cText":["h"],"cRemoved":[""]}

{"cOrigin":"+input","cTo":[6,2],"cNewPos":[6,3],"cWhen":1.5300030001506796e9,"tag":"Change","cFrom":[6,2],"cText":["i"],"cRemoved":[""]}

{"cOrigin":"+input","cTo":[6,3],"cNewPos":[6,4],"cWhen":1.5300030004227118e9,"tag":"Change","cFrom":[6,3],"cText":[" "],"cRemoved":[""]}

{"cOrigin":"+input","cTo":[6,4],"cNewPos":[6,5],"cWhen":1.5300030010227587e9,"tag":"Change","cFrom":[6,4],"cText":["l"],"cRemoved":[""]}

{"cOrigin":"+input","cTo":[6,5],"cNewPos":[6,6],"cWhen":1.530003001190897e9,"tag":"Change","cFrom":[6,5],"cText":["o"],"cRemoved":[""]}

{"cOrigin":"+input","cTo":[6,6],"cNewPos":[6,7],"cWhen":1.5300030030066617e9,"tag":"Change","cFrom":[6,6],"cText":["*"],"cRemoved":[""]}

{"cOrigin":"+input","cTo":[6,7],"cNewPos":[6,8],"cWhen":1.5300030035106895e9,"tag":"Change","cFrom":[6,7],"cText":["2"],"cRemoved":[""]}

{"cOrigin":"+input","cTo":[6,8],"cNewPos":[6,9],"cWhen":1.5300030050306413e9,"tag":"Change","cFrom":[6,8],"cText":["\""],"cRemoved":[""]}

{"cWhen":1.5300030069449053e9,"tag":"Eval","cAll":true}

{"cWhen":1.5300030073929248e9,"tag":"Eval","cAll":true}

{"cWhen":1.5300030076135886e9,"tag":"Eval","cAll":true}

{"cWhen":1.5300030078268065e9,"tag":"Eval","cAll":true}

{"cWhen":1.5300030080392516e9,"tag":"Eval","cAll":true}

{"cOrigin":"+input","cTo":[6,9],"cNewPos":[7,0],"cWhen":1.5300030092386396e9,"tag":"Change","cFrom":[6,9],"cText":["",""],"cRemoved":[""]}

{"cOrigin":"+input","cTo":[7,0],"cNewPos":[8,0],"cWhen":1.5300030093906198e9,"tag":"Change","cFrom":[7,0],"cText":["",""],"cRemoved":[""]}

{"cOrigin":"+input","cTo":[8,0],"cNewPos":[8,1],"cWhen":1.5300030139025462e9,"tag":"Change","cFrom":[8,0],"cText":["\""],"cRemoved":[""]}

{"cOrigin":"+input","cTo":[8,1],"cNewPos":[8,2],"cWhen":1.5300030144945252e9,"tag":"Change","cFrom":[8,1],"cText":["h"],"cRemoved":[""]}

{"cOrigin":"+input","cTo":[8,2],"cNewPos":[8,3],"cWhen":1.530003014622514e9,"tag":"Change","cFrom":[8,2],"cText":["i"],"cRemoved":[""]}

{"cOrigin":"+input","cTo":[8,3],"cNewPos":[8,4],"cWhen":1.5300030150305393e9,"tag":"Change","cFrom":[8,3],"cText":[" "],"cRemoved":[""]}

{"cOrigin":"+input","cTo":[8,4],"cNewPos":[8,5],"cWhen":1.5300030152385514e9,"tag":"Change","cFrom":[8,4],"cText":["h"],"cRemoved":[""]}

{"cOrigin":"+input","cTo":[8,5],"cNewPos":[8,6],"cWhen":1.5300030154225566e9,"tag":"Change","cFrom":[8,5],"cText":["i"],"cRemoved":[""]}

{"cOrigin":"+input","cTo":[8,6],"cNewPos":[8,7],"cWhen":1.5300030157267435e9,"tag":"Change","cFrom":[8,6],"cText":[" "],"cRemoved":[""]}

{"cOrigin":"+input","cTo":[8,7],"cNewPos":[8,8],"cWhen":1.5300030163505223e9,"tag":"Change","cFrom":[8,7],"cText":["l"],"cRemoved":[""]}

{"cOrigin":"+input","cTo":[8,8],"cNewPos":[8,9],"cWhen":1.53000301649474e9,"tag":"Change","cFrom":[8,8],"cText":["o"],"cRemoved":[""]}

{"cXWarp":8,"cNewPos":[8,8],"cWhen":1.5300030177904053e9,"tag":"Move"}

{"cXWarp":7,"cNewPos":[8,7],"cWhen":1.530003018014394e9,"tag":"Move"}

{"cOrigin":"+delete","cTo":[8,8],"cNewPos":[8,7],"cWhen":1.530003018294404e9,"tag":"Change","cFrom":[8,7],"cText":[""],"cRemoved":["l"]}

{"cXWarp":6,"cNewPos":[8,6],"cWhen":1.530003018622403e9,"tag":"Move"}

{"cOrigin":"+input","cTo":[8,6],"cNewPos":[8,7],"cWhen":1.5300030207184799e9,"tag":"Change","cFrom":[8,6],"cText":["l"],"cRemoved":[""]}

{"cOrigin":"+delete","cTo":[8,7],"cNewPos":[8,6],"cWhen":1.5300030221903121e9,"tag":"Change","cFrom":[8,6],"cText":[""],"cRemoved":["l"]}

{"cXWarp":7,"cNewPos":[8,7],"cWhen":1.5300030225424368e9,"tag":"Move"}

{"cOrigin":"+input","cTo":[8,7],"cNewPos":[8,8],"cWhen":1.5300030232004955e9,"tag":"Change","cFrom":[8,7],"cText":["l"],"cRemoved":[""]}

{"cXWarp":7,"cNewPos":[8,7],"cWhen":1.5300030246863604e9,"tag":"Move"}

{"cXWarp":6,"cNewPos":[8,6],"cWhen":1.5300030258703284e9,"tag":"Move"}

{"cOrigin":"+input","cTo":[8,6],"cNewPos":[8,7],"cWhen":1.5300030276864102e9,"tag":"Change","cFrom":[8,6],"cText":["*"],"cRemoved":[""]}

{"cOrigin":"+input","cTo":[8,7],"cNewPos":[8,8],"cWhen":1.5300030283984246e9,"tag":"Change","cFrom":[8,7],"cText":["3"],"cRemoved":[""]}

{"cXWarp":9,"cNewPos":[8,9],"cWhen":1.5300030301742718e9,"tag":"Move"}

{"cXWarp":10,"cNewPos":[8,10],"cWhen":1.5300030304064224e9,"tag":"Move"}

{"cOrigin":"+input","cTo":[8,10],"cNewPos":[8,11],"cWhen":1.5300030310783799e9,"tag":"Change","cFrom":[8,10],"cText":["\""],"cRemoved":[""]}

{"cOrigin":"+delete","cTo":[8,11],"cNewPos":[8,10],"cWhen":1.5300030326222422e9,"tag":"Change","cFrom":[8,10],"cText":[""],"cRemoved":["\""]}

{"cXWarp":11,"cNewPos":[8,11],"cWhen":1.5300030334143374e9,"tag":"Move"}

{"cOrigin":"+input","cTo":[8,11],"cNewPos":[8,12],"cWhen":1.5300030365026803e9,"tag":"Change","cFrom":[8,11],"cText":["\""],"cRemoved":[""]}

{"cWhen":1.53000303750703e9,"tag":"Eval","cAll":true}

{"cWhen":1.530003037794936e9,"tag":"Eval","cAll":true}

{"cWhen":1.5300030380406098e9,"tag":"Eval","cAll":true}

{"cWhen":1.5300030382858973e9,"tag":"Eval","cAll":true}

{"cWhen":1.530003038538595e9,"tag":"Eval","cAll":true}

{"cWhen":1.5300030387891593e9,"tag":"Eval","cAll":true}

{"cWhen":1.5300030390355372e9,"tag":"Eval","cAll":true}

{"cOrigin":"+input","cTo":[8,12],"cNewPos":[9,0],"cWhen":1.530003050558543e9,"tag":"Change","cFrom":[8,12],"cText":["",""],"cRemoved":[""]}

{"cOrigin":"+input","cTo":[9,0],"cNewPos":[10,0],"cWhen":1.5300030507182562e9,"tag":"Change","cFrom":[9,0],"cText":["",""],"cRemoved":[""]}

{"cOrigin":"+input","cTo":[10,0],"cNewPos":[10,1],"cWhen":1.530003054136141e9,"tag":"Change","cFrom":[10,0],"cText":["s"],"cRemoved":[""]}

{"cOrigin":"+input","cTo":[10,1],"cNewPos":[10,2],"cWhen":1.5300030541422138e9,"tag":"Change","cFrom":[10,1],"cText":["d"],"cRemoved":[""]}

{"cOrigin":"+delete","cTo":[10,2],"cNewPos":[10,1],"cWhen":1.5300030554140866e9,"tag":"Change","cFrom":[10,1],"cText":[""],"cRemoved":["d"]}

{"cOrigin":"+input","cTo":[10,1],"cNewPos":[10,2],"cWhen":1.530003056094247e9,"tag":"Change","cFrom":[10,1],"cText":["c"],"cRemoved":[""]}

{"cOrigin":"+input","cTo":[10,2],"cNewPos":[10,3],"cWhen":1.5300030564470415e9,"tag":"Change","cFrom":[10,2],"cText":["r"],"cRemoved":[""]}

{"cOrigin":"+input","cTo":[10,3],"cNewPos":[10,4],"cWhen":1.530003056569411e9,"tag":"Change","cFrom":[10,3],"cText":["a"],"cRemoved":[""]}

{"cOrigin":"+input","cTo":[10,4],"cNewPos":[10,5],"cWhen":1.530003056718225e9,"tag":"Change","cFrom":[10,4],"cText":["t"],"cRemoved":[""]}

{"cOrigin":"+input","cTo":[10,5],"cNewPos":[10,6],"cWhen":1.5300030570462203e9,"tag":"Change","cFrom":[10,5],"cText":["c"],"cRemoved":[""]}

{"cOrigin":"+input","cTo":[10,6],"cNewPos":[10,7],"cWhen":1.5300030574622235e9,"tag":"Change","cFrom":[10,6],"cText":["h"],"cRemoved":[""]}

{"cOrigin":"+input","cTo":[10,7],"cNewPos":[10,8],"cWhen":1.5300030592941463e9,"tag":"Change","cFrom":[10,7],"cText":[" "],"cRemoved":[""]}

{"cOrigin":"+input","cTo":[10,8],"cNewPos":[10,9],"cWhen":1.5300030600543263e9,"tag":"Change","cFrom":[10,8],"cText":["\""],"cRemoved":[""]}

{"cOrigin":"+input","cTo":[10,9],"cNewPos":[10,10],"cWhen":1.5300030636141076e9,"tag":"Change","cFrom":[10,9],"cText":["h"],"cRemoved":[""]}

{"cOrigin":"+input","cTo":[10,10],"cNewPos":[10,11],"cWhen":1.5300030638540924e9,"tag":"Change","cFrom":[10,10],"cText":["i"],"cRemoved":[""]}

{"cOrigin":"+input","cTo":[10,11],"cNewPos":[10,12],"cWhen":1.530003064118064e9,"tag":"Change","cFrom":[10,11],"cText":[" "],"cRemoved":[""]}

{"cOrigin":"+input","cTo":[10,12],"cNewPos":[10,13],"cWhen":1.5300030644060476e9,"tag":"Change","cFrom":[10,12],"cText":["l"],"cRemoved":[""]}

{"cOrigin":"+input","cTo":[10,13],"cNewPos":[10,14],"cWhen":1.530003064606054e9,"tag":"Change","cFrom":[10,13],"cText":["o"],"cRemoved":[""]}

{"cOrigin":"+input","cTo":[10,14],"cNewPos":[10,15],"cWhen":1.5300030653340325e9,"tag":"Change","cFrom":[10,14],"cText":[" "],"cRemoved":[""]}

{"cOrigin":"+input","cTo":[10,15],"cNewPos":[10,16],"cWhen":1.5300030656790943e9,"tag":"Change","cFrom":[10,15],"cText":["l"],"cRemoved":[""]}

{"cOrigin":"+input","cTo":[10,16],"cNewPos":[10,17],"cWhen":1.53000306584829e9,"tag":"Change","cFrom":[10,16],"cText":["o"],"cRemoved":[""]}

{"cOrigin":"+input","cTo":[10,17],"cNewPos":[10,18],"cWhen":1.5300030661501048e9,"tag":"Change","cFrom":[10,17],"cText":[" "],"cRemoved":[""]}

{"cOrigin":"+input","cTo":[10,18],"cNewPos":[10,19],"cWhen":1.5300030665103173e9,"tag":"Change","cFrom":[10,18],"cText":["h"],"cRemoved":[""]}

{"cOrigin":"+input","cTo":[10,19],"cNewPos":[10,20],"cWhen":1.530003066646022e9,"tag":"Change","cFrom":[10,19],"cText":["i"],"cRemoved":[""]}

{"cOrigin":"+input","cTo":[10,20],"cNewPos":[10,21],"cWhen":1.530003066958041e9,"tag":"Change","cFrom":[10,20],"cText":[" "],"cRemoved":[""]}

{"cOrigin":"+input","cTo":[10,21],"cNewPos":[10,22],"cWhen":1.5300030672942975e9,"tag":"Change","cFrom":[10,21],"cText":["l"],"cRemoved":[""]}

{"cOrigin":"+input","cTo":[10,22],"cNewPos":[10,23],"cWhen":1.5300030674780672e9,"tag":"Change","cFrom":[10,22],"cText":["o"],"cRemoved":[""]}

{"cOrigin":"+input","cTo":[10,23],"cNewPos":[10,24],"cWhen":1.5300030678300529e9,"tag":"Change","cFrom":[10,23],"cText":[" "],"cRemoved":[""]}

{"cOrigin":"+input","cTo":[10,24],"cNewPos":[10,25],"cWhen":1.5300030681422887e9,"tag":"Change","cFrom":[10,24],"cText":["l"],"cRemoved":[""]}

{"cOrigin":"+input","cTo":[10,25],"cNewPos":[10,26],"cWhen":1.5300030683750706e9,"tag":"Change","cFrom":[10,25],"cText":["o"],"cRemoved":[""]}

{"cOrigin":"+input","cTo":[10,26],"cNewPos":[10,27],"cWhen":1.5300030689502106e9,"tag":"Change","cFrom":[10,26],"cText":[" "],"cRemoved":[""]}

{"cOrigin":"+input","cTo":[10,27],"cNewPos":[10,28],"cWhen":1.5300030692620633e9,"tag":"Change","cFrom":[10,27],"cText":["l"],"cRemoved":[""]}

{"cOrigin":"+input","cTo":[10,28],"cNewPos":[10,29],"cWhen":1.5300030694300659e9,"tag":"Change","cFrom":[10,28],"cText":["o"],"cRemoved":[""]}

{"cOrigin":"+input","cTo":[10,29],"cNewPos":[10,30],"cWhen":1.5300030705342302e9,"tag":"Change","cFrom":[10,29],"cText":["*"],"cRemoved":[""]}

{"cOrigin":"+input","cTo":[10,30],"cNewPos":[10,31],"cWhen":1.5300030718300097e9,"tag":"Change","cFrom":[10,30],"cText":["2"],"cRemoved":[""]}

{"cOrigin":"+input","cTo":[10,31],"cNewPos":[10,32],"cWhen":1.5300030731900182e9,"tag":"Change","cFrom":[10,31],"cText":["\""],"cRemoved":[""]}

{"cWhen":1.530003074185164e9,"tag":"Eval","cAll":true}

{"cWhen":1.5300030749416533e9,"tag":"Eval","cAll":true}

{"cWhen":1.5300030763907146e9,"tag":"Eval","cAll":true}

{"cWhen":1.5300030778820012e9,"tag":"Eval","cAll":true}

{"cWhen":1.530003079379902e9,"tag":"Eval","cAll":true}

{"cWhen":1.5300030808537028e9,"tag":"Eval","cAll":true}

{"cWhen":1.530003082353815e9,"tag":"Eval","cAll":true}

{"cWhen":1.5300030838518684e9,"tag":"Eval","cAll":true}

{"cWhen":1.5300030853468366e9,"tag":"Eval","cAll":true}

{"cWhen":1.5300030868147504e9,"tag":"Eval","cAll":true}

{"cWhen":1.5300030883143826e9,"tag":"Eval","cAll":true}

{"cOrigin":"+input","cTo":[10,32],"cNewPos":[11,0],"cWhen":1.5300031087100756e9,"tag":"Change","cFrom":[10,32],"cText":["",""],"cRemoved":[""]}

{"cOrigin":"+input","cTo":[11,0],"cNewPos":[12,0],"cWhen":1.5300031088138855e9,"tag":"Change","cFrom":[11,0],"cText":["",""],"cRemoved":[""]}

{"cOrigin":"+input","cTo":[12,0],"cNewPos":[12,1],"cWhen":1.5300031120506139e9,"tag":"Change","cFrom":[12,0],"cText":["h"],"cRemoved":[""]}

{"cOrigin":"+input","cTo":[12,1],"cNewPos":[12,2],"cWhen":1.5300031121580477e9,"tag":"Change","cFrom":[12,1],"cText":["i"],"cRemoved":[""]}

{"cOrigin":"+input","cTo":[12,2],"cNewPos":[12,3],"cWhen":1.5300031127967484e9,"tag":"Change","cFrom":[12,2],"cText":["g"],"cRemoved":[""]}

{"cOrigin":"+input","cTo":[12,3],"cNewPos":[12,4],"cWhen":1.530003112966348e9,"tag":"Change","cFrom":[12,3],"cText":["h"],"cRemoved":[""]}

{"cOrigin":"+input","cTo":[12,4],"cNewPos":[12,5],"cWhen":1.5300031135022058e9,"tag":"Change","cFrom":[12,4],"cText":["e"],"cRemoved":[""]}

{"cOrigin":"+input","cTo":[12,5],"cNewPos":[12,6],"cWhen":1.5300031136304133e9,"tag":"Change","cFrom":[12,5],"cText":["r"],"cRemoved":[""]}

{"cOrigin":"+input","cTo":[12,6],"cNewPos":[12,7],"cWhen":1.5300031176626482e9,"tag":"Change","cFrom":[12,6],"cText":[" "],"cRemoved":[""]}

{"cOrigin":"+input","cTo":[12,7],"cNewPos":[12,8],"cWhen":1.5300031195807283e9,"tag":"Change","cFrom":[12,7],"cText":["\""],"cRemoved":[""]}

{"cOrigin":"+input","cTo":[12,8],"cNewPos":[12,9],"cWhen":1.5300031209990544e9,"tag":"Change","cFrom":[12,8],"cText":["h"],"cRemoved":[""]}

{"cOrigin":"+input","cTo":[12,9],"cNewPos":[12,10],"cWhen":1.5300031211270044e9,"tag":"Change","cFrom":[12,9],"cText":["i"],"cRemoved":[""]}

{"cOrigin":"+input","cTo":[12,10],"cNewPos":[12,11],"cWhen":1.5300031213592718e9,"tag":"Change","cFrom":[12,10],"cText":[" "],"cRemoved":[""]}

{"cOrigin":"+input","cTo":[12,11],"cNewPos":[12,12],"cWhen":1.5300031217591088e9,"tag":"Change","cFrom":[12,11],"cText":["h"],"cRemoved":[""]}

{"cOrigin":"+input","cTo":[12,12],"cNewPos":[12,13],"cWhen":1.5300031218551166e9,"tag":"Change","cFrom":[12,12],"cText":["i"],"cRemoved":[""]}

{"cOrigin":"+input","cTo":[12,13],"cNewPos":[12,14],"cWhen":1.5300031221111732e9,"tag":"Change","cFrom":[12,13],"cText":[" "],"cRemoved":[""]}

{"cOrigin":"+input","cTo":[12,14],"cNewPos":[12,15],"cWhen":1.530003122367191e9,"tag":"Change","cFrom":[12,14],"cText":["k"],"cRemoved":[""]}

{"cOrigin":"+input","cTo":[12,15],"cNewPos":[12,16],"cWhen":1.5300031224713943e9,"tag":"Change","cFrom":[12,15],"cText":["h"],"cRemoved":[""]}

{"cOrigin":"+delete","cTo":[12,16],"cNewPos":[12,15],"cWhen":1.5300031229111447e9,"tag":"Change","cFrom":[12,15],"cText":[""],"cRemoved":["h"]}

{"cOrigin":"+delete","cTo":[12,15],"cNewPos":[12,14],"cWhen":1.5300031231271307e9,"tag":"Change","cFrom":[12,14],"cText":[""],"cRemoved":["k"]}

{"cOrigin":"+input","cTo":[12,14],"cNewPos":[12,15],"cWhen":1.5300031237590191e9,"tag":"Change","cFrom":[12,14],"cText":["h"],"cRemoved":[""]}

{"cOrigin":"+input","cTo":[12,15],"cNewPos":[12,16],"cWhen":1.5300031238475904e9,"tag":"Change","cFrom":[12,15],"cText":["i"],"cRemoved":[""]}

{"cOrigin":"+input","cTo":[12,16],"cNewPos":[12,17],"cWhen":1.5300031240714421e9,"tag":"Change","cFrom":[12,16],"cText":[" "],"cRemoved":[""]}

{"cOrigin":"+input","cTo":[12,17],"cNewPos":[12,18],"cWhen":1.530003124207444e9,"tag":"Change","cFrom":[12,17],"cText":["h"],"cRemoved":[""]}

{"cOrigin":"+input","cTo":[12,18],"cNewPos":[12,19],"cWhen":1.5300031251755874e9,"tag":"Change","cFrom":[12,18],"cText":["i"],"cRemoved":[""]}

{"cOrigin":"+input","cTo":[12,19],"cNewPos":[12,20],"cWhen":1.5300031254236748e9,"tag":"Change","cFrom":[12,19],"cText":[" "],"cRemoved":[""]}

{"cOrigin":"+input","cTo":[12,20],"cNewPos":[12,21],"cWhen":1.5300031256965225e9,"tag":"Change","cFrom":[12,20],"cText":["h"],"cRemoved":[""]}

{"cOrigin":"+input","cTo":[12,21],"cNewPos":[12,22],"cWhen":1.5300031258330252e9,"tag":"Change","cFrom":[12,21],"cText":["i"],"cRemoved":[""]}

{"cOrigin":"+input","cTo":[12,22],"cNewPos":[12,23],"cWhen":1.5300031273360262e9,"tag":"Change","cFrom":[12,22],"cText":["\""],"cRemoved":[""]}

{"cXWarp":22,"cNewPos":[12,22],"cWhen":1.5300031284799213e9,"tag":"Move"}

{"cXWarp":21,"cNewPos":[12,21],"cWhen":1.5300031287338073e9,"tag":"Move"}

{"cXWarp":20,"cNewPos":[12,20],"cWhen":1.5300031287843893e9,"tag":"Move"}

{"cXWarp":19,"cNewPos":[12,19],"cWhen":1.5300031288338954e9,"tag":"Move"}

{"cXWarp":18,"cNewPos":[12,18],"cWhen":1.5300031288838968e9,"tag":"Move"}

{"cXWarp":17,"cNewPos":[12,17],"cWhen":1.5300031289339893e9,"tag":"Move"}

{"cXWarp":16,"cNewPos":[12,16],"cWhen":1.5300031289840248e9,"tag":"Move"}

{"cXWarp":15,"cNewPos":[12,15],"cWhen":1.5300031290338633e9,"tag":"Move"}

{"cXWarp":16,"cNewPos":[12,16],"cWhen":1.5300031301921992e9,"tag":"Move"}

{"cXWarp":17,"cNewPos":[12,17],"cWhen":1.5300031304839764e9,"tag":"Move"}

{"cXWarp":16,"cNewPos":[12,16],"cWhen":1.5300031313124127e9,"tag":"Move"}

{"cOrigin":"+input","cTo":[12,16],"cNewPos":[12,17],"cWhen":1.5300031320350022e9,"tag":"Change","cFrom":[12,16],"cText":["~"],"cRemoved":[""]}

{"cWhen":1.5300031339352348e9,"tag":"Eval","cAll":true}

{"cWhen":1.530003135560823e9,"tag":"Eval","cAll":true}

{"cWhen":1.5300031371546702e9,"tag":"Eval","cAll":true}

{"cWhen":1.530003138777908e9,"tag":"Eval","cAll":true}

{"cWhen":1.5300031403322573e9,"tag":"Eval","cAll":true}

{"cWhen":1.5300031418838987e9,"tag":"Eval","cAll":true}

{"cWhen":1.530003143438016e9,"tag":"Eval","cAll":true}

{"cWhen":1.5300031449787786e9,"tag":"Eval","cAll":true}

{"cWhen":1.5300031465496335e9,"tag":"Eval","cAll":true}

{"cWhen":1.5300031481245754e9,"tag":"Eval","cAll":true}

{"cWhen":1.530003149956207e9,"tag":"Eval","cAll":true}

{"cWhen":1.5300031514767916e9,"tag":"Eval","cAll":true}

{"cWhen":1.5300031529712138e9,"tag":"Eval","cAll":true}

{"cWhen":1.5300031544903765e9,"tag":"Eval","cAll":true}

{"cWhen":1.5300031560115566e9,"tag":"Eval","cAll":true}

{"cWhen":1.5300031575325422e9,"tag":"Eval","cAll":true}

{"cWhen":1.5300031590834854e9,"tag":"Eval","cAll":true}

{"cWhen":1.5300031606397145e9,"tag":"Eval","cAll":true}

{"cWhen":1.530003162198235e9,"tag":"Eval","cAll":true}

{"cWhen":1.5300031637907305e9,"tag":"Eval","cAll":true}

{"cWhen":1.530003165337098e9,"tag":"Eval","cAll":true}

{"cWhen":1.5300031669015608e9,"tag":"Eval","cAll":true}

{"cWhen":1.5300031684578052e9,"tag":"Eval","cAll":true}

{"cWhen":1.530003170008347e9,"tag":"Eval","cAll":true}

{"cXWarp":18,"cNewPos":[12,18],"cWhen":1.530003171652787e9,"tag":"Move"}

{"cXWarp":19,"cNewPos":[12,19],"cWhen":1.5300031716584466e9,"tag":"Move"}

{"cXWarp":20,"cNewPos":[12,20],"cWhen":1.530003171664364e9,"tag":"Move"}

{"cXWarp":21,"cNewPos":[12,21],"cWhen":1.5300031716700544e9,"tag":"Move"}

{"cXWarp":22,"cNewPos":[12,22],"cWhen":1.5300031716753538e9,"tag":"Move"}

{"cXWarp":23,"cNewPos":[12,23],"cWhen":1.5300031716806746e9,"tag":"Move"}

{"cXWarp":24,"cNewPos":[12,24],"cWhen":1.530003171685935e9,"tag":"Move"}

{"cXWarp":24,"cNewPos":[12,24],"cWhen":1.5300031716912472e9,"tag":"Move"}

{"cXWarp":24,"cNewPos":[12,24],"cWhen":1.5300031716964102e9,"tag":"Move"}

{"cXWarp":24,"cNewPos":[12,24],"cWhen":1.5300031717020075e9,"tag":"Move"}

{"cXWarp":24,"cNewPos":[12,24],"cWhen":1.530003171707485e9,"tag":"Move"}

{"cXWarp":24,"cNewPos":[12,24],"cWhen":1.5300031717124972e9,"tag":"Move"}

{"cXWarp":24,"cNewPos":[12,24],"cWhen":1.5300031717185874e9,"tag":"Move"}

{"cXWarp":24,"cNewPos":[12,24],"cWhen":1.5300031717234616e9,"tag":"Move"}

{"cXWarp":24,"cNewPos":[12,24],"cWhen":1.5300031717287643e9,"tag":"Move"}

{"cXWarp":24,"cNewPos":[12,24],"cWhen":1.5300031717338e9,"tag":"Move"}

{"cXWarp":24,"cNewPos":[12,24],"cWhen":1.530003171739056e9,"tag":"Move"}

{"cXWarp":24,"cNewPos":[12,24],"cWhen":1.5300031717442935e9,"tag":"Move"}

{"cXWarp":24,"cNewPos":[12,24],"cWhen":1.530003171749404e9,"tag":"Move"}

{"cXWarp":24,"cNewPos":[12,24],"cWhen":1.53000317175489e9,"tag":"Move"}

{"cXWarp":24,"cNewPos":[12,24],"cWhen":1.5300031717605503e9,"tag":"Move"}

{"cXWarp":24,"cNewPos":[12,24],"cWhen":1.5300031717657642e9,"tag":"Move"}

{"cXWarp":24,"cNewPos":[12,24],"cWhen":1.5300031717709367e9,"tag":"Move"}

{"cXWarp":24,"cNewPos":[12,24],"cWhen":1.5300031717762508e9,"tag":"Move"}

{"cXWarp":24,"cNewPos":[12,24],"cWhen":1.5300031717811415e9,"tag":"Move"}

{"cXWarp":24,"cNewPos":[12,24],"cWhen":1.5300031717867234e9,"tag":"Move"}

{"cXWarp":24,"cNewPos":[12,24],"cWhen":1.5300031717918367e9,"tag":"Move"}

{"cXWarp":24,"cNewPos":[12,24],"cWhen":1.5300031717970488e9,"tag":"Move"}

{"cXWarp":24,"cNewPos":[12,24],"cWhen":1.5300031718021996e9,"tag":"Move"}

{"cXWarp":24,"cNewPos":[12,24],"cWhen":1.5300031718082497e9,"tag":"Move"}

{"cXWarp":24,"cNewPos":[12,24],"cWhen":1.5300031718133018e9,"tag":"Move"}

{"cXWarp":24,"cNewPos":[12,24],"cWhen":1.530003171818541e9,"tag":"Move"}

{"cXWarp":24,"cNewPos":[12,24],"cWhen":1.5300031718309548e9,"tag":"Move"}

{"cXWarp":24,"cNewPos":[12,24],"cWhen":1.5300031718664718e9,"tag":"Move"}

{"cXWarp":24,"cNewPos":[12,24],"cWhen":1.5300031718721726e9,"tag":"Move"}

{"cXWarp":24,"cNewPos":[12,24],"cWhen":1.5300031718773131e9,"tag":"Move"}

{"cXWarp":24,"cNewPos":[12,24],"cWhen":1.5300031718825734e9,"tag":"Move"}

{"cXWarp":24,"cNewPos":[12,24],"cWhen":1.5300031718880687e9,"tag":"Move"}

{"cXWarp":24,"cNewPos":[12,24],"cWhen":1.530003171893207e9,"tag":"Move"}

{"cXWarp":24,"cNewPos":[12,24],"cWhen":1.5300031718982542e9,"tag":"Move"}

{"cXWarp":24,"cNewPos":[12,24],"cWhen":1.5300031719042132e9,"tag":"Move"}

{"cXWarp":24,"cNewPos":[12,24],"cWhen":1.530003171909688e9,"tag":"Move"}

{"cXWarp":24,"cNewPos":[12,24],"cWhen":1.5300031719147232e9,"tag":"Move"}

{"cXWarp":24,"cNewPos":[12,24],"cWhen":1.5300031719199257e9,"tag":"Move"}

{"cXWarp":24,"cNewPos":[12,24],"cWhen":1.5300031719251287e9,"tag":"Move"}

{"cXWarp":23,"cNewPos":[12,23],"cWhen":1.5300031719307532e9,"tag":"Move"}

{"cXWarp":22,"cNewPos":[12,22],"cWhen":1.5300031719360058e9,"tag":"Move"}

{"cXWarp":21,"cNewPos":[12,21],"cWhen":1.530003171941238e9,"tag":"Move"}

{"cXWarp":20,"cNewPos":[12,20],"cWhen":1.5300031719465084e9,"tag":"Move"}

{"cXWarp":19,"cNewPos":[12,19],"cWhen":1.5300031719519513e9,"tag":"Move"}

{"cXWarp":18,"cNewPos":[12,18],"cWhen":1.5300031719575264e9,"tag":"Move"}

{"cXWarp":17,"cNewPos":[12,17],"cWhen":1.530003171963203e9,"tag":"Move"}

{"cXWarp":16,"cNewPos":[12,16],"cWhen":1.5300031719686677e9,"tag":"Move"}

{"cXWarp":15,"cNewPos":[12,15],"cWhen":1.5300031719740195e9,"tag":"Move"}

{"cXWarp":14,"cNewPos":[12,14],"cWhen":1.5300031719794004e9,"tag":"Move"}

{"cXWarp":13,"cNewPos":[12,13],"cWhen":1.5300031719846e9,"tag":"Move"}

{"cXWarp":12,"cNewPos":[12,12],"cWhen":1.5300031719898539e9,"tag":"Move"}

{"cXWarp":11,"cNewPos":[12,11],"cWhen":1.5300031719951816e9,"tag":"Move"}

{"cXWarp":10,"cNewPos":[12,10],"cWhen":1.530003172000626e9,"tag":"Move"}

{"cXWarp":9,"cNewPos":[12,9],"cWhen":1.5300031720063167e9,"tag":"Move"}

{"cXWarp":8,"cNewPos":[12,8],"cWhen":1.530003172011798e9,"tag":"Move"}

{"cXWarp":7,"cNewPos":[12,7],"cWhen":1.5300031720403416e9,"tag":"Move"}

{"cXWarp":6,"cNewPos":[12,6],"cWhen":1.5300031720457368e9,"tag":"Move"}

{"cXWarp":7,"cNewPos":[12,7],"cWhen":1.5300031720510945e9,"tag":"Move"}

{"cXWarp":6,"cNewPos":[12,6],"cWhen":1.5300031720566766e9,"tag":"Move"}

{"cXWarp":5,"cNewPos":[12,5],"cWhen":1.5300031720628192e9,"tag":"Move"}

{"cXWarp":4,"cNewPos":[12,4],"cWhen":1.5300031720681958e9,"tag":"Move"}

{"cXWarp":3,"cNewPos":[12,3],"cWhen":1.5300031720733387e9,"tag":"Move"}

{"cXWarp":2,"cNewPos":[12,2],"cWhen":1.5300031720789597e9,"tag":"Move"}

{"cXWarp":1,"cNewPos":[12,1],"cWhen":1.530003172084142e9,"tag":"Move"}

{"cXWarp":0,"cNewPos":[12,0],"cWhen":1.5300031720895565e9,"tag":"Move"}

{"cXWarp":0,"cNewPos":[12,0],"cWhen":1.530003172094893e9,"tag":"Move"}

{"cXWarp":0,"cNewPos":[12,0],"cWhen":1.5300031720999255e9,"tag":"Move"}

{"cXWarp":0,"cNewPos":[12,0],"cWhen":1.530003172105829e9,"tag":"Move"}

{"cXWarp":0,"cNewPos":[12,0],"cWhen":1.530003172112057e9,"tag":"Move"}

{"cXWarp":0,"cNewPos":[12,0],"cWhen":1.5300031721171205e9,"tag":"Move"}

{"cXWarp":0,"cNewPos":[12,0],"cWhen":1.5300031721220326e9,"tag":"Move"}

{"cXWarp":0,"cNewPos":[12,0],"cWhen":1.530003172127289e9,"tag":"Move"}

{"cXWarp":1,"cNewPos":[12,1],"cWhen":1.530003172132169e9,"tag":"Move"}

{"cXWarp":0,"cNewPos":[12,0],"cWhen":1.5300031721378818e9,"tag":"Move"}

{"cXWarp":0,"cNewPos":[12,0],"cWhen":1.53000317214325e9,"tag":"Move"}

{"cXWarp":0,"cNewPos":[12,0],"cWhen":1.530003172148391e9,"tag":"Move"}

{"cXWarp":0,"cNewPos":[12,0],"cWhen":1.5300031721534543e9,"tag":"Move"}

{"cXWarp":0,"cNewPos":[12,0],"cWhen":1.5300031721592987e9,"tag":"Move"}

{"cXWarp":0,"cNewPos":[12,0],"cWhen":1.530003172164953e9,"tag":"Move"}

{"cXWarp":0,"cNewPos":[12,0],"cWhen":1.5300031721701267e9,"tag":"Move"}

{"cXWarp":0,"cNewPos":[12,0],"cWhen":1.5300031721752539e9,"tag":"Move"}

{"cXWarp":0,"cNewPos":[12,0],"cWhen":1.53000317218085e9,"tag":"Move"}

{"cXWarp":0,"cNewPos":[12,0],"cWhen":1.5300031721861575e9,"tag":"Move"}

{"cXWarp":1,"cNewPos":[12,1],"cWhen":1.5300031721912243e9,"tag":"Move"}

{"cXWarp":2,"cNewPos":[12,2],"cWhen":1.5300031721965425e9,"tag":"Move"}

{"cXWarp":3,"cNewPos":[12,3],"cWhen":1.5300031722013936e9,"tag":"Move"}

{"cXWarp":4,"cNewPos":[12,4],"cWhen":1.5300031722071989e9,"tag":"Move"}

{"cXWarp":5,"cNewPos":[12,5],"cWhen":1.5300031722382944e9,"tag":"Move"}

{"cXWarp":6,"cNewPos":[12,6],"cWhen":1.530003172243422e9,"tag":"Move"}

{"cXWarp":7,"cNewPos":[12,7],"cWhen":1.5300031722559593e9,"tag":"Move"}

{"cXWarp":8,"cNewPos":[12,8],"cWhen":1.5300031722610881e9,"tag":"Move"}

{"cXWarp":9,"cNewPos":[12,9],"cWhen":1.530003172266227e9,"tag":"Move"}

{"cXWarp":10,"cNewPos":[12,10],"cWhen":1.5300031722758844e9,"tag":"Move"}

{"cXWarp":11,"cNewPos":[12,11],"cWhen":1.5300031722804482e9,"tag":"Move"}

{"cXWarp":12,"cNewPos":[12,12],"cWhen":1.530003172285959e9,"tag":"Move"}

{"cXWarp":13,"cNewPos":[12,13],"cWhen":1.5300031722909358e9,"tag":"Move"}

{"cXWarp":14,"cNewPos":[12,14],"cWhen":1.5300031722974253e9,"tag":"Move"}

{"cXWarp":15,"cNewPos":[12,15],"cWhen":1.5300031723025682e9,"tag":"Move"}

{"cXWarp":16,"cNewPos":[12,16],"cWhen":1.530003172308136e9,"tag":"Move"}

{"cXWarp":17,"cNewPos":[12,17],"cWhen":1.5300031723134708e9,"tag":"Move"}

{"cOrigin":"+delete","cTo":[12,17],"cNewPos":[12,16],"cWhen":1.5300031723186264e9,"tag":"Change","cFrom":[12,16],"cText":[""],"cRemoved":["~"]}

{"cOrigin":"+delete","cTo":[12,16],"cNewPos":[12,15],"cWhen":1.5300031723241222e9,"tag":"Change","cFrom":[12,15],"cText":[""],"cRemoved":["i"]}

{"cOrigin":"+delete","cTo":[12,15],"cNewPos":[12,14],"cWhen":1.5300031723298392e9,"tag":"Change","cFrom":[12,14],"cText":[""],"cRemoved":["h"]}

{"cOrigin":"+delete","cTo":[12,14],"cNewPos":[12,13],"cWhen":1.5300031723352695e9,"tag":"Change","cFrom":[12,13],"cText":[""],"cRemoved":[" "]}

{"cOrigin":"+delete","cTo":[12,13],"cNewPos":[12,12],"cWhen":1.5300031723409e9,"tag":"Change","cFrom":[12,12],"cText":[""],"cRemoved":["i"]}

{"cOrigin":"+delete","cTo":[12,12],"cNewPos":[12,11],"cWhen":1.5300031723465042e9,"tag":"Change","cFrom":[12,11],"cText":[""],"cRemoved":["h"]}

{"cOrigin":"+delete","cTo":[12,11],"cNewPos":[12,10],"cWhen":1.5300031723520808e9,"tag":"Change","cFrom":[12,10],"cText":[""],"cRemoved":[" "]}

{"cOrigin":"+delete","cTo":[12,10],"cNewPos":[12,9],"cWhen":1.530003172358128e9,"tag":"Change","cFrom":[12,9],"cText":[""],"cRemoved":["i"]}

{"cOrigin":"+delete","cTo":[12,9],"cNewPos":[12,8],"cWhen":1.5300031723641508e9,"tag":"Change","cFrom":[12,8],"cText":[""],"cRemoved":["h"]}

{"cOrigin":"+delete","cTo":[12,8],"cNewPos":[12,7],"cWhen":1.5300031723697004e9,"tag":"Change","cFrom":[12,7],"cText":[""],"cRemoved":["\""]}

{"cOrigin":"+delete","cTo":[12,7],"cNewPos":[12,6],"cWhen":1.5300031723753743e9,"tag":"Change","cFrom":[12,6],"cText":[""],"cRemoved":[" "]}

{"cOrigin":"+delete","cTo":[12,6],"cNewPos":[12,5],"cWhen":1.5300031723807511e9,"tag":"Change","cFrom":[12,5],"cText":[""],"cRemoved":["r"]}

{"cOrigin":"+delete","cTo":[12,5],"cNewPos":[12,4],"cWhen":1.5300031723863916e9,"tag":"Change","cFrom":[12,4],"cText":[""],"cRemoved":["e"]}

{"cOrigin":"+delete","cTo":[12,4],"cNewPos":[12,3],"cWhen":1.5300031723919046e9,"tag":"Change","cFrom":[12,3],"cText":[""],"cRemoved":["h"]}

{"cOrigin":"+delete","cTo":[12,3],"cNewPos":[12,2],"cWhen":1.5300031723977463e9,"tag":"Change","cFrom":[12,2],"cText":[""],"cRemoved":["g"]}

{"cOrigin":"+delete","cTo":[12,2],"cNewPos":[12,1],"cWhen":1.5300031724248152e9,"tag":"Change","cFrom":[12,1],"cText":[""],"cRemoved":["i"]}

{"cOrigin":"+delete","cTo":[12,1],"cNewPos":[12,0],"cWhen":1.530003172430482e9,"tag":"Change","cFrom":[12,0],"cText":[""],"cRemoved":["h"]}

{"cOrigin":"+delete","cTo":[12,0],"cNewPos":[11,0],"cWhen":1.5300031724369683e9,"tag":"Change","cFrom":[11,0],"cText":[""],"cRemoved":["",""]}

{"cOrigin":"+delete","cTo":[11,0],"cNewPos":[10,32],"cWhen":1.5300031724423914e9,"tag":"Change","cFrom":[10,32],"cText":[""],"cRemoved":["",""]}

{"cOrigin":"+delete","cTo":[10,32],"cNewPos":[10,31],"cWhen":1.5300031725739737e9,"tag":"Change","cFrom":[10,31],"cText":[""],"cRemoved":["\""]}

{"cOrigin":"+delete","cTo":[10,31],"cNewPos":[10,30],"cWhen":1.5300031727579987e9,"tag":"Change","cFrom":[10,30],"cText":[""],"cRemoved":["2"]}

{"cOrigin":"+input","cTo":[10,30],"cNewPos":[10,31],"cWhen":1.5300031751041324e9,"tag":"Change","cFrom":[10,30],"cText":["3"],"cRemoved":[""]}

{"cWhen":1.5300031778984487e9,"tag":"Eval","cAll":true}

{"cWhen":1.5300031796576946e9,"tag":"Eval","cAll":true}

{"cWhen":1.53000318173011e9,"tag":"Eval","cAll":true}

{"cXWarp":32,"cNewPos":[10,32],"cWhen":1.5300031837272668e9,"tag":"Move"}

{"cXWarp":33,"cNewPos":[10,33],"cWhen":1.5300031837317703e9,"tag":"Move"}

{"cXWarp":34,"cNewPos":[10,34],"cWhen":1.5300031837365737e9,"tag":"Move"}

{"cXWarp":35,"cNewPos":[10,35],"cWhen":1.530003183740913e9,"tag":"Move"}

{"cXWarp":36,"cNewPos":[10,36],"cWhen":1.530003183745458e9,"tag":"Move"}

{"cXWarp":37,"cNewPos":[10,37],"cWhen":1.530003183781413e9,"tag":"Move"}

{"cXWarp":38,"cNewPos":[10,38],"cWhen":1.530003183786459e9,"tag":"Move"}

{"cXWarp":38,"cNewPos":[10,38],"cWhen":1.5300031837910097e9,"tag":"Move"}

{"cXWarp":38,"cNewPos":[10,38],"cWhen":1.530003183795531e9,"tag":"Move"}

{"cXWarp":38,"cNewPos":[10,38],"cWhen":1.5300031838001099e9,"tag":"Move"}

{"cXWarp":38,"cNewPos":[10,38],"cWhen":1.53000318380449e9,"tag":"Move"}

{"cXWarp":38,"cNewPos":[10,38],"cWhen":1.530003183808932e9,"tag":"Move"}

{"cXWarp":38,"cNewPos":[10,38],"cWhen":1.5300031838131416e9,"tag":"Move"}

{"cXWarp":38,"cNewPos":[10,38],"cWhen":1.530003183817575e9,"tag":"Move"}

{"cXWarp":38,"cNewPos":[10,38],"cWhen":1.5300031838225224e9,"tag":"Move"}

{"cXWarp":38,"cNewPos":[10,38],"cWhen":1.5300031838273182e9,"tag":"Move"}

{"cXWarp":38,"cNewPos":[10,38],"cWhen":1.5300031838318703e9,"tag":"Move"}

{"cXWarp":38,"cNewPos":[10,38],"cWhen":1.530003183836243e9,"tag":"Move"}

{"cXWarp":38,"cNewPos":[10,38],"cWhen":1.5300031838407204e9,"tag":"Move"}

{"cXWarp":38,"cNewPos":[10,38],"cWhen":1.5300031838453674e9,"tag":"Move"}

{"cXWarp":38,"cNewPos":[10,38],"cWhen":1.5300031838497345e9,"tag":"Move"}

{"cXWarp":38,"cNewPos":[10,38],"cWhen":1.5300031838543403e9,"tag":"Move"}

{"cXWarp":38,"cNewPos":[10,38],"cWhen":1.5300031838585596e9,"tag":"Move"}

{"cXWarp":38,"cNewPos":[10,38],"cWhen":1.530003183862928e9,"tag":"Move"}

{"cXWarp":38,"cNewPos":[10,38],"cWhen":1.5300031838675191e9,"tag":"Move"}

{"cXWarp":38,"cNewPos":[10,38],"cWhen":1.5300031838723133e9,"tag":"Move"}

{"cXWarp":38,"cNewPos":[10,38],"cWhen":1.530003183877171e9,"tag":"Move"}

{"cXWarp":38,"cNewPos":[10,38],"cWhen":1.5300031838814259e9,"tag":"Move"}

{"cXWarp":38,"cNewPos":[10,38],"cWhen":1.530003183885847e9,"tag":"Move"}

{"cXWarp":38,"cNewPos":[10,38],"cWhen":1.5300031838903804e9,"tag":"Move"}

{"cXWarp":38,"cNewPos":[10,38],"cWhen":1.530003183894791e9,"tag":"Move"}

{"cXWarp":38,"cNewPos":[10,38],"cWhen":1.5300031838991764e9,"tag":"Move"}

{"cXWarp":38,"cNewPos":[10,38],"cWhen":1.5300031839033628e9,"tag":"Move"}

{"cXWarp":38,"cNewPos":[10,38],"cWhen":1.5300031839077432e9,"tag":"Move"}

{"cXWarp":38,"cNewPos":[10,38],"cWhen":1.5300031839122272e9,"tag":"Move"}

{"cXWarp":38,"cNewPos":[10,38],"cWhen":1.530003183916562e9,"tag":"Move"}

{"cXWarp":38,"cNewPos":[10,38],"cWhen":1.5300031839215713e9,"tag":"Move"}

{"cXWarp":38,"cNewPos":[10,38],"cWhen":1.5300031839263263e9,"tag":"Move"}

{"cXWarp":38,"cNewPos":[10,38],"cWhen":1.5300031839306362e9,"tag":"Move"}

{"cXWarp":38,"cNewPos":[10,38],"cWhen":1.5300031839352827e9,"tag":"Move"}

{"cXWarp":38,"cNewPos":[10,38],"cWhen":1.5300031839634151e9,"tag":"Move"}

{"cXWarp":38,"cNewPos":[10,38],"cWhen":1.5300031840475183e9,"tag":"Move"}

{"cXWarp":38,"cNewPos":[10,38],"cWhen":1.5300031842235155e9,"tag":"Move"}

{"cXWarp":38,"cNewPos":[10,38],"cWhen":1.5300031843995605e9,"tag":"Move"}

{"cXWarp":38,"cNewPos":[10,38],"cWhen":1.5300031846181843e9,"tag":"Move"}

{"cXWarp":38,"cNewPos":[10,38],"cWhen":1.5300031847676117e9,"tag":"Move"}

{"cOrigin":"+input","cTo":[10,38],"cNewPos":[11,0],"cWhen":1.5300031934006786e9,"tag":"Change","cFrom":[10,38],"cText":["",""],"cRemoved":[""]}

{"cOrigin":"+input","cTo":[11,0],"cNewPos":[12,0],"cWhen":1.5300031951610897e9,"tag":"Change","cFrom":[11,0],"cText":["",""],"cRemoved":[""]}

{"cOrigin":"+input","cTo":[12,0],"cNewPos":[12,1],"cWhen":1.5300031973291745e9,"tag":"Change","cFrom":[12,0],"cText":["\""],"cRemoved":[""]}

{"cOrigin":"+input","cTo":[12,1],"cNewPos":[12,2],"cWhen":1.5300031978812006e9,"tag":"Change","cFrom":[12,1],"cText":["h"],"cRemoved":[""]}

{"cOrigin":"+input","cTo":[12,2],"cNewPos":[12,3],"cWhen":1.53000319801118e9,"tag":"Change","cFrom":[12,2],"cText":["i"],"cRemoved":[""]}

{"cOrigin":"+input","cTo":[12,3],"cNewPos":[12,4],"cWhen":1.5300031982492769e9,"tag":"Change","cFrom":[12,3],"cText":[" "],"cRemoved":[""]}

{"cOrigin":"+input","cTo":[12,4],"cNewPos":[12,5],"cWhen":1.5300031986094918e9,"tag":"Change","cFrom":[12,4],"cText":["l"],"cRemoved":[""]}

{"cOrigin":"+input","cTo":[12,5],"cNewPos":[12,6],"cWhen":1.5300031987933414e9,"tag":"Change","cFrom":[12,5],"cText":["o"],"cRemoved":[""]}

{"cOrigin":"+input","cTo":[12,6],"cNewPos":[12,7],"cWhen":1.5300031990173557e9,"tag":"Change","cFrom":[12,6],"cText":[" "],"cRemoved":[""]}

{"cOrigin":"+input","cTo":[12,7],"cNewPos":[12,8],"cWhen":1.530003199281412e9,"tag":"Change","cFrom":[12,7],"cText":["l"],"cRemoved":[""]}

{"cOrigin":"+input","cTo":[12,8],"cNewPos":[12,9],"cWhen":1.5300031994874501e9,"tag":"Change","cFrom":[12,8],"cText":["o"],"cRemoved":[""]}

{"cOrigin":"+input","cTo":[12,9],"cNewPos":[12,10],"cWhen":1.530003199705495e9,"tag":"Change","cFrom":[12,9],"cText":[" "],"cRemoved":[""]}

{"cOrigin":"+input","cTo":[12,10],"cNewPos":[12,11],"cWhen":1.5300031999665635e9,"tag":"Change","cFrom":[12,10],"cText":["l"],"cRemoved":[""]}

{"cOrigin":"+input","cTo":[12,11],"cNewPos":[12,12],"cWhen":1.5300032001375153e9,"tag":"Change","cFrom":[12,11],"cText":["o"],"cRemoved":[""]}

{"cOrigin":"+input","cTo":[12,12],"cNewPos":[12,13],"cWhen":1.5300032004255712e9,"tag":"Change","cFrom":[12,12],"cText":[" "],"cRemoved":[""]}

{"cOrigin":"+input","cTo":[12,13],"cNewPos":[12,14],"cWhen":1.5300032006685252e9,"tag":"Change","cFrom":[12,13],"cText":["l"],"cRemoved":[""]}

{"cOrigin":"+input","cTo":[12,14],"cNewPos":[12,15],"cWhen":1.5300032008946438e9,"tag":"Change","cFrom":[12,14],"cText":["o"],"cRemoved":[""]}

{"cOrigin":"+input","cTo":[12,15],"cNewPos":[12,16],"cWhen":1.5300032016977293e9,"tag":"Change","cFrom":[12,15],"cText":[" "],"cRemoved":[""]}

{"cOrigin":"+input","cTo":[12,16],"cNewPos":[12,17],"cWhen":1.530003202049752e9,"tag":"Change","cFrom":[12,16],"cText":["l"],"cRemoved":[""]}

{"cOrigin":"+input","cTo":[12,17],"cNewPos":[12,18],"cWhen":1.530003202213949e9,"tag":"Change","cFrom":[12,17],"cText":["o"],"cRemoved":[""]}

{"cOrigin":"+input","cTo":[12,18],"cNewPos":[12,19],"cWhen":1.5300032052742152e9,"tag":"Change","cFrom":[12,18],"cText":["*"],"cRemoved":[""]}

{"cOrigin":"+input","cTo":[12,19],"cNewPos":[12,20],"cWhen":1.530003206130962e9,"tag":"Change","cFrom":[12,19],"cText":["2"],"cRemoved":[""]}

{"cOrigin":"+input","cTo":[12,20],"cNewPos":[12,21],"cWhen":1.5300032071623087e9,"tag":"Change","cFrom":[12,20],"cText":["\""],"cRemoved":[""]}

{"cWhen":1.53000320881461e9,"tag":"Eval","cAll":true}

{"cWhen":1.5300032109854727e9,"tag":"Eval","cAll":true}

{"cWhen":1.5300032131105745e9,"tag":"Eval","cAll":true}

{"cWhen":1.5300032152633848e9,"tag":"Eval","cAll":true}

{"cWhen":1.5300032173997715e9,"tag":"Eval","cAll":true}

{"cWhen":1.5300032194743986e9,"tag":"Eval","cAll":true}

{"cOrigin":"+input","cTo":[12,21],"cNewPos":[13,0],"cWhen":1.5300032219742038e9,"tag":"Change","cFrom":[12,21],"cText":["",""],"cRemoved":[""]}

{"cOrigin":"+input","cTo":[13,0],"cNewPos":[14,0],"cWhen":1.5300032259083328e9,"tag":"Change","cFrom":[13,0],"cText":["",""],"cRemoved":[""]}

{"cOrigin":"+input","cTo":[14,0],"cNewPos":[15,0],"cWhen":1.530003233645088e9,"tag":"Change","cFrom":[14,0],"cText":["",""],"cRemoved":[""]}

{"cOrigin":"+input","cTo":[15,0],"cNewPos":[15,1],"cWhen":1.530003238210685e9,"tag":"Change","cFrom":[15,0],"cText":["h"],"cRemoved":[""]}

{"cOrigin":"+input","cTo":[15,1],"cNewPos":[15,2],"cWhen":1.530003238429631e9,"tag":"Change","cFrom":[15,1],"cText":["i"],"cRemoved":[""]}

{"cOrigin":"+input","cTo":[15,2],"cNewPos":[15,3],"cWhen":1.5300032388376262e9,"tag":"Change","cFrom":[15,2],"cText":["g"],"cRemoved":[""]}

{"cOrigin":"+input","cTo":[15,3],"cNewPos":[15,4],"cWhen":1.530003238969637e9,"tag":"Change","cFrom":[15,3],"cText":["h"],"cRemoved":[""]}

{"cOrigin":"+input","cTo":[15,4],"cNewPos":[15,5],"cWhen":1.5300032392937481e9,"tag":"Change","cFrom":[15,4],"cText":["e"],"cRemoved":[""]}

{"cOrigin":"+input","cTo":[15,5],"cNewPos":[15,6],"cWhen":1.5300032394750276e9,"tag":"Change","cFrom":[15,5],"cText":["r"],"cRemoved":[""]}

{"cOrigin":"+delete","cTo":[15,6],"cNewPos":[15,5],"cWhen":1.5300032410017724e9,"tag":"Change","cFrom":[15,5],"cText":[""],"cRemoved":["r"]}

{"cOrigin":"+delete","cTo":[15,5],"cNewPos":[15,4],"cWhen":1.5300032411817167e9,"tag":"Change","cFrom":[15,4],"cText":[""],"cRemoved":["e"]}

{"cOrigin":"+delete","cTo":[15,4],"cNewPos":[15,3],"cWhen":1.5300032413337855e9,"tag":"Change","cFrom":[15,3],"cText":[""],"cRemoved":["h"]}

{"cOrigin":"+delete","cTo":[15,3],"cNewPos":[15,2],"cWhen":1.5300032415022233e9,"tag":"Change","cFrom":[15,2],"cText":[""],"cRemoved":["g"]}

{"cOrigin":"+delete","cTo":[15,2],"cNewPos":[15,1],"cWhen":1.530003241656909e9,"tag":"Change","cFrom":[15,1],"cText":[""],"cRemoved":["i"]}

{"cOrigin":"+delete","cTo":[15,1],"cNewPos":[15,0],"cWhen":1.5300032418138871e9,"tag":"Change","cFrom":[15,0],"cText":[""],"cRemoved":["h"]}

{"cOrigin":"+delete","cTo":[15,0],"cNewPos":[14,0],"cWhen":1.5300032419817846e9,"tag":"Change","cFrom":[14,0],"cText":[""],"cRemoved":["",""]}

{"cOrigin":"+input","cTo":[14,0],"cNewPos":[14,1],"cWhen":1.530003243886204e9,"tag":"Change","cFrom":[14,0],"cText":["h"],"cRemoved":[""]}

{"cOrigin":"+input","cTo":[14,1],"cNewPos":[14,2],"cWhen":1.5300032441102326e9,"tag":"Change","cFrom":[14,1],"cText":["i"],"cRemoved":[""]}

{"cOrigin":"+input","cTo":[14,2],"cNewPos":[14,3],"cWhen":1.5300032451425424e9,"tag":"Change","cFrom":[14,2],"cText":["g"],"cRemoved":[""]}

{"cOrigin":"+input","cTo":[14,3],"cNewPos":[14,4],"cWhen":1.530003245272906e9,"tag":"Change","cFrom":[14,3],"cText":["h"],"cRemoved":[""]}

{"cOrigin":"+input","cTo":[14,4],"cNewPos":[14,5],"cWhen":1.5300032456384e9,"tag":"Change","cFrom":[14,4],"cText":["e"],"cRemoved":[""]}

{"cOrigin":"+input","cTo":[14,5],"cNewPos":[14,6],"cWhen":1.5300032457663794e9,"tag":"Change","cFrom":[14,5],"cText":["r"],"cRemoved":[""]}

{"cOrigin":"+input","cTo":[14,6],"cNewPos":[14,7],"cWhen":1.5300032467904973e9,"tag":"Change","cFrom":[14,6],"cText":[" "],"cRemoved":[""]}

{"cOrigin":"+input","cTo":[14,7],"cNewPos":[14,8],"cWhen":1.5300032472784693e9,"tag":"Change","cFrom":[14,7],"cText":["\""],"cRemoved":[""]}

{"cOrigin":"+input","cTo":[14,8],"cNewPos":[14,9],"cWhen":1.5300032490067031e9,"tag":"Change","cFrom":[14,8],"cText":["h"],"cRemoved":[""]}

{"cOrigin":"+input","cTo":[14,9],"cNewPos":[14,10],"cWhen":1.5300032491583946e9,"tag":"Change","cFrom":[14,9],"cText":["i"],"cRemoved":[""]}

{"cOrigin":"+input","cTo":[14,10],"cNewPos":[14,11],"cWhen":1.5300032493830094e9,"tag":"Change","cFrom":[14,10],"cText":[" "],"cRemoved":[""]}

{"cOrigin":"+input","cTo":[14,11],"cNewPos":[14,12],"cWhen":1.5300032496787577e9,"tag":"Change","cFrom":[14,11],"cText":["h"],"cRemoved":[""]}

{"cOrigin":"+input","cTo":[14,12],"cNewPos":[14,13],"cWhen":1.5300032498227668e9,"tag":"Change","cFrom":[14,12],"cText":["i"],"cRemoved":[""]}

{"cOrigin":"+input","cTo":[14,13],"cNewPos":[14,14],"cWhen":1.5300032500867715e9,"tag":"Change","cFrom":[14,13],"cText":[" "],"cRemoved":[""]}

{"cOrigin":"+input","cTo":[14,14],"cNewPos":[14,15],"cWhen":1.5300032504548266e9,"tag":"Change","cFrom":[14,14],"cText":["h"],"cRemoved":[""]}

{"cOrigin":"+input","cTo":[14,15],"cNewPos":[14,16],"cWhen":1.530003250590832e9,"tag":"Change","cFrom":[14,15],"cText":["i"],"cRemoved":[""]}

{"cOrigin":"+input","cTo":[14,16],"cNewPos":[14,17],"cWhen":1.5300032516229174e9,"tag":"Change","cFrom":[14,16],"cText":["~"],"cRemoved":[""]}

{"cOrigin":"+input","cTo":[14,17],"cNewPos":[14,18],"cWhen":1.5300032531350486e9,"tag":"Change","cFrom":[14,17],"cText":["h"],"cRemoved":[""]}

{"cOrigin":"+input","cTo":[14,18],"cNewPos":[14,19],"cWhen":1.5300032532710695e9,"tag":"Change","cFrom":[14,18],"cText":["i"],"cRemoved":[""]}

{"cOrigin":"+input","cTo":[14,19],"cNewPos":[14,20],"cWhen":1.530003254591205e9,"tag":"Change","cFrom":[14,19],"cText":["h"],"cRemoved":[""]}

{"cOrigin":"+input","cTo":[14,20],"cNewPos":[14,21],"cWhen":1.5300032547352047e9,"tag":"Change","cFrom":[14,20],"cText":["i"],"cRemoved":[""]}

{"cOrigin":"+input","cTo":[14,21],"cNewPos":[14,22],"cWhen":1.5300032550555365e9,"tag":"Change","cFrom":[14,21],"cText":[" "],"cRemoved":[""]}

{"cOrigin":"+input","cTo":[14,22],"cNewPos":[14,23],"cWhen":1.530003255223257e9,"tag":"Change","cFrom":[14,22],"cText":["h"],"cRemoved":[""]}

{"cOrigin":"+input","cTo":[14,23],"cNewPos":[14,24],"cWhen":1.53000325540187e9,"tag":"Change","cFrom":[14,23],"cText":["i"],"cRemoved":[""]}
