{"cWhen":1530010094,"tag":"Eval","cAll":true}
{"cOrigin":"+input","cTo":[0,0],"cNewPos":[1,0],"cWhen":1.5300100948303294e9,"tag":"Change","cFrom":[0,0],"cText":["",""],"cRemoved":[""]}

{"cOrigin":"+input","cTo":[1,0],"cNewPos":[2,0],"cWhen":1.5300100950301964e9,"tag":"Change","cFrom":[1,0],"cText":["",""],"cRemoved":[""]}

{"cOrigin":"+input","cTo":[2,0],"cNewPos":[3,0],"cWhen":1.5300100953341978e9,"tag":"Change","cFrom":[2,0],"cText":["",""],"cRemoved":[""]}

{"cOrigin":"+input","cTo":[3,0],"cNewPos":[4,0],"cWhen":1.5300100955583918e9,"tag":"Change","cFrom":[3,0],"cText":["",""],"cRemoved":[""]}

{"cOrigin":"+input","cTo":[4,0],"cNewPos":[5,0],"cWhen":1.5300100960461676e9,"tag":"Change","cFrom":[4,0],"cText":["",""],"cRemoved":[""]}

{"cOrigin":"+input","cTo":[5,0],"cNewPos":[6,0],"cWhen":1.5300100963023121e9,"tag":"Change","cFrom":[5,0],"cText":["",""],"cRemoved":[""]}

{"cOrigin":"+input","cTo":[6,0],"cNewPos":[6,1],"cWhen":1.5300101065581105e9,"tag":"Change","cFrom":[6,0],"cText":["h"],"cRemoved":[""]}

{"cOrigin":"+input","cTo":[6,1],"cNewPos":[6,2],"cWhen":1.530010107046033e9,"tag":"Change","cFrom":[6,1],"cText":["i"],"cRemoved":[""]}

{"cOrigin":"+input","cTo":[6,2],"cNewPos":[6,3],"cWhen":1.5300101079021277e9,"tag":"Change","cFrom":[6,2],"cText":["g"],"cRemoved":[""]}

{"cOrigin":"+input","cTo":[6,3],"cNewPos":[6,4],"cWhen":1.5300101082460935e9,"tag":"Change","cFrom":[6,3],"cText":["h"],"cRemoved":[""]}

{"cOrigin":"+input","cTo":[6,4],"cNewPos":[6,5],"cWhen":1.5300101091422272e9,"tag":"Change","cFrom":[6,4],"cText":["e"],"cRemoved":[""]}

{"cOrigin":"+input","cTo":[6,5],"cNewPos":[6,6],"cWhen":1.530010109478082e9,"tag":"Change","cFrom":[6,5],"cText":["r"],"cRemoved":[""]}

{"cOrigin":"+input","cTo":[6,6],"cNewPos":[6,7],"cWhen":1.5300101115740266e9,"tag":"Change","cFrom":[6,6],"cText":[" "],"cRemoved":[""]}

{"cOrigin":"+input","cTo":[6,7],"cNewPos":[6,8],"cWhen":1.5300101188781579e9,"tag":"Change","cFrom":[6,7],"cText":["$"],"cRemoved":[""]}

{"cOrigin":"+input","cTo":[6,8],"cNewPos":[6,9],"cWhen":1.530010120213939e9,"tag":"Change","cFrom":[6,8],"cText":[" "],"cRemoved":[""]}

{"cOrigin":"+input","cTo":[6,9],"cNewPos":[6,10],"cWhen":1.5300101207902484e9,"tag":"Change","cFrom":[6,9],"cText":["c"],"cRemoved":[""]}

{"cOrigin":"+input","cTo":[6,10],"cNewPos":[6,11],"cWhen":1.5300101221100104e9,"tag":"Change","cFrom":[6,10],"cText":["r"],"cRemoved":[""]}

{"cOrigin":"+input","cTo":[6,11],"cNewPos":[6,12],"cWhen":1.5300101227100463e9,"tag":"Change","cFrom":[6,11],"cText":["u"],"cRemoved":[""]}

{"cOrigin":"+input","cTo":[6,12],"cNewPos":[6,13],"cWhen":1.5300101232461035e9,"tag":"Change","cFrom":[6,12],"cText":["n"],"cRemoved":[""]}

{"cOrigin":"+input","cTo":[6,13],"cNewPos":[6,14],"cWhen":1.5300101238541768e9,"tag":"Change","cFrom":[6,13],"cText":["c"],"cRemoved":[""]}

{"cOrigin":"+input","cTo":[6,14],"cNewPos":[6,15],"cWhen":1.5300101244861465e9,"tag":"Change","cFrom":[6,14],"cText":["h"],"cRemoved":[""]}

{"cOrigin":"+input","cTo":[6,15],"cNewPos":[6,16],"cWhen":1.5300101265580735e9,"tag":"Change","cFrom":[6,15],"cText":[" "],"cRemoved":[""]}

{"cOrigin":"+input","cTo":[6,16],"cNewPos":[6,17],"cWhen":1.5300101277420607e9,"tag":"Change","cFrom":[6,16],"cText":["$"],"cRemoved":[""]}

{"cOrigin":"+input","cTo":[6,17],"cNewPos":[6,18],"cWhen":1.5300101291420825e9,"tag":"Change","cFrom":[6,17],"cText":[" "],"cRemoved":[""]}

{"cOrigin":"+input","cTo":[6,18],"cNewPos":[6,19],"cWhen":1.5300101297178621e9,"tag":"Change","cFrom":[6,18],"cText":["s"],"cRemoved":[""]}

{"cOrigin":"+input","cTo":[6,19],"cNewPos":[6,20],"cWhen":1.5300101321659212e9,"tag":"Change","cFrom":[6,19],"cText":["c"],"cRemoved":[""]}

{"cOrigin":"+input","cTo":[6,20],"cNewPos":[6,21],"cWhen":1.5300101326859794e9,"tag":"Change","cFrom":[6,20],"cText":["r"],"cRemoved":[""]}

{"cOrigin":"+input","cTo":[6,21],"cNewPos":[6,22],"cWhen":1.530010133206034e9,"tag":"Change","cFrom":[6,21],"cText":["a"],"cRemoved":[""]}

{"cOrigin":"+input","cTo":[6,22],"cNewPos":[6,23],"cWhen":1.5300101346059628e9,"tag":"Change","cFrom":[6,22],"cText":["t"],"cRemoved":[""]}

{"cOrigin":"+input","cTo":[6,23],"cNewPos":[6,24],"cWhen":1.5300101364220176e9,"tag":"Change","cFrom":[6,23],"cText":["c"],"cRemoved":[""]}

{"cOrigin":"+input","cTo":[6,24],"cNewPos":[6,25],"cWhen":1.530010136782092e9,"tag":"Change","cFrom":[6,24],"cText":["h"],"cRemoved":[""]}

{"cOrigin":"+input","cTo":[6,25],"cNewPos":[6,26],"cWhen":1.5300101387980335e9,"tag":"Change","cFrom":[6,25],"cText":[" "],"cRemoved":[""]}

{"cOrigin":"+input","cTo":[6,26],"cNewPos":[6,27],"cWhen":1.5300101408060138e9,"tag":"Change","cFrom":[6,26],"cText":["\""],"cRemoved":[""]}

{"cOrigin":"+input","cTo":[6,27],"cNewPos":[6,28],"cWhen":1.5300101443820763e9,"tag":"Change","cFrom":[6,27],"cText":["l"],"cRemoved":[""]}

{"cOrigin":"+input","cTo":[6,28],"cNewPos":[6,29],"cWhen":1.5300101447580023e9,"tag":"Change","cFrom":[6,28],"cText":["o"],"cRemoved":[""]}

{"cOrigin":"+input","cTo":[6,29],"cNewPos":[6,30],"cWhen":1.5300101456938567e9,"tag":"Change","cFrom":[6,29],"cText":[" "],"cRemoved":[""]}

{"cOrigin":"+input","cTo":[6,30],"cNewPos":[6,31],"cWhen":1.5300101490459363e9,"tag":"Change","cFrom":[6,30],"cText":["h"],"cRemoved":[""]}

{"cOrigin":"+input","cTo":[6,31],"cNewPos":[6,32],"cWhen":1.5300101503822155e9,"tag":"Change","cFrom":[6,31],"cText":["i"],"cRemoved":[""]}

{"cOrigin":"+input","cTo":[6,32],"cNewPos":[6,33],"cWhen":1.5300101511419296e9,"tag":"Change","cFrom":[6,32],"cText":[" "],"cRemoved":[""]}

{"cOrigin":"+input","cTo":[6,33],"cNewPos":[6,34],"cWhen":1.53001015270982e9,"tag":"Change","cFrom":[6,33],"cText":["h"],"cRemoved":[""]}

{"cOrigin":"+input","cTo":[6,34],"cNewPos":[6,35],"cWhen":1.5300101529739227e9,"tag":"Change","cFrom":[6,34],"cText":["i"],"cRemoved":[""]}

{"cOrigin":"+input","cTo":[6,35],"cNewPos":[6,36],"cWhen":1.530010153541977e9,"tag":"Change","cFrom":[6,35],"cText":[" "],"cRemoved":[""]}

{"cOrigin":"+input","cTo":[6,36],"cNewPos":[6,37],"cWhen":1.5300101539180012e9,"tag":"Change","cFrom":[6,36],"cText":["h"],"cRemoved":[""]}

{"cOrigin":"+input","cTo":[6,37],"cNewPos":[6,38],"cWhen":1.5300101541978564e9,"tag":"Change","cFrom":[6,37],"cText":["i"],"cRemoved":[""]}

{"cOrigin":"+input","cTo":[6,38],"cNewPos":[6,39],"cWhen":1.5300101546858428e9,"tag":"Change","cFrom":[6,38],"cText":[" "],"cRemoved":[""]}

{"cOrigin":"+input","cTo":[6,39],"cNewPos":[6,40],"cWhen":1.5300101551419706e9,"tag":"Change","cFrom":[6,39],"cText":["l"],"cRemoved":[""]}

{"cOrigin":"+input","cTo":[6,40],"cNewPos":[6,41],"cWhen":1.5300101555338876e9,"tag":"Change","cFrom":[6,40],"cText":["o"],"cRemoved":[""]}

{"cOrigin":"+input","cTo":[6,41],"cNewPos":[6,42],"cWhen":1.530010156128202e9,"tag":"Change","cFrom":[6,41],"cText":[" "],"cRemoved":[""]}

{"cOrigin":"+input","cTo":[6,42],"cNewPos":[6,43],"cWhen":1.5300101564857984e9,"tag":"Change","cFrom":[6,42],"cText":["l"],"cRemoved":[""]}

{"cOrigin":"+input","cTo":[6,43],"cNewPos":[6,44],"cWhen":1.5300101567657747e9,"tag":"Change","cFrom":[6,43],"cText":["o"],"cRemoved":[""]}

{"cOrigin":"+input","cTo":[6,44],"cNewPos":[6,45],"cWhen":1.5300101572698104e9,"tag":"Change","cFrom":[6,44],"cText":[" "],"cRemoved":[""]}

{"cOrigin":"+input","cTo":[6,45],"cNewPos":[6,46],"cWhen":1.5300101577580676e9,"tag":"Change","cFrom":[6,45],"cText":["l"],"cRemoved":[""]}

{"cOrigin":"+input","cTo":[6,46],"cNewPos":[6,47],"cWhen":1.5300101580778995e9,"tag":"Change","cFrom":[6,46],"cText":["o"],"cRemoved":[""]}

{"cOrigin":"+input","cTo":[6,47],"cNewPos":[6,48],"cWhen":1.5300101594618413e9,"tag":"Change","cFrom":[6,47],"cText":[" "],"cRemoved":[""]}

{"cOrigin":"+input","cTo":[6,48],"cNewPos":[6,49],"cWhen":1.5300101616779459e9,"tag":"Change","cFrom":[6,48],"cText":["h"],"cRemoved":[""]}

{"cOrigin":"+input","cTo":[6,49],"cNewPos":[6,50],"cWhen":1.530010161829673e9,"tag":"Change","cFrom":[6,49],"cText":["i"],"cRemoved":[""]}

{"cOrigin":"+input","cTo":[6,50],"cNewPos":[6,51],"cWhen":1.5300101659418583e9,"tag":"Change","cFrom":[6,50],"cText":["\""],"cRemoved":[""]}

{"cWhen":1.5300101685050747e9,"tag":"Eval","cAll":true}

{"cOrigin":"+input","cTo":[6,51],"cNewPos":[7,0],"cWhen":1.5300101936214676e9,"tag":"Change","cFrom":[6,51],"cText":["",""],"cRemoved":[""]}

{"cOrigin":"+input","cTo":[7,0],"cNewPos":[8,0],"cWhen":1.5300101943094575e9,"tag":"Change","cFrom":[7,0],"cText":["",""],"cRemoved":[""]}

{"cOrigin":"+input","cTo":[8,0],"cNewPos":[8,1],"cWhen":1.5300101971734753e9,"tag":"Change","cFrom":[8,0],"cText":["c"],"cRemoved":[""]}

{"cOrigin":"+input","cTo":[8,1],"cNewPos":[8,2],"cWhen":1.5300101980374045e9,"tag":"Change","cFrom":[8,1],"cText":["r"],"cRemoved":[""]}

{"cOrigin":"+input","cTo":[8,2],"cNewPos":[8,3],"cWhen":1.5300101987894042e9,"tag":"Change","cFrom":[8,2],"cText":["u"],"cRemoved":[""]}

{"cOrigin":"+input","cTo":[8,3],"cNewPos":[8,4],"cWhen":1.5300101994054043e9,"tag":"Change","cFrom":[8,3],"cText":["n"],"cRemoved":[""]}

{"cOrigin":"+input","cTo":[8,4],"cNewPos":[8,5],"cWhen":1.530010200813412e9,"tag":"Change","cFrom":[8,4],"cText":["c"],"cRemoved":[""]}

{"cOrigin":"+input","cTo":[8,5],"cNewPos":[8,6],"cWhen":1.530010201549438e9,"tag":"Change","cFrom":[8,5],"cText":["h"],"cRemoved":[""]}

{"cOrigin":"+input","cTo":[8,6],"cNewPos":[8,7],"cWhen":1.5300102034374554e9,"tag":"Change","cFrom":[8,6],"cText":[" "],"cRemoved":[""]}

{"cOrigin":"+input","cTo":[8,7],"cNewPos":[8,8],"cWhen":1.530010204509591e9,"tag":"Change","cFrom":[8,7],"cText":["\""],"cRemoved":[""]}

{"cOrigin":"+input","cTo":[8,8],"cNewPos":[8,9],"cWhen":1.530010206157468e9,"tag":"Change","cFrom":[8,8],"cText":["l"],"cRemoved":[""]}

{"cOrigin":"+input","cTo":[8,9],"cNewPos":[8,10],"cWhen":1.5300102068630412e9,"tag":"Change","cFrom":[8,9],"cText":["o"],"cRemoved":[""]}

{"cOrigin":"+input","cTo":[8,10],"cNewPos":[8,11],"cWhen":1.5300102074194605e9,"tag":"Change","cFrom":[8,10],"cText":[" "],"cRemoved":[""]}

{"cOrigin":"+input","cTo":[8,11],"cNewPos":[8,12],"cWhen":1.5300102079012113e9,"tag":"Change","cFrom":[8,11],"cText":["l"],"cRemoved":[""]}

{"cOrigin":"+input","cTo":[8,12],"cNewPos":[8,13],"cWhen":1.530010208380118e9,"tag":"Change","cFrom":[8,12],"cText":["o"],"cRemoved":[""]}

{"cOrigin":"+input","cTo":[8,13],"cNewPos":[8,14],"cWhen":1.5300102088455508e9,"tag":"Change","cFrom":[8,13],"cText":[" "],"cRemoved":[""]}

{"cOrigin":"+input","cTo":[8,14],"cNewPos":[8,15],"cWhen":1.5300102093641899e9,"tag":"Change","cFrom":[8,14],"cText":["l"],"cRemoved":[""]}

{"cOrigin":"+input","cTo":[8,15],"cNewPos":[8,16],"cWhen":1.5300102096375616e9,"tag":"Change","cFrom":[8,15],"cText":["o"],"cRemoved":[""]}

{"cOrigin":"+input","cTo":[8,16],"cNewPos":[8,17],"cWhen":1.5300102101344063e9,"tag":"Change","cFrom":[8,16],"cText":[" "],"cRemoved":[""]}

{"cOrigin":"+input","cTo":[8,17],"cNewPos":[8,18],"cWhen":1.5300102105180469e9,"tag":"Change","cFrom":[8,17],"cText":["h"],"cRemoved":[""]}

{"cOrigin":"+input","cTo":[8,18],"cNewPos":[8,19],"cWhen":1.5300102110958803e9,"tag":"Change","cFrom":[8,18],"cText":["i"],"cRemoved":[""]}

{"cOrigin":"+input","cTo":[8,19],"cNewPos":[8,20],"cWhen":1.5300102114801283e9,"tag":"Change","cFrom":[8,19],"cText":[" "],"cRemoved":[""]}

{"cOrigin":"+input","cTo":[8,20],"cNewPos":[8,21],"cWhen":1.5300102118647275e9,"tag":"Change","cFrom":[8,20],"cText":["h"],"cRemoved":[""]}

{"cOrigin":"+input","cTo":[8,21],"cNewPos":[8,22],"cWhen":1.5300102122054658e9,"tag":"Change","cFrom":[8,21],"cText":["i"],"cRemoved":[""]}

{"cOrigin":"+input","cTo":[8,22],"cNewPos":[8,23],"cWhen":1.5300102126534178e9,"tag":"Change","cFrom":[8,22],"cText":[" "],"cRemoved":[""]}

{"cOrigin":"+input","cTo":[8,23],"cNewPos":[8,24],"cWhen":1.5300102130294185e9,"tag":"Change","cFrom":[8,23],"cText":["h"],"cRemoved":[""]}

{"cOrigin":"+input","cTo":[8,24],"cNewPos":[8,25],"cWhen":1.530010213403771e9,"tag":"Change","cFrom":[8,24],"cText":["i"],"cRemoved":[""]}

{"cOrigin":"+input","cTo":[8,25],"cNewPos":[8,26],"cWhen":1.5300102181766262e9,"tag":"Change","cFrom":[8,25],"cText":["\""],"cRemoved":[""]}

{"cOrigin":"+input","cTo":[8,26],"cNewPos":[9,0],"cWhen":1.5300102199013422e9,"tag":"Change","cFrom":[8,26],"cText":["",""],"cRemoved":[""]}

{"cOrigin":"+delete","cTo":[9,0],"cNewPos":[8,26],"cWhen":1.5300102223892648e9,"tag":"Change","cFrom":[8,26],"cText":[""],"cRemoved":["",""]}

{"cWhen":1.530010226225714e9,"tag":"Eval","cAll":true}

{"cOrigin":"+input","cTo":[8,26],"cNewPos":[9,0],"cWhen":1.5300102397732337e9,"tag":"Change","cFrom":[8,26],"cText":["",""],"cRemoved":[""]}

{"cOrigin":"+input","cTo":[9,0],"cNewPos":[10,0],"cWhen":1.5300102401331258e9,"tag":"Change","cFrom":[9,0],"cText":["",""],"cRemoved":[""]}

{"cOrigin":"+input","cTo":[10,0],"cNewPos":[10,1],"cWhen":1.5300102460994356e9,"tag":"Change","cFrom":[10,0],"cText":["f"],"cRemoved":[""]}

{"cOrigin":"+input","cTo":[10,1],"cNewPos":[10,2],"cWhen":1.5300102464212995e9,"tag":"Change","cFrom":[10,1],"cText":["a"],"cRemoved":[""]}

{"cOrigin":"+input","cTo":[10,2],"cNewPos":[10,3],"cWhen":1.530010246749393e9,"tag":"Change","cFrom":[10,2],"cText":["s"],"cRemoved":[""]}

{"cOrigin":"+input","cTo":[10,3],"cNewPos":[10,4],"cWhen":1.5300102476133206e9,"tag":"Change","cFrom":[10,3],"cText":["t"],"cRemoved":[""]}

{"cOrigin":"+input","cTo":[10,4],"cNewPos":[10,5],"cWhen":1.5300102483090546e9,"tag":"Change","cFrom":[10,4],"cText":["e"],"cRemoved":[""]}

{"cOrigin":"+input","cTo":[10,5],"cNewPos":[10,6],"cWhen":1.5300102485974414e9,"tag":"Change","cFrom":[10,5],"cText":["r"],"cRemoved":[""]}

{"cOrigin":"+input","cTo":[10,6],"cNewPos":[10,7],"cWhen":1.5300102490850549e9,"tag":"Change","cFrom":[10,6],"cText":[" "],"cRemoved":[""]}

{"cOrigin":"+input","cTo":[10,7],"cNewPos":[10,8],"cWhen":1.5300102520957708e9,"tag":"Change","cFrom":[10,7],"cText":["e"],"cRemoved":[""]}

{"cOrigin":"+input","cTo":[10,8],"cNewPos":[10,9],"cWhen":1.530010252887362e9,"tag":"Change","cFrom":[10,8],"cText":["v"],"cRemoved":[""]}

{"cOrigin":"+input","cTo":[10,9],"cNewPos":[10,10],"cWhen":1.5300102533491035e9,"tag":"Change","cFrom":[10,9],"cText":["e"],"cRemoved":[""]}

{"cOrigin":"+input","cTo":[10,10],"cNewPos":[10,11],"cWhen":1.5300102536930828e9,"tag":"Change","cFrom":[10,10],"cText":["r"],"cRemoved":[""]}

{"cOrigin":"+input","cTo":[10,11],"cNewPos":[10,12],"cWhen":1.53001025462135e9,"tag":"Change","cFrom":[10,11],"cText":["y"],"cRemoved":[""]}

{"cOrigin":"+input","cTo":[10,12],"cNewPos":[10,13],"cWhen":1.5300102551490877e9,"tag":"Change","cFrom":[10,12],"cText":[" "],"cRemoved":[""]}

{"cOrigin":"+input","cTo":[10,13],"cNewPos":[10,14],"cWhen":1.530010255789612e9,"tag":"Change","cFrom":[10,13],"cText":["4"],"cRemoved":[""]}

{"cOrigin":"+input","cTo":[10,14],"cNewPos":[10,15],"cWhen":1.5300102606691053e9,"tag":"Change","cFrom":[10,14],"cText":[" "],"cRemoved":[""]}

{"cOrigin":"+input","cTo":[10,15],"cNewPos":[10,16],"cWhen":1.5300102619172251e9,"tag":"Change","cFrom":[10,15],"cText":["\""],"cRemoved":[""]}

{"cOrigin":"+input","cTo":[10,16],"cNewPos":[10,17],"cWhen":1.5300102731488144e9,"tag":"Change","cFrom":[10,16],"cText":["h"],"cRemoved":[""]}

{"cOrigin":"+input","cTo":[10,17],"cNewPos":[10,18],"cWhen":1.5300102736369426e9,"tag":"Change","cFrom":[10,17],"cText":["i"],"cRemoved":[""]}

{"cOrigin":"+input","cTo":[10,18],"cNewPos":[10,19],"cWhen":1.5300102777171412e9,"tag":"Change","cFrom":[10,18],"cText":["*"],"cRemoved":[""]}

{"cOrigin":"+input","cTo":[10,19],"cNewPos":[10,20],"cWhen":1.5300102822850573e9,"tag":"Change","cFrom":[10,19],"cText":["8"],"cRemoved":[""]}

{"cOrigin":"+input","cTo":[10,20],"cNewPos":[10,21],"cWhen":1.5300102857328997e9,"tag":"Change","cFrom":[10,20],"cText":[" "],"cRemoved":[""]}

{"cOrigin":"+input","cTo":[10,21],"cNewPos":[10,22],"cWhen":1.530010286870152e9,"tag":"Change","cFrom":[10,21],"cText":["l"],"cRemoved":[""]}

{"cOrigin":"+input","cTo":[10,22],"cNewPos":[10,23],"cWhen":1.5300102870849676e9,"tag":"Change","cFrom":[10,22],"cText":["o"],"cRemoved":[""]}

{"cOrigin":"+input","cTo":[10,23],"cNewPos":[10,24],"cWhen":1.5300102901969857e9,"tag":"Change","cFrom":[10,23],"cText":["*"],"cRemoved":[""]}

{"cOrigin":"+input","cTo":[10,24],"cNewPos":[10,25],"cWhen":1.5300102911893277e9,"tag":"Change","cFrom":[10,24],"cText":["4"],"cRemoved":[""]}

{"cOrigin":"+input","cTo":[10,25],"cNewPos":[10,26],"cWhen":1.5300102936613963e9,"tag":"Change","cFrom":[10,25],"cText":["\""],"cRemoved":[""]}

{"cWhen":1.5300102976586826e9,"tag":"Eval","cAll":true}

{"cXWarp":25,"cNewPos":[10,25],"cWhen":1.5300103108763e9,"tag":"Move"}

{"cXWarp":24,"cNewPos":[10,24],"cWhen":1.5300103111174614e9,"tag":"Move"}

{"cXWarp":23,"cNewPos":[10,23],"cWhen":1.530010311285626e9,"tag":"Move"}

{"cXWarp":22,"cNewPos":[10,22],"cWhen":1.5300103114214447e9,"tag":"Move"}

{"cXWarp":21,"cNewPos":[10,21],"cWhen":1.530010311672498e9,"tag":"Move"}

{"cXWarp":20,"cNewPos":[10,20],"cWhen":1.5300103117220025e9,"tag":"Move"}

{"cXWarp":19,"cNewPos":[10,19],"cWhen":1.5300103117719922e9,"tag":"Move"}

{"cXWarp":18,"cNewPos":[10,18],"cWhen":1.530010311822019e9,"tag":"Move"}

{"cXWarp":17,"cNewPos":[10,17],"cWhen":1.530010311872001e9,"tag":"Move"}

{"cXWarp":16,"cNewPos":[10,16],"cWhen":1.5300103119221358e9,"tag":"Move"}

{"cXWarp":15,"cNewPos":[10,15],"cWhen":1.530010311972258e9,"tag":"Move"}

{"cXWarp":14,"cNewPos":[10,14],"cWhen":1.5300103120324197e9,"tag":"Move"}

{"cXWarp":13,"cNewPos":[10,13],"cWhen":1.5300103120722423e9,"tag":"Move"}

{"cXWarp":12,"cNewPos":[10,12],"cWhen":1.5300103121220362e9,"tag":"Move"}

{"cXWarp":11,"cNewPos":[10,11],"cWhen":1.5300103121720335e9,"tag":"Move"}

{"cXWarp":10,"cNewPos":[10,10],"cWhen":1.5300103122302773e9,"tag":"Move"}

{"cXWarp":9,"cNewPos":[10,9],"cWhen":1.530010312565722e9,"tag":"Move"}

{"cXWarp":8,"cNewPos":[10,8],"cWhen":1.5300103128456373e9,"tag":"Move"}

{"cXWarp":7,"cNewPos":[10,7],"cWhen":1.5300103131577086e9,"tag":"Move"}

{"cXWarp":6,"cNewPos":[10,6],"cWhen":1.53001031369357e9,"tag":"Move"}

{"cXWarp":7,"cNewPos":[10,7],"cWhen":1.5300103263018043e9,"tag":"Move"}

{"cXWarp":8,"cNewPos":[10,8],"cWhen":1.5300103265658138e9,"tag":"Move"}

{"cXWarp":9,"cNewPos":[10,9],"cWhen":1.5300103270621023e9,"tag":"Move"}

{"cXWarp":10,"cNewPos":[10,10],"cWhen":1.5300103275099106e9,"tag":"Move"}

{"cXWarp":11,"cNewPos":[10,11],"cWhen":1.5300103277419567e9,"tag":"Move"}

{"cXWarp":12,"cNewPos":[10,12],"cWhen":1.5300103280218794e9,"tag":"Move"}

{"cOrigin":"+delete","cTo":[10,12],"cNewPos":[10,11],"cWhen":1.5300103301259818e9,"tag":"Change","cFrom":[10,11],"cText":[""],"cRemoved":["y"]}

{"cOrigin":"+delete","cTo":[10,11],"cNewPos":[10,10],"cWhen":1.5300103303578703e9,"tag":"Change","cFrom":[10,10],"cText":[""],"cRemoved":["r"]}

{"cOrigin":"+delete","cTo":[10,10],"cNewPos":[10,9],"cWhen":1.530010330525968e9,"tag":"Change","cFrom":[10,9],"cText":[""],"cRemoved":["e"]}

{"cOrigin":"+delete","cTo":[10,9],"cNewPos":[10,8],"cWhen":1.5300103307246795e9,"tag":"Change","cFrom":[10,8],"cText":[""],"cRemoved":["v"]}

{"cOrigin":"+delete","cTo":[10,8],"cNewPos":[10,7],"cWhen":1.5300103308810108e9,"tag":"Change","cFrom":[10,7],"cText":[""],"cRemoved":["e"]}

{"cOrigin":"+delete","cTo":[10,7],"cNewPos":[10,6],"cWhen":1.5300103310300019e9,"tag":"Change","cFrom":[10,6],"cText":[""],"cRemoved":[" "]}

{"cOrigin":"+delete","cTo":[10,6],"cNewPos":[10,5],"cWhen":1.5300103311819484e9,"tag":"Change","cFrom":[10,5],"cText":[""],"cRemoved":["r"]}

{"cOrigin":"+delete","cTo":[10,5],"cNewPos":[10,4],"cWhen":1.530010331373996e9,"tag":"Change","cFrom":[10,4],"cText":[""],"cRemoved":["e"]}

{"cOrigin":"+delete","cTo":[10,4],"cNewPos":[10,3],"cWhen":1.5300103322146864e9,"tag":"Change","cFrom":[10,3],"cText":[""],"cRemoved":["t"]}

{"cOrigin":"+delete","cTo":[10,3],"cNewPos":[10,2],"cWhen":1.5300103324069622e9,"tag":"Change","cFrom":[10,2],"cText":[""],"cRemoved":["s"]}

{"cOrigin":"+delete","cTo":[10,2],"cNewPos":[10,1],"cWhen":1.5300103328300867e9,"tag":"Change","cFrom":[10,1],"cText":[""],"cRemoved":["a"]}

{"cOrigin":"+delete","cTo":[10,1],"cNewPos":[10,0],"cWhen":1.530010333377269e9,"tag":"Change","cFrom":[10,0],"cText":[""],"cRemoved":["f"]}

{"cOrigin":"+input","cTo":[10,0],"cNewPos":[10,1],"cWhen":1.5300103344461036e9,"tag":"Change","cFrom":[10,0],"cText":["e"],"cRemoved":[""]}

{"cOrigin":"+input","cTo":[10,1],"cNewPos":[10,2],"cWhen":1.5300103352702513e9,"tag":"Change","cFrom":[10,1],"cText":["v"],"cRemoved":[""]}

{"cOrigin":"+input","cTo":[10,2],"cNewPos":[10,3],"cWhen":1.5300103360142741e9,"tag":"Change","cFrom":[10,2],"cText":["e"],"cRemoved":[""]}

{"cOrigin":"+input","cTo":[10,3],"cNewPos":[10,4],"cWhen":1.5300103363982646e9,"tag":"Change","cFrom":[10,3],"cText":["r"],"cRemoved":[""]}

{"cOrigin":"+input","cTo":[10,4],"cNewPos":[10,5],"cWhen":1.5300103376163814e9,"tag":"Change","cFrom":[10,4],"cText":["y"],"cRemoved":[""]}

{"cOrigin":"+input","cTo":[10,5],"cNewPos":[10,6],"cWhen":1.5300103386302028e9,"tag":"Change","cFrom":[10,5],"cText":[" "],"cRemoved":[""]}

{"cOrigin":"+delete","cTo":[10,6],"cNewPos":[10,5],"cWhen":1.5300103409102135e9,"tag":"Change","cFrom":[10,5],"cText":[""],"cRemoved":[" "]}

{"cXWarp":6,"cNewPos":[10,6],"cWhen":1.5300103427581685e9,"tag":"Move"}

{"cXWarp":7,"cNewPos":[10,7],"cWhen":1.5300103434541974e9,"tag":"Move"}

{"cOrigin":"+input","cTo":[10,7],"cNewPos":[10,8],"cWhen":1.5300103462592444e9,"tag":"Change","cFrom":[10,7],"cText":[" "],"cRemoved":[""]}

{"cOrigin":"+input","cTo":[10,8],"cNewPos":[10,9],"cWhen":1.5300103482139077e9,"tag":"Change","cFrom":[10,8],"cText":["f"],"cRemoved":[""]}

{"cOrigin":"+input","cTo":[10,9],"cNewPos":[10,10],"cWhen":1.5300103486785061e9,"tag":"Change","cFrom":[10,9],"cText":["a"],"cRemoved":[""]}

{"cOrigin":"+input","cTo":[10,10],"cNewPos":[10,11],"cWhen":1.530010349006524e9,"tag":"Change","cFrom":[10,10],"cText":["s"],"cRemoved":[""]}

{"cOrigin":"+input","cTo":[10,11],"cNewPos":[10,12],"cWhen":1.5300103496627357e9,"tag":"Change","cFrom":[10,11],"cText":["t"],"cRemoved":[""]}

{"cOrigin":"+input","cTo":[10,12],"cNewPos":[10,13],"cWhen":1.5300103506966512e9,"tag":"Change","cFrom":[10,12],"cText":["e"],"cRemoved":[""]}

{"cOrigin":"+input","cTo":[10,13],"cNewPos":[10,14],"cWhen":1.530010351110667e9,"tag":"Change","cFrom":[10,13],"cText":["r"],"cRemoved":[""]}

{"cWhen":1.5300103549960687e9,"tag":"Eval","cAll":true}

{"cOrigin":"+input","cTo":[10,14],"cNewPos":[11,0],"cWhen":1.53001037656718e9,"tag":"Change","cFrom":[10,14],"cText":["",""],"cRemoved":[""]}

{"cOrigin":"+input","cTo":[11,0],"cNewPos":[12,0],"cWhen":1.53001037687107e9,"tag":"Change","cFrom":[11,0],"cText":["",""],"cRemoved":[""]}

{"cOrigin":"+delete","cTo":[12,0],"cNewPos":[11,0],"cWhen":1.530010380191162e9,"tag":"Change","cFrom":[11,0],"cText":[""],"cRemoved":["",""]}

{"cOrigin":"+delete","cTo":[11,0],"cNewPos":[10,14],"cWhen":1.53001038075357e9,"tag":"Change","cFrom":[10,14],"cText":[""],"cRemoved":["",""]}

{"cXWarp":15,"cNewPos":[10,15],"cWhen":1.530010383455366e9,"tag":"Move"}

{"cXWarp":16,"cNewPos":[10,16],"cWhen":1.5300103837190688e9,"tag":"Move"}

{"cXWarp":17,"cNewPos":[10,17],"cWhen":1.5300103839911442e9,"tag":"Move"}

{"cXWarp":18,"cNewPos":[10,18],"cWhen":1.5300103842421215e9,"tag":"Move"}

{"cXWarp":19,"cNewPos":[10,19],"cWhen":1.5300103842921462e9,"tag":"Move"}

{"cXWarp":20,"cNewPos":[10,20],"cWhen":1.530010384350625e9,"tag":"Move"}

{"cXWarp":21,"cNewPos":[10,21],"cWhen":1.5300103843920386e9,"tag":"Move"}

{"cXWarp":22,"cNewPos":[10,22],"cWhen":1.530010384442015e9,"tag":"Move"}

{"cXWarp":23,"cNewPos":[10,23],"cWhen":1.530010384492036e9,"tag":"Move"}

{"cXWarp":24,"cNewPos":[10,24],"cWhen":1.5300103845433145e9,"tag":"Move"}

{"cXWarp":25,"cNewPos":[10,25],"cWhen":1.5300103845920444e9,"tag":"Move"}

{"cXWarp":26,"cNewPos":[10,26],"cWhen":1.530010384642041e9,"tag":"Move"}

{"cXWarp":26,"cNewPos":[10,26],"cWhen":1.5300103846922095e9,"tag":"Move"}

{"cXWarp":26,"cNewPos":[10,26],"cWhen":1.5300103847420585e9,"tag":"Move"}

{"cXWarp":26,"cNewPos":[10,26],"cWhen":1.5300103847920394e9,"tag":"Move"}

{"cXWarp":26,"cNewPos":[10,26],"cWhen":1.530010384842029e9,"tag":"Move"}

{"cXWarp":26,"cNewPos":[10,26],"cWhen":1.5300103848920252e9,"tag":"Move"}

{"cXWarp":26,"cNewPos":[10,26],"cWhen":1.5300103849420588e9,"tag":"Move"}

{"cXWarp":26,"cNewPos":[10,26],"cWhen":1.5300103849920561e9,"tag":"Move"}

{"cXWarp":26,"cNewPos":[10,26],"cWhen":1.5300103850421844e9,"tag":"Move"}

{"cOrigin":"+input","cTo":[10,26],"cNewPos":[10,27],"cWhen":1.5300103872632558e9,"tag":"Change","cFrom":[10,26],"cText":[" "],"cRemoved":[""]}

{"cOrigin":"+input","cTo":[10,27],"cNewPos":[11,0],"cWhen":1.5300103876872947e9,"tag":"Change","cFrom":[10,27],"cText":["",""],"cRemoved":[""]}

{"cOrigin":"+input","cTo":[11,0],"cNewPos":[12,0],"cWhen":1.530010388201018e9,"tag":"Change","cFrom":[11,0],"cText":["",""],"cRemoved":[""]}

{"cOrigin":"+input","cTo":[12,0],"cNewPos":[12,1],"cWhen":1.5300103922394736e9,"tag":"Change","cFrom":[12,0],"cText":["s"],"cRemoved":[""]}

{"cOrigin":"+input","cTo":[12,1],"cNewPos":[12,2],"cWhen":1.530010393583402e9,"tag":"Change","cFrom":[12,1],"cText":["c"],"cRemoved":[""]}

{"cOrigin":"+input","cTo":[12,2],"cNewPos":[12,3],"cWhen":1.5300103941275039e9,"tag":"Change","cFrom":[12,2],"cText":["r"],"cRemoved":[""]}

{"cOrigin":"+input","cTo":[12,3],"cNewPos":[12,4],"cWhen":1.5300103951441822e9,"tag":"Change","cFrom":[12,3],"cText":["a"],"cRemoved":[""]}

{"cOrigin":"+input","cTo":[12,4],"cNewPos":[12,5],"cWhen":1.5300103955995638e9,"tag":"Change","cFrom":[12,4],"cText":["t"],"cRemoved":[""]}

{"cOrigin":"+input","cTo":[12,5],"cNewPos":[12,6],"cWhen":1.5300103963354378e9,"tag":"Change","cFrom":[12,5],"cText":["c"],"cRemoved":[""]}

{"cOrigin":"+input","cTo":[12,6],"cNewPos":[12,7],"cWhen":1.5300103970428553e9,"tag":"Change","cFrom":[12,6],"cText":["h"],"cRemoved":[""]}

{"cOrigin":"+input","cTo":[12,7],"cNewPos":[12,8],"cWhen":1.5300104019516704e9,"tag":"Change","cFrom":[12,7],"cText":[" "],"cRemoved":[""]}

{"cOrigin":"+input","cTo":[12,8],"cNewPos":[12,9],"cWhen":1.5300104041547642e9,"tag":"Change","cFrom":[12,8],"cText":["\""],"cRemoved":[""]}

{"cOrigin":"+input","cTo":[12,9],"cNewPos":[12,10],"cWhen":1.5300104089566298e9,"tag":"Change","cFrom":[12,9],"cText":["l"],"cRemoved":[""]}

{"cOrigin":"+input","cTo":[12,10],"cNewPos":[12,11],"cWhen":1.5300104092476983e9,"tag":"Change","cFrom":[12,10],"cText":["o"],"cRemoved":[""]}

{"cOrigin":"+input","cTo":[12,11],"cNewPos":[12,12],"cWhen":1.5300104102496974e9,"tag":"Change","cFrom":[12,11],"cText":[" "],"cRemoved":[""]}

{"cOrigin":"+input","cTo":[12,12],"cNewPos":[12,13],"cWhen":1.530010410641426e9,"tag":"Change","cFrom":[12,12],"cText":["l"],"cRemoved":[""]}

{"cOrigin":"+input","cTo":[12,13],"cNewPos":[12,14],"cWhen":1.5300104109118614e9,"tag":"Change","cFrom":[12,13],"cText":["o"],"cRemoved":[""]}

{"cOrigin":"+input","cTo":[12,14],"cNewPos":[12,15],"cWhen":1.5300104114080431e9,"tag":"Change","cFrom":[12,14],"cText":[" "],"cRemoved":[""]}

{"cOrigin":"+input","cTo":[12,15],"cNewPos":[12,16],"cWhen":1.5300104119119012e9,"tag":"Change","cFrom":[12,15],"cText":["l"],"cRemoved":[""]}

{"cOrigin":"+input","cTo":[12,16],"cNewPos":[12,17],"cWhen":1.5300104134157736e9,"tag":"Change","cFrom":[12,16],"cText":["o"],"cRemoved":[""]}

{"cOrigin":"+input","cTo":[12,17],"cNewPos":[12,18],"cWhen":1.5300104152639303e9,"tag":"Change","cFrom":[12,17],"cText":[" "],"cRemoved":[""]}

{"cOrigin":"+input","cTo":[12,18],"cNewPos":[12,19],"cWhen":1.5300104166159527e9,"tag":"Change","cFrom":[12,18],"cText":["h"],"cRemoved":[""]}

{"cOrigin":"+input","cTo":[12,19],"cNewPos":[12,20],"cWhen":1.530010418439981e9,"tag":"Change","cFrom":[12,19],"cText":["i"],"cRemoved":[""]}

{"cOrigin":"+input","cTo":[12,20],"cNewPos":[12,21],"cWhen":1.5300104212176375e9,"tag":"Change","cFrom":[12,20],"cText":["*"],"cRemoved":[""]}

{"cOrigin":"+input","cTo":[12,21],"cNewPos":[12,22],"cWhen":1.5300104303601146e9,"tag":"Change","cFrom":[12,21],"cText":["5"],"cRemoved":[""]}

{"cOrigin":"+input","cTo":[12,22],"cNewPos":[12,23],"cWhen":1.530010438616328e9,"tag":"Change","cFrom":[12,22],"cText":["\""],"cRemoved":[""]}

{"cOrigin":"+input","cTo":[12,23],"cNewPos":[12,24],"cWhen":1.5300104386243112e9,"tag":"Change","cFrom":[12,23],"cText":["£"],"cRemoved":[""]}

{"cOrigin":"+delete","cTo":[12,24],"cNewPos":[12,23],"cWhen":1.5300104404001303e9,"tag":"Change","cFrom":[12,23],"cText":[""],"cRemoved":["£"]}

{"cOrigin":"+delete","cTo":[12,23],"cNewPos":[12,22],"cWhen":1.5300104406482491e9,"tag":"Change","cFrom":[12,22],"cText":[""],"cRemoved":["\""]}

{"cOrigin":"+delete","cTo":[12,22],"cNewPos":[12,21],"cWhen":1.5300104408995824e9,"tag":"Change","cFrom":[12,21],"cText":[""],"cRemoved":["5"]}

{"cOrigin":"+input","cTo":[12,21],"cNewPos":[12,22],"cWhen":1.530010444784443e9,"tag":"Change","cFrom":[12,21],"cText":["5"],"cRemoved":[""]}

{"cOrigin":"+input","cTo":[12,22],"cNewPos":[12,23],"cWhen":1.5300104486805341e9,"tag":"Change","cFrom":[12,22],"cText":["\""],"cRemoved":[""]}

{"cWhen":1.5300104525002096e9,"tag":"Eval","cAll":true}

{"cXWarp":22,"cNewPos":[12,22],"cWhen":1.5300104804488702e9,"tag":"Move"}

{"cOrigin":"+input","cTo":[12,22],"cNewPos":[13,0],"cWhen":1.5300104810329638e9,"tag":"Change","cFrom":[12,22],"cText":["",""],"cRemoved":[""]}

{"cOrigin":"+input","cTo":[13,0],"cNewPos":[14,0],"cWhen":1.5300104814251077e9,"tag":"Change","cFrom":[13,0],"cText":["",""],"cRemoved":[""]}

{"cOrigin":"+input","cTo":[14,0],"cNewPos":[15,0],"cWhen":1.530010483681165e9,"tag":"Change","cFrom":[14,0],"cText":["",""],"cRemoved":[""]}

{"cOrigin":"+delete","cTo":[15,0],"cNewPos":[14,0],"cWhen":1.5300104857438798e9,"tag":"Change","cFrom":[14,0],"cText":[""],"cRemoved":["",""]}

{"cOrigin":"+delete","cTo":[14,0],"cNewPos":[13,0],"cWhen":1.5300104859689877e9,"tag":"Change","cFrom":[13,0],"cText":[""],"cRemoved":["",""]}

{"cOrigin":"+delete","cTo":[13,0],"cNewPos":[12,22],"cWhen":1.5300104866970325e9,"tag":"Change","cFrom":[12,22],"cText":[""],"cRemoved":["",""]}

{"cOrigin":"+input","cTo":[12,22],"cNewPos":[12,23],"cWhen":1.5300104890121396e9,"tag":"Change","cFrom":[12,22],"cText":[" "],"cRemoved":[""]}

{"cOrigin":"+delete","cTo":[12,23],"cNewPos":[12,22],"cWhen":1.5300104904089675e9,"tag":"Change","cFrom":[12,22],"cText":[""],"cRemoved":[" "]}

{"cOrigin":"+delete","cTo":[12,22],"cNewPos":[12,21],"cWhen":1.530010492440978e9,"tag":"Change","cFrom":[12,21],"cText":[""],"cRemoved":["5"]}

{"cOrigin":"+input","cTo":[12,21],"cNewPos":[12,22],"cWhen":1.5300104949735367e9,"tag":"Change","cFrom":[12,21],"cText":["3"],"cRemoved":[""]}

{"cOrigin":"+input","cTo":[12,22],"cNewPos":[12,23],"cWhen":1.5300104983213425e9,"tag":"Change","cFrom":[12,22],"cText":[" "],"cRemoved":[""]}

{"cWhen":1.530010501173055e9,"tag":"Eval","cAll":true}

{"cOrigin":"+input","cTo":[12,23],"cNewPos":[13,0],"cWhen":1.5300105127103517e9,"tag":"Change","cFrom":[12,23],"cText":["",""],"cRemoved":[""]}

{"cOrigin":"+delete","cTo":[13,0],"cNewPos":[12,23],"cWhen":1.5300105144014525e9,"tag":"Change","cFrom":[12,23],"cText":[""],"cRemoved":["",""]}

{"cOrigin":"+input","cTo":[12,23],"cNewPos":[12,24],"cWhen":1.530010515707593e9,"tag":"Change","cFrom":[12,23],"cText":[" "],"cRemoved":[""]}

{"cOrigin":"+delete","cTo":[12,24],"cNewPos":[12,23],"cWhen":1.5300105169134784e9,"tag":"Change","cFrom":[12,23],"cText":[""],"cRemoved":[" "]}

{"cOrigin":"+delete","cTo":[12,23],"cNewPos":[12,22],"cWhen":1.5300105174974792e9,"tag":"Change","cFrom":[12,22],"cText":[""],"cRemoved":[" "]}

{"cOrigin":"+input","cTo":[12,22],"cNewPos":[12,23],"cWhen":1.5300105207856958e9,"tag":"Change","cFrom":[12,22],"cText":[" "],"cRemoved":[""]}

{"cOrigin":"+delete","cTo":[12,23],"cNewPos":[12,22],"cWhen":1.5300105225054479e9,"tag":"Change","cFrom":[12,22],"cText":[""],"cRemoved":[" "]}

{"cXWarp":23,"cNewPos":[12,23],"cWhen":1.5300105252256184e9,"tag":"Move"}

{"cOrigin":"+input","cTo":[12,23],"cNewPos":[12,24],"cWhen":1.5300105257248955e9,"tag":"Change","cFrom":[12,23],"cText":[" "],"cRemoved":[""]}

{"cOrigin":"+input","cTo":[12,24],"cNewPos":[13,0],"cWhen":1.5300105280976934e9,"tag":"Change","cFrom":[12,24],"cText":["",""],"cRemoved":[""]}

{"cOrigin":"+input","cTo":[13,0],"cNewPos":[14,0],"cWhen":1.530010529575349e9,"tag":"Change","cFrom":[13,0],"cText":["",""],"cRemoved":[""]}

{"cOrigin":"+input","cTo":[14,0],"cNewPos":[14,1],"cWhen":1.5300105396578228e9,"tag":"Change","cFrom":[14,0],"cText":["\""],"cRemoved":[""]}

{"cOrigin":"+input","cTo":[14,1],"cNewPos":[14,2],"cWhen":1.5300105427097976e9,"tag":"Change","cFrom":[14,1],"cText":["l"],"cRemoved":[""]}

{"cOrigin":"+input","cTo":[14,2],"cNewPos":[14,3],"cWhen":1.530010543069136e9,"tag":"Change","cFrom":[14,2],"cText":["o"],"cRemoved":[""]}

{"cOrigin":"+input","cTo":[14,3],"cNewPos":[14,4],"cWhen":1.5300105438499892e9,"tag":"Change","cFrom":[14,3],"cText":[" "],"cRemoved":[""]}

{"cOrigin":"+input","cTo":[14,4],"cNewPos":[14,5],"cWhen":1.5300105442987964e9,"tag":"Change","cFrom":[14,4],"cText":["l"],"cRemoved":[""]}

{"cOrigin":"+input","cTo":[14,5],"cNewPos":[14,6],"cWhen":1.530010544617999e9,"tag":"Change","cFrom":[14,5],"cText":["o"],"cRemoved":[""]}

{"cOrigin":"+delete","cTo":[14,6],"cNewPos":[14,5],"cWhen":1.5300105509058285e9,"tag":"Change","cFrom":[14,5],"cText":[""],"cRemoved":["o"]}

{"cOrigin":"+delete","cTo":[14,5],"cNewPos":[14,4],"cWhen":1.530010551409958e9,"tag":"Change","cFrom":[14,4],"cText":[""],"cRemoved":["l"]}

{"cOrigin":"+input","cTo":[14,4],"cNewPos":[14,5],"cWhen":1.5300105551703918e9,"tag":"Change","cFrom":[14,4],"cText":[" "],"cRemoved":[""]}

{"cOrigin":"+delete","cTo":[14,5],"cNewPos":[14,4],"cWhen":1.5300105577110465e9,"tag":"Change","cFrom":[14,4],"cText":[""],"cRemoved":[" "]}

{"cOrigin":"+delete","cTo":[14,4],"cNewPos":[14,3],"cWhen":1.530010558146073e9,"tag":"Change","cFrom":[14,3],"cText":[""],"cRemoved":[" "]}

{"cOrigin":"+input","cTo":[14,3],"cNewPos":[14,4],"cWhen":1.5300105615382485e9,"tag":"Change","cFrom":[14,3],"cText":["*"],"cRemoved":[""]}

{"cOrigin":"+input","cTo":[14,4],"cNewPos":[14,5],"cWhen":1.5300105647541554e9,"tag":"Change","cFrom":[14,4],"cText":["5"],"cRemoved":[""]}

{"cOrigin":"+input","cTo":[14,5],"cNewPos":[14,6],"cWhen":1.5300105687223048e9,"tag":"Change","cFrom":[14,5],"cText":["\""],"cRemoved":[""]}

{"cWhen":1.5300105886386979e9,"tag":"Eval","cAll":true}

{"cOrigin":"+input","cTo":[14,6],"cNewPos":[15,0],"cWhen":1.5300106109251208e9,"tag":"Change","cFrom":[14,6],"cText":["",""],"cRemoved":[""]}

{"cOrigin":"+input","cTo":[15,0],"cNewPos":[16,0],"cWhen":1.53001061169125e9,"tag":"Change","cFrom":[15,0],"cText":["",""],"cRemoved":[""]}
