{"cWhen":1530010094,"tag":"Eval","cAll":true}
{"cWhen":1.5300101218416119e9,"tag":"MuteToggle","cOrbit":2}

{"cWhen":1.5300101218416119e9,"tag":"Eval","cAll":true}

{"cOrigin":"+input","cTo":[0,0],"cNewPos":[0,1],"cWhen":1.530010133272138e9,"tag":"Change","cFrom":[0,0],"cText":["\""],"cRemoved":[""]}

{"cWhen":1.5300101378974597e9,"tag":"Eval","cAll":true}

{"cOrigin":"+input","cTo":[0,1],"cNewPos":[0,2],"cWhen":1.5300101594082317e9,"tag":"Change","cFrom":[0,1],"cText":["\""],"cRemoved":[""]}

{"cOrigin":"+delete","cTo":[0,2],"cNewPos":[0,1],"cWhen":1.5300101614566035e9,"tag":"Change","cFrom":[0,1],"cText":[""],"cRemoved":["\""]}

{"cOrigin":"+delete","cTo":[0,1],"cNewPos":[0,0],"cWhen":1.5300101617520304e9,"tag":"Change","cFrom":[0,0],"cText":[""],"cRemoved":["\""]}

{"cWhen":1.5300101650334547e9,"tag":"MuteToggle","cOrbit":8}

{"cWhen":1.5300101650334547e9,"tag":"Eval","cAll":true}

{"cWhen":1.5300101671134107e9,"tag":"MuteToggle","cOrbit":8}

{"cWhen":1.5300101671134107e9,"tag":"Eval","cAll":true}

{"cWhen":1.5300101675693264e9,"tag":"MuteToggle","cOrbit":8}

{"cWhen":1.5300101675693264e9,"tag":"Eval","cAll":true}

{"cWhen":1.5300101678414683e9,"tag":"MuteToggle","cOrbit":8}

{"cWhen":1.5300101678414683e9,"tag":"Eval","cAll":true}

{"cWhen":1.5300101680333614e9,"tag":"MuteToggle","cOrbit":8}

{"cWhen":1.5300101680333614e9,"tag":"Eval","cAll":true}

{"cWhen":1.530010168287112e9,"tag":"MuteToggle","cOrbit":8}

{"cWhen":1.530010168287112e9,"tag":"Eval","cAll":true}

{"cWhen":1.530010168337112e9,"tag":"MuteToggle","cOrbit":8}

{"cWhen":1.530010168337112e9,"tag":"Eval","cAll":true}

{"cWhen":1.5300101683870966e9,"tag":"MuteToggle","cOrbit":8}

{"cWhen":1.5300101683870966e9,"tag":"Eval","cAll":true}

{"cWhen":1.530010168437193e9,"tag":"MuteToggle","cOrbit":8}

{"cWhen":1.530010168437193e9,"tag":"Eval","cAll":true}

{"cOrigin":"+input","cTo":[0,0],"cNewPos":[0,1],"cWhen":1.5300101687443182e9,"tag":"Change","cFrom":[0,0],"cText":["u"],"cRemoved":[""]}

{"cOrigin":"+input","cTo":[0,1],"cNewPos":[0,2],"cWhen":1.5300101689841812e9,"tag":"Change","cFrom":[0,1],"cText":["p"],"cRemoved":[""]}

{"cOrigin":"+delete","cTo":[0,2],"cNewPos":[0,1],"cWhen":1.5300101704160802e9,"tag":"Change","cFrom":[0,1],"cText":[""],"cRemoved":["p"]}

{"cOrigin":"+delete","cTo":[0,1],"cNewPos":[0,0],"cWhen":1.530010170991965e9,"tag":"Change","cFrom":[0,0],"cText":[""],"cRemoved":["u"]}

{"cOrigin":"+input","cTo":[0,0],"cNewPos":[0,1],"cWhen":1.5300101768561492e9,"tag":"Change","cFrom":[0,0],"cText":["\""],"cRemoved":[""]}

{"cOrigin":"+input","cTo":[0,1],"cNewPos":[0,2],"cWhen":1.5300101807681682e9,"tag":"Change","cFrom":[0,1],"cText":["h"],"cRemoved":[""]}

{"cOrigin":"+input","cTo":[0,2],"cNewPos":[0,3],"cWhen":1.53001018133638e9,"tag":"Change","cFrom":[0,2],"cText":["i"],"cRemoved":[""]}

{"cOrigin":"+input","cTo":[0,3],"cNewPos":[0,4],"cWhen":1.5300101872401652e9,"tag":"Change","cFrom":[0,3],"cText":["*"],"cRemoved":[""]}

{"cOrigin":"+input","cTo":[0,4],"cNewPos":[0,5],"cWhen":1.5300101938563244e9,"tag":"Change","cFrom":[0,4],"cText":["8"],"cRemoved":[""]}

{"cOrigin":"+input","cTo":[0,5],"cNewPos":[0,6],"cWhen":1.5300101941521733e9,"tag":"Change","cFrom":[0,5],"cText":["9"],"cRemoved":[""]}

{"cWhen":1.5300101972658093e9,"tag":"Eval","cAll":true}

{"cOrigin":"+input","cTo":[0,6],"cNewPos":[0,7],"cWhen":1.5300102035761135e9,"tag":"Change","cFrom":[0,6],"cText":["\""],"cRemoved":[""]}

{"cWhen":1.530010205929497e9,"tag":"Eval","cAll":true}

{"cOrigin":"+delete","cTo":[0,7],"cNewPos":[0,6],"cWhen":1.5300102207277806e9,"tag":"Change","cFrom":[0,6],"cText":[""],"cRemoved":["\""]}

{"cOrigin":"+delete","cTo":[0,6],"cNewPos":[0,5],"cWhen":1.5300102209599762e9,"tag":"Change","cFrom":[0,5],"cText":[""],"cRemoved":["9"]}

{"cOrigin":"+delete","cTo":[0,5],"cNewPos":[0,4],"cWhen":1.5300102217599452e9,"tag":"Change","cFrom":[0,4],"cText":[""],"cRemoved":["8"]}

{"cOrigin":"+input","cTo":[0,4],"cNewPos":[0,5],"cWhen":1.530010225567972e9,"tag":"Change","cFrom":[0,4],"cText":["9"],"cRemoved":[""]}

{"cOrigin":"+input","cTo":[0,5],"cNewPos":[0,6],"cWhen":1.5300102258480723e9,"tag":"Change","cFrom":[0,5],"cText":["9"],"cRemoved":[""]}

{"cWhen":1.5300102294328072e9,"tag":"Eval","cAll":true}

{"cWhen":1.5300102386247916e9,"tag":"MuteToggle","cOrbit":8}

{"cWhen":1.5300102386247916e9,"tag":"Eval","cAll":true}

{"cOrigin":"+input","cTo":[0,6],"cNewPos":[0,7],"cWhen":1.5300102432559087e9,"tag":"Change","cFrom":[0,6],"cText":["\""],"cRemoved":[""]}

{"cWhen":1.530010245768793e9,"tag":"Eval","cAll":true}

{"cXWarp":6,"cNewPos":[0,6],"cWhen":1.530010250247784e9,"tag":"Move"}

{"cXWarp":5,"cNewPos":[0,5],"cWhen":1.5300102504397926e9,"tag":"Move"}

{"cXWarp":4,"cNewPos":[0,4],"cWhen":1.530010250607652e9,"tag":"Move"}

{"cXWarp":3,"cNewPos":[0,3],"cWhen":1.5300102507756708e9,"tag":"Move"}

{"cXWarp":2,"cNewPos":[0,2],"cWhen":1.5300102509438355e9,"tag":"Move"}

{"cXWarp":1,"cNewPos":[0,1],"cWhen":1.5300102511116462e9,"tag":"Move"}

{"cXWarp":0,"cNewPos":[0,0],"cWhen":1.530010251319631e9,"tag":"Move"}

{"cOrigin":"+input","cTo":[0,0],"cNewPos":[0,1],"cWhen":1.5300102522238772e9,"tag":"Change","cFrom":[0,0],"cText":["s"],"cRemoved":[""]}

{"cOrigin":"+input","cTo":[0,1],"cNewPos":[0,2],"cWhen":1.5300102530718791e9,"tag":"Change","cFrom":[0,1],"cText":["l"],"cRemoved":[""]}

{"cOrigin":"+input","cTo":[0,2],"cNewPos":[0,3],"cWhen":1.5300102533703682e9,"tag":"Change","cFrom":[0,2],"cText":["o"],"cRemoved":[""]}

{"cOrigin":"+input","cTo":[0,3],"cNewPos":[0,4],"cWhen":1.530010253935881e9,"tag":"Change","cFrom":[0,3],"cText":["w"],"cRemoved":[""]}

{"cOrigin":"+input","cTo":[0,4],"cNewPos":[0,5],"cWhen":1.5300102543517332e9,"tag":"Change","cFrom":[0,4],"cText":["e"],"cRemoved":[""]}

{"cOrigin":"+input","cTo":[0,5],"cNewPos":[0,6],"cWhen":1.5300102548799834e9,"tag":"Change","cFrom":[0,5],"cText":["r"],"cRemoved":[""]}

{"cOrigin":"+input","cTo":[0,6],"cNewPos":[0,7],"cWhen":1.5300102557917554e9,"tag":"Change","cFrom":[0,6],"cText":[" "],"cRemoved":[""]}

{"cWhen":1.530010257128595e9,"tag":"Eval","cAll":true}

{"cXWarp":6,"cNewPos":[0,6],"cWhen":1.5300102595839095e9,"tag":"Move"}

{"cXWarp":5,"cNewPos":[0,5],"cWhen":1.5300102598475962e9,"tag":"Move"}

{"cXWarp":4,"cNewPos":[0,4],"cWhen":1.5300102600476513e9,"tag":"Move"}

{"cXWarp":3,"cNewPos":[0,3],"cWhen":1.530010260215619e9,"tag":"Move"}

{"cXWarp":2,"cNewPos":[0,2],"cWhen":1.5300102603917966e9,"tag":"Move"}

{"cXWarp":1,"cNewPos":[0,1],"cWhen":1.5300102605836394e9,"tag":"Move"}

{"cXWarp":0,"cNewPos":[0,0],"cWhen":1.530010260855749e9,"tag":"Move"}

{"cOrigin":"+input","cTo":[0,0],"cNewPos":[0,1],"cWhen":1.5300102620560465e9,"tag":"Change","cFrom":[0,0],"cText":["s"],"cRemoved":[""]}

{"cOrigin":"+input","cTo":[0,1],"cNewPos":[0,2],"cWhen":1.5300102623278406e9,"tag":"Change","cFrom":[0,1],"cText":["l"],"cRemoved":[""]}

{"cOrigin":"+input","cTo":[0,2],"cNewPos":[0,3],"cWhen":1.53001026258385e9,"tag":"Change","cFrom":[0,2],"cText":["o"],"cRemoved":[""]}

{"cOrigin":"+input","cTo":[0,3],"cNewPos":[0,4],"cWhen":1.5300102629197643e9,"tag":"Change","cFrom":[0,3],"cText":["w"],"cRemoved":[""]}

{"cOrigin":"+input","cTo":[0,4],"cNewPos":[0,5],"cWhen":1.5300102632238724e9,"tag":"Change","cFrom":[0,4],"cText":["e"],"cRemoved":[""]}

{"cOrigin":"+input","cTo":[0,5],"cNewPos":[0,6],"cWhen":1.5300102635037417e9,"tag":"Change","cFrom":[0,5],"cText":["r"],"cRemoved":[""]}

{"cOrigin":"+input","cTo":[0,6],"cNewPos":[0,7],"cWhen":1.5300102638638458e9,"tag":"Change","cFrom":[0,6],"cText":[" "],"cRemoved":[""]}

{"cOrigin":"+input","cTo":[0,7],"cNewPos":[0,8],"cWhen":1.530010265103846e9,"tag":"Change","cFrom":[0,7],"cText":["$"],"cRemoved":[""]}

{"cWhen":1.530010266568971e9,"tag":"Eval","cAll":true}

{"cXWarp":7,"cNewPos":[0,7],"cWhen":1.530010268279806e9,"tag":"Move"}

{"cXWarp":6,"cNewPos":[0,6],"cWhen":1.5300102684396646e9,"tag":"Move"}

{"cXWarp":5,"cNewPos":[0,5],"cWhen":1.5300102685760186e9,"tag":"Move"}

{"cXWarp":4,"cNewPos":[0,4],"cWhen":1.5300102687196705e9,"tag":"Move"}

{"cXWarp":3,"cNewPos":[0,3],"cWhen":1.5300102688637893e9,"tag":"Move"}

{"cXWarp":2,"cNewPos":[0,2],"cWhen":1.5300102690078106e9,"tag":"Move"}

{"cXWarp":1,"cNewPos":[0,1],"cWhen":1.530010269143827e9,"tag":"Move"}

{"cXWarp":0,"cNewPos":[0,0],"cWhen":1.5300102692876987e9,"tag":"Move"}

{"cXWarp":0,"cNewPos":[0,0],"cWhen":1.5300102694240067e9,"tag":"Move"}

{"cOrigin":"+input","cTo":[0,0],"cNewPos":[0,1],"cWhen":1.5300102703918989e9,"tag":"Change","cFrom":[0,0],"cText":["e"],"cRemoved":[""]}

{"cOrigin":"+input","cTo":[0,1],"cNewPos":[0,2],"cWhen":1.5300102707919137e9,"tag":"Change","cFrom":[0,1],"cText":["v"],"cRemoved":[""]}

{"cOrigin":"+input","cTo":[0,2],"cNewPos":[0,3],"cWhen":1.530010271007803e9,"tag":"Change","cFrom":[0,2],"cText":["e"],"cRemoved":[""]}

{"cOrigin":"+input","cTo":[0,3],"cNewPos":[0,4],"cWhen":1.5300102712321832e9,"tag":"Change","cFrom":[0,3],"cText":["r"],"cRemoved":[""]}

{"cOrigin":"+input","cTo":[0,4],"cNewPos":[0,5],"cWhen":1.53001027146378e9,"tag":"Change","cFrom":[0,4],"cText":["y"],"cRemoved":[""]}

{"cOrigin":"+input","cTo":[0,5],"cNewPos":[0,6],"cWhen":1.5300102721118855e9,"tag":"Change","cFrom":[0,5],"cText":[" "],"cRemoved":[""]}

{"cOrigin":"+input","cTo":[0,6],"cNewPos":[0,7],"cWhen":1.5300102723438003e9,"tag":"Change","cFrom":[0,6],"cText":["2"],"cRemoved":[""]}

{"cOrigin":"+input","cTo":[0,7],"cNewPos":[0,8],"cWhen":1.530010272792117e9,"tag":"Change","cFrom":[0,7],"cText":[" "],"cRemoved":[""]}

{"cWhen":1.530010273568506e9,"tag":"Eval","cAll":true}

{"cXWarp":9,"cNewPos":[0,9],"cWhen":1.530010279823754e9,"tag":"Move"}

{"cXWarp":10,"cNewPos":[0,10],"cWhen":1.530010279999803e9,"tag":"Move"}

{"cXWarp":11,"cNewPos":[0,11],"cWhen":1.530010280167789e9,"tag":"Move"}

{"cXWarp":12,"cNewPos":[0,12],"cWhen":1.530010280335712e9,"tag":"Move"}

{"cXWarp":13,"cNewPos":[0,13],"cWhen":1.5300102804880579e9,"tag":"Move"}

{"cXWarp":14,"cNewPos":[0,14],"cWhen":1.5300102806318307e9,"tag":"Move"}

{"cXWarp":15,"cNewPos":[0,15],"cWhen":1.5300102808857641e9,"tag":"Move"}

{"cXWarp":16,"cNewPos":[0,16],"cWhen":1.5300102809357386e9,"tag":"Move"}

{"cXWarp":17,"cNewPos":[0,17],"cWhen":1.530010280985579e9,"tag":"Move"}

{"cXWarp":18,"cNewPos":[0,18],"cWhen":1.5300102810356092e9,"tag":"Move"}

{"cXWarp":19,"cNewPos":[0,19],"cWhen":1.5300102810856004e9,"tag":"Move"}

{"cXWarp":20,"cNewPos":[0,20],"cWhen":1.5300102811355107e9,"tag":"Move"}

{"cXWarp":21,"cNewPos":[0,21],"cWhen":1.5300102811854627e9,"tag":"Move"}

{"cXWarp":22,"cNewPos":[0,22],"cWhen":1.5300102812354665e9,"tag":"Move"}

{"cXWarp":23,"cNewPos":[0,23],"cWhen":1.5300102812854755e9,"tag":"Move"}

{"cXWarp":24,"cNewPos":[0,24],"cWhen":1.5300102813354886e9,"tag":"Move"}

{"cXWarp":25,"cNewPos":[0,25],"cWhen":1.5300102813854768e9,"tag":"Move"}

{"cXWarp":26,"cNewPos":[0,26],"cWhen":1.5300102814354777e9,"tag":"Move"}

{"cXWarp":27,"cNewPos":[0,27],"cWhen":1.5300102816318421e9,"tag":"Move"}

{"cXWarp":28,"cNewPos":[0,28],"cWhen":1.5300102817757201e9,"tag":"Move"}

{"cXWarp":29,"cNewPos":[0,29],"cWhen":1.5300102819197943e9,"tag":"Move"}

{"cOrigin":"+input","cTo":[0,29],"cNewPos":[0,30],"cWhen":1.530010283201465e9,"tag":"Change","cFrom":[0,29],"cText":[" "],"cRemoved":[""]}

{"cOrigin":"+input","cTo":[0,30],"cNewPos":[0,31],"cWhen":1.5300102841438446e9,"tag":"Change","cFrom":[0,30],"cText":["l"],"cRemoved":[""]}

{"cOrigin":"+input","cTo":[0,31],"cNewPos":[0,32],"cWhen":1.5300102844158292e9,"tag":"Change","cFrom":[0,31],"cText":["o"],"cRemoved":[""]}

{"cOrigin":"+input","cTo":[0,32],"cNewPos":[0,33],"cWhen":1.530010284423886e9,"tag":"Change","cFrom":[0,32],"cText":["i"],"cRemoved":[""]}

{"cWhen":1.530010285208678e9,"tag":"Eval","cAll":true}

{"cOrigin":"+delete","cTo":[0,33],"cNewPos":[0,32],"cWhen":1.5300102867197685e9,"tag":"Change","cFrom":[0,32],"cText":[""],"cRemoved":["i"]}

{"cWhen":1.5300102873935847e9,"tag":"Eval","cAll":true}

{"cXWarp":31,"cNewPos":[0,31],"cWhen":1.5300102962802832e9,"tag":"Move"}

{"cXWarp":30,"cNewPos":[0,30],"cWhen":1.5300102964002187e9,"tag":"Move"}

{"cXWarp":29,"cNewPos":[0,29],"cWhen":1.530010296544264e9,"tag":"Move"}

{"cXWarp":30,"cNewPos":[0,30],"cWhen":1.5300103406895447e9,"tag":"Move"}

{"cXWarp":31,"cNewPos":[0,31],"cWhen":1.5300103409694667e9,"tag":"Move"}

{"cXWarp":32,"cNewPos":[0,32],"cWhen":1.5300103417615771e9,"tag":"Move"}

{"cOrigin":"+delete","cTo":[0,32],"cNewPos":[0,31],"cWhen":1.530010343481305e9,"tag":"Change","cFrom":[0,31],"cText":[""],"cRemoved":["o"]}

{"cOrigin":"+delete","cTo":[0,31],"cNewPos":[0,30],"cWhen":1.5300103440573285e9,"tag":"Change","cFrom":[0,30],"cText":[""],"cRemoved":["l"]}

{"cOrigin":"+delete","cTo":[0,30],"cNewPos":[0,29],"cWhen":1.530010344521315e9,"tag":"Change","cFrom":[0,29],"cText":[""],"cRemoved":[" "]}

{"cOrigin":"+delete","cTo":[0,29],"cNewPos":[0,28],"cWhen":1.530010344865375e9,"tag":"Change","cFrom":[0,28],"cText":[""],"cRemoved":["9"]}

{"cOrigin":"+delete","cTo":[0,28],"cNewPos":[0,27],"cWhen":1.5300103451933405e9,"tag":"Change","cFrom":[0,27],"cText":[""],"cRemoved":["9"]}

{"cOrigin":"+input","cTo":[0,27],"cNewPos":[0,28],"cWhen":1.5300103500256553e9,"tag":"Change","cFrom":[0,27],"cText":["9"],"cRemoved":[""]}

{"cOrigin":"+input","cTo":[0,28],"cNewPos":[0,29],"cWhen":1.530010350313608e9,"tag":"Change","cFrom":[0,28],"cText":["8"],"cRemoved":[""]}

{"cWhen":1.5300103534114385e9,"tag":"Eval","cAll":true}

{"cOrigin":"+delete","cTo":[0,29],"cNewPos":[0,28],"cWhen":1.530010371386341e9,"tag":"Change","cFrom":[0,28],"cText":[""],"cRemoved":["8"]}

{"cOrigin":"+delete","cTo":[0,28],"cNewPos":[0,27],"cWhen":1.5300103716501794e9,"tag":"Change","cFrom":[0,27],"cText":[""],"cRemoved":["9"]}

{"cOrigin":"+input","cTo":[0,27],"cNewPos":[0,28],"cWhen":1.5300103741302881e9,"tag":"Change","cFrom":[0,27],"cText":["9"],"cRemoved":[""]}

{"cOrigin":"+input","cTo":[0,28],"cNewPos":[0,29],"cWhen":1.5300103744182782e9,"tag":"Change","cFrom":[0,28],"cText":["0"],"cRemoved":[""]}

{"cWhen":1.5300103783874075e9,"tag":"Eval","cAll":true}

{"cOrigin":"+delete","cTo":[0,29],"cNewPos":[0,28],"cWhen":1.5300103916425714e9,"tag":"Change","cFrom":[0,28],"cText":[""],"cRemoved":["0"]}

{"cOrigin":"+delete","cTo":[0,28],"cNewPos":[0,27],"cWhen":1.5300103920506804e9,"tag":"Change","cFrom":[0,27],"cText":[""],"cRemoved":["9"]}

{"cWhen":1.5300103959475646e9,"tag":"MuteToggle","cOrbit":8}

{"cWhen":1.5300103959475646e9,"tag":"Eval","cAll":true}

{"cOrigin":"+input","cTo":[0,27],"cNewPos":[0,28],"cWhen":1.5300104023871932e9,"tag":"Change","cFrom":[0,27],"cText":["9"],"cRemoved":[""]}

{"cOrigin":"+input","cTo":[0,28],"cNewPos":[0,29],"cWhen":1.5300104026992805e9,"tag":"Change","cFrom":[0,28],"cText":["9"],"cRemoved":[""]}

{"cWhen":1.530010405789105e9,"tag":"Eval","cAll":true}

{"cOrigin":"+delete","cTo":[0,29],"cNewPos":[0,28],"cWhen":1.5300104159474676e9,"tag":"Change","cFrom":[0,28],"cText":[""],"cRemoved":["9"]}

{"cOrigin":"+delete","cTo":[0,28],"cNewPos":[0,27],"cWhen":1.5300104162111092e9,"tag":"Change","cFrom":[0,27],"cText":[""],"cRemoved":["9"]}

{"cWhen":1.530010419437195e9,"tag":"MuteToggle","cOrbit":8}

{"cWhen":1.530010419437195e9,"tag":"Eval","cAll":true}

{"cOrigin":"+input","cTo":[0,27],"cNewPos":[0,28],"cWhen":1.5300104284118452e9,"tag":"Change","cFrom":[0,27],"cText":["9"],"cRemoved":[""]}

{"cOrigin":"+input","cTo":[0,28],"cNewPos":[0,29],"cWhen":1.5300104286837318e9,"tag":"Change","cFrom":[0,28],"cText":["8"],"cRemoved":[""]}

{"cOrigin":"+input","cTo":[0,29],"cNewPos":[0,30],"cWhen":1.5300104290037782e9,"tag":"Change","cFrom":[0,29],"cText":["7"],"cRemoved":[""]}

{"cOrigin":"+input","cTo":[0,30],"cNewPos":[0,31],"cWhen":1.5300104292998936e9,"tag":"Change","cFrom":[0,30],"cText":["6"],"cRemoved":[""]}

{"cWhen":1.5300104337579653e9,"tag":"Eval","cAll":true}

{"cOrigin":"+input","cTo":[0,31],"cNewPos":[1,0],"cWhen":1.5300104378485794e9,"tag":"Change","cFrom":[0,31],"cText":["",""],"cRemoved":[""]}

{"cOrigin":"+input","cTo":[1,0],"cNewPos":[2,0],"cWhen":1.530010438120213e9,"tag":"Change","cFrom":[1,0],"cText":["",""],"cRemoved":[""]}

{"cOrigin":"+input","cTo":[2,0],"cNewPos":[3,0],"cWhen":1.5300104385801995e9,"tag":"Change","cFrom":[2,0],"cText":["",""],"cRemoved":[""]}

{"cOrigin":"+input","cTo":[3,0],"cNewPos":[4,0],"cWhen":1.5300104404202445e9,"tag":"Change","cFrom":[3,0],"cText":["",""],"cRemoved":[""]}

{"cOrigin":"+input","cTo":[4,0],"cNewPos":[5,0],"cWhen":1.5300104425002213e9,"tag":"Change","cFrom":[4,0],"cText":["",""],"cRemoved":[""]}

{"cXWarp":0,"cNewPos":[4,0],"cWhen":1.5300104482461329e9,"tag":"Move"}

{"cXWarp":0,"cNewPos":[3,0],"cWhen":1.5300104486001964e9,"tag":"Move"}

{"cXWarp":0,"cNewPos":[2,0],"cWhen":1.530010448899181e9,"tag":"Move"}

{"cXWarp":0,"cNewPos":[1,0],"cWhen":1.530010449220238e9,"tag":"Move"}

{"cXWarp":0,"cNewPos":[0,0],"cWhen":1.5300104497201424e9,"tag":"Move"}

{"cXWarp":1,"cNewPos":[0,1],"cWhen":1.5300104512001402e9,"tag":"Move"}

{"cXWarp":2,"cNewPos":[0,2],"cWhen":1.530010451500133e9,"tag":"Move"}

{"cXWarp":3,"cNewPos":[0,3],"cWhen":1.5300104516401327e9,"tag":"Move"}

{"cXWarp":4,"cNewPos":[0,4],"cWhen":1.5300104517003262e9,"tag":"Move"}

{"cXWarp":5,"cNewPos":[0,5],"cWhen":1.5300104518201993e9,"tag":"Move"}

{"cXWarp":6,"cNewPos":[0,6],"cWhen":1.530010451940384e9,"tag":"Move"}

{"cXWarp":7,"cNewPos":[0,7],"cWhen":1.5300104520604901e9,"tag":"Move"}

{"cXWarp":8,"cNewPos":[0,8],"cWhen":1.5300104521601326e9,"tag":"Move"}

{"cXWarp":9,"cNewPos":[0,9],"cWhen":1.5300104522603846e9,"tag":"Move"}

{"cXWarp":10,"cNewPos":[0,10],"cWhen":1.5300104523601801e9,"tag":"Move"}

{"cXWarp":11,"cNewPos":[0,11],"cWhen":1.5300104524801164e9,"tag":"Move"}

{"cXWarp":12,"cNewPos":[0,12],"cWhen":1.5300104526001375e9,"tag":"Move"}

{"cXWarp":13,"cNewPos":[0,13],"cWhen":1.5300104527001266e9,"tag":"Move"}

{"cXWarp":14,"cNewPos":[0,14],"cWhen":1.530010452820191e9,"tag":"Move"}

{"cXWarp":15,"cNewPos":[0,15],"cWhen":1.5300104529601347e9,"tag":"Move"}

{"cXWarp":16,"cNewPos":[0,16],"cWhen":1.5300104530601463e9,"tag":"Move"}

{"cXWarp":17,"cNewPos":[0,17],"cWhen":1.5300104532001278e9,"tag":"Move"}

{"cXWarp":18,"cNewPos":[0,18],"cWhen":1.530010453314451e9,"tag":"Move"}

{"cXWarp":19,"cNewPos":[0,19],"cWhen":1.5300104534201217e9,"tag":"Move"}

{"cXWarp":20,"cNewPos":[0,20],"cWhen":1.5300104535401375e9,"tag":"Move"}

{"cXWarp":21,"cNewPos":[0,21],"cWhen":1.53001045364012e9,"tag":"Move"}

{"cXWarp":22,"cNewPos":[0,22],"cWhen":1.5300104537401314e9,"tag":"Move"}

{"cXWarp":23,"cNewPos":[0,23],"cWhen":1.530010453880203e9,"tag":"Move"}

{"cXWarp":24,"cNewPos":[0,24],"cWhen":1.5300104539801242e9,"tag":"Move"}

{"cXWarp":25,"cNewPos":[0,25],"cWhen":1.5300104540201268e9,"tag":"Move"}

{"cXWarp":26,"cNewPos":[0,26],"cWhen":1.5300104540278077e9,"tag":"Move"}

{"cXWarp":27,"cNewPos":[0,27],"cWhen":1.5300104540305982e9,"tag":"Move"}

{"cXWarp":28,"cNewPos":[0,28],"cWhen":1.5300104541310484e9,"tag":"Move"}

{"cXWarp":29,"cNewPos":[0,29],"cWhen":1.5300104541338344e9,"tag":"Move"}

{"cXWarp":30,"cNewPos":[0,30],"cWhen":1.5300104541365464e9,"tag":"Move"}

{"cXWarp":31,"cNewPos":[0,31],"cWhen":1.5300104542329443e9,"tag":"Move"}

{"cXWarp":31,"cNewPos":[0,31],"cWhen":1.530010454235877e9,"tag":"Move"}

{"cXWarp":31,"cNewPos":[0,31],"cWhen":1.5300104542383447e9,"tag":"Move"}

{"cXWarp":31,"cNewPos":[0,31],"cWhen":1.5300104543324423e9,"tag":"Move"}

{"cXWarp":31,"cNewPos":[0,31],"cWhen":1.530010454335091e9,"tag":"Move"}

{"cXWarp":31,"cNewPos":[0,31],"cWhen":1.5300104543376558e9,"tag":"Move"}

{"cXWarp":31,"cNewPos":[0,31],"cWhen":1.5300104544334042e9,"tag":"Move"}

{"cXWarp":31,"cNewPos":[0,31],"cWhen":1.5300104544361908e9,"tag":"Move"}

{"cXWarp":31,"cNewPos":[0,31],"cWhen":1.5300104544386523e9,"tag":"Move"}

{"cXWarp":31,"cNewPos":[0,31],"cWhen":1.530010454533782e9,"tag":"Move"}

{"cXWarp":31,"cNewPos":[0,31],"cWhen":1.530010454536387e9,"tag":"Move"}

{"cXWarp":31,"cNewPos":[0,31],"cWhen":1.5300104545389123e9,"tag":"Move"}

{"cXWarp":31,"cNewPos":[0,31],"cWhen":1.5300104546332402e9,"tag":"Move"}

{"cXWarp":31,"cNewPos":[0,31],"cWhen":1.530010454636004e9,"tag":"Move"}

{"cXWarp":31,"cNewPos":[0,31],"cWhen":1.5300104546384594e9,"tag":"Move"}

{"cXWarp":31,"cNewPos":[0,31],"cWhen":1.5300104547328389e9,"tag":"Move"}

{"cXWarp":31,"cNewPos":[0,31],"cWhen":1.5300104547354474e9,"tag":"Move"}

{"cXWarp":31,"cNewPos":[0,31],"cWhen":1.5300104547378972e9,"tag":"Move"}

{"cXWarp":31,"cNewPos":[0,31],"cWhen":1.5300104548330524e9,"tag":"Move"}

{"cXWarp":31,"cNewPos":[0,31],"cWhen":1.5300104548358133e9,"tag":"Move"}

{"cXWarp":31,"cNewPos":[0,31],"cWhen":1.530010454838289e9,"tag":"Move"}

{"cXWarp":31,"cNewPos":[0,31],"cWhen":1.5300104549319868e9,"tag":"Move"}

{"cXWarp":31,"cNewPos":[0,31],"cWhen":1.5300104549345746e9,"tag":"Move"}

{"cXWarp":31,"cNewPos":[0,31],"cWhen":1.5300104550001307e9,"tag":"Move"}

{"cXWarp":31,"cNewPos":[0,31],"cWhen":1.5300104550397892e9,"tag":"Move"}

{"cXWarp":31,"cNewPos":[0,31],"cWhen":1.530010455130861e9,"tag":"Move"}

{"cXWarp":31,"cNewPos":[0,31],"cWhen":1.5300104551334348e9,"tag":"Move"}

{"cXWarp":31,"cNewPos":[0,31],"cWhen":1.530010455135936e9,"tag":"Move"}

{"cXWarp":31,"cNewPos":[0,31],"cWhen":1.5300104552453828e9,"tag":"Move"}

{"cXWarp":31,"cNewPos":[0,31],"cWhen":1.530010455263123e9,"tag":"Move"}

{"cXWarp":31,"cNewPos":[0,31],"cWhen":1.5300104552656174e9,"tag":"Move"}

{"cXWarp":31,"cNewPos":[0,31],"cWhen":1.5300104552679691e9,"tag":"Move"}

{"cXWarp":31,"cNewPos":[0,31],"cWhen":1.530010455342238e9,"tag":"Move"}

{"cXWarp":31,"cNewPos":[0,31],"cWhen":1.5300104553447666e9,"tag":"Move"}

{"cOrigin":"+delete","cTo":[0,31],"cNewPos":[0,30],"cWhen":1.5300104561004453e9,"tag":"Change","cFrom":[0,30],"cText":[""],"cRemoved":["6"]}

{"cOrigin":"+delete","cTo":[0,30],"cNewPos":[0,29],"cWhen":1.5300104563569741e9,"tag":"Change","cFrom":[0,29],"cText":[""],"cRemoved":["7"]}

{"cOrigin":"+delete","cTo":[0,29],"cNewPos":[0,28],"cWhen":1.5300104568401375e9,"tag":"Change","cFrom":[0,28],"cText":[""],"cRemoved":["8"]}

{"cOrigin":"+input","cTo":[0,28],"cNewPos":[0,29],"cWhen":1.53001046220098e9,"tag":"Change","cFrom":[0,28],"cText":["1"],"cRemoved":[""]}

{"cXWarp":0,"cNewPos":[0,0],"cWhen":1.5300105209917355e9,"tag":"Move"}

{"cXWarp":0,"cNewPos":[0,0],"cWhen":1.530010520994558e9,"tag":"Move"}

{"cXWarp":0,"cNewPos":[0,0],"cWhen":1.530010520998462e9,"tag":"Move"}

{"cXWarp":0,"cNewPos":[0,0],"cWhen":1.5300105210013661e9,"tag":"Move"}

{"cXWarp":0,"cNewPos":[0,0],"cWhen":1.5300105210070555e9,"tag":"Move"}

{"cXWarp":0,"cNewPos":[0,0],"cWhen":1.530010521010438e9,"tag":"Move"}

{"cXWarp":0,"cNewPos":[0,0],"cWhen":1.5300105210127432e9,"tag":"Move"}

{"cXWarp":0,"cNewPos":[0,0],"cWhen":1.5300105210148633e9,"tag":"Move"}

{"cXWarp":0,"cNewPos":[0,0],"cWhen":1.5300105210305076e9,"tag":"Move"}

{"cXWarp":0,"cNewPos":[0,0],"cWhen":1.530010521032796e9,"tag":"Move"}

{"cXWarp":0,"cNewPos":[0,0],"cWhen":1.530010521035703e9,"tag":"Move"}

{"cXWarp":0,"cNewPos":[0,0],"cWhen":1.5300105216309528e9,"tag":"Move"}

{"cXWarp":0,"cNewPos":[0,0],"cWhen":1.5300105216422675e9,"tag":"Move"}

{"cXWarp":0,"cNewPos":[0,0],"cWhen":1.5300105217803676e9,"tag":"Move"}

{"cXWarp":0,"cNewPos":[0,0],"cWhen":1.5300105218445127e9,"tag":"Move"}

{"cXWarp":0,"cNewPos":[0,0],"cWhen":1.5300105218806777e9,"tag":"Move"}

{"cXWarp":0,"cNewPos":[0,0],"cWhen":1.5300105220211635e9,"tag":"Move"}

{"cXWarp":0,"cNewPos":[0,0],"cWhen":1.5300105220545454e9,"tag":"Move"}

{"cXWarp":0,"cNewPos":[0,0],"cWhen":1.5300105220779898e9,"tag":"Move"}

{"cXWarp":0,"cNewPos":[0,0],"cWhen":1.5300105221203368e9,"tag":"Move"}

{"cXWarp":0,"cNewPos":[0,0],"cWhen":1.53001052218034e9,"tag":"Move"}

{"cXWarp":0,"cNewPos":[0,0],"cWhen":1.5300105222412088e9,"tag":"Move"}

{"cXWarp":0,"cNewPos":[0,0],"cWhen":1.530010522276775e9,"tag":"Move"}

{"cXWarp":0,"cNewPos":[0,0],"cWhen":1.5300105223202908e9,"tag":"Move"}

{"cXWarp":0,"cNewPos":[0,0],"cWhen":1.530010522361077e9,"tag":"Move"}

{"cOrigin":"+input","cTo":[0,0],"cNewPos":[0,1],"cWhen":1.5300105223817244e9,"tag":"Change","cFrom":[0,0],"cText":["d"],"cRemoved":[""]}

{"cXWarp":0,"cNewPos":[0,0],"cWhen":1.5300105224203532e9,"tag":"Move"}

{"cXWarp":0,"cNewPos":[0,0],"cWhen":1.5300105224411669e9,"tag":"Move"}

{"cXWarp":0,"cNewPos":[0,0],"cWhen":1.5300105224803195e9,"tag":"Move"}

{"cXWarp":0,"cNewPos":[0,0],"cWhen":1.530010522540355e9,"tag":"Move"}

{"cXWarp":0,"cNewPos":[0,0],"cWhen":1.5300105225419621e9,"tag":"Move"}

{"cXWarp":0,"cNewPos":[0,0],"cWhen":1.530010522543186e9,"tag":"Move"}

{"cXWarp":1,"cNewPos":[0,1],"cWhen":1.5300105230216656e9,"tag":"Move"}

{"cXWarp":1,"cNewPos":[0,1],"cWhen":1.5300105230502827e9,"tag":"Move"}

{"cXWarp":1,"cNewPos":[0,1],"cWhen":1.530010523060802e9,"tag":"Move"}

{"cXWarp":1,"cNewPos":[0,1],"cWhen":1.5300105230623024e9,"tag":"Move"}

{"cXWarp":1,"cNewPos":[0,1],"cWhen":1.5300105232607236e9,"tag":"Move"}

{"cXWarp":1,"cNewPos":[0,1],"cWhen":1.530010523262379e9,"tag":"Move"}

{"cXWarp":1,"cNewPos":[0,1],"cWhen":1.530010523263697e9,"tag":"Move"}

{"cXWarp":1,"cNewPos":[0,1],"cWhen":1.530010523400365e9,"tag":"Move"}

{"cXWarp":1,"cNewPos":[0,1],"cWhen":1.530010523440359e9,"tag":"Move"}

{"cXWarp":1,"cNewPos":[0,1],"cWhen":1.5300105234522696e9,"tag":"Move"}

{"cXWarp":1,"cNewPos":[0,1],"cWhen":1.530010523453807e9,"tag":"Move"}

{"cXWarp":1,"cNewPos":[0,1],"cWhen":1.530010523455132e9,"tag":"Move"}

{"cXWarp":1,"cNewPos":[0,1],"cWhen":1.5300105234581087e9,"tag":"Move"}

{"cXWarp":1,"cNewPos":[0,1],"cWhen":1.5300105234594727e9,"tag":"Move"}

{"cXWarp":1,"cNewPos":[0,1],"cWhen":1.5300105234620705e9,"tag":"Move"}

{"cXWarp":1,"cNewPos":[0,1],"cWhen":1.5300105234634755e9,"tag":"Move"}

{"cXWarp":1,"cNewPos":[0,1],"cWhen":1.530010523466366e9,"tag":"Move"}

{"cXWarp":1,"cNewPos":[0,1],"cWhen":1.5300105234693077e9,"tag":"Move"}

{"cXWarp":1,"cNewPos":[0,1],"cWhen":1.5300105234714212e9,"tag":"Move"}

{"cXWarp":1,"cNewPos":[0,1],"cWhen":1.5300105234735396e9,"tag":"Move"}

{"cXWarp":1,"cNewPos":[0,1],"cWhen":1.5300105234761581e9,"tag":"Move"}

{"cXWarp":1,"cNewPos":[0,1],"cWhen":1.5300105234783044e9,"tag":"Move"}

{"cXWarp":1,"cNewPos":[0,1],"cWhen":1.53001052348039e9,"tag":"Move"}

{"cXWarp":1,"cNewPos":[0,1],"cWhen":1.5300105234826968e9,"tag":"Move"}

{"cXWarp":1,"cNewPos":[0,1],"cWhen":1.530010523484742e9,"tag":"Move"}

{"cXWarp":1,"cNewPos":[0,1],"cWhen":1.5300105234868581e9,"tag":"Move"}

{"cXWarp":1,"cNewPos":[0,1],"cWhen":1.5300105234889681e9,"tag":"Move"}

{"cXWarp":1,"cNewPos":[0,1],"cWhen":1.5300105234910562e9,"tag":"Move"}

{"cXWarp":1,"cNewPos":[0,1],"cWhen":1.5300105234931855e9,"tag":"Move"}

{"cXWarp":1,"cNewPos":[0,1],"cWhen":1.5300105234952116e9,"tag":"Move"}

{"cXWarp":1,"cNewPos":[0,1],"cWhen":1.5300105234975297e9,"tag":"Move"}

{"cXWarp":1,"cNewPos":[0,1],"cWhen":1.530010523499579e9,"tag":"Move"}

{"cXWarp":1,"cNewPos":[0,1],"cWhen":1.5300105235018754e9,"tag":"Move"}

{"cOrigin":"+delete","cTo":[0,1],"cNewPos":[0,0],"cWhen":1.530010523789414e9,"tag":"Change","cFrom":[0,0],"cText":[""],"cRemoved":["d"]}

{"cOrigin":"+input","cTo":[0,0],"cNewPos":[0,1],"cWhen":1.530010524973415e9,"tag":"Change","cFrom":[0,0],"cText":["\""],"cRemoved":[""]}

{"cOrigin":"+input","cTo":[0,1],"cNewPos":[0,2],"cWhen":1.5300105258376e9,"tag":"Change","cFrom":[0,1],"cText":["b"],"cRemoved":[""]}

{"cOrigin":"+input","cTo":[0,2],"cNewPos":[0,3],"cWhen":1.5300105259975924e9,"tag":"Change","cFrom":[0,2],"cText":["d"],"cRemoved":[""]}

{"cOrigin":"+input","cTo":[0,3],"cNewPos":[0,4],"cWhen":1.5300105263334394e9,"tag":"Change","cFrom":[0,3],"cText":["\""],"cRemoved":[""]}

{"cWhen":1.5300105270231824e9,"tag":"Eval","cAll":true}

{"cXWarp":3,"cNewPos":[0,3],"cWhen":1.5300105296845307e9,"tag":"Move"}

{"cXWarp":2,"cNewPos":[0,2],"cWhen":1.5300105296872263e9,"tag":"Move"}

{"cXWarp":1,"cNewPos":[0,1],"cWhen":1.530010529689489e9,"tag":"Move"}

{"cXWarp":0,"cNewPos":[0,0],"cWhen":1.5300105296916175e9,"tag":"Move"}

{"cXWarp":0,"cNewPos":[0,0],"cWhen":1.5300105296939263e9,"tag":"Move"}

{"cXWarp":0,"cNewPos":[0,0],"cWhen":1.5300105298135822e9,"tag":"Move"}

{"cXWarp":1,"cNewPos":[0,1],"cWhen":1.5300105303335257e9,"tag":"Move"}

{"cXWarp":2,"cNewPos":[0,2],"cWhen":1.530010530605757e9,"tag":"Move"}

{"cXWarp":3,"cNewPos":[0,3],"cWhen":1.5300105307735908e9,"tag":"Move"}

{"cOrigin":"+delete","cTo":[0,3],"cNewPos":[0,2],"cWhen":1.5300105317176008e9,"tag":"Change","cFrom":[0,2],"cText":[""],"cRemoved":["d"]}

{"cOrigin":"+delete","cTo":[0,2],"cNewPos":[0,1],"cWhen":1.5300105318615925e9,"tag":"Change","cFrom":[0,1],"cText":[""],"cRemoved":["b"]}

{"cOrigin":"+input","cTo":[0,1],"cNewPos":[0,2],"cWhen":1.530010532461782e9,"tag":"Change","cFrom":[0,1],"cText":["h"],"cRemoved":[""]}

{"cOrigin":"+input","cTo":[0,2],"cNewPos":[0,3],"cWhen":1.5300105325018318e9,"tag":"Change","cFrom":[0,2],"cText":["i"],"cRemoved":[""]}

{"cOrigin":"+input","cTo":[0,3],"cNewPos":[0,4],"cWhen":1.5300105326378555e9,"tag":"Change","cFrom":[0,3],"cText":[" "],"cRemoved":[""]}

{"cOrigin":"+input","cTo":[0,4],"cNewPos":[0,5],"cWhen":1.530010532749911e9,"tag":"Change","cFrom":[0,4],"cText":["l"],"cRemoved":[""]}

{"cOrigin":"+input","cTo":[0,5],"cNewPos":[0,6],"cWhen":1.5300105328779144e9,"tag":"Change","cFrom":[0,5],"cText":["o"],"cRemoved":[""]}

{"cWhen":1.530010533367225e9,"tag":"Eval","cAll":true}

{"cOrigin":"+input","cTo":[0,6],"cNewPos":[0,7],"cWhen":1.5300105345739563e9,"tag":"Change","cFrom":[0,6],"cText":["*"],"cRemoved":[""]}

{"cOrigin":"+input","cTo":[0,7],"cNewPos":[0,8],"cWhen":1.5300105350300982e9,"tag":"Change","cFrom":[0,7],"cText":["4"],"cRemoved":[""]}

{"cOrigin":"+input","cTo":[0,8],"cNewPos":[0,9],"cWhen":1.5300105351180158e9,"tag":"Change","cFrom":[0,8],"cText":["0"],"cRemoved":[""]}

{"cXWarp":0,"cNewPos":[0,0],"cWhen":1.530010536437967e9,"tag":"Move"}

{"cOrigin":"+input","cTo":[0,0],"cNewPos":[0,1],"cWhen":1.5300105375179322e9,"tag":"Change","cFrom":[0,0],"cText":["e"],"cRemoved":[""]}

{"cOrigin":"+input","cTo":[0,1],"cNewPos":[0,2],"cWhen":1.5300105376699057e9,"tag":"Change","cFrom":[0,1],"cText":["v"],"cRemoved":[""]}

{"cOrigin":"+input","cTo":[0,2],"cNewPos":[0,3],"cWhen":1.530010537797957e9,"tag":"Change","cFrom":[0,2],"cText":["e"],"cRemoved":[""]}

{"cOrigin":"+input","cTo":[0,3],"cNewPos":[0,4],"cWhen":1.5300105378460155e9,"tag":"Change","cFrom":[0,3],"cText":["r"],"cRemoved":[""]}

{"cOrigin":"+input","cTo":[0,4],"cNewPos":[0,5],"cWhen":1.5300105379579742e9,"tag":"Change","cFrom":[0,4],"cText":["y"],"cRemoved":[""]}

{"cOrigin":"+input","cTo":[0,5],"cNewPos":[0,6],"cWhen":1.5300105380379694e9,"tag":"Change","cFrom":[0,5],"cText":[" "],"cRemoved":[""]}

{"cOrigin":"+input","cTo":[0,6],"cNewPos":[0,7],"cWhen":1.5300105382781186e9,"tag":"Change","cFrom":[0,6],"cText":["4"],"cRemoved":[""]}

{"cOrigin":"+input","cTo":[0,7],"cNewPos":[0,8],"cWhen":1.530010538382011e9,"tag":"Change","cFrom":[0,7],"cText":[" "],"cRemoved":[""]}

{"cOrigin":"+input","cTo":[0,8],"cNewPos":[0,9],"cWhen":1.5300105386220925e9,"tag":"Change","cFrom":[0,8],"cText":["l"],"cRemoved":[""]}

{"cOrigin":"+input","cTo":[0,9],"cNewPos":[0,10],"cWhen":1.5300105386699932e9,"tag":"Change","cFrom":[0,9],"cText":["o"],"cRemoved":[""]}

{"cOrigin":"+delete","cTo":[0,10],"cNewPos":[0,9],"cWhen":1.5300105390218256e9,"tag":"Change","cFrom":[0,9],"cText":[""],"cRemoved":["o"]}

{"cOrigin":"+delete","cTo":[0,9],"cNewPos":[0,8],"cWhen":1.530010539173905e9,"tag":"Change","cFrom":[0,8],"cText":[""],"cRemoved":["l"]}

{"cOrigin":"+input","cTo":[0,8],"cNewPos":[0,9],"cWhen":1.530010539350085e9,"tag":"Change","cFrom":[0,8],"cText":["s"],"cRemoved":[""]}

{"cOrigin":"+input","cTo":[0,9],"cNewPos":[0,10],"cWhen":1.530010539534097e9,"tag":"Change","cFrom":[0,9],"cText":["l"],"cRemoved":[""]}

{"cOrigin":"+input","cTo":[0,10],"cNewPos":[0,11],"cWhen":1.5300105397740123e9,"tag":"Change","cFrom":[0,10],"cText":["o"],"cRemoved":[""]}

{"cOrigin":"+input","cTo":[0,11],"cNewPos":[0,12],"cWhen":1.5300105398621855e9,"tag":"Change","cFrom":[0,11],"cText":["w"],"cRemoved":[""]}

{"cOrigin":"+input","cTo":[0,12],"cNewPos":[0,13],"cWhen":1.5300105399980445e9,"tag":"Change","cFrom":[0,12],"cText":["e"],"cRemoved":[""]}

{"cOrigin":"+input","cTo":[0,13],"cNewPos":[0,14],"cWhen":1.5300105401259773e9,"tag":"Change","cFrom":[0,13],"cText":["r"],"cRemoved":[""]}

{"cOrigin":"+input","cTo":[0,14],"cNewPos":[0,15],"cWhen":1.5300105402221024e9,"tag":"Change","cFrom":[0,14],"cText":[" "],"cRemoved":[""]}

{"cWhen":1.5300105411598513e9,"tag":"Eval","cAll":true}

{"cXWarp":14,"cNewPos":[0,14],"cWhen":1.5300105435258474e9,"tag":"Move"}

{"cXWarp":13,"cNewPos":[0,13],"cWhen":1.5300105437978423e9,"tag":"Move"}

{"cXWarp":12,"cNewPos":[0,12],"cWhen":1.5300105441017575e9,"tag":"Move"}

{"cXWarp":11,"cNewPos":[0,11],"cWhen":1.5300105443338695e9,"tag":"Move"}

{"cXWarp":10,"cNewPos":[0,10],"cWhen":1.5300105445097744e9,"tag":"Move"}

{"cXWarp":9,"cNewPos":[0,9],"cWhen":1.530010544677868e9,"tag":"Move"}

{"cXWarp":8,"cNewPos":[0,8],"cWhen":1.530010544837837e9,"tag":"Move"}

{"cXWarp":7,"cNewPos":[0,7],"cWhen":1.5300105455739043e9,"tag":"Move"}

{"cOrigin":"+delete","cTo":[0,7],"cNewPos":[0,6],"cWhen":1.5300105461657815e9,"tag":"Change","cFrom":[0,6],"cText":[""],"cRemoved":["4"]}

{"cOrigin":"+input","cTo":[0,6],"cNewPos":[0,7],"cWhen":1.530010546277918e9,"tag":"Change","cFrom":[0,6],"cText":["2"],"cRemoved":[""]}

{"cWhen":1.530010546838922e9,"tag":"Eval","cAll":true}

{"cXWarp":8,"cNewPos":[0,8],"cWhen":1.530010547277963e9,"tag":"Move"}

{"cXWarp":9,"cNewPos":[0,9],"cWhen":1.5300105475356224e9,"tag":"Move"}

{"cXWarp":10,"cNewPos":[0,10],"cWhen":1.5300105475856614e9,"tag":"Move"}

{"cXWarp":11,"cNewPos":[0,11],"cWhen":1.5300105476359184e9,"tag":"Move"}

{"cXWarp":12,"cNewPos":[0,12],"cWhen":1.530010547685735e9,"tag":"Move"}

{"cXWarp":13,"cNewPos":[0,13],"cWhen":1.530010547735637e9,"tag":"Move"}

{"cXWarp":14,"cNewPos":[0,14],"cWhen":1.5300105477859998e9,"tag":"Move"}

{"cXWarp":15,"cNewPos":[0,15],"cWhen":1.5300105478356326e9,"tag":"Move"}

{"cXWarp":16,"cNewPos":[0,16],"cWhen":1.5300105478857276e9,"tag":"Move"}

{"cXWarp":17,"cNewPos":[0,17],"cWhen":1.5300105479356396e9,"tag":"Move"}

{"cXWarp":18,"cNewPos":[0,18],"cWhen":1.5300105483341541e9,"tag":"Move"}

{"cXWarp":19,"cNewPos":[0,19],"cWhen":1.5300105484858344e9,"tag":"Move"}

{"cXWarp":0,"cNewPos":[0,0],"cWhen":1.5300105493979697e9,"tag":"Move"}

{"cWhen":1.5300106020878556e9,"tag":"MuteToggle","cOrbit":8}

{"cWhen":1.5300106020878556e9,"tag":"Eval","cAll":true}

{"cWhen":1.5300106047839131e9,"tag":"MuteToggle","cOrbit":8}

{"cWhen":1.5300106047839131e9,"tag":"Eval","cAll":true}

{"cWhen":1.5300106050364425e9,"tag":"MuteToggle","cOrbit":8}

{"cWhen":1.5300106050364425e9,"tag":"Eval","cAll":true}

{"cWhen":1.530010605086457e9,"tag":"MuteToggle","cOrbit":8}

{"cWhen":1.530010605086457e9,"tag":"Eval","cAll":true}

{"cWhen":1.5300106051364553e9,"tag":"MuteToggle","cOrbit":8}

{"cWhen":1.5300106051364553e9,"tag":"Eval","cAll":true}

{"cWhen":1.5300106051864755e9,"tag":"MuteToggle","cOrbit":8}

{"cWhen":1.5300106051864755e9,"tag":"Eval","cAll":true}

{"cWhen":1.5300106052364652e9,"tag":"MuteToggle","cOrbit":8}

{"cWhen":1.5300106052364652e9,"tag":"Eval","cAll":true}

{"cWhen":1.5300106052865887e9,"tag":"MuteToggle","cOrbit":8}

{"cWhen":1.5300106052865887e9,"tag":"Eval","cAll":true}

{"cWhen":1.5300106053364222e9,"tag":"MuteToggle","cOrbit":8}

{"cWhen":1.5300106053364222e9,"tag":"Eval","cAll":true}

{"cWhen":1.5300106053864434e9,"tag":"MuteToggle","cOrbit":8}

{"cWhen":1.5300106053864434e9,"tag":"Eval","cAll":true}

{"cWhen":1.5300106054368327e9,"tag":"MuteToggle","cOrbit":8}

{"cWhen":1.5300106054368327e9,"tag":"Eval","cAll":true}

{"cWhen":1.5300106054864988e9,"tag":"MuteToggle","cOrbit":8}

{"cWhen":1.5300106054864988e9,"tag":"Eval","cAll":true}

{"cWhen":1.5300106055369008e9,"tag":"MuteToggle","cOrbit":8}

{"cWhen":1.5300106055369008e9,"tag":"Eval","cAll":true}

{"cWhen":1.5300106055864663e9,"tag":"MuteToggle","cOrbit":8}

{"cWhen":1.5300106055864663e9,"tag":"Eval","cAll":true}

{"cWhen":1.5300106056367438e9,"tag":"MuteToggle","cOrbit":8}

{"cWhen":1.5300106056367438e9,"tag":"Eval","cAll":true}

{"cWhen":1.5300106089359412e9,"tag":"MuteToggle","cOrbit":8}

{"cWhen":1.5300106089359412e9,"tag":"Eval","cAll":true}

{"cWhen":1.5300106119439871e9,"tag":"MuteToggle","cOrbit":7}

{"cWhen":1.5300106119439871e9,"tag":"Eval","cAll":true}

{"cWhen":1.5300106143439713e9,"tag":"MuteToggle","cOrbit":8}

{"cWhen":1.5300106143439713e9,"tag":"Eval","cAll":true}
