{"cWhen":1530002747,"tag":"Eval","cAll":true}
{"cOrigin":"+input","cTo":[0,0],"cNewPos":[0,1],"cWhen":1.5300027539469144e9,"tag":"Change","cFrom":[0,0],"cText":["\""],"cRemoved":[""]}

{"cOrigin":"+input","cTo":[0,1],"cNewPos":[0,2],"cWhen":1.5300027543788147e9,"tag":"Change","cFrom":[0,1],"cText":[" "],"cRemoved":[""]}

{"cOrigin":"+input","cTo":[0,2],"cNewPos":[0,3],"cWhen":1.5300027565146325e9,"tag":"Change","cFrom":[0,2],"cText":["h"],"cRemoved":[""]}

{"cOrigin":"+input","cTo":[0,3],"cNewPos":[0,4],"cWhen":1.5300027569707398e9,"tag":"Change","cFrom":[0,3],"cText":["i"],"cRemoved":[""]}

{"cOrigin":"+input","cTo":[0,4],"cNewPos":[0,5],"cWhen":1.5300027572666948e9,"tag":"Change","cFrom":[0,4],"cText":[" "],"cRemoved":[""]}

{"cOrigin":"+input","cTo":[0,5],"cNewPos":[0,6],"cWhen":1.5300027576585324e9,"tag":"Change","cFrom":[0,5],"cText":["h"],"cRemoved":[""]}

{"cOrigin":"+input","cTo":[0,6],"cNewPos":[0,7],"cWhen":1.530002757962542e9,"tag":"Change","cFrom":[0,6],"cText":["i"],"cRemoved":[""]}

{"cOrigin":"+input","cTo":[0,7],"cNewPos":[0,8],"cWhen":1.530002758290489e9,"tag":"Change","cFrom":[0,7],"cText":[" "],"cRemoved":[""]}

{"cOrigin":"+input","cTo":[0,8],"cNewPos":[0,9],"cWhen":1.530002758602472e9,"tag":"Change","cFrom":[0,8],"cText":["h"],"cRemoved":[""]}

{"cOrigin":"+input","cTo":[0,9],"cNewPos":[0,10],"cWhen":1.5300027589145365e9,"tag":"Change","cFrom":[0,9],"cText":["i"],"cRemoved":[""]}

{"cOrigin":"+input","cTo":[0,10],"cNewPos":[0,11],"cWhen":1.53000275922663e9,"tag":"Change","cFrom":[0,10],"cText":["n"],"cRemoved":[""]}

{"cOrigin":"+delete","cTo":[0,11],"cNewPos":[0,10],"cWhen":1.530002760938419e9,"tag":"Change","cFrom":[0,10],"cText":[""],"cRemoved":["n"]}

{"cOrigin":"+input","cTo":[0,10],"cNewPos":[0,11],"cWhen":1.5300027614663997e9,"tag":"Change","cFrom":[0,10],"cText":[" "],"cRemoved":[""]}

{"cOrigin":"+input","cTo":[0,11],"cNewPos":[0,12],"cWhen":1.5300027617465096e9,"tag":"Change","cFrom":[0,11],"cText":["h"],"cRemoved":[""]}

{"cOrigin":"+input","cTo":[0,12],"cNewPos":[0,13],"cWhen":1.5300027620905032e9,"tag":"Change","cFrom":[0,12],"cText":["i"],"cRemoved":[""]}

{"cOrigin":"+input","cTo":[0,13],"cNewPos":[0,14],"cWhen":1.5300027623704152e9,"tag":"Change","cFrom":[0,13],"cText":[" "],"cRemoved":[""]}

{"cOrigin":"+input","cTo":[0,14],"cNewPos":[0,15],"cWhen":1.5300027627383752e9,"tag":"Change","cFrom":[0,14],"cText":["h"],"cRemoved":[""]}

{"cOrigin":"+input","cTo":[0,15],"cNewPos":[0,16],"cWhen":1.5300027630264275e9,"tag":"Change","cFrom":[0,15],"cText":["i"],"cRemoved":[""]}

{"cOrigin":"+input","cTo":[0,16],"cNewPos":[0,17],"cWhen":1.530002763362481e9,"tag":"Change","cFrom":[0,16],"cText":[" "],"cRemoved":[""]}

{"cOrigin":"+input","cTo":[0,17],"cNewPos":[0,18],"cWhen":1.5300027636663969e9,"tag":"Change","cFrom":[0,17],"cText":["h"],"cRemoved":[""]}

{"cOrigin":"+input","cTo":[0,18],"cNewPos":[0,19],"cWhen":1.5300027639702501e9,"tag":"Change","cFrom":[0,18],"cText":["i"],"cRemoved":[""]}

{"cOrigin":"+input","cTo":[0,19],"cNewPos":[0,20],"cWhen":1.530002764290346e9,"tag":"Change","cFrom":[0,19],"cText":[" "],"cRemoved":[""]}

{"cOrigin":"+input","cTo":[0,20],"cNewPos":[0,21],"cWhen":1.530002764578273e9,"tag":"Change","cFrom":[0,20],"cText":["h"],"cRemoved":[""]}

{"cOrigin":"+input","cTo":[0,21],"cNewPos":[0,22],"cWhen":1.5300027650022686e9,"tag":"Change","cFrom":[0,21],"cText":["o"],"cRemoved":[""]}

{"cOrigin":"+input","cTo":[0,22],"cNewPos":[0,23],"cWhen":1.5300027650102444e9,"tag":"Change","cFrom":[0,22],"cText":["i"],"cRemoved":[""]}

{"cOrigin":"+delete","cTo":[0,23],"cNewPos":[0,22],"cWhen":1.5300027664258454e9,"tag":"Change","cFrom":[0,22],"cText":[""],"cRemoved":["i"]}

{"cOrigin":"+delete","cTo":[0,22],"cNewPos":[0,21],"cWhen":1.5300027666739576e9,"tag":"Change","cFrom":[0,21],"cText":[""],"cRemoved":["o"]}

{"cOrigin":"+input","cTo":[0,21],"cNewPos":[0,22],"cWhen":1.5300027674580395e9,"tag":"Change","cFrom":[0,21],"cText":["i"],"cRemoved":[""]}

{"cXWarp":21,"cNewPos":[0,21],"cWhen":1.530002783273042e9,"tag":"Move"}

{"cXWarp":20,"cNewPos":[0,20],"cWhen":1.5300027835130162e9,"tag":"Move"}

{"cXWarp":19,"cNewPos":[0,19],"cWhen":1.5300027836810248e9,"tag":"Move"}

{"cXWarp":18,"cNewPos":[0,18],"cWhen":1.530002783934319e9,"tag":"Move"}

{"cXWarp":17,"cNewPos":[0,17],"cWhen":1.5300027839843783e9,"tag":"Move"}

{"cXWarp":16,"cNewPos":[0,16],"cWhen":1.5300027840343726e9,"tag":"Move"}

{"cXWarp":15,"cNewPos":[0,15],"cWhen":1.5300027840843465e9,"tag":"Move"}

{"cXWarp":14,"cNewPos":[0,14],"cWhen":1.530002784134339e9,"tag":"Move"}

{"cXWarp":13,"cNewPos":[0,13],"cWhen":1.5300027841843538e9,"tag":"Move"}

{"cXWarp":12,"cNewPos":[0,12],"cWhen":1.5300027842343624e9,"tag":"Move"}

{"cXWarp":11,"cNewPos":[0,11],"cWhen":1.530002784284367e9,"tag":"Move"}

{"cXWarp":10,"cNewPos":[0,10],"cWhen":1.5300027843344593e9,"tag":"Move"}

{"cXWarp":9,"cNewPos":[0,9],"cWhen":1.5300027845211215e9,"tag":"Move"}

{"cXWarp":8,"cNewPos":[0,8],"cWhen":1.5300027848091671e9,"tag":"Move"}

{"cXWarp":7,"cNewPos":[0,7],"cWhen":1.530002785064413e9,"tag":"Move"}

{"cXWarp":6,"cNewPos":[0,6],"cWhen":1.5300027851144722e9,"tag":"Move"}

{"cXWarp":5,"cNewPos":[0,5],"cWhen":1.5300027851643755e9,"tag":"Move"}

{"cXWarp":4,"cNewPos":[0,4],"cWhen":1.5300027852144055e9,"tag":"Move"}

{"cXWarp":3,"cNewPos":[0,3],"cWhen":1.5300027852644465e9,"tag":"Move"}

{"cXWarp":2,"cNewPos":[0,2],"cWhen":1.5300027853144507e9,"tag":"Move"}

{"cXWarp":1,"cNewPos":[0,1],"cWhen":1.530002785364394e9,"tag":"Move"}

{"cOrigin":"+input","cTo":[0,1],"cNewPos":[0,2],"cWhen":1.5300027864892824e9,"tag":"Change","cFrom":[0,1],"cText":[" "],"cRemoved":[""]}

{"cOrigin":"+input","cTo":[0,2],"cNewPos":[0,3],"cWhen":1.5300027866891463e9,"tag":"Change","cFrom":[0,2],"cText":[" "],"cRemoved":[""]}

{"cOrigin":"+input","cTo":[0,3],"cNewPos":[0,4],"cWhen":1.5300027868492358e9,"tag":"Change","cFrom":[0,3],"cText":[" "],"cRemoved":[""]}

{"cOrigin":"+delete","cTo":[0,4],"cNewPos":[0,3],"cWhen":1.5300027875210083e9,"tag":"Change","cFrom":[0,3],"cText":[""],"cRemoved":[" "]}

{"cOrigin":"+delete","cTo":[0,3],"cNewPos":[0,2],"cWhen":1.530002787720872e9,"tag":"Change","cFrom":[0,2],"cText":[""],"cRemoved":[" "]}

{"cOrigin":"+delete","cTo":[0,2],"cNewPos":[0,1],"cWhen":1.5300027879048572e9,"tag":"Change","cFrom":[0,1],"cText":[""],"cRemoved":[" "]}

{"cOrigin":"+delete","cTo":[0,1],"cNewPos":[0,0],"cWhen":1.5300027881209815e9,"tag":"Change","cFrom":[0,0],"cText":[""],"cRemoved":["\""]}

{"cOrigin":"+input","cTo":[0,0],"cNewPos":[0,1],"cWhen":1.530002789281061e9,"tag":"Change","cFrom":[0,0],"cText":[" "],"cRemoved":[""]}

{"cOrigin":"+input","cTo":[0,1],"cNewPos":[0,2],"cWhen":1.5300027895290067e9,"tag":"Change","cFrom":[0,1],"cText":[" "],"cRemoved":[""]}

{"cOrigin":"+input","cTo":[0,2],"cNewPos":[0,3],"cWhen":1.5300027898411133e9,"tag":"Change","cFrom":[0,2],"cText":[" "],"cRemoved":[""]}

{"cOrigin":"+input","cTo":[0,3],"cNewPos":[0,4],"cWhen":1.5300027902090054e9,"tag":"Change","cFrom":[0,3],"cText":[" "],"cRemoved":[""]}

{"cOrigin":"+input","cTo":[0,4],"cNewPos":[0,5],"cWhen":1.5300027904970515e9,"tag":"Change","cFrom":[0,4],"cText":[" "],"cRemoved":[""]}

{"cOrigin":"+input","cTo":[0,5],"cNewPos":[0,6],"cWhen":1.530002791896775e9,"tag":"Change","cFrom":[0,5],"cText":["\""],"cRemoved":[""]}

{"cXWarp":5,"cNewPos":[0,5],"cWhen":1.5300027931287122e9,"tag":"Move"}

{"cXWarp":4,"cNewPos":[0,4],"cWhen":1.5300027935687792e9,"tag":"Move"}

{"cXWarp":3,"cNewPos":[0,3],"cWhen":1.5300027940007293e9,"tag":"Move"}

{"cXWarp":2,"cNewPos":[0,2],"cWhen":1.5300027942326603e9,"tag":"Move"}

{"cXWarp":1,"cNewPos":[0,1],"cWhen":1.5300027948166385e9,"tag":"Move"}

{"cXWarp":0,"cNewPos":[0,0],"cWhen":1.530002795192685e9,"tag":"Move"}

{"cOrigin":"+input","cTo":[0,0],"cNewPos":[0,1],"cWhen":1.5300027975686958e9,"tag":"Change","cFrom":[0,0],"cText":[" "],"cRemoved":[""]}

{"cOrigin":"+delete","cTo":[0,1],"cNewPos":[0,0],"cWhen":1.5300027988404045e9,"tag":"Change","cFrom":[0,0],"cText":[""],"cRemoved":[" "]}

{"cOrigin":"+input","cTo":[0,0],"cNewPos":[0,1],"cWhen":1.5300027999686785e9,"tag":"Change","cFrom":[0,0],"cText":["s"],"cRemoved":[""]}

{"cOrigin":"+input","cTo":[0,1],"cNewPos":[0,2],"cWhen":1.5300028007285402e9,"tag":"Change","cFrom":[0,1],"cText":["l"],"cRemoved":[""]}

{"cOrigin":"+input","cTo":[0,2],"cNewPos":[0,3],"cWhen":1.5300028023607821e9,"tag":"Change","cFrom":[0,2],"cText":["o"],"cRemoved":[""]}

{"cOrigin":"+input","cTo":[0,3],"cNewPos":[0,4],"cWhen":1.530002803152448e9,"tag":"Change","cFrom":[0,3],"cText":["w"],"cRemoved":[""]}

{"cOrigin":"+input","cTo":[0,4],"cNewPos":[0,5],"cWhen":1.530002803440458e9,"tag":"Change","cFrom":[0,4],"cText":["e"],"cRemoved":[""]}

{"cOrigin":"+input","cTo":[0,5],"cNewPos":[0,6],"cWhen":1.5300028036643732e9,"tag":"Change","cFrom":[0,5],"cText":["r"],"cRemoved":[""]}

{"cOrigin":"+input","cTo":[0,6],"cNewPos":[0,7],"cWhen":1.5300028080242991e9,"tag":"Change","cFrom":[0,6],"cText":["$"],"cRemoved":[""]}

{"cOrigin":"+delete","cTo":[0,7],"cNewPos":[0,6],"cWhen":1.5300028095039535e9,"tag":"Change","cFrom":[0,6],"cText":[""],"cRemoved":["$"]}

{"cOrigin":"+input","cTo":[0,6],"cNewPos":[0,7],"cWhen":1.5300028105042572e9,"tag":"Change","cFrom":[0,6],"cText":[" "],"cRemoved":[""]}

{"cOrigin":"+input","cTo":[0,7],"cNewPos":[0,8],"cWhen":1.5300028112400203e9,"tag":"Change","cFrom":[0,7],"cText":["$"],"cRemoved":[""]}

{"cOrigin":"+input","cTo":[0,8],"cNewPos":[0,9],"cWhen":1.5300028118161356e9,"tag":"Change","cFrom":[0,8],"cText":[" "],"cRemoved":[""]}

{"cOrigin":"+input","cTo":[0,9],"cNewPos":[0,10],"cWhen":1.5300028138800633e9,"tag":"Change","cFrom":[0,9],"cText":["e"],"cRemoved":[""]}

{"cOrigin":"+input","cTo":[0,10],"cNewPos":[0,11],"cWhen":1.5300028165838711e9,"tag":"Change","cFrom":[0,10],"cText":["v"],"cRemoved":[""]}

{"cOrigin":"+input","cTo":[0,11],"cNewPos":[0,12],"cWhen":1.5300028175279496e9,"tag":"Change","cFrom":[0,11],"cText":["r"],"cRemoved":[""]}

{"cOrigin":"+delete","cTo":[0,12],"cNewPos":[0,11],"cWhen":1.5300028207515078e9,"tag":"Change","cFrom":[0,11],"cText":[""],"cRemoved":["r"]}

{"cOrigin":"+delete","cTo":[0,11],"cNewPos":[0,10],"cWhen":1.5300028222955947e9,"tag":"Change","cFrom":[0,10],"cText":[""],"cRemoved":["v"]}

{"cOrigin":"+input","cTo":[0,10],"cNewPos":[0,11],"cWhen":1.5300028236958063e9,"tag":"Change","cFrom":[0,10],"cText":["v"],"cRemoved":[""]}

{"cOrigin":"+input","cTo":[0,11],"cNewPos":[0,12],"cWhen":1.5300028256236448e9,"tag":"Change","cFrom":[0,11],"cText":["e"],"cRemoved":[""]}

{"cOrigin":"+input","cTo":[0,12],"cNewPos":[0,13],"cWhen":1.5300028262397275e9,"tag":"Change","cFrom":[0,12],"cText":["r"],"cRemoved":[""]}

{"cOrigin":"+input","cTo":[0,13],"cNewPos":[0,14],"cWhen":1.530002830919482e9,"tag":"Change","cFrom":[0,13],"cText":["y"],"cRemoved":[""]}

{"cOrigin":"+input","cTo":[0,14],"cNewPos":[0,15],"cWhen":1.5300028345592315e9,"tag":"Change","cFrom":[0,14],"cText":[" "],"cRemoved":[""]}

{"cOrigin":"+input","cTo":[0,15],"cNewPos":[0,16],"cWhen":1.530002839487192e9,"tag":"Change","cFrom":[0,15],"cText":["5"],"cRemoved":[""]}

{"cOrigin":"+input","cTo":[0,16],"cNewPos":[0,17],"cWhen":1.5300028400872197e9,"tag":"Change","cFrom":[0,16],"cText":[" "],"cRemoved":[""]}

{"cOrigin":"+input","cTo":[0,17],"cNewPos":[0,18],"cWhen":1.5300028449030874e9,"tag":"Change","cFrom":[0,17],"cText":["c"],"cRemoved":[""]}

{"cOrigin":"+input","cTo":[0,18],"cNewPos":[0,19],"cWhen":1.530002846638956e9,"tag":"Change","cFrom":[0,18],"cText":["r"],"cRemoved":[""]}

{"cOrigin":"+input","cTo":[0,19],"cNewPos":[0,20],"cWhen":1.5300028487350442e9,"tag":"Change","cFrom":[0,19],"cText":["u"],"cRemoved":[""]}

{"cOrigin":"+input","cTo":[0,20],"cNewPos":[0,21],"cWhen":1.5300028504549894e9,"tag":"Change","cFrom":[0,20],"cText":["n"],"cRemoved":[""]}

{"cOrigin":"+input","cTo":[0,21],"cNewPos":[0,22],"cWhen":1.5300028531748245e9,"tag":"Change","cFrom":[0,21],"cText":["c"],"cRemoved":[""]}

{"cOrigin":"+input","cTo":[0,22],"cNewPos":[0,23],"cWhen":1.530002853774772e9,"tag":"Change","cFrom":[0,22],"cText":["h"],"cRemoved":[""]}

{"cXWarp":24,"cNewPos":[0,24],"cWhen":1.530002855934772e9,"tag":"Move"}

{"cXWarp":25,"cNewPos":[0,25],"cWhen":1.5300028561508071e9,"tag":"Move"}

{"cXWarp":26,"cNewPos":[0,26],"cWhen":1.5300028563587859e9,"tag":"Move"}

{"cXWarp":27,"cNewPos":[0,27],"cWhen":1.5300028565905507e9,"tag":"Move"}

{"cOrigin":"+delete","cTo":[0,27],"cNewPos":[0,26],"cWhen":1.5300028578465922e9,"tag":"Change","cFrom":[0,26],"cText":[""],"cRemoved":[" "]}

{"cOrigin":"+delete","cTo":[0,26],"cNewPos":[0,25],"cWhen":1.5300028581044679e9,"tag":"Change","cFrom":[0,25],"cText":[""],"cRemoved":[" "]}

{"cOrigin":"+delete","cTo":[0,25],"cNewPos":[0,24],"cWhen":1.5300028582636774e9,"tag":"Change","cFrom":[0,24],"cText":[""],"cRemoved":[" "]}

{"cOrigin":"+delete","cTo":[0,24],"cNewPos":[0,23],"cWhen":1.5300028588384535e9,"tag":"Change","cFrom":[0,23],"cText":[""],"cRemoved":[" "]}

{"cXWarp":24,"cNewPos":[0,24],"cWhen":1.5300028597824645e9,"tag":"Move"}

{"cOrigin":"+delete","cTo":[0,24],"cNewPos":[0,23],"cWhen":1.5300028603104196e9,"tag":"Change","cFrom":[0,23],"cText":[""],"cRemoved":[" "]}

{"cWhen":1.5300028640326707e9,"tag":"Eval","cAll":true}

{"cXWarp":22,"cNewPos":[0,22],"cWhen":1.5300028801661918e9,"tag":"Move"}

{"cXWarp":21,"cNewPos":[0,21],"cWhen":1.5300028804245448e9,"tag":"Move"}

{"cXWarp":20,"cNewPos":[0,20],"cWhen":1.5300028804745057e9,"tag":"Move"}

{"cXWarp":19,"cNewPos":[0,19],"cWhen":1.530002880524545e9,"tag":"Move"}

{"cXWarp":18,"cNewPos":[0,18],"cWhen":1.5300028805745041e9,"tag":"Move"}

{"cXWarp":17,"cNewPos":[0,17],"cWhen":1.530002880624544e9,"tag":"Move"}

{"cXWarp":16,"cNewPos":[0,16],"cWhen":1.5300028806745253e9,"tag":"Move"}

{"cXWarp":15,"cNewPos":[0,15],"cWhen":1.5300028807244387e9,"tag":"Move"}

{"cXWarp":14,"cNewPos":[0,14],"cWhen":1.5300028807745106e9,"tag":"Move"}

{"cXWarp":13,"cNewPos":[0,13],"cWhen":1.5300028808245082e9,"tag":"Move"}

{"cXWarp":12,"cNewPos":[0,12],"cWhen":1.530002880874526e9,"tag":"Move"}

{"cXWarp":11,"cNewPos":[0,11],"cWhen":1.5300028809245791e9,"tag":"Move"}

{"cXWarp":10,"cNewPos":[0,10],"cWhen":1.5300028809744365e9,"tag":"Move"}

{"cXWarp":9,"cNewPos":[0,9],"cWhen":1.5300028810244203e9,"tag":"Move"}

{"cXWarp":8,"cNewPos":[0,8],"cWhen":1.5300028815260506e9,"tag":"Move"}

{"cOrigin":"+delete","cTo":[0,8],"cNewPos":[0,7],"cWhen":1.5300028824379876e9,"tag":"Change","cFrom":[0,7],"cText":[""],"cRemoved":["$"]}

{"cOrigin":"+delete","cTo":[0,7],"cNewPos":[0,6],"cWhen":1.530002882677931e9,"tag":"Change","cFrom":[0,6],"cText":[""],"cRemoved":[" "]}

{"cOrigin":"+delete","cTo":[0,6],"cNewPos":[0,5],"cWhen":1.5300028828699965e9,"tag":"Change","cFrom":[0,5],"cText":[""],"cRemoved":["r"]}

{"cOrigin":"+delete","cTo":[0,5],"cNewPos":[0,4],"cWhen":1.5300028830459943e9,"tag":"Change","cFrom":[0,4],"cText":[""],"cRemoved":["e"]}

{"cOrigin":"+delete","cTo":[0,4],"cNewPos":[0,3],"cWhen":1.5300028832298872e9,"tag":"Change","cFrom":[0,3],"cText":[""],"cRemoved":["w"]}

{"cOrigin":"+delete","cTo":[0,3],"cNewPos":[0,2],"cWhen":1.5300028834218695e9,"tag":"Change","cFrom":[0,2],"cText":[""],"cRemoved":["o"]}

{"cOrigin":"+delete","cTo":[0,2],"cNewPos":[0,1],"cWhen":1.530002883605983e9,"tag":"Change","cFrom":[0,1],"cText":[""],"cRemoved":["l"]}

{"cOrigin":"+delete","cTo":[0,1],"cNewPos":[0,0],"cWhen":1.5300028838459907e9,"tag":"Change","cFrom":[0,0],"cText":[""],"cRemoved":["s"]}

{"cOrigin":"+input","cTo":[0,0],"cNewPos":[0,1],"cWhen":1.530002887510149e9,"tag":"Change","cFrom":[0,0],"cText":[" "],"cRemoved":[""]}

{"cOrigin":"+input","cTo":[0,1],"cNewPos":[0,2],"cWhen":1.5300028884382153e9,"tag":"Change","cFrom":[0,1],"cText":[" "],"cRemoved":[""]}

{"cXWarp":1,"cNewPos":[0,1],"cWhen":1.5300028890778234e9,"tag":"Move"}

{"cOrigin":"+input","cTo":[0,1],"cNewPos":[0,2],"cWhen":1.530002891341912e9,"tag":"Change","cFrom":[0,1],"cText":["f"],"cRemoved":[""]}

{"cOrigin":"+input","cTo":[0,2],"cNewPos":[0,3],"cWhen":1.5300028922699277e9,"tag":"Change","cFrom":[0,2],"cText":["a"],"cRemoved":[""]}

{"cOrigin":"+input","cTo":[0,3],"cNewPos":[0,4],"cWhen":1.5300028947659745e9,"tag":"Change","cFrom":[0,3],"cText":["s"],"cRemoved":[""]}

{"cOrigin":"+input","cTo":[0,4],"cNewPos":[0,5],"cWhen":1.5300028954698794e9,"tag":"Change","cFrom":[0,4],"cText":["t"],"cRemoved":[""]}

{"cOrigin":"+input","cTo":[0,5],"cNewPos":[0,6],"cWhen":1.5300028973578165e9,"tag":"Change","cFrom":[0,5],"cText":["e"],"cRemoved":[""]}

{"cOrigin":"+input","cTo":[0,6],"cNewPos":[0,7],"cWhen":1.5300028975739017e9,"tag":"Change","cFrom":[0,6],"cText":["r"],"cRemoved":[""]}

{"cOrigin":"+input","cTo":[0,7],"cNewPos":[0,8],"cWhen":1.530002899037923e9,"tag":"Change","cFrom":[0,7],"cText":[" "],"cRemoved":[""]}

{"cOrigin":"+delete","cTo":[0,8],"cNewPos":[0,7],"cWhen":1.5300029002376604e9,"tag":"Change","cFrom":[0,7],"cText":[""],"cRemoved":[" "]}

{"cXWarp":8,"cNewPos":[0,8],"cWhen":1.5300029012937033e9,"tag":"Move"}

{"cOrigin":"+delete","cTo":[0,8],"cNewPos":[0,7],"cWhen":1.5300029018055174e9,"tag":"Change","cFrom":[0,7],"cText":[""],"cRemoved":[" "]}

{"cOrigin":"+delete","cTo":[0,7],"cNewPos":[0,6],"cWhen":1.5300029021655126e9,"tag":"Change","cFrom":[0,6],"cText":[""],"cRemoved":["r"]}

{"cOrigin":"+input","cTo":[0,6],"cNewPos":[0,7],"cWhen":1.5300029041976979e9,"tag":"Change","cFrom":[0,6],"cText":["r"],"cRemoved":[""]}

{"cOrigin":"+input","cTo":[0,7],"cNewPos":[0,8],"cWhen":1.5300029064297388e9,"tag":"Change","cFrom":[0,7],"cText":[" "],"cRemoved":[""]}

{"cOrigin":"+input","cTo":[0,8],"cNewPos":[0,9],"cWhen":1.5300029103415494e9,"tag":"Change","cFrom":[0,8],"cText":["$"],"cRemoved":[""]}

{"cWhen":1.5300029126551628e9,"tag":"Eval","cAll":true}

{"cXWarp":8,"cNewPos":[0,8],"cWhen":1.5300029148533125e9,"tag":"Move"}

{"cXWarp":7,"cNewPos":[0,7],"cWhen":1.530002915069421e9,"tag":"Move"}

{"cXWarp":6,"cNewPos":[0,6],"cWhen":1.53000291538141e9,"tag":"Move"}

{"cOrigin":"+delete","cTo":[0,6],"cNewPos":[0,5],"cWhen":1.5300029161412358e9,"tag":"Change","cFrom":[0,5],"cText":[""],"cRemoved":["e"]}

{"cOrigin":"+delete","cTo":[0,5],"cNewPos":[0,4],"cWhen":1.5300029163892677e9,"tag":"Change","cFrom":[0,4],"cText":[""],"cRemoved":["t"]}

{"cOrigin":"+delete","cTo":[0,4],"cNewPos":[0,3],"cWhen":1.530002916637294e9,"tag":"Change","cFrom":[0,3],"cText":[""],"cRemoved":["s"]}

{"cOrigin":"+delete","cTo":[0,3],"cNewPos":[0,2],"cWhen":1.5300029168612213e9,"tag":"Change","cFrom":[0,2],"cText":[""],"cRemoved":["a"]}

{"cOrigin":"+delete","cTo":[0,2],"cNewPos":[0,1],"cWhen":1.5300029170932388e9,"tag":"Change","cFrom":[0,1],"cText":[""],"cRemoved":["f"]}

{"cXWarp":2,"cNewPos":[0,2],"cWhen":1.530002918365375e9,"tag":"Move"}

{"cOrigin":"+delete","cTo":[0,2],"cNewPos":[0,1],"cWhen":1.530002918845239e9,"tag":"Change","cFrom":[0,1],"cText":[""],"cRemoved":["r"]}

{"cOrigin":"+input","cTo":[0,1],"cNewPos":[0,2],"cWhen":1.5300029190214841e9,"tag":"Change","cFrom":[0,1],"cText":["f"],"cRemoved":[""]}

{"cOrigin":"+input","cTo":[0,2],"cNewPos":[0,3],"cWhen":1.5300029194213858e9,"tag":"Change","cFrom":[0,2],"cText":["a"],"cRemoved":[""]}

{"cOrigin":"+input","cTo":[0,3],"cNewPos":[0,4],"cWhen":1.5300029196535153e9,"tag":"Change","cFrom":[0,3],"cText":["s"],"cRemoved":[""]}

{"cOrigin":"+input","cTo":[0,4],"cNewPos":[0,5],"cWhen":1.5300029201574047e9,"tag":"Change","cFrom":[0,4],"cText":["t"],"cRemoved":[""]}

{"cOrigin":"+input","cTo":[0,5],"cNewPos":[0,6],"cWhen":1.5300029204454966e9,"tag":"Change","cFrom":[0,5],"cText":["e"],"cRemoved":[""]}

{"cOrigin":"+input","cTo":[0,6],"cNewPos":[0,7],"cWhen":1.5300029234693663e9,"tag":"Change","cFrom":[0,6],"cText":["r"],"cRemoved":[""]}

{"cWhen":1.5300029266790261e9,"tag":"Eval","cAll":true}

{"cXWarp":8,"cNewPos":[0,8],"cWhen":1.5300029307011423e9,"tag":"Move"}

{"cXWarp":9,"cNewPos":[0,9],"cWhen":1.5300029309544053e9,"tag":"Move"}

{"cXWarp":10,"cNewPos":[0,10],"cWhen":1.5300029310044124e9,"tag":"Move"}

{"cXWarp":11,"cNewPos":[0,11],"cWhen":1.5300029310544813e9,"tag":"Move"}

{"cXWarp":12,"cNewPos":[0,12],"cWhen":1.5300029311048074e9,"tag":"Move"}

{"cXWarp":13,"cNewPos":[0,13],"cWhen":1.5300029311544065e9,"tag":"Move"}

{"cXWarp":14,"cNewPos":[0,14],"cWhen":1.5300029312044175e9,"tag":"Move"}

{"cXWarp":15,"cNewPos":[0,15],"cWhen":1.530002931254504e9,"tag":"Move"}

{"cXWarp":16,"cNewPos":[0,16],"cWhen":1.5300029313043888e9,"tag":"Move"}

{"cXWarp":17,"cNewPos":[0,17],"cWhen":1.5300029313543768e9,"tag":"Move"}

{"cXWarp":18,"cNewPos":[0,18],"cWhen":1.5300029314044967e9,"tag":"Move"}

{"cXWarp":19,"cNewPos":[0,19],"cWhen":1.5300029314544804e9,"tag":"Move"}

{"cXWarp":20,"cNewPos":[0,20],"cWhen":1.5300029315044143e9,"tag":"Move"}

{"cXWarp":21,"cNewPos":[0,21],"cWhen":1.5300029315543962e9,"tag":"Move"}

{"cXWarp":22,"cNewPos":[0,22],"cWhen":1.530002931604437e9,"tag":"Move"}

{"cXWarp":23,"cNewPos":[0,23],"cWhen":1.530002931654407e9,"tag":"Move"}

{"cXWarp":24,"cNewPos":[0,24],"cWhen":1.5300029317044344e9,"tag":"Move"}

{"cXWarp":25,"cNewPos":[0,25],"cWhen":1.5300029317544456e9,"tag":"Move"}

{"cXWarp":26,"cNewPos":[0,26],"cWhen":1.530002931804477e9,"tag":"Move"}

{"cXWarp":27,"cNewPos":[0,27],"cWhen":1.5300029318544796e9,"tag":"Move"}

{"cXWarp":28,"cNewPos":[0,28],"cWhen":1.530002931904389e9,"tag":"Move"}

{"cXWarp":29,"cNewPos":[0,29],"cWhen":1.5300029319544477e9,"tag":"Move"}

{"cXWarp":30,"cNewPos":[0,30],"cWhen":1.5300029320043912e9,"tag":"Move"}

{"cXWarp":31,"cNewPos":[0,31],"cWhen":1.5300029320545144e9,"tag":"Move"}

{"cXWarp":32,"cNewPos":[0,32],"cWhen":1.5300029321044304e9,"tag":"Move"}

{"cXWarp":33,"cNewPos":[0,33],"cWhen":1.5300029321543975e9,"tag":"Move"}

{"cXWarp":34,"cNewPos":[0,34],"cWhen":1.5300029322043993e9,"tag":"Move"}

{"cXWarp":35,"cNewPos":[0,35],"cWhen":1.5300029322544777e9,"tag":"Move"}

{"cXWarp":36,"cNewPos":[0,36],"cWhen":1.5300029323044083e9,"tag":"Move"}

{"cXWarp":37,"cNewPos":[0,37],"cWhen":1.5300029323544183e9,"tag":"Move"}

{"cXWarp":38,"cNewPos":[0,38],"cWhen":1.5300029324044182e9,"tag":"Move"}

{"cXWarp":39,"cNewPos":[0,39],"cWhen":1.5300029324545243e9,"tag":"Move"}

{"cXWarp":40,"cNewPos":[0,40],"cWhen":1.5300029325043645e9,"tag":"Move"}

{"cXWarp":41,"cNewPos":[0,41],"cWhen":1.530002932554351e9,"tag":"Move"}

{"cXWarp":42,"cNewPos":[0,42],"cWhen":1.5300029326043987e9,"tag":"Move"}

{"cXWarp":43,"cNewPos":[0,43],"cWhen":1.5300029326543567e9,"tag":"Move"}

{"cXWarp":44,"cNewPos":[0,44],"cWhen":1.530002932704368e9,"tag":"Move"}

{"cXWarp":45,"cNewPos":[0,45],"cWhen":1.5300029327543824e9,"tag":"Move"}

{"cXWarp":46,"cNewPos":[0,46],"cWhen":1.5300029328043776e9,"tag":"Move"}

{"cXWarp":46,"cNewPos":[0,46],"cWhen":1.5300029328543458e9,"tag":"Move"}

{"cOrigin":"+input","cTo":[0,46],"cNewPos":[0,47],"cWhen":1.5300029363330545e9,"tag":"Change","cFrom":[0,46],"cText":["\""],"cRemoved":[""]}

{"cWhen":1.5300029386786416e9,"tag":"Eval","cAll":true}

{"cOrigin":"+input","cTo":[0,47],"cNewPos":[1,0],"cWhen":1.530002956581043e9,"tag":"Change","cFrom":[0,47],"cText":["",""],"cRemoved":[""]}

{"cOrigin":"+input","cTo":[1,0],"cNewPos":[2,0],"cWhen":1.5300029568448608e9,"tag":"Change","cFrom":[1,0],"cText":["",""],"cRemoved":[""]}

{"cOrigin":"+input","cTo":[2,0],"cNewPos":[2,1],"cWhen":1.5300029664447324e9,"tag":"Change","cFrom":[2,0],"cText":["\""],"cRemoved":[""]}

{"cOrigin":"+input","cTo":[2,1],"cNewPos":[2,2],"cWhen":1.5300029690447528e9,"tag":"Change","cFrom":[2,1],"cText":["s"],"cRemoved":[""]}

{"cOrigin":"+input","cTo":[2,2],"cNewPos":[2,3],"cWhen":1.5300029699247267e9,"tag":"Change","cFrom":[2,2],"cText":["l"],"cRemoved":[""]}

{"cOrigin":"+input","cTo":[2,3],"cNewPos":[2,4],"cWhen":1.530002970996817e9,"tag":"Change","cFrom":[2,3],"cText":["o"],"cRemoved":[""]}

{"cOrigin":"+input","cTo":[2,4],"cNewPos":[2,5],"cWhen":1.5300029716366398e9,"tag":"Change","cFrom":[2,4],"cText":["w"],"cRemoved":[""]}

{"cOrigin":"+input","cTo":[2,5],"cNewPos":[2,6],"cWhen":1.5300029718527071e9,"tag":"Change","cFrom":[2,5],"cText":["e"],"cRemoved":[""]}

{"cOrigin":"+input","cTo":[2,6],"cNewPos":[2,7],"cWhen":1.5300029720608103e9,"tag":"Change","cFrom":[2,6],"cText":["r"],"cRemoved":[""]}

{"cOrigin":"+input","cTo":[2,7],"cNewPos":[2,8],"cWhen":1.530002972508701e9,"tag":"Change","cFrom":[2,7],"cText":[" "],"cRemoved":[""]}

{"cXWarp":8,"cNewPos":[2,8],"cWhen":1.5300029773965647e9,"tag":"Move"}

{"cXWarp":8,"cNewPos":[2,8],"cWhen":1.5300029776764493e9,"tag":"Move"}

{"cXWarp":8,"cNewPos":[2,8],"cWhen":1.5300029779344034e9,"tag":"Move"}

{"cXWarp":8,"cNewPos":[2,8],"cWhen":1.5300029779844694e9,"tag":"Move"}

{"cXWarp":8,"cNewPos":[2,8],"cWhen":1.5300029780344193e9,"tag":"Move"}

{"cXWarp":8,"cNewPos":[2,8],"cWhen":1.5300029780843914e9,"tag":"Move"}

{"cXWarp":8,"cNewPos":[2,8],"cWhen":1.5300029781343963e9,"tag":"Move"}

{"cXWarp":8,"cNewPos":[2,8],"cWhen":1.5300029781843524e9,"tag":"Move"}

{"cXWarp":8,"cNewPos":[2,8],"cWhen":1.530002978234384e9,"tag":"Move"}

{"cXWarp":7,"cNewPos":[2,7],"cWhen":1.5300029785804873e9,"tag":"Move"}

{"cXWarp":6,"cNewPos":[2,6],"cWhen":1.5300029788343575e9,"tag":"Move"}

{"cXWarp":5,"cNewPos":[2,5],"cWhen":1.5300029788843904e9,"tag":"Move"}

{"cXWarp":4,"cNewPos":[2,4],"cWhen":1.5300029789344075e9,"tag":"Move"}

{"cXWarp":3,"cNewPos":[2,3],"cWhen":1.5300029789844983e9,"tag":"Move"}

{"cXWarp":2,"cNewPos":[2,2],"cWhen":1.53000297903438e9,"tag":"Move"}

{"cXWarp":1,"cNewPos":[2,1],"cWhen":1.5300029790843837e9,"tag":"Move"}

{"cXWarp":0,"cNewPos":[2,0],"cWhen":1.5300029791343813e9,"tag":"Move"}

{"cXWarp":0,"cNewPos":[2,0],"cWhen":1.5300029791843815e9,"tag":"Move"}

{"cXWarp":0,"cNewPos":[2,0],"cWhen":1.530002979234371e9,"tag":"Move"}

{"cXWarp":0,"cNewPos":[2,0],"cWhen":1.5300029792844315e9,"tag":"Move"}

{"cXWarp":0,"cNewPos":[2,0],"cWhen":1.5300029793344057e9,"tag":"Move"}

{"cOrigin":"+delete","cTo":[2,0],"cNewPos":[1,0],"cWhen":1.5300029800364373e9,"tag":"Change","cFrom":[1,0],"cText":[""],"cRemoved":["",""]}

{"cXWarp":1,"cNewPos":[1,1],"cWhen":1.530002981356433e9,"tag":"Move"}

{"cOrigin":"+delete","cTo":[1,1],"cNewPos":[1,0],"cWhen":1.5300029823484054e9,"tag":"Change","cFrom":[1,0],"cText":[""],"cRemoved":["\""]}

{"cXWarp":1,"cNewPos":[1,1],"cWhen":1.5300029844605024e9,"tag":"Move"}

{"cXWarp":2,"cNewPos":[1,2],"cWhen":1.5300029946443284e9,"tag":"Move"}

{"cXWarp":3,"cNewPos":[1,3],"cWhen":1.530002994860365e9,"tag":"Move"}

{"cXWarp":4,"cNewPos":[1,4],"cWhen":1.5300029950524147e9,"tag":"Move"}

{"cXWarp":5,"cNewPos":[1,5],"cWhen":1.530002995300408e9,"tag":"Move"}

{"cOrigin":"+delete","cTo":[1,5],"cNewPos":[1,4],"cWhen":1.5300029960202143e9,"tag":"Change","cFrom":[1,4],"cText":[""],"cRemoved":["e"]}

{"cOrigin":"+delete","cTo":[1,4],"cNewPos":[1,3],"cWhen":1.5300029962363646e9,"tag":"Change","cFrom":[1,3],"cText":[""],"cRemoved":["w"]}

{"cOrigin":"+delete","cTo":[1,3],"cNewPos":[1,2],"cWhen":1.530002996412357e9,"tag":"Change","cFrom":[1,2],"cText":[""],"cRemoved":["o"]}

{"cOrigin":"+delete","cTo":[1,2],"cNewPos":[1,1],"cWhen":1.5300029966362665e9,"tag":"Change","cFrom":[1,1],"cText":[""],"cRemoved":["l"]}

{"cOrigin":"+delete","cTo":[1,1],"cNewPos":[1,0],"cWhen":1.5300029968123522e9,"tag":"Change","cFrom":[1,0],"cText":[""],"cRemoved":["s"]}

{"cOrigin":"+delete","cTo":[1,0],"cNewPos":[0,47],"cWhen":1.530002997036322e9,"tag":"Change","cFrom":[0,47],"cText":[""],"cRemoved":["",""]}

{"cOrigin":"+delete","cTo":[0,47],"cNewPos":[0,46],"cWhen":1.530002997228337e9,"tag":"Change","cFrom":[0,46],"cText":[""],"cRemoved":["\""]}

{"cXWarp":47,"cNewPos":[0,47],"cWhen":1.530002999580266e9,"tag":"Move"}

{"cOrigin":"+delete","cTo":[0,47],"cNewPos":[0,46],"cWhen":1.5300030004122112e9,"tag":"Change","cFrom":[0,46],"cText":[""],"cRemoved":["r"]}

{"cOrigin":"+input","cTo":[0,46],"cNewPos":[0,47],"cWhen":1.5300030059002728e9,"tag":"Change","cFrom":[0,46],"cText":["\""],"cRemoved":[""]}

{"cOrigin":"+input","cTo":[0,47],"cNewPos":[1,0],"cWhen":1.5300030079963422e9,"tag":"Change","cFrom":[0,47],"cText":["",""],"cRemoved":[""]}

{"cOrigin":"+input","cTo":[1,0],"cNewPos":[2,0],"cWhen":1.5300030088523123e9,"tag":"Change","cFrom":[1,0],"cText":["",""],"cRemoved":[""]}

{"cOrigin":"+input","cTo":[2,0],"cNewPos":[2,1],"cWhen":1.530003012164502e9,"tag":"Change","cFrom":[2,0],"cText":["s"],"cRemoved":[""]}

{"cOrigin":"+input","cTo":[2,1],"cNewPos":[2,2],"cWhen":1.5300030125723321e9,"tag":"Change","cFrom":[2,1],"cText":["l"],"cRemoved":[""]}

{"cOrigin":"+input","cTo":[2,2],"cNewPos":[2,3],"cWhen":1.53000301376445e9,"tag":"Change","cFrom":[2,2],"cText":["o"],"cRemoved":[""]}

{"cOrigin":"+input","cTo":[2,3],"cNewPos":[2,4],"cWhen":1.530003014140315e9,"tag":"Change","cFrom":[2,3],"cText":["w"],"cRemoved":[""]}

{"cOrigin":"+input","cTo":[2,4],"cNewPos":[2,5],"cWhen":1.5300030145084398e9,"tag":"Change","cFrom":[2,4],"cText":["e"],"cRemoved":[""]}

{"cOrigin":"+input","cTo":[2,5],"cNewPos":[2,6],"cWhen":1.530003014756339e9,"tag":"Change","cFrom":[2,5],"cText":["r"],"cRemoved":[""]}

{"cOrigin":"+input","cTo":[2,6],"cNewPos":[2,7],"cWhen":1.5300030233163574e9,"tag":"Change","cFrom":[2,6],"cText":["$"],"cRemoved":[""]}

{"cXWarp":6,"cNewPos":[2,6],"cWhen":1.5300030249641428e9,"tag":"Move"}

{"cXWarp":5,"cNewPos":[2,5],"cWhen":1.530003025740037e9,"tag":"Move"}

{"cOrigin":"+input","cTo":[2,5],"cNewPos":[2,6],"cWhen":1.5300030263403141e9,"tag":"Change","cFrom":[2,5],"cText":[" "],"cRemoved":[""]}

{"cXWarp":7,"cNewPos":[2,7],"cWhen":1.5300030273720527e9,"tag":"Move"}

{"cOrigin":"+input","cTo":[2,7],"cNewPos":[2,8],"cWhen":1.530003029340202e9,"tag":"Change","cFrom":[2,7],"cText":[" "],"cRemoved":[""]}

{"cOrigin":"+delete","cTo":[2,8],"cNewPos":[2,7],"cWhen":1.5300030304200735e9,"tag":"Change","cFrom":[2,7],"cText":[""],"cRemoved":[" "]}

{"cOrigin":"+input","cTo":[2,7],"cNewPos":[2,8],"cWhen":1.5300030332120612e9,"tag":"Change","cFrom":[2,7],"cText":[" "],"cRemoved":[""]}

{"cXWarp":7,"cNewPos":[2,7],"cWhen":1.530003034004093e9,"tag":"Move"}

{"cOrigin":"+delete","cTo":[2,7],"cNewPos":[2,6],"cWhen":1.530003034947916e9,"tag":"Change","cFrom":[2,6],"cText":[""],"cRemoved":["r"]}

{"cOrigin":"+delete","cTo":[2,6],"cNewPos":[2,5],"cWhen":1.5300030362200477e9,"tag":"Change","cFrom":[2,5],"cText":[""],"cRemoved":[" "]}

{"cOrigin":"+input","cTo":[2,5],"cNewPos":[2,6],"cWhen":1.5300030382681866e9,"tag":"Change","cFrom":[2,5],"cText":["r"],"cRemoved":[""]}

{"cXWarp":7,"cNewPos":[2,7],"cWhen":1.5300030414200056e9,"tag":"Move"}

{"cXWarp":8,"cNewPos":[2,8],"cWhen":1.5300030417158616e9,"tag":"Move"}

{"cXWarp":9,"cNewPos":[2,9],"cWhen":1.5300030423638701e9,"tag":"Move"}

{"cOrigin":"+input","cTo":[2,9],"cNewPos":[2,10],"cWhen":1.5300030448361237e9,"tag":"Change","cFrom":[2,9],"cText":["e"],"cRemoved":[""]}

{"cOrigin":"+input","cTo":[2,10],"cNewPos":[2,11],"cWhen":1.5300030457161298e9,"tag":"Change","cFrom":[2,10],"cText":["v"],"cRemoved":[""]}

{"cOrigin":"+input","cTo":[2,11],"cNewPos":[2,12],"cWhen":1.5300030464536655e9,"tag":"Change","cFrom":[2,11],"cText":["r"],"cRemoved":[""]}

{"cOrigin":"+input","cTo":[2,12],"cNewPos":[2,13],"cWhen":1.530003051163966e9,"tag":"Change","cFrom":[2,12],"cText":["e"],"cRemoved":[""]}

{"cOrigin":"+input","cTo":[2,13],"cNewPos":[2,14],"cWhen":1.5300030542520792e9,"tag":"Change","cFrom":[2,13],"cText":["y"],"cRemoved":[""]}

{"cOrigin":"+input","cTo":[2,14],"cNewPos":[2,15],"cWhen":1.53000305493198e9,"tag":"Change","cFrom":[2,14],"cText":[" "],"cRemoved":[""]}

{"cOrigin":"+input","cTo":[2,15],"cNewPos":[2,16],"cWhen":1.5300030556601155e9,"tag":"Change","cFrom":[2,15],"cText":[" "],"cRemoved":[""]}

{"cOrigin":"+delete","cTo":[2,16],"cNewPos":[2,15],"cWhen":1.5300030568598864e9,"tag":"Change","cFrom":[2,15],"cText":[""],"cRemoved":[" "]}

{"cOrigin":"+input","cTo":[2,15],"cNewPos":[2,16],"cWhen":1.530003062876063e9,"tag":"Change","cFrom":[2,15],"cText":["5"],"cRemoved":[""]}

{"cOrigin":"+input","cTo":[2,16],"cNewPos":[2,17],"cWhen":1.5300030651319497e9,"tag":"Change","cFrom":[2,16],"cText":[" "],"cRemoved":[""]}

{"cOrigin":"+input","cTo":[2,17],"cNewPos":[2,18],"cWhen":1.5300030663638754e9,"tag":"Change","cFrom":[2,17],"cText":["s"],"cRemoved":[""]}

{"cOrigin":"+input","cTo":[2,18],"cNewPos":[2,19],"cWhen":1.530003067635896e9,"tag":"Change","cFrom":[2,18],"cText":["c"],"cRemoved":[""]}

{"cOrigin":"+input","cTo":[2,19],"cNewPos":[2,20],"cWhen":1.530003069275854e9,"tag":"Change","cFrom":[2,19],"cText":["r"],"cRemoved":[""]}

{"cOrigin":"+input","cTo":[2,20],"cNewPos":[2,21],"cWhen":1.5300030701319404e9,"tag":"Change","cFrom":[2,20],"cText":["a"],"cRemoved":[""]}

{"cOrigin":"+input","cTo":[2,21],"cNewPos":[2,22],"cWhen":1.5300030711558456e9,"tag":"Change","cFrom":[2,21],"cText":["c"],"cRemoved":[""]}

{"cOrigin":"+input","cTo":[2,22],"cNewPos":[2,23],"cWhen":1.5300030716599157e9,"tag":"Change","cFrom":[2,22],"cText":["h"],"cRemoved":[""]}

{"cOrigin":"+input","cTo":[2,23],"cNewPos":[2,24],"cWhen":1.5300030763639364e9,"tag":"Change","cFrom":[2,23],"cText":[" "],"cRemoved":[""]}

{"cOrigin":"+input","cTo":[2,24],"cNewPos":[2,25],"cWhen":1.5300030794277499e9,"tag":"Change","cFrom":[2,24],"cText":["\""],"cRemoved":[""]}

{"cOrigin":"+input","cTo":[2,25],"cNewPos":[2,26],"cWhen":1.5300030824998832e9,"tag":"Change","cFrom":[2,25],"cText":[" "],"cRemoved":[""]}

{"cOrigin":"+input","cTo":[2,26],"cNewPos":[2,27],"cWhen":1.5300030839238675e9,"tag":"Change","cFrom":[2,26],"cText":["h"],"cRemoved":[""]}

{"cOrigin":"+input","cTo":[2,27],"cNewPos":[2,28],"cWhen":1.5300030854277775e9,"tag":"Change","cFrom":[2,27],"cText":["i"],"cRemoved":[""]}

{"cOrigin":"+input","cTo":[2,28],"cNewPos":[2,29],"cWhen":1.530003085963736e9,"tag":"Change","cFrom":[2,28],"cText":[" "],"cRemoved":[""]}

{"cOrigin":"+delete","cTo":[2,29],"cNewPos":[2,28],"cWhen":1.5300030897236114e9,"tag":"Change","cFrom":[2,28],"cText":[""],"cRemoved":[" "]}

{"cOrigin":"+delete","cTo":[2,28],"cNewPos":[2,27],"cWhen":1.530003090139626e9,"tag":"Change","cFrom":[2,27],"cText":[""],"cRemoved":["i"]}

{"cOrigin":"+delete","cTo":[2,27],"cNewPos":[2,26],"cWhen":1.5300030905315666e9,"tag":"Change","cFrom":[2,26],"cText":[""],"cRemoved":["h"]}

{"cOrigin":"+input","cTo":[2,26],"cNewPos":[2,27],"cWhen":1.530003096667692e9,"tag":"Change","cFrom":[2,26],"cText":["l"],"cRemoved":[""]}

{"cOrigin":"+input","cTo":[2,27],"cNewPos":[2,28],"cWhen":1.5300030968997939e9,"tag":"Change","cFrom":[2,27],"cText":["o"],"cRemoved":[""]}

{"cOrigin":"+input","cTo":[2,28],"cNewPos":[2,29],"cWhen":1.5300030972357767e9,"tag":"Change","cFrom":[2,28],"cText":[" "],"cRemoved":[""]}

{"cOrigin":"+input","cTo":[2,29],"cNewPos":[2,30],"cWhen":1.5300030982118382e9,"tag":"Change","cFrom":[2,29],"cText":["l"],"cRemoved":[""]}

{"cOrigin":"+input","cTo":[2,30],"cNewPos":[2,31],"cWhen":1.5300030984678638e9,"tag":"Change","cFrom":[2,30],"cText":["o"],"cRemoved":[""]}

{"cOrigin":"+input","cTo":[2,31],"cNewPos":[2,32],"cWhen":1.5300030987798786e9,"tag":"Change","cFrom":[2,31],"cText":[" "],"cRemoved":[""]}

{"cOrigin":"+input","cTo":[2,32],"cNewPos":[2,33],"cWhen":1.5300030991320744e9,"tag":"Change","cFrom":[2,32],"cText":["l"],"cRemoved":[""]}

{"cOrigin":"+input","cTo":[2,33],"cNewPos":[2,34],"cWhen":1.5300030993637817e9,"tag":"Change","cFrom":[2,33],"cText":["o"],"cRemoved":[""]}

{"cOrigin":"+input","cTo":[2,34],"cNewPos":[2,35],"cWhen":1.5300030997157362e9,"tag":"Change","cFrom":[2,34],"cText":[" "],"cRemoved":[""]}

{"cOrigin":"+input","cTo":[2,35],"cNewPos":[2,36],"cWhen":1.5300031000597475e9,"tag":"Change","cFrom":[2,35],"cText":["l"],"cRemoved":[""]}

{"cOrigin":"+input","cTo":[2,36],"cNewPos":[2,37],"cWhen":1.530003100283829e9,"tag":"Change","cFrom":[2,36],"cText":["o"],"cRemoved":[""]}

{"cOrigin":"+input","cTo":[2,37],"cNewPos":[2,38],"cWhen":1.5300031006058056e9,"tag":"Change","cFrom":[2,37],"cText":[" "],"cRemoved":[""]}

{"cOrigin":"+input","cTo":[2,38],"cNewPos":[2,39],"cWhen":1.530003101075893e9,"tag":"Change","cFrom":[2,38],"cText":[","],"cRemoved":[""]}

{"cOrigin":"+delete","cTo":[2,39],"cNewPos":[2,38],"cWhen":1.5300031028837018e9,"tag":"Change","cFrom":[2,38],"cText":[""],"cRemoved":[","]}

{"cOrigin":"+input","cTo":[2,38],"cNewPos":[2,39],"cWhen":1.530003104315636e9,"tag":"Change","cFrom":[2,38],"cText":["l"],"cRemoved":[""]}

{"cOrigin":"+input","cTo":[2,39],"cNewPos":[2,40],"cWhen":1.5300031045556877e9,"tag":"Change","cFrom":[2,39],"cText":["o"],"cRemoved":[""]}

{"cOrigin":"+input","cTo":[2,40],"cNewPos":[2,41],"cWhen":1.5300031048917518e9,"tag":"Change","cFrom":[2,40],"cText":[" "],"cRemoved":[""]}

{"cOrigin":"+input","cTo":[2,41],"cNewPos":[2,42],"cWhen":1.5300031052997875e9,"tag":"Change","cFrom":[2,41],"cText":["l"],"cRemoved":[""]}

{"cOrigin":"+input","cTo":[2,42],"cNewPos":[2,43],"cWhen":1.530003105515741e9,"tag":"Change","cFrom":[2,42],"cText":["o"],"cRemoved":[""]}

{"cOrigin":"+input","cTo":[2,43],"cNewPos":[2,44],"cWhen":1.5300031093318233e9,"tag":"Change","cFrom":[2,43],"cText":["\""],"cRemoved":[""]}

{"cXWarp":44,"cNewPos":[2,44],"cWhen":1.530003111635877e9,"tag":"Move"}

{"cXWarp":44,"cNewPos":[2,44],"cWhen":1.5300031118944488e9,"tag":"Move"}

{"cXWarp":44,"cNewPos":[2,44],"cWhen":1.530003111944482e9,"tag":"Move"}

{"cXWarp":44,"cNewPos":[2,44],"cWhen":1.5300031119943933e9,"tag":"Move"}

{"cXWarp":44,"cNewPos":[2,44],"cWhen":1.5300031120444329e9,"tag":"Move"}

{"cXWarp":44,"cNewPos":[2,44],"cWhen":1.5300031120944471e9,"tag":"Move"}

{"cXWarp":44,"cNewPos":[2,44],"cWhen":1.5300031121444364e9,"tag":"Move"}

{"cXWarp":44,"cNewPos":[2,44],"cWhen":1.5300031121944427e9,"tag":"Move"}

{"cXWarp":44,"cNewPos":[2,44],"cWhen":1.5300031122444499e9,"tag":"Move"}

{"cXWarp":44,"cNewPos":[2,44],"cWhen":1.530003112294431e9,"tag":"Move"}

{"cXWarp":44,"cNewPos":[2,44],"cWhen":1.5300031123444676e9,"tag":"Move"}

{"cXWarp":44,"cNewPos":[2,44],"cWhen":1.5300031123944094e9,"tag":"Move"}

{"cXWarp":43,"cNewPos":[2,43],"cWhen":1.5300031139881191e9,"tag":"Move"}

{"cXWarp":42,"cNewPos":[2,42],"cWhen":1.5300031142444346e9,"tag":"Move"}

{"cXWarp":41,"cNewPos":[2,41],"cWhen":1.530003114294425e9,"tag":"Move"}

{"cXWarp":40,"cNewPos":[2,40],"cWhen":1.530003114344494e9,"tag":"Move"}

{"cXWarp":39,"cNewPos":[2,39],"cWhen":1.5300031145000203e9,"tag":"Move"}

{"cXWarp":38,"cNewPos":[2,38],"cWhen":1.5300031147545393e9,"tag":"Move"}

{"cXWarp":37,"cNewPos":[2,37],"cWhen":1.5300031148045135e9,"tag":"Move"}

{"cXWarp":36,"cNewPos":[2,36],"cWhen":1.5300031148545206e9,"tag":"Move"}

{"cXWarp":35,"cNewPos":[2,35],"cWhen":1.5300031149045064e9,"tag":"Move"}

{"cXWarp":34,"cNewPos":[2,34],"cWhen":1.530003114954394e9,"tag":"Move"}

{"cXWarp":33,"cNewPos":[2,33],"cWhen":1.5300031150044787e9,"tag":"Move"}

{"cXWarp":32,"cNewPos":[2,32],"cWhen":1.5300031150544605e9,"tag":"Move"}

{"cXWarp":31,"cNewPos":[2,31],"cWhen":1.530003115104455e9,"tag":"Move"}

{"cXWarp":30,"cNewPos":[2,30],"cWhen":1.5300031151544354e9,"tag":"Move"}

{"cXWarp":29,"cNewPos":[2,29],"cWhen":1.5300031152044513e9,"tag":"Move"}

{"cXWarp":28,"cNewPos":[2,28],"cWhen":1.5300031152544496e9,"tag":"Move"}

{"cXWarp":27,"cNewPos":[2,27],"cWhen":1.530003115304485e9,"tag":"Move"}

{"cXWarp":26,"cNewPos":[2,26],"cWhen":1.5300031153544648e9,"tag":"Move"}

{"cXWarp":25,"cNewPos":[2,25],"cWhen":1.5300031154044704e9,"tag":"Move"}

{"cXWarp":24,"cNewPos":[2,24],"cWhen":1.5300031154544601e9,"tag":"Move"}

{"cXWarp":23,"cNewPos":[2,23],"cWhen":1.530003115504436e9,"tag":"Move"}

{"cXWarp":22,"cNewPos":[2,22],"cWhen":1.530003115554427e9,"tag":"Move"}

{"cXWarp":21,"cNewPos":[2,21],"cWhen":1.5300031156044192e9,"tag":"Move"}

{"cXWarp":20,"cNewPos":[2,20],"cWhen":1.5300031156544778e9,"tag":"Move"}

{"cXWarp":19,"cNewPos":[2,19],"cWhen":1.5300031157044575e9,"tag":"Move"}

{"cXWarp":18,"cNewPos":[2,18],"cWhen":1.5300031157544363e9,"tag":"Move"}

{"cXWarp":17,"cNewPos":[2,17],"cWhen":1.5300031158044236e9,"tag":"Move"}

{"cXWarp":16,"cNewPos":[2,16],"cWhen":1.530003115854448e9,"tag":"Move"}

{"cXWarp":15,"cNewPos":[2,15],"cWhen":1.530003115904452e9,"tag":"Move"}

{"cXWarp":14,"cNewPos":[2,14],"cWhen":1.5300031159544694e9,"tag":"Move"}

{"cXWarp":13,"cNewPos":[2,13],"cWhen":1.530003116004469e9,"tag":"Move"}

{"cXWarp":12,"cNewPos":[2,12],"cWhen":1.5300031160544577e9,"tag":"Move"}

{"cXWarp":11,"cNewPos":[2,11],"cWhen":1.5300031161044347e9,"tag":"Move"}

{"cXWarp":10,"cNewPos":[2,10],"cWhen":1.5300031161544077e9,"tag":"Move"}

{"cXWarp":9,"cNewPos":[2,9],"cWhen":1.5300031162044384e9,"tag":"Move"}

{"cXWarp":8,"cNewPos":[2,8],"cWhen":1.5300031162544475e9,"tag":"Move"}

{"cXWarp":7,"cNewPos":[2,7],"cWhen":1.5300031163044524e9,"tag":"Move"}

{"cXWarp":6,"cNewPos":[2,6],"cWhen":1.5300031163544407e9,"tag":"Move"}

{"cXWarp":5,"cNewPos":[2,5],"cWhen":1.530003116404438e9,"tag":"Move"}

{"cXWarp":4,"cNewPos":[2,4],"cWhen":1.5300031164544303e9,"tag":"Move"}

{"cXWarp":3,"cNewPos":[2,3],"cWhen":1.530003116504434e9,"tag":"Move"}

{"cXWarp":2,"cNewPos":[2,2],"cWhen":1.5300031165544152e9,"tag":"Move"}

{"cXWarp":1,"cNewPos":[2,1],"cWhen":1.5300031166044304e9,"tag":"Move"}

{"cXWarp":0,"cNewPos":[2,0],"cWhen":1.5300031166544762e9,"tag":"Move"}

{"cXWarp":0,"cNewPos":[2,0],"cWhen":1.5300031167044423e9,"tag":"Move"}

{"cXWarp":0,"cNewPos":[2,0],"cWhen":1.5300031167544413e9,"tag":"Move"}

{"cXWarp":0,"cNewPos":[2,0],"cWhen":1.5300031168044453e9,"tag":"Move"}

{"cXWarp":0,"cNewPos":[2,0],"cWhen":1.5300031168544347e9,"tag":"Move"}

{"cXWarp":0,"cNewPos":[2,0],"cWhen":1.5300031169044626e9,"tag":"Move"}

{"cXWarp":0,"cNewPos":[2,0],"cWhen":1.5300031169544442e9,"tag":"Move"}

{"cXWarp":0,"cNewPos":[2,0],"cWhen":1.5300031170044715e9,"tag":"Move"}

{"cXWarp":0,"cNewPos":[2,0],"cWhen":1.5300031170544653e9,"tag":"Move"}

{"cXWarp":0,"cNewPos":[2,0],"cWhen":1.530003117104432e9,"tag":"Move"}

{"cXWarp":0,"cNewPos":[2,0],"cWhen":1.5300031175645616e9,"tag":"Move"}

{"cXWarp":0,"cNewPos":[2,0],"cWhen":1.5300031178605304e9,"tag":"Move"}

{"cXWarp":0,"cNewPos":[2,0],"cWhen":1.53000311806054e9,"tag":"Move"}

{"cXWarp":0,"cNewPos":[2,0],"cWhen":1.5300031182685435e9,"tag":"Move"}

{"cXWarp":0,"cNewPos":[2,0],"cWhen":1.5300031184607365e9,"tag":"Move"}

{"cOrigin":"+input","cTo":[2,0],"cNewPos":[3,0],"cWhen":1.53000311907667e9,"tag":"Change","cFrom":[2,0],"cText":["",""],"cRemoved":[""]}

{"cXWarp":0,"cNewPos":[2,0],"cWhen":1.530003121140876e9,"tag":"Move"}

{"cXWarp":0,"cNewPos":[1,0],"cWhen":1.5300031214127884e9,"tag":"Move"}

{"cXWarp":0,"cNewPos":[0,0],"cWhen":1.530003121772842e9,"tag":"Move"}

{"cXWarp":1,"cNewPos":[0,1],"cWhen":1.5300031230050786e9,"tag":"Move"}

{"cXWarp":2,"cNewPos":[0,2],"cWhen":1.5300031233811448e9,"tag":"Move"}

{"cXWarp":3,"cNewPos":[0,3],"cWhen":1.5300031237331848e9,"tag":"Move"}

{"cXWarp":4,"cNewPos":[0,4],"cWhen":1.5300031240611715e9,"tag":"Move"}

{"cXWarp":5,"cNewPos":[0,5],"cWhen":1.5300031243572423e9,"tag":"Move"}

{"cOrigin":"+delete","cTo":[0,5],"cNewPos":[0,4],"cWhen":1.5300031252293887e9,"tag":"Change","cFrom":[0,4],"cText":[""],"cRemoved":["t"]}

{"cXWarp":5,"cNewPos":[0,5],"cWhen":1.530003125989457e9,"tag":"Move"}

{"cOrigin":"+delete","cTo":[0,5],"cNewPos":[0,4],"cWhen":1.5300031269495227e9,"tag":"Change","cFrom":[0,4],"cText":[""],"cRemoved":["e"]}

{"cOrigin":"+delete","cTo":[0,4],"cNewPos":[0,3],"cWhen":1.5300031273655467e9,"tag":"Change","cFrom":[0,3],"cText":[""],"cRemoved":["s"]}

{"cOrigin":"+delete","cTo":[0,3],"cNewPos":[0,2],"cWhen":1.5300031277737312e9,"tag":"Change","cFrom":[0,2],"cText":[""],"cRemoved":["a"]}

{"cXWarp":3,"cNewPos":[0,3],"cWhen":1.5300031291419635e9,"tag":"Move"}

{"cXWarp":4,"cNewPos":[0,4],"cWhen":1.5300031303340173e9,"tag":"Move"}

{"cXWarp":3,"cNewPos":[0,3],"cWhen":1.530003131246279e9,"tag":"Move"}

{"cOrigin":"+delete","cTo":[0,3],"cNewPos":[0,2],"cWhen":1.530003132398452e9,"tag":"Change","cFrom":[0,2],"cText":[""],"cRemoved":["r"]}

{"cOrigin":"+delete","cTo":[0,2],"cNewPos":[0,1],"cWhen":1.5300031329824839e9,"tag":"Change","cFrom":[0,1],"cText":[""],"cRemoved":["f"]}

{"cOrigin":"+input","cTo":[0,1],"cNewPos":[0,2],"cWhen":1.5300031343989236e9,"tag":"Change","cFrom":[0,1],"cText":[" "],"cRemoved":[""]}

{"cXWarp":1,"cNewPos":[0,1],"cWhen":1.5300031351107152e9,"tag":"Move"}

{"cOrigin":"+input","cTo":[0,1],"cNewPos":[0,2],"cWhen":1.5300031372632442e9,"tag":"Change","cFrom":[0,1],"cText":["s"],"cRemoved":[""]}

{"cOrigin":"+input","cTo":[0,2],"cNewPos":[0,3],"cWhen":1.5300031378794308e9,"tag":"Change","cFrom":[0,2],"cText":["l"],"cRemoved":[""]}

{"cOrigin":"+input","cTo":[0,3],"cNewPos":[0,4],"cWhen":1.5300031382554212e9,"tag":"Change","cFrom":[0,3],"cText":["o"],"cRemoved":[""]}

{"cOrigin":"+input","cTo":[0,4],"cNewPos":[0,5],"cWhen":1.5300031416078413e9,"tag":"Change","cFrom":[0,4],"cText":["w"],"cRemoved":[""]}

{"cOrigin":"+input","cTo":[0,5],"cNewPos":[0,6],"cWhen":1.5300031418719518e9,"tag":"Change","cFrom":[0,5],"cText":["e"],"cRemoved":[""]}

{"cOrigin":"+input","cTo":[0,6],"cNewPos":[0,7],"cWhen":1.53000314211189e9,"tag":"Change","cFrom":[0,6],"cText":["r"],"cRemoved":[""]}

{"cWhen":1.5300031460193639e9,"tag":"Eval","cAll":true}

{"cXWarp":0,"cNewPos":[1,0],"cWhen":1.5300031583144417e9,"tag":"Move"}

{"cXWarp":0,"cNewPos":[2,0],"cWhen":1.5300031588180983e9,"tag":"Move"}

{"cXWarp":0,"cNewPos":[3,0],"cWhen":1.5300031591621306e9,"tag":"Move"}

{"cXWarp":1,"cNewPos":[3,1],"cWhen":1.530003160498444e9,"tag":"Move"}

{"cXWarp":2,"cNewPos":[3,2],"cWhen":1.5300031609145064e9,"tag":"Move"}

{"cXWarp":3,"cNewPos":[3,3],"cWhen":1.5300031612424247e9,"tag":"Move"}

{"cXWarp":4,"cNewPos":[3,4],"cWhen":1.5300031614943926e9,"tag":"Move"}

{"cXWarp":5,"cNewPos":[3,5],"cWhen":1.5300031615444212e9,"tag":"Move"}

{"cXWarp":6,"cNewPos":[3,6],"cWhen":1.5300031615944188e9,"tag":"Move"}

{"cXWarp":7,"cNewPos":[3,7],"cWhen":1.5300031616444063e9,"tag":"Move"}

{"cXWarp":8,"cNewPos":[3,8],"cWhen":1.530003161694419e9,"tag":"Move"}

{"cXWarp":9,"cNewPos":[3,9],"cWhen":1.5300031617443986e9,"tag":"Move"}

{"cXWarp":10,"cNewPos":[3,10],"cWhen":1.5300031617944365e9,"tag":"Move"}

{"cXWarp":11,"cNewPos":[3,11],"cWhen":1.530003161844454e9,"tag":"Move"}

{"cXWarp":12,"cNewPos":[3,12],"cWhen":1.5300031618944557e9,"tag":"Move"}

{"cXWarp":13,"cNewPos":[3,13],"cWhen":1.5300031619444149e9,"tag":"Move"}

{"cXWarp":14,"cNewPos":[3,14],"cWhen":1.530003161994471e9,"tag":"Move"}

{"cXWarp":15,"cNewPos":[3,15],"cWhen":1.5300031620444431e9,"tag":"Move"}

{"cXWarp":16,"cNewPos":[3,16],"cWhen":1.5300031620944452e9,"tag":"Move"}

{"cXWarp":17,"cNewPos":[3,17],"cWhen":1.5300031621444526e9,"tag":"Move"}

{"cXWarp":18,"cNewPos":[3,18],"cWhen":1.530003162194517e9,"tag":"Move"}

{"cXWarp":19,"cNewPos":[3,19],"cWhen":1.5300031624026904e9,"tag":"Move"}

{"cXWarp":20,"cNewPos":[3,20],"cWhen":1.5300031627226112e9,"tag":"Move"}

{"cXWarp":21,"cNewPos":[3,21],"cWhen":1.5300031629546347e9,"tag":"Move"}

{"cXWarp":22,"cNewPos":[3,22],"cWhen":1.5300031631308537e9,"tag":"Move"}

{"cXWarp":23,"cNewPos":[3,23],"cWhen":1.5300031633868399e9,"tag":"Move"}

{"cOrigin":"+delete","cTo":[3,23],"cNewPos":[3,22],"cWhen":1.5300031654458008e9,"tag":"Change","cFrom":[3,22],"cText":[""],"cRemoved":["h"]}

{"cXWarp":23,"cNewPos":[3,23],"cWhen":1.5300031670592816e9,"tag":"Move"}

{"cXWarp":24,"cNewPos":[3,24],"cWhen":1.5300031677234104e9,"tag":"Move"}

{"cXWarp":23,"cNewPos":[3,23],"cWhen":1.5300031685315192e9,"tag":"Move"}

{"cXWarp":22,"cNewPos":[3,22],"cWhen":1.5300031690034344e9,"tag":"Move"}

{"cXWarp":21,"cNewPos":[3,21],"cWhen":1.5300031692836008e9,"tag":"Move"}

{"cOrigin":"+delete","cTo":[3,21],"cNewPos":[3,20],"cWhen":1.5300031704437172e9,"tag":"Change","cFrom":[3,20],"cText":[""],"cRemoved":["a"]}

{"cOrigin":"+delete","cTo":[3,20],"cNewPos":[3,19],"cWhen":1.5300031706944015e9,"tag":"Change","cFrom":[3,19],"cText":[""],"cRemoved":["r"]}

{"cOrigin":"+delete","cTo":[3,19],"cNewPos":[3,18],"cWhen":1.5300031707444038e9,"tag":"Change","cFrom":[3,18],"cText":[""],"cRemoved":["c"]}

{"cOrigin":"+delete","cTo":[3,18],"cNewPos":[3,17],"cWhen":1.530003170908748e9,"tag":"Change","cFrom":[3,17],"cText":[""],"cRemoved":["s"]}

{"cXWarp":18,"cNewPos":[3,18],"cWhen":1.530003171675898e9,"tag":"Move"}

{"cOrigin":"+delete","cTo":[3,18],"cNewPos":[3,17],"cWhen":1.53000317246795e9,"tag":"Change","cFrom":[3,17],"cText":[""],"cRemoved":["c"]}

{"cOrigin":"+input","cTo":[3,17],"cNewPos":[3,18],"cWhen":1.530003181341196e9,"tag":"Change","cFrom":[3,17],"cText":["s"],"cRemoved":[""]}

{"cOrigin":"+input","cTo":[3,18],"cNewPos":[3,19],"cWhen":1.5300031854057288e9,"tag":"Change","cFrom":[3,18],"cText":["c"],"cRemoved":[""]}

{"cOrigin":"+input","cTo":[3,19],"cNewPos":[3,20],"cWhen":1.5300031866298788e9,"tag":"Change","cFrom":[3,19],"cText":["r"],"cRemoved":[""]}

{"cOrigin":"+input","cTo":[3,20],"cNewPos":[3,21],"cWhen":1.5300031922706733e9,"tag":"Change","cFrom":[3,20],"cText":["a"],"cRemoved":[""]}

{"cOrigin":"+input","cTo":[3,21],"cNewPos":[3,22],"cWhen":1.530003196223036e9,"tag":"Change","cFrom":[3,21],"cText":["c"],"cRemoved":[""]}

{"cOrigin":"+input","cTo":[3,22],"cNewPos":[3,23],"cWhen":1.5300031967192008e9,"tag":"Change","cFrom":[3,22],"cText":["h"],"cRemoved":[""]}

{"cWhen":1.5300032015868037e9,"tag":"Eval","cAll":true}

{"cXWarp":22,"cNewPos":[3,22],"cWhen":1.5300032096563618e9,"tag":"Move"}

{"cXWarp":21,"cNewPos":[3,21],"cWhen":1.53000320991442e9,"tag":"Move"}

{"cXWarp":20,"cNewPos":[3,20],"cWhen":1.5300032099644756e9,"tag":"Move"}

{"cXWarp":19,"cNewPos":[3,19],"cWhen":1.530003210014507e9,"tag":"Move"}

{"cXWarp":18,"cNewPos":[3,18],"cWhen":1.5300032100804608e9,"tag":"Move"}

{"cXWarp":17,"cNewPos":[3,17],"cWhen":1.5300032107686772e9,"tag":"Move"}

{"cXWarp":16,"cNewPos":[3,16],"cWhen":1.5300032110246537e9,"tag":"Move"}

{"cXWarp":15,"cNewPos":[3,15],"cWhen":1.5300032110745258e9,"tag":"Move"}

{"cXWarp":14,"cNewPos":[3,14],"cWhen":1.5300032122646983e9,"tag":"Move"}

{"cXWarp":13,"cNewPos":[3,13],"cWhen":1.5300032125245066e9,"tag":"Move"}

{"cXWarp":12,"cNewPos":[3,12],"cWhen":1.5300032125744245e9,"tag":"Move"}

{"cXWarp":11,"cNewPos":[3,11],"cWhen":1.5300032126246498e9,"tag":"Move"}

{"cXWarp":12,"cNewPos":[3,12],"cWhen":1.5300032140251057e9,"tag":"Move"}

{"cXWarp":13,"cNewPos":[3,13],"cWhen":1.530003214257122e9,"tag":"Move"}

{"cXWarp":14,"cNewPos":[3,14],"cWhen":1.5300032145144587e9,"tag":"Move"}

{"cXWarp":15,"cNewPos":[3,15],"cWhen":1.5300032145645192e9,"tag":"Move"}

{"cXWarp":16,"cNewPos":[3,16],"cWhen":1.5300032146144648e9,"tag":"Move"}

{"cXWarp":17,"cNewPos":[3,17],"cWhen":1.5300032146644359e9,"tag":"Move"}

{"cXWarp":18,"cNewPos":[3,18],"cWhen":1.530003214714404e9,"tag":"Move"}

{"cXWarp":19,"cNewPos":[3,19],"cWhen":1.5300032147644525e9,"tag":"Move"}

{"cXWarp":20,"cNewPos":[3,20],"cWhen":1.5300032148143795e9,"tag":"Move"}

{"cXWarp":21,"cNewPos":[3,21],"cWhen":1.530003214864442e9,"tag":"Move"}

{"cXWarp":22,"cNewPos":[3,22],"cWhen":1.5300032149143844e9,"tag":"Move"}

{"cXWarp":23,"cNewPos":[3,23],"cWhen":1.5300032149644508e9,"tag":"Move"}

{"cXWarp":24,"cNewPos":[3,24],"cWhen":1.5300032150144367e9,"tag":"Move"}

{"cXWarp":25,"cNewPos":[3,25],"cWhen":1.5300032150644436e9,"tag":"Move"}

{"cXWarp":26,"cNewPos":[3,26],"cWhen":1.5300032151144345e9,"tag":"Move"}

{"cXWarp":27,"cNewPos":[3,27],"cWhen":1.5300032151644375e9,"tag":"Move"}

{"cXWarp":28,"cNewPos":[3,28],"cWhen":1.5300032152143984e9,"tag":"Move"}

{"cXWarp":29,"cNewPos":[3,29],"cWhen":1.530003215264462e9,"tag":"Move"}

{"cXWarp":30,"cNewPos":[3,30],"cWhen":1.5300032153143964e9,"tag":"Move"}

{"cXWarp":31,"cNewPos":[3,31],"cWhen":1.5300032153644483e9,"tag":"Move"}

{"cXWarp":32,"cNewPos":[3,32],"cWhen":1.5300032154143758e9,"tag":"Move"}

{"cXWarp":33,"cNewPos":[3,33],"cWhen":1.5300032154644454e9,"tag":"Move"}

{"cXWarp":34,"cNewPos":[3,34],"cWhen":1.5300032155145185e9,"tag":"Move"}

{"cXWarp":35,"cNewPos":[3,35],"cWhen":1.5300032155647762e9,"tag":"Move"}

{"cXWarp":36,"cNewPos":[3,36],"cWhen":1.530003215614389e9,"tag":"Move"}

{"cXWarp":37,"cNewPos":[3,37],"cWhen":1.530003215664419e9,"tag":"Move"}

{"cXWarp":38,"cNewPos":[3,38],"cWhen":1.5300032157144217e9,"tag":"Move"}

{"cXWarp":39,"cNewPos":[3,39],"cWhen":1.530003215764485e9,"tag":"Move"}

{"cXWarp":40,"cNewPos":[3,40],"cWhen":1.5300032160357082e9,"tag":"Move"}

{"cXWarp":41,"cNewPos":[3,41],"cWhen":1.5300032162811747e9,"tag":"Move"}

{"cXWarp":42,"cNewPos":[3,42],"cWhen":1.530003216534577e9,"tag":"Move"}

{"cXWarp":43,"cNewPos":[3,43],"cWhen":1.5300032167453356e9,"tag":"Move"}

{"cXWarp":42,"cNewPos":[3,42],"cWhen":1.530003217729512e9,"tag":"Move"}

{"cXWarp":41,"cNewPos":[3,41],"cWhen":1.5300032180654476e9,"tag":"Move"}

{"cXWarp":40,"cNewPos":[3,40],"cWhen":1.530003218313558e9,"tag":"Move"}

{"cXWarp":39,"cNewPos":[3,39],"cWhen":1.530003218531107e9,"tag":"Move"}

{"cXWarp":38,"cNewPos":[3,38],"cWhen":1.5300032271383898e9,"tag":"Move"}

{"cXWarp":37,"cNewPos":[3,37],"cWhen":1.5300032273944314e9,"tag":"Move"}

{"cXWarp":36,"cNewPos":[3,36],"cWhen":1.5300032274444437e9,"tag":"Move"}

{"cXWarp":35,"cNewPos":[3,35],"cWhen":1.5300032274944096e9,"tag":"Move"}

{"cXWarp":34,"cNewPos":[3,34],"cWhen":1.530003227544463e9,"tag":"Move"}

{"cXWarp":33,"cNewPos":[3,33],"cWhen":1.5300032275944574e9,"tag":"Move"}

{"cXWarp":32,"cNewPos":[3,32],"cWhen":1.530003227644481e9,"tag":"Move"}

{"cXWarp":31,"cNewPos":[3,31],"cWhen":1.5300032276944132e9,"tag":"Move"}

{"cXWarp":30,"cNewPos":[3,30],"cWhen":1.5300032277444468e9,"tag":"Move"}

{"cXWarp":29,"cNewPos":[3,29],"cWhen":1.530003227794445e9,"tag":"Move"}

{"cXWarp":28,"cNewPos":[3,28],"cWhen":1.5300032278444762e9,"tag":"Move"}

{"cXWarp":27,"cNewPos":[3,27],"cWhen":1.5300032278944414e9,"tag":"Move"}

{"cXWarp":26,"cNewPos":[3,26],"cWhen":1.5300032279444716e9,"tag":"Move"}

{"cXWarp":25,"cNewPos":[3,25],"cWhen":1.5300032279944777e9,"tag":"Move"}

{"cXWarp":24,"cNewPos":[3,24],"cWhen":1.530003228044446e9,"tag":"Move"}

{"cXWarp":23,"cNewPos":[3,23],"cWhen":1.5300032280944486e9,"tag":"Move"}

{"cXWarp":22,"cNewPos":[3,22],"cWhen":1.5300032284745739e9,"tag":"Move"}

{"cXWarp":21,"cNewPos":[3,21],"cWhen":1.5300032286345632e9,"tag":"Move"}

{"cOrigin":"+input","cTo":[3,21],"cNewPos":[3,22],"cWhen":1.5300032317389376e9,"tag":"Change","cFrom":[3,21],"cText":["t"],"cRemoved":[""]}

{"cWhen":1.5300032345032856e9,"tag":"Eval","cAll":true}

{"cXWarp":21,"cNewPos":[3,21],"cWhen":1.5300032397877035e9,"tag":"Move"}

{"cXWarp":20,"cNewPos":[3,20],"cWhen":1.5300032400445051e9,"tag":"Move"}

{"cXWarp":19,"cNewPos":[3,19],"cWhen":1.5300032400953994e9,"tag":"Move"}

{"cXWarp":18,"cNewPos":[3,18],"cWhen":1.530003240144468e9,"tag":"Move"}

{"cXWarp":17,"cNewPos":[3,17],"cWhen":1.5300032401944327e9,"tag":"Move"}

{"cXWarp":16,"cNewPos":[3,16],"cWhen":1.5300032402445319e9,"tag":"Move"}

{"cXWarp":15,"cNewPos":[3,15],"cWhen":1.5300032402944405e9,"tag":"Move"}

{"cXWarp":14,"cNewPos":[3,14],"cWhen":1.5300032403444338e9,"tag":"Move"}

{"cXWarp":13,"cNewPos":[3,13],"cWhen":1.5300032406276124e9,"tag":"Move"}

{"cOrigin":"+delete","cTo":[3,13],"cNewPos":[3,12],"cWhen":1.5300032421878364e9,"tag":"Change","cFrom":[3,12],"cText":[""],"cRemoved":["e"]}

{"cOrigin":"+delete","cTo":[3,12],"cNewPos":[3,11],"cWhen":1.5300032425398881e9,"tag":"Change","cFrom":[3,11],"cText":[""],"cRemoved":["r"]}

{"cOrigin":"+input","cTo":[3,11],"cNewPos":[3,12],"cWhen":1.5300032439802089e9,"tag":"Change","cFrom":[3,11],"cText":["e"],"cRemoved":[""]}

{"cOrigin":"+input","cTo":[3,12],"cNewPos":[3,13],"cWhen":1.530003244220256e9,"tag":"Change","cFrom":[3,12],"cText":["r"],"cRemoved":[""]}

{"cWhen":1.53000324695135e9,"tag":"Eval","cAll":true}

{"cWhen":1.5300032536158192e9,"tag":"Eval","cAll":true}

{"cOrigin":"+input","cTo":[3,13],"cNewPos":[3,14],"cWhen":1.5300032637660286e9,"tag":"Change","cFrom":[3,13],"cText":["p"],"cRemoved":[""]}

{"cOrigin":"+input","cTo":[3,14],"cNewPos":[3,15],"cWhen":1.53000326377398e9,"tag":"Change","cFrom":[3,14],"cText":["["],"cRemoved":[""]}

{"cOrigin":"+input","cTo":[3,15],"cNewPos":[3,16],"cWhen":1.5300032637819974e9,"tag":"Change","cFrom":[3,15],"cText":["-"],"cRemoved":[""]}

{"cOrigin":"+input","cTo":[3,16],"cNewPos":[3,17],"cWhen":1.5300032638940022e9,"tag":"Change","cFrom":[3,16],"cText":["0"],"cRemoved":[""]}
