{"cWhen":1530017984,"tag":"Eval","cAll":true}
{"cOrigin":"+input","cTo":[0,0],"cNewPos":[0,1],"cWhen":1.5300179847744248e9,"tag":"Change","cFrom":[0,0],"cText":["\""],"cRemoved":[""]}

{"cOrigin":"+input","cTo":[0,1],"cNewPos":[0,2],"cWhen":1.5300179906560163e9,"tag":"Change","cFrom":[0,1],"cText":["h"],"cRemoved":[""]}

{"cOrigin":"+input","cTo":[0,2],"cNewPos":[0,3],"cWhen":1.5300179908944066e9,"tag":"Change","cFrom":[0,2],"cText":["i"],"cRemoved":[""]}

{"cOrigin":"+input","cTo":[0,3],"cNewPos":[0,4],"cWhen":1.5300179928382666e9,"tag":"Change","cFrom":[0,3],"cText":[" "],"cRemoved":[""]}

{"cOrigin":"+input","cTo":[0,4],"cNewPos":[0,5],"cWhen":1.5300179964541929e9,"tag":"Change","cFrom":[0,4],"cText":["l"],"cRemoved":[""]}

{"cOrigin":"+input","cTo":[0,5],"cNewPos":[0,6],"cWhen":1.5300179967183006e9,"tag":"Change","cFrom":[0,5],"cText":["o"],"cRemoved":[""]}

{"cOrigin":"+input","cTo":[0,6],"cNewPos":[0,7],"cWhen":1.5300180001020877e9,"tag":"Change","cFrom":[0,6],"cText":["\""],"cRemoved":[""]}

{"cWhen":1.5300180025759048e9,"tag":"Eval","cAll":true}

{"cXWarp":6,"cNewPos":[0,6],"cWhen":1.5300180100860407e9,"tag":"Move"}

{"cOrigin":"+input","cTo":[0,6],"cNewPos":[0,7],"cWhen":1.5300180118142197e9,"tag":"Change","cFrom":[0,6],"cText":[" "],"cRemoved":[""]}

{"cOrigin":"+input","cTo":[0,7],"cNewPos":[0,8],"cWhen":1.530018016926234e9,"tag":"Change","cFrom":[0,7],"cText":["l"],"cRemoved":[""]}

{"cOrigin":"+input","cTo":[0,8],"cNewPos":[0,9],"cWhen":1.5300180171582804e9,"tag":"Change","cFrom":[0,8],"cText":["o"],"cRemoved":[""]}

{"cOrigin":"+input","cTo":[0,9],"cNewPos":[0,10],"cWhen":1.5300180186622088e9,"tag":"Change","cFrom":[0,9],"cText":[" "],"cRemoved":[""]}

{"cOrigin":"+input","cTo":[0,10],"cNewPos":[0,11],"cWhen":1.5300180223741708e9,"tag":"Change","cFrom":[0,10],"cText":["h"],"cRemoved":[""]}

{"cOrigin":"+input","cTo":[0,11],"cNewPos":[0,12],"cWhen":1.530018022542134e9,"tag":"Change","cFrom":[0,11],"cText":["i"],"cRemoved":[""]}

{"cOrigin":"+input","cTo":[0,12],"cNewPos":[0,13],"cWhen":1.5300180241420872e9,"tag":"Change","cFrom":[0,12],"cText":[" "],"cRemoved":[""]}

{"cOrigin":"+input","cTo":[0,13],"cNewPos":[0,14],"cWhen":1.5300180245421176e9,"tag":"Change","cFrom":[0,13],"cText":["h"],"cRemoved":[""]}

{"cOrigin":"+input","cTo":[0,14],"cNewPos":[0,15],"cWhen":1.5300180246337318e9,"tag":"Change","cFrom":[0,14],"cText":["i"],"cRemoved":[""]}

{"cWhen":1.5300180281277947e9,"tag":"Eval","cAll":true}

{"cOrigin":"+input","cTo":[0,15],"cNewPos":[0,16],"cWhen":1.5300180402700171e9,"tag":"Change","cFrom":[0,15],"cText":["l"],"cRemoved":[""]}

{"cOrigin":"+input","cTo":[0,16],"cNewPos":[0,17],"cWhen":1.5300180405340657e9,"tag":"Change","cFrom":[0,16],"cText":["o"],"cRemoved":[""]}

{"cXWarp":16,"cNewPos":[0,16],"cWhen":1.5300180424136357e9,"tag":"Move"}

{"cXWarp":15,"cNewPos":[0,15],"cWhen":1.5300180437176864e9,"tag":"Move"}

{"cOrigin":"+input","cTo":[0,15],"cNewPos":[0,16],"cWhen":1.5300180449658132e9,"tag":"Change","cFrom":[0,15],"cText":[" "],"cRemoved":[""]}

{"cXWarp":17,"cNewPos":[0,17],"cWhen":1.5300180490616298e9,"tag":"Move"}

{"cXWarp":18,"cNewPos":[0,18],"cWhen":1.5300180494216094e9,"tag":"Move"}

{"cXWarp":19,"cNewPos":[0,19],"cWhen":1.530018049749584e9,"tag":"Move"}

{"cXWarp":18,"cNewPos":[0,18],"cWhen":1.5300180524055789e9,"tag":"Move"}

{"cOrigin":"+input","cTo":[0,18],"cNewPos":[0,19],"cWhen":1.5300180535897324e9,"tag":"Change","cFrom":[0,18],"cText":[" "],"cRemoved":[""]}

{"cOrigin":"+input","cTo":[0,19],"cNewPos":[0,20],"cWhen":1.5300180578296783e9,"tag":"Change","cFrom":[0,19],"cText":["h"],"cRemoved":[""]}

{"cOrigin":"+input","cTo":[0,20],"cNewPos":[0,21],"cWhen":1.5300180580697205e9,"tag":"Change","cFrom":[0,20],"cText":["i"],"cRemoved":[""]}

{"cOrigin":"+input","cTo":[0,21],"cNewPos":[0,22],"cWhen":1.5300180607977471e9,"tag":"Change","cFrom":[0,21],"cText":["l"],"cRemoved":[""]}

{"cOrigin":"+input","cTo":[0,22],"cNewPos":[0,23],"cWhen":1.5300180610776403e9,"tag":"Change","cFrom":[0,22],"cText":["0"],"cRemoved":[""]}

{"cOrigin":"+delete","cTo":[0,23],"cNewPos":[0,22],"cWhen":1.530018063101511e9,"tag":"Change","cFrom":[0,22],"cText":[""],"cRemoved":["0"]}

{"cOrigin":"+delete","cTo":[0,22],"cNewPos":[0,21],"cWhen":1.530018063358543e9,"tag":"Change","cFrom":[0,21],"cText":[""],"cRemoved":["l"]}

{"cOrigin":"+input","cTo":[0,21],"cNewPos":[0,22],"cWhen":1.530018067509541e9,"tag":"Change","cFrom":[0,21],"cText":["l"],"cRemoved":[""]}

{"cOrigin":"+input","cTo":[0,22],"cNewPos":[0,23],"cWhen":1.5300180677894611e9,"tag":"Change","cFrom":[0,22],"cText":["o"],"cRemoved":[""]}

{"cXWarp":22,"cNewPos":[0,22],"cWhen":1.5300180693653557e9,"tag":"Move"}

{"cXWarp":21,"cNewPos":[0,21],"cWhen":1.530018069757578e9,"tag":"Move"}

{"cOrigin":"+input","cTo":[0,21],"cNewPos":[0,22],"cWhen":1.5300180709736917e9,"tag":"Change","cFrom":[0,21],"cText":[" "],"cRemoved":[""]}

{"cWhen":1.5300180765598762e9,"tag":"Eval","cAll":true}

{"cXWarp":23,"cNewPos":[0,23],"cWhen":1.5300181060450835e9,"tag":"Move"}

{"cXWarp":24,"cNewPos":[0,24],"cWhen":1.5300181063250394e9,"tag":"Move"}

{"cOrigin":"+input","cTo":[0,24],"cNewPos":[0,25],"cWhen":1.5300181073731909e9,"tag":"Change","cFrom":[0,24],"cText":[" "],"cRemoved":[""]}

{"cOrigin":"+input","cTo":[0,25],"cNewPos":[0,26],"cWhen":1.5300181141013424e9,"tag":"Change","cFrom":[0,25],"cText":["h"],"cRemoved":[""]}

{"cOrigin":"+input","cTo":[0,26],"cNewPos":[0,27],"cWhen":1.5300181143172233e9,"tag":"Change","cFrom":[0,26],"cText":["i"],"cRemoved":[""]}

{"cOrigin":"+input","cTo":[0,27],"cNewPos":[0,28],"cWhen":1.5300181151252685e9,"tag":"Change","cFrom":[0,27],"cText":[" "],"cRemoved":[""]}

{"cOrigin":"+input","cTo":[0,28],"cNewPos":[0,29],"cWhen":1.5300181157733357e9,"tag":"Change","cFrom":[0,28],"cText":["h"],"cRemoved":[""]}

{"cOrigin":"+input","cTo":[0,29],"cNewPos":[0,30],"cWhen":1.5300181159346397e9,"tag":"Change","cFrom":[0,29],"cText":["i"],"cRemoved":[""]}

{"cOrigin":"+input","cTo":[0,30],"cNewPos":[0,31],"cWhen":1.5300181170851886e9,"tag":"Change","cFrom":[0,30],"cText":[" "],"cRemoved":[""]}

{"cOrigin":"+input","cTo":[0,31],"cNewPos":[0,32],"cWhen":1.5300181176932228e9,"tag":"Change","cFrom":[0,31],"cText":["l"],"cRemoved":[""]}

{"cOrigin":"+input","cTo":[0,32],"cNewPos":[0,33],"cWhen":1.5300181179492667e9,"tag":"Change","cFrom":[0,32],"cText":["o"],"cRemoved":[""]}

{"cOrigin":"+input","cTo":[0,33],"cNewPos":[0,34],"cWhen":1.5300181191338089e9,"tag":"Change","cFrom":[0,33],"cText":[" "],"cRemoved":[""]}

{"cOrigin":"+input","cTo":[0,34],"cNewPos":[0,35],"cWhen":1.5300181193884814e9,"tag":"Change","cFrom":[0,34],"cText":[" "],"cRemoved":[""]}

{"cOrigin":"+input","cTo":[0,35],"cNewPos":[0,36],"cWhen":1.5300181194385026e9,"tag":"Change","cFrom":[0,35],"cText":[" "],"cRemoved":[""]}

{"cOrigin":"+input","cTo":[0,36],"cNewPos":[0,37],"cWhen":1.530018119488459e9,"tag":"Change","cFrom":[0,36],"cText":[" "],"cRemoved":[""]}

{"cOrigin":"+delete","cTo":[0,37],"cNewPos":[0,36],"cWhen":1.530018121061008e9,"tag":"Change","cFrom":[0,36],"cText":[""],"cRemoved":[" "]}

{"cOrigin":"+delete","cTo":[0,36],"cNewPos":[0,35],"cWhen":1.530018121284958e9,"tag":"Change","cFrom":[0,35],"cText":[""],"cRemoved":[" "]}

{"cOrigin":"+delete","cTo":[0,35],"cNewPos":[0,34],"cWhen":1.5300181214529688e9,"tag":"Change","cFrom":[0,34],"cText":[""],"cRemoved":[" "]}

{"cOrigin":"+delete","cTo":[0,34],"cNewPos":[0,33],"cWhen":1.530018122052971e9,"tag":"Change","cFrom":[0,33],"cText":[""],"cRemoved":[" "]}

{"cOrigin":"+input","cTo":[0,33],"cNewPos":[0,34],"cWhen":1.5300181244691577e9,"tag":"Change","cFrom":[0,33],"cText":[" "],"cRemoved":[""]}

{"cOrigin":"+input","cTo":[0,34],"cNewPos":[0,35],"cWhen":1.5300181253331707e9,"tag":"Change","cFrom":[0,34],"cText":["l"],"cRemoved":[""]}

{"cOrigin":"+input","cTo":[0,35],"cNewPos":[0,36],"cWhen":1.5300181255811505e9,"tag":"Change","cFrom":[0,35],"cText":["o"],"cRemoved":[""]}

{"cWhen":1.530018127999313e9,"tag":"Eval","cAll":true}

{"cOrigin":"+input","cTo":[0,36],"cNewPos":[0,37],"cWhen":1.5300181348208747e9,"tag":"Change","cFrom":[0,36],"cText":[" "],"cRemoved":[""]}

{"cOrigin":"+input","cTo":[0,37],"cNewPos":[0,38],"cWhen":1.5300181362768943e9,"tag":"Change","cFrom":[0,37],"cText":["h"],"cRemoved":[""]}

{"cOrigin":"+input","cTo":[0,38],"cNewPos":[0,39],"cWhen":1.5300181365568693e9,"tag":"Change","cFrom":[0,38],"cText":["i"],"cRemoved":[""]}

{"cOrigin":"+input","cTo":[0,39],"cNewPos":[0,40],"cWhen":1.5300181365598495e9,"tag":"Change","cFrom":[0,39],"cText":["o"],"cRemoved":[""]}

{"cOrigin":"+delete","cTo":[0,40],"cNewPos":[0,39],"cWhen":1.5300181401487248e9,"tag":"Change","cFrom":[0,39],"cText":[""],"cRemoved":["o"]}

{"cOrigin":"+delete","cTo":[0,39],"cNewPos":[0,38],"cWhen":1.5300181407246926e9,"tag":"Change","cFrom":[0,38],"cText":[""],"cRemoved":["i"]}

{"cOrigin":"+delete","cTo":[0,38],"cNewPos":[0,37],"cWhen":1.5300181419967065e9,"tag":"Change","cFrom":[0,37],"cText":[""],"cRemoved":["h"]}

{"cOrigin":"+input","cTo":[0,37],"cNewPos":[0,38],"cWhen":1.5300181433331842e9,"tag":"Change","cFrom":[0,37],"cText":["h"],"cRemoved":[""]}

{"cOrigin":"+input","cTo":[0,38],"cNewPos":[0,39],"cWhen":1.530018143924948e9,"tag":"Change","cFrom":[0,38],"cText":["i"],"cRemoved":[""]}

{"cOrigin":"+input","cTo":[0,39],"cNewPos":[0,40],"cWhen":1.530018145580918e9,"tag":"Change","cFrom":[0,39],"cText":[" "],"cRemoved":[""]}

{"cOrigin":"+input","cTo":[0,40],"cNewPos":[0,41],"cWhen":1.5300181461891649e9,"tag":"Change","cFrom":[0,40],"cText":["l"],"cRemoved":[""]}

{"cOrigin":"+input","cTo":[0,41],"cNewPos":[0,42],"cWhen":1.5300181464290903e9,"tag":"Change","cFrom":[0,41],"cText":["o"],"cRemoved":[""]}

{"cWhen":1.5300181491266446e9,"tag":"Eval","cAll":true}

{"cOrigin":"+input","cTo":[0,42],"cNewPos":[0,43],"cWhen":1.5300181584607022e9,"tag":"Change","cFrom":[0,42],"cText":[" "],"cRemoved":[""]}

{"cOrigin":"+input","cTo":[0,43],"cNewPos":[0,44],"cWhen":1.530018160172712e9,"tag":"Change","cFrom":[0,43],"cText":["h"],"cRemoved":[""]}

{"cOrigin":"+input","cTo":[0,44],"cNewPos":[0,45],"cWhen":1.530018160868693e9,"tag":"Change","cFrom":[0,44],"cText":["i"],"cRemoved":[""]}

{"cWhen":1.5300181631097772e9,"tag":"Eval","cAll":true}

{"cXWarp":44,"cNewPos":[0,44],"cWhen":1.530018167396519e9,"tag":"Move"}

{"cXWarp":43,"cNewPos":[0,43],"cWhen":1.5300181676925485e9,"tag":"Move"}

{"cXWarp":42,"cNewPos":[0,42],"cWhen":1.5300181679482613e9,"tag":"Move"}

{"cXWarp":41,"cNewPos":[0,41],"cWhen":1.5300181679982293e9,"tag":"Move"}

{"cXWarp":40,"cNewPos":[0,40],"cWhen":1.5300181680481966e9,"tag":"Move"}

{"cXWarp":39,"cNewPos":[0,39],"cWhen":1.5300181680983193e9,"tag":"Move"}

{"cXWarp":38,"cNewPos":[0,38],"cWhen":1.5300181681484036e9,"tag":"Move"}

{"cXWarp":37,"cNewPos":[0,37],"cWhen":1.5300181681982598e9,"tag":"Move"}

{"cXWarp":36,"cNewPos":[0,36],"cWhen":1.530018168248216e9,"tag":"Move"}

{"cXWarp":35,"cNewPos":[0,35],"cWhen":1.5300181682981915e9,"tag":"Move"}

{"cXWarp":34,"cNewPos":[0,34],"cWhen":1.5300181683482137e9,"tag":"Move"}

{"cXWarp":33,"cNewPos":[0,33],"cWhen":1.530018168398195e9,"tag":"Move"}

{"cXWarp":32,"cNewPos":[0,32],"cWhen":1.5300181684481752e9,"tag":"Move"}

{"cXWarp":31,"cNewPos":[0,31],"cWhen":1.530018168498218e9,"tag":"Move"}

{"cXWarp":30,"cNewPos":[0,30],"cWhen":1.5300181685482676e9,"tag":"Move"}

{"cXWarp":29,"cNewPos":[0,29],"cWhen":1.5300181685982244e9,"tag":"Move"}

{"cXWarp":28,"cNewPos":[0,28],"cWhen":1.5300181686481817e9,"tag":"Move"}

{"cXWarp":27,"cNewPos":[0,27],"cWhen":1.530018168698178e9,"tag":"Move"}

{"cXWarp":26,"cNewPos":[0,26],"cWhen":1.5300181687486894e9,"tag":"Move"}

{"cXWarp":25,"cNewPos":[0,25],"cWhen":1.530018168798236e9,"tag":"Move"}

{"cXWarp":24,"cNewPos":[0,24],"cWhen":1.530018168848198e9,"tag":"Move"}

{"cXWarp":23,"cNewPos":[0,23],"cWhen":1.5300181688983786e9,"tag":"Move"}

{"cXWarp":22,"cNewPos":[0,22],"cWhen":1.5300181689484398e9,"tag":"Move"}

{"cXWarp":21,"cNewPos":[0,21],"cWhen":1.5300181689983695e9,"tag":"Move"}

{"cXWarp":20,"cNewPos":[0,20],"cWhen":1.5300181690483236e9,"tag":"Move"}

{"cXWarp":19,"cNewPos":[0,19],"cWhen":1.530018169098336e9,"tag":"Move"}

{"cXWarp":18,"cNewPos":[0,18],"cWhen":1.5300181691484087e9,"tag":"Move"}

{"cXWarp":17,"cNewPos":[0,17],"cWhen":1.5300181691982713e9,"tag":"Move"}

{"cXWarp":16,"cNewPos":[0,16],"cWhen":1.5300181692481654e9,"tag":"Move"}

{"cXWarp":15,"cNewPos":[0,15],"cWhen":1.53001816929813e9,"tag":"Move"}

{"cXWarp":14,"cNewPos":[0,14],"cWhen":1.530018169348153e9,"tag":"Move"}

{"cXWarp":13,"cNewPos":[0,13],"cWhen":1.530018169398158e9,"tag":"Move"}

{"cXWarp":12,"cNewPos":[0,12],"cWhen":1.5300181694481366e9,"tag":"Move"}

{"cXWarp":11,"cNewPos":[0,11],"cWhen":1.5300181694981363e9,"tag":"Move"}

{"cXWarp":10,"cNewPos":[0,10],"cWhen":1.530018169548182e9,"tag":"Move"}

{"cXWarp":9,"cNewPos":[0,9],"cWhen":1.5300181695981708e9,"tag":"Move"}

{"cXWarp":8,"cNewPos":[0,8],"cWhen":1.5300181696481416e9,"tag":"Move"}

{"cXWarp":7,"cNewPos":[0,7],"cWhen":1.5300181696981204e9,"tag":"Move"}

{"cXWarp":6,"cNewPos":[0,6],"cWhen":1.5300181697481472e9,"tag":"Move"}

{"cXWarp":5,"cNewPos":[0,5],"cWhen":1.5300181697981539e9,"tag":"Move"}

{"cXWarp":4,"cNewPos":[0,4],"cWhen":1.5300181698481634e9,"tag":"Move"}

{"cXWarp":3,"cNewPos":[0,3],"cWhen":1.5300181698983133e9,"tag":"Move"}

{"cXWarp":2,"cNewPos":[0,2],"cWhen":1.5300181699482763e9,"tag":"Move"}

{"cXWarp":1,"cNewPos":[0,1],"cWhen":1.530018169998262e9,"tag":"Move"}

{"cXWarp":0,"cNewPos":[0,0],"cWhen":1.530018170048248e9,"tag":"Move"}

{"cXWarp":0,"cNewPos":[0,0],"cWhen":1.530018170098149e9,"tag":"Move"}

{"cXWarp":0,"cNewPos":[0,0],"cWhen":1.5300181701483967e9,"tag":"Move"}

{"cXWarp":0,"cNewPos":[0,0],"cWhen":1.5300181701981783e9,"tag":"Move"}

{"cXWarp":0,"cNewPos":[0,0],"cWhen":1.5300181702481542e9,"tag":"Move"}

{"cXWarp":0,"cNewPos":[0,0],"cWhen":1.530018170298143e9,"tag":"Move"}

{"cOrigin":"+input","cTo":[0,0],"cNewPos":[0,1],"cWhen":1.5300181851887038e9,"tag":"Change","cFrom":[0,0],"cText":["f"],"cRemoved":[""]}

{"cOrigin":"+input","cTo":[0,1],"cNewPos":[0,2],"cWhen":1.5300181860924282e9,"tag":"Change","cFrom":[0,1],"cText":["a"],"cRemoved":[""]}

{"cOrigin":"+input","cTo":[0,2],"cNewPos":[0,3],"cWhen":1.5300181895244021e9,"tag":"Change","cFrom":[0,2],"cText":["s"],"cRemoved":[""]}

{"cOrigin":"+input","cTo":[0,3],"cNewPos":[0,4],"cWhen":1.5300181903495677e9,"tag":"Change","cFrom":[0,3],"cText":["t"],"cRemoved":[""]}

{"cOrigin":"+input","cTo":[0,4],"cNewPos":[0,5],"cWhen":1.530018199124347e9,"tag":"Change","cFrom":[0,4],"cText":[" "],"cRemoved":[""]}

{"cWhen":1.5300182033253775e9,"tag":"Eval","cAll":true}

{"cOrigin":"+delete","cTo":[0,5],"cNewPos":[0,4],"cWhen":1.5300182084922087e9,"tag":"Change","cFrom":[0,4],"cText":[""],"cRemoved":[" "]}

{"cOrigin":"+delete","cTo":[0,4],"cNewPos":[0,3],"cWhen":1.530018208828169e9,"tag":"Change","cFrom":[0,3],"cText":[""],"cRemoved":["t"]}

{"cOrigin":"+delete","cTo":[0,3],"cNewPos":[0,2],"cWhen":1.5300182092681818e9,"tag":"Change","cFrom":[0,2],"cText":[""],"cRemoved":["s"]}

{"cOrigin":"+delete","cTo":[0,2],"cNewPos":[0,1],"cWhen":1.5300182095241818e9,"tag":"Change","cFrom":[0,1],"cText":[""],"cRemoved":["a"]}

{"cOrigin":"+delete","cTo":[0,1],"cNewPos":[0,0],"cWhen":1.5300182097241967e9,"tag":"Change","cFrom":[0,0],"cText":[""],"cRemoved":["f"]}

{"cWhen":1.5300182115982764e9,"tag":"Eval","cAll":true}

{"cOrigin":"+input","cTo":[0,0],"cNewPos":[0,1],"cWhen":1.5300182273801355e9,"tag":"Change","cFrom":[0,0],"cText":["f"],"cRemoved":[""]}

{"cOrigin":"+input","cTo":[0,1],"cNewPos":[0,2],"cWhen":1.5300182281081967e9,"tag":"Change","cFrom":[0,1],"cText":["a"],"cRemoved":[""]}

{"cOrigin":"+input","cTo":[0,2],"cNewPos":[0,3],"cWhen":1.530018228836317e9,"tag":"Change","cFrom":[0,2],"cText":["s"],"cRemoved":[""]}

{"cOrigin":"+input","cTo":[0,3],"cNewPos":[0,4],"cWhen":1.5300182297881746e9,"tag":"Change","cFrom":[0,3],"cText":["t"],"cRemoved":[""]}

{"cOrigin":"+input","cTo":[0,4],"cNewPos":[0,5],"cWhen":1.530018231724115e9,"tag":"Change","cFrom":[0,4],"cText":["e"],"cRemoved":[""]}

{"cOrigin":"+input","cTo":[0,5],"cNewPos":[0,6],"cWhen":1.5300182319161496e9,"tag":"Change","cFrom":[0,5],"cText":["r"],"cRemoved":[""]}

{"cWhen":1.5300182345901735e9,"tag":"Eval","cAll":true}

{"cOrigin":"+delete","cTo":[0,6],"cNewPos":[0,5],"cWhen":1.5300182417239313e9,"tag":"Change","cFrom":[0,5],"cText":[""],"cRemoved":["r"]}

{"cOrigin":"+delete","cTo":[0,5],"cNewPos":[0,4],"cWhen":1.530018241955887e9,"tag":"Change","cFrom":[0,4],"cText":[""],"cRemoved":["e"]}

{"cOrigin":"+delete","cTo":[0,4],"cNewPos":[0,3],"cWhen":1.5300182421481018e9,"tag":"Change","cFrom":[0,3],"cText":[""],"cRemoved":["t"]}

{"cOrigin":"+delete","cTo":[0,3],"cNewPos":[0,2],"cWhen":1.5300182423479044e9,"tag":"Change","cFrom":[0,2],"cText":[""],"cRemoved":["s"]}

{"cOrigin":"+delete","cTo":[0,2],"cNewPos":[0,1],"cWhen":1.53001824253991e9,"tag":"Change","cFrom":[0,1],"cText":[""],"cRemoved":["a"]}

{"cOrigin":"+delete","cTo":[0,1],"cNewPos":[0,0],"cWhen":1.5300182440438623e9,"tag":"Change","cFrom":[0,0],"cText":[""],"cRemoved":["f"]}

{"cWhen":1.530018248175041e9,"tag":"Eval","cAll":true}

{"cOrigin":"+input","cTo":[0,0],"cNewPos":[0,1],"cWhen":1.5300182542600067e9,"tag":"Change","cFrom":[0,0],"cText":[" "],"cRemoved":[""]}

{"cOrigin":"+input","cTo":[0,1],"cNewPos":[0,2],"cWhen":1.5300182549641714e9,"tag":"Change","cFrom":[0,1],"cText":["l"],"cRemoved":[""]}

{"cOrigin":"+input","cTo":[0,2],"cNewPos":[0,3],"cWhen":1.5300182552199812e9,"tag":"Change","cFrom":[0,2],"cText":["o"],"cRemoved":[""]}

{"cOrigin":"+input","cTo":[0,3],"cNewPos":[0,4],"cWhen":1.5300182565239983e9,"tag":"Change","cFrom":[0,3],"cText":[" "],"cRemoved":[""]}

{"cOrigin":"+input","cTo":[0,4],"cNewPos":[0,5],"cWhen":1.5300182576682725e9,"tag":"Change","cFrom":[0,4],"cText":["h"],"cRemoved":[""]}

{"cOrigin":"+input","cTo":[0,5],"cNewPos":[0,6],"cWhen":1.5300182581320093e9,"tag":"Change","cFrom":[0,5],"cText":["i"],"cRemoved":[""]}

{"cWhen":1.5300182617649107e9,"tag":"Eval","cAll":true}

{"cOrigin":"+input","cTo":[0,6],"cNewPos":[0,7],"cWhen":1.5300182708919818e9,"tag":"Change","cFrom":[0,6],"cText":["h"],"cRemoved":[""]}

{"cOrigin":"+input","cTo":[0,7],"cNewPos":[0,8],"cWhen":1.5300182732198036e9,"tag":"Change","cFrom":[0,7],"cText":["h"],"cRemoved":[""]}

{"cOrigin":"+input","cTo":[0,8],"cNewPos":[0,9],"cWhen":1.530018274692138e9,"tag":"Change","cFrom":[0,8],"cText":["h"],"cRemoved":[""]}

{"cOrigin":"+input","cTo":[0,9],"cNewPos":[0,10],"cWhen":1.5300182749485028e9,"tag":"Change","cFrom":[0,9],"cText":["h"],"cRemoved":[""]}
