{"cWhen":1530010094,"tag":"Eval","cAll":true}
{"cOrigin":"+input","cTo":[0,0],"cNewPos":[0,1],"cWhen":1.5300101088239167e9,"tag":"Change","cFrom":[0,0],"cText":["\""],"cRemoved":[""]}

{"cOrigin":"+input","cTo":[0,1],"cNewPos":[0,2],"cWhen":1.5300101108637784e9,"tag":"Change","cFrom":[0,1],"cText":[" "],"cRemoved":[""]}

{"cOrigin":"+input","cTo":[0,2],"cNewPos":[0,3],"cWhen":1.5300101121757345e9,"tag":"Change","cFrom":[0,2],"cText":["h"],"cRemoved":[""]}

{"cOrigin":"+input","cTo":[0,3],"cNewPos":[0,4],"cWhen":1.530010113343748e9,"tag":"Change","cFrom":[0,3],"cText":["i"],"cRemoved":[""]}

{"cOrigin":"+input","cTo":[0,4],"cNewPos":[0,5],"cWhen":1.5300101142638462e9,"tag":"Change","cFrom":[0,4],"cText":[" "],"cRemoved":[""]}

{"cOrigin":"+input","cTo":[0,5],"cNewPos":[0,6],"cWhen":1.5300101152638438e9,"tag":"Change","cFrom":[0,5],"cText":["l"],"cRemoved":[""]}

{"cOrigin":"+input","cTo":[0,6],"cNewPos":[0,7],"cWhen":1.530010115495785e9,"tag":"Change","cFrom":[0,6],"cText":["o"],"cRemoved":[""]}

{"cOrigin":"+input","cTo":[0,7],"cNewPos":[0,8],"cWhen":1.5300101220397167e9,"tag":"Change","cFrom":[0,7],"cText":["*"],"cRemoved":[""]}

{"cOrigin":"+input","cTo":[0,8],"cNewPos":[0,9],"cWhen":1.5300101315038655e9,"tag":"Change","cFrom":[0,8],"cText":["1"],"cRemoved":[""]}

{"cOrigin":"+input","cTo":[0,9],"cNewPos":[0,10],"cWhen":1.5300101330078127e9,"tag":"Change","cFrom":[0,9],"cText":["0"],"cRemoved":[""]}

{"cOrigin":"+input","cTo":[0,10],"cNewPos":[0,11],"cWhen":1.5300101333837528e9,"tag":"Change","cFrom":[0,10],"cText":["0"],"cRemoved":[""]}

{"cOrigin":"+input","cTo":[0,11],"cNewPos":[0,12],"cWhen":1.5300101379518986e9,"tag":"Change","cFrom":[0,11],"cText":["\""],"cRemoved":[""]}

{"cWhen":1.5300101401769803e9,"tag":"Eval","cAll":true}

{"cOrigin":"+delete","cTo":[0,12],"cNewPos":[0,11],"cWhen":1.53001015807947e9,"tag":"Change","cFrom":[0,11],"cText":[""],"cRemoved":["\""]}

{"cOrigin":"+delete","cTo":[0,11],"cNewPos":[0,10],"cWhen":1.5300101584474847e9,"tag":"Change","cFrom":[0,10],"cText":[""],"cRemoved":["0"]}

{"cOrigin":"+delete","cTo":[0,10],"cNewPos":[0,9],"cWhen":1.5300101587755172e9,"tag":"Change","cFrom":[0,9],"cText":[""],"cRemoved":["0"]}

{"cOrigin":"+input","cTo":[0,9],"cNewPos":[0,10],"cWhen":1.5300101640635858e9,"tag":"Change","cFrom":[0,9],"cText":["0"],"cRemoved":[""]}

{"cOrigin":"+input","cTo":[0,10],"cNewPos":[0,11],"cWhen":1.5300101648155384e9,"tag":"Change","cFrom":[0,10],"cText":["7"],"cRemoved":[""]}

{"cOrigin":"+input","cTo":[0,11],"cNewPos":[1,0],"cWhen":1.5300101675356467e9,"tag":"Change","cFrom":[0,11],"cText":["",""],"cRemoved":[""]}

{"cWhen":1.5300101716509807e9,"tag":"Eval","cAll":true}

{"cWhen":1.5300101745605903e9,"tag":"Eval","cAll":true}

{"cWhen":1.530010177368529e9,"tag":"Eval","cAll":true}

{"cOrigin":"+delete","cTo":[1,0],"cNewPos":[0,11],"cWhen":1.5300101808718472e9,"tag":"Change","cFrom":[0,11],"cText":[""],"cRemoved":["",""]}

{"cOrigin":"+delete","cTo":[0,11],"cNewPos":[0,10],"cWhen":1.530010181123239e9,"tag":"Change","cFrom":[0,10],"cText":[""],"cRemoved":["7"]}

{"cOrigin":"+delete","cTo":[0,10],"cNewPos":[0,9],"cWhen":1.5300101811732159e9,"tag":"Change","cFrom":[0,9],"cText":[""],"cRemoved":["0"]}

{"cOrigin":"+delete","cTo":[0,9],"cNewPos":[0,8],"cWhen":1.5300101812232149e9,"tag":"Change","cFrom":[0,8],"cText":[""],"cRemoved":["1"]}

{"cOrigin":"+delete","cTo":[0,8],"cNewPos":[0,7],"cWhen":1.5300101814634655e9,"tag":"Change","cFrom":[0,7],"cText":[""],"cRemoved":["*"]}

{"cOrigin":"+input","cTo":[0,7],"cNewPos":[0,8],"cWhen":1.5300101888155997e9,"tag":"Change","cFrom":[0,7],"cText":["*"],"cRemoved":[""]}

{"cOrigin":"+input","cTo":[0,8],"cNewPos":[0,9],"cWhen":1.5300101952954288e9,"tag":"Change","cFrom":[0,8],"cText":["9"],"cRemoved":[""]}

{"cOrigin":"+input","cTo":[0,9],"cNewPos":[0,10],"cWhen":1.530010195647594e9,"tag":"Change","cFrom":[0,9],"cText":["9"],"cRemoved":[""]}

{"cOrigin":"+input","cTo":[0,10],"cNewPos":[0,11],"cWhen":1.5300101991195788e9,"tag":"Change","cFrom":[0,10],"cText":["\""],"cRemoved":[""]}

{"cWhen":1.5300102019286861e9,"tag":"Eval","cAll":true}

{"cWhen":1.5300102053126245e9,"tag":"Eval","cAll":true}

{"cOrigin":"+delete","cTo":[0,11],"cNewPos":[0,10],"cWhen":1.5300102182554126e9,"tag":"Change","cFrom":[0,10],"cText":[""],"cRemoved":["\""]}

{"cOrigin":"+delete","cTo":[0,10],"cNewPos":[0,9],"cWhen":1.5300102184634142e9,"tag":"Change","cFrom":[0,9],"cText":[""],"cRemoved":["9"]}

{"cOrigin":"+delete","cTo":[0,9],"cNewPos":[0,8],"cWhen":1.5300102186633115e9,"tag":"Change","cFrom":[0,8],"cText":[""],"cRemoved":["9"]}

{"cOrigin":"+delete","cTo":[0,8],"cNewPos":[0,7],"cWhen":1.530010219063389e9,"tag":"Change","cFrom":[0,7],"cText":[""],"cRemoved":["*"]}

{"cOrigin":"+input","cTo":[0,7],"cNewPos":[0,8],"cWhen":1.5300102215995681e9,"tag":"Change","cFrom":[0,7],"cText":[" "],"cRemoved":[""]}

{"cOrigin":"+input","cTo":[0,8],"cNewPos":[0,9],"cWhen":1.5300102260635242e9,"tag":"Change","cFrom":[0,8],"cText":["f"],"cRemoved":[""]}

{"cOrigin":"+input","cTo":[0,9],"cNewPos":[0,10],"cWhen":1.5300102267915528e9,"tag":"Change","cFrom":[0,9],"cText":["a"],"cRemoved":[""]}

{"cOrigin":"+input","cTo":[0,10],"cNewPos":[0,11],"cWhen":1.5300102309036496e9,"tag":"Change","cFrom":[0,10],"cText":["s"],"cRemoved":[""]}

{"cOrigin":"+input","cTo":[0,11],"cNewPos":[0,12],"cWhen":1.530010232063551e9,"tag":"Change","cFrom":[0,11],"cText":["t"],"cRemoved":[""]}

{"cOrigin":"+input","cTo":[0,12],"cNewPos":[0,13],"cWhen":1.5300102324474168e9,"tag":"Change","cFrom":[0,12],"cText":["e"],"cRemoved":[""]}

{"cOrigin":"+input","cTo":[0,13],"cNewPos":[0,14],"cWhen":1.5300102326634612e9,"tag":"Change","cFrom":[0,13],"cText":["r"],"cRemoved":[""]}

{"cOrigin":"+input","cTo":[0,14],"cNewPos":[0,15],"cWhen":1.5300102366717222e9,"tag":"Change","cFrom":[0,14],"cText":[" "],"cRemoved":[""]}

{"cOrigin":"+input","cTo":[0,15],"cNewPos":[0,16],"cWhen":1.5300102376235518e9,"tag":"Change","cFrom":[0,15],"cText":["c"],"cRemoved":[""]}

{"cOrigin":"+input","cTo":[0,16],"cNewPos":[0,17],"cWhen":1.5300102434633915e9,"tag":"Change","cFrom":[0,16],"cText":["r"],"cRemoved":[""]}

{"cOrigin":"+input","cTo":[0,17],"cNewPos":[0,18],"cWhen":1.5300102454953544e9,"tag":"Change","cFrom":[0,17],"cText":["u"],"cRemoved":[""]}

{"cOrigin":"+input","cTo":[0,18],"cNewPos":[0,19],"cWhen":1.5300102466794884e9,"tag":"Change","cFrom":[0,18],"cText":["n"],"cRemoved":[""]}

{"cOrigin":"+input","cTo":[0,19],"cNewPos":[0,20],"cWhen":1.530010248159516e9,"tag":"Change","cFrom":[0,19],"cText":["c"],"cRemoved":[""]}

{"cOrigin":"+input","cTo":[0,20],"cNewPos":[0,21],"cWhen":1.530010248895544e9,"tag":"Change","cFrom":[0,20],"cText":["h"],"cRemoved":[""]}

{"cOrigin":"+input","cTo":[0,21],"cNewPos":[0,22],"cWhen":1.5300102526954548e9,"tag":"Change","cFrom":[0,21],"cText":[" "],"cRemoved":[""]}

{"cOrigin":"+input","cTo":[0,22],"cNewPos":[0,23],"cWhen":1.5300102595995655e9,"tag":"Change","cFrom":[0,22],"cText":["h"],"cRemoved":[""]}

{"cOrigin":"+input","cTo":[0,23],"cNewPos":[0,24],"cWhen":1.5300102602395303e9,"tag":"Change","cFrom":[0,23],"cText":["i"],"cRemoved":[""]}

{"cOrigin":"+input","cTo":[0,24],"cNewPos":[0,25],"cWhen":1.530010263903424e9,"tag":"Change","cFrom":[0,24],"cText":["*"],"cRemoved":[""]}

{"cOrigin":"+input","cTo":[0,25],"cNewPos":[0,26],"cWhen":1.5300102698153768e9,"tag":"Change","cFrom":[0,25],"cText":["1"],"cRemoved":[""]}

{"cOrigin":"+input","cTo":[0,26],"cNewPos":[0,27],"cWhen":1.5300102707594595e9,"tag":"Change","cFrom":[0,26],"cText":["0"],"cRemoved":[""]}

{"cOrigin":"+input","cTo":[0,27],"cNewPos":[0,28],"cWhen":1.5300102711193771e9,"tag":"Change","cFrom":[0,27],"cText":["0"],"cRemoved":[""]}

{"cWhen":1.5300102730801575e9,"tag":"Eval","cAll":true}

{"cWhen":1.5300102767763326e9,"tag":"Eval","cAll":true}

{"cWhen":1.530010277034098e9,"tag":"Eval","cAll":true}

{"cWhen":1.530010277177683e9,"tag":"Eval","cAll":true}

{"cWhen":1.530010277340659e9,"tag":"Eval","cAll":true}

{"cWhen":1.5300102774991953e9,"tag":"Eval","cAll":true}

{"cWhen":1.530010277655865e9,"tag":"Eval","cAll":true}

{"cOrigin":"+delete","cTo":[0,28],"cNewPos":[0,27],"cWhen":1.5300102808152728e9,"tag":"Change","cFrom":[0,27],"cText":[""],"cRemoved":["0"]}

{"cOrigin":"+delete","cTo":[0,27],"cNewPos":[0,26],"cWhen":1.5300102812312346e9,"tag":"Change","cFrom":[0,26],"cText":[""],"cRemoved":["0"]}

{"cOrigin":"+delete","cTo":[0,26],"cNewPos":[0,25],"cWhen":1.5300102818343365e9,"tag":"Change","cFrom":[0,25],"cText":[""],"cRemoved":["1"]}

{"cOrigin":"+input","cTo":[0,25],"cNewPos":[0,26],"cWhen":1.5300102840954754e9,"tag":"Change","cFrom":[0,25],"cText":["4"],"cRemoved":[""]}

{"cOrigin":"+input","cTo":[0,26],"cNewPos":[0,27],"cWhen":1.530010285463602e9,"tag":"Change","cFrom":[0,26],"cText":["9"],"cRemoved":[""]}

{"cWhen":1.5300102883780699e9,"tag":"Eval","cAll":true}

{"cOrigin":"+input","cTo":[0,27],"cNewPos":[0,28],"cWhen":1.5300103014479158e9,"tag":"Change","cFrom":[0,27],"cText":[" "],"cRemoved":[""]}

{"cOrigin":"+input","cTo":[0,28],"cNewPos":[0,29],"cWhen":1.5300103063362186e9,"tag":"Change","cFrom":[0,28],"cText":["h"],"cRemoved":[""]}

{"cOrigin":"+input","cTo":[0,29],"cNewPos":[0,30],"cWhen":1.530010306936239e9,"tag":"Change","cFrom":[0,29],"cText":["i"],"cRemoved":[""]}

{"cOrigin":"+input","cTo":[0,30],"cNewPos":[0,31],"cWhen":1.5300103109923196e9,"tag":"Change","cFrom":[0,30],"cText":["g"],"cRemoved":[""]}

{"cOrigin":"+input","cTo":[0,31],"cNewPos":[0,32],"cWhen":1.5300103112722514e9,"tag":"Change","cFrom":[0,31],"cText":["h"],"cRemoved":[""]}

{"cOrigin":"+input","cTo":[0,32],"cNewPos":[0,33],"cWhen":1.530010312240338e9,"tag":"Change","cFrom":[0,32],"cText":["e"],"cRemoved":[""]}

{"cOrigin":"+input","cTo":[0,33],"cNewPos":[0,34],"cWhen":1.5300103124883935e9,"tag":"Change","cFrom":[0,33],"cText":["r"],"cRemoved":[""]}

{"cOrigin":"+input","cTo":[0,34],"cNewPos":[0,35],"cWhen":1.5300103266966686e9,"tag":"Change","cFrom":[0,34],"cText":[" "],"cRemoved":[""]}

{"cOrigin":"+input","cTo":[0,35],"cNewPos":[0,36],"cWhen":1.530010328480743e9,"tag":"Change","cFrom":[0,35],"cText":["l"],"cRemoved":[""]}

{"cOrigin":"+input","cTo":[0,36],"cNewPos":[0,37],"cWhen":1.530010328872843e9,"tag":"Change","cFrom":[0,36],"cText":["o"],"cRemoved":[""]}

{"cOrigin":"+input","cTo":[0,37],"cNewPos":[0,38],"cWhen":1.5300103326089132e9,"tag":"Change","cFrom":[0,37],"cText":["*"],"cRemoved":[""]}

{"cOrigin":"+input","cTo":[0,38],"cNewPos":[0,39],"cWhen":1.5300103336889105e9,"tag":"Change","cFrom":[0,38],"cText":["8"],"cRemoved":[""]}

{"cOrigin":"+input","cTo":[0,39],"cNewPos":[0,40],"cWhen":1.5300103387616658e9,"tag":"Change","cFrom":[0,39],"cText":["\""],"cRemoved":[""]}

{"cWhen":1.5300103423380747e9,"tag":"Eval","cAll":true}

{"cOrigin":"+input","cTo":[0,40],"cNewPos":[0,41],"cWhen":1.5300103690178134e9,"tag":"Change","cFrom":[0,40],"cText":[" "],"cRemoved":[""]}

{"cOrigin":"+input","cTo":[0,41],"cNewPos":[0,42],"cWhen":1.530010377810146e9,"tag":"Change","cFrom":[0,41],"cText":["s"],"cRemoved":[""]}

{"cOrigin":"+input","cTo":[0,42],"cNewPos":[0,43],"cWhen":1.5300103792741017e9,"tag":"Change","cFrom":[0,42],"cText":["c"],"cRemoved":[""]}

{"cOrigin":"+input","cTo":[0,43],"cNewPos":[0,44],"cWhen":1.5300103817301636e9,"tag":"Change","cFrom":[0,43],"cText":["r"],"cRemoved":[""]}

{"cOrigin":"+input","cTo":[0,44],"cNewPos":[0,45],"cWhen":1.5300103822503338e9,"tag":"Change","cFrom":[0,44],"cText":["a"],"cRemoved":[""]}

{"cOrigin":"+input","cTo":[0,45],"cNewPos":[0,46],"cWhen":1.5300103834825835e9,"tag":"Change","cFrom":[0,45],"cText":["c"],"cRemoved":[""]}

{"cOrigin":"+input","cTo":[0,46],"cNewPos":[0,47],"cWhen":1.530010384146326e9,"tag":"Change","cFrom":[0,46],"cText":["h"],"cRemoved":[""]}

{"cOrigin":"+input","cTo":[0,47],"cNewPos":[0,48],"cWhen":1.5300103883704417e9,"tag":"Change","cFrom":[0,47],"cText":["\""],"cRemoved":[""]}

{"cWhen":1.530010390755431e9,"tag":"Eval","cAll":true}

{"cWhen":1.530010393979408e9,"tag":"Eval","cAll":true}

{"cOrigin":"+delete","cTo":[0,48],"cNewPos":[0,47],"cWhen":1.5300104297873094e9,"tag":"Change","cFrom":[0,47],"cText":[""],"cRemoved":["\""]}

{"cOrigin":"+delete","cTo":[0,47],"cNewPos":[0,46],"cWhen":1.530010430035423e9,"tag":"Change","cFrom":[0,46],"cText":[""],"cRemoved":["h"]}

{"cOrigin":"+delete","cTo":[0,46],"cNewPos":[0,45],"cWhen":1.5300104301871684e9,"tag":"Change","cFrom":[0,45],"cText":[""],"cRemoved":["c"]}

{"cOrigin":"+delete","cTo":[0,45],"cNewPos":[0,44],"cWhen":1.5300104303713095e9,"tag":"Change","cFrom":[0,44],"cText":[""],"cRemoved":["a"]}

{"cOrigin":"+delete","cTo":[0,44],"cNewPos":[0,43],"cWhen":1.530010430515211e9,"tag":"Change","cFrom":[0,43],"cText":[""],"cRemoved":["r"]}

{"cOrigin":"+delete","cTo":[0,43],"cNewPos":[0,42],"cWhen":1.53001043067532e9,"tag":"Change","cFrom":[0,42],"cText":[""],"cRemoved":["c"]}

{"cOrigin":"+delete","cTo":[0,42],"cNewPos":[0,41],"cWhen":1.530010431035401e9,"tag":"Change","cFrom":[0,41],"cText":[""],"cRemoved":["s"]}

{"cOrigin":"+delete","cTo":[0,41],"cNewPos":[0,40],"cWhen":1.5300104312113369e9,"tag":"Change","cFrom":[0,40],"cText":[""],"cRemoved":[" "]}

{"cXWarp":39,"cNewPos":[0,39],"cWhen":1.5300104319152532e9,"tag":"Move"}

{"cXWarp":38,"cNewPos":[0,38],"cWhen":1.530010432173172e9,"tag":"Move"}

{"cXWarp":37,"cNewPos":[0,37],"cWhen":1.5300104322231889e9,"tag":"Move"}

{"cXWarp":36,"cNewPos":[0,36],"cWhen":1.5300104322732155e9,"tag":"Move"}

{"cXWarp":35,"cNewPos":[0,35],"cWhen":1.5300104323231857e9,"tag":"Move"}

{"cXWarp":34,"cNewPos":[0,34],"cWhen":1.5300104323732014e9,"tag":"Move"}

{"cXWarp":33,"cNewPos":[0,33],"cWhen":1.530010432423171e9,"tag":"Move"}

{"cXWarp":32,"cNewPos":[0,32],"cWhen":1.5300104324731617e9,"tag":"Move"}

{"cXWarp":31,"cNewPos":[0,31],"cWhen":1.530010432523176e9,"tag":"Move"}

{"cXWarp":30,"cNewPos":[0,30],"cWhen":1.5300104325731928e9,"tag":"Move"}

{"cXWarp":29,"cNewPos":[0,29],"cWhen":1.530010432623197e9,"tag":"Move"}

{"cXWarp":28,"cNewPos":[0,28],"cWhen":1.5300104326731572e9,"tag":"Move"}

{"cXWarp":27,"cNewPos":[0,27],"cWhen":1.5300104327231677e9,"tag":"Move"}

{"cXWarp":26,"cNewPos":[0,26],"cWhen":1.5300104327731767e9,"tag":"Move"}

{"cXWarp":25,"cNewPos":[0,25],"cWhen":1.530010432823157e9,"tag":"Move"}

{"cXWarp":24,"cNewPos":[0,24],"cWhen":1.5300104328731823e9,"tag":"Move"}

{"cXWarp":23,"cNewPos":[0,23],"cWhen":1.530010432923177e9,"tag":"Move"}

{"cXWarp":22,"cNewPos":[0,22],"cWhen":1.530010432973165e9,"tag":"Move"}

{"cXWarp":21,"cNewPos":[0,21],"cWhen":1.5300104330231683e9,"tag":"Move"}

{"cXWarp":20,"cNewPos":[0,20],"cWhen":1.5300104330732694e9,"tag":"Move"}

{"cXWarp":19,"cNewPos":[0,19],"cWhen":1.5300104331232588e9,"tag":"Move"}

{"cXWarp":18,"cNewPos":[0,18],"cWhen":1.5300104331745262e9,"tag":"Move"}

{"cXWarp":17,"cNewPos":[0,17],"cWhen":1.530010433223166e9,"tag":"Move"}

{"cXWarp":16,"cNewPos":[0,16],"cWhen":1.5300104332731597e9,"tag":"Move"}

{"cXWarp":15,"cNewPos":[0,15],"cWhen":1.5300104333232028e9,"tag":"Move"}

{"cXWarp":14,"cNewPos":[0,14],"cWhen":1.5300104333731964e9,"tag":"Move"}

{"cXWarp":13,"cNewPos":[0,13],"cWhen":1.5300104334231718e9,"tag":"Move"}

{"cXWarp":12,"cNewPos":[0,12],"cWhen":1.5300104334731522e9,"tag":"Move"}

{"cXWarp":11,"cNewPos":[0,11],"cWhen":1.530010433523185e9,"tag":"Move"}

{"cXWarp":10,"cNewPos":[0,10],"cWhen":1.5300104335731633e9,"tag":"Move"}

{"cXWarp":9,"cNewPos":[0,9],"cWhen":1.5300104336231618e9,"tag":"Move"}

{"cXWarp":8,"cNewPos":[0,8],"cWhen":1.5300104336731753e9,"tag":"Move"}

{"cXWarp":7,"cNewPos":[0,7],"cWhen":1.5300104337231884e9,"tag":"Move"}

{"cXWarp":6,"cNewPos":[0,6],"cWhen":1.530010433773172e9,"tag":"Move"}

{"cXWarp":5,"cNewPos":[0,5],"cWhen":1.5300104338231695e9,"tag":"Move"}

{"cXWarp":4,"cNewPos":[0,4],"cWhen":1.5300104338732033e9,"tag":"Move"}

{"cXWarp":3,"cNewPos":[0,3],"cWhen":1.5300104339231956e9,"tag":"Move"}

{"cXWarp":2,"cNewPos":[0,2],"cWhen":1.5300104339731703e9,"tag":"Move"}

{"cXWarp":1,"cNewPos":[0,1],"cWhen":1.5300104340231593e9,"tag":"Move"}

{"cXWarp":0,"cNewPos":[0,0],"cWhen":1.5300104340731637e9,"tag":"Move"}

{"cXWarp":0,"cNewPos":[0,0],"cWhen":1.5300104341231737e9,"tag":"Move"}

{"cXWarp":0,"cNewPos":[0,0],"cWhen":1.5300104341731768e9,"tag":"Move"}

{"cXWarp":0,"cNewPos":[0,0],"cWhen":1.530010434223182e9,"tag":"Move"}

{"cXWarp":0,"cNewPos":[0,0],"cWhen":1.5300104342731683e9,"tag":"Move"}

{"cXWarp":0,"cNewPos":[0,0],"cWhen":1.530010434323424e9,"tag":"Move"}

{"cXWarp":0,"cNewPos":[0,0],"cWhen":1.5300104343731902e9,"tag":"Move"}

{"cOrigin":"+input","cTo":[0,0],"cNewPos":[0,1],"cWhen":1.530010435987596e9,"tag":"Change","cFrom":[0,0],"cText":["s"],"cRemoved":[""]}

{"cOrigin":"+input","cTo":[0,1],"cNewPos":[0,2],"cWhen":1.530010436307581e9,"tag":"Change","cFrom":[0,1],"cText":["c"],"cRemoved":[""]}

{"cOrigin":"+input","cTo":[0,2],"cNewPos":[0,3],"cWhen":1.5300104366594725e9,"tag":"Change","cFrom":[0,2],"cText":["r"],"cRemoved":[""]}

{"cOrigin":"+input","cTo":[0,3],"cNewPos":[0,4],"cWhen":1.5300104372355938e9,"tag":"Change","cFrom":[0,3],"cText":["a"],"cRemoved":[""]}

{"cOrigin":"+input","cTo":[0,4],"cNewPos":[0,5],"cWhen":1.5300104380675018e9,"tag":"Change","cFrom":[0,4],"cText":["c"],"cRemoved":[""]}

{"cOrigin":"+input","cTo":[0,5],"cNewPos":[0,6],"cWhen":1.5300104384437501e9,"tag":"Change","cFrom":[0,5],"cText":["h"],"cRemoved":[""]}

{"cOrigin":"+input","cTo":[0,6],"cNewPos":[0,7],"cWhen":1.5300104388194947e9,"tag":"Change","cFrom":[0,6],"cText":[" "],"cRemoved":[""]}

{"cXWarp":6,"cNewPos":[0,6],"cWhen":1.5300104397875657e9,"tag":"Move"}

{"cXWarp":5,"cNewPos":[0,5],"cWhen":1.5300104399715886e9,"tag":"Move"}

{"cXWarp":4,"cNewPos":[0,4],"cWhen":1.5300104401154583e9,"tag":"Move"}

{"cXWarp":3,"cNewPos":[0,3],"cWhen":1.5300104402755432e9,"tag":"Move"}

{"cXWarp":4,"cNewPos":[0,4],"cWhen":1.5300104411794717e9,"tag":"Move"}

{"cOrigin":"+input","cTo":[0,4],"cNewPos":[0,5],"cWhen":1.5300104417876098e9,"tag":"Change","cFrom":[0,4],"cText":["t"],"cRemoved":[""]}

{"cWhen":1.530010445324565e9,"tag":"Eval","cAll":true}

{"cWhen":1.5300104498182244e9,"tag":"Eval","cAll":true}

{"cXWarp":6,"cNewPos":[0,6],"cWhen":1.5300104889094071e9,"tag":"Move"}

{"cXWarp":7,"cNewPos":[0,7],"cWhen":1.5300104889185636e9,"tag":"Move"}

{"cXWarp":8,"cNewPos":[0,8],"cWhen":1.5300104889235342e9,"tag":"Move"}

{"cXWarp":9,"cNewPos":[0,9],"cWhen":1.5300104889260635e9,"tag":"Move"}

{"cXWarp":10,"cNewPos":[0,10],"cWhen":1.530010488928211e9,"tag":"Move"}

{"cXWarp":11,"cNewPos":[0,11],"cWhen":1.5300104889303951e9,"tag":"Move"}

{"cXWarp":12,"cNewPos":[0,12],"cWhen":1.530010488932428e9,"tag":"Move"}

{"cXWarp":13,"cNewPos":[0,13],"cWhen":1.5300104889344618e9,"tag":"Move"}

{"cXWarp":14,"cNewPos":[0,14],"cWhen":1.5300104889367082e9,"tag":"Move"}

{"cXWarp":15,"cNewPos":[0,15],"cWhen":1.5300104889387846e9,"tag":"Move"}

{"cXWarp":16,"cNewPos":[0,16],"cWhen":1.530010488977094e9,"tag":"Move"}

{"cXWarp":17,"cNewPos":[0,17],"cWhen":1.530010488979777e9,"tag":"Move"}

{"cXWarp":18,"cNewPos":[0,18],"cWhen":1.5300104889817982e9,"tag":"Move"}

{"cXWarp":19,"cNewPos":[0,19],"cWhen":1.5300104889838748e9,"tag":"Move"}

{"cXWarp":20,"cNewPos":[0,20],"cWhen":1.5300104889858887e9,"tag":"Move"}

{"cXWarp":21,"cNewPos":[0,21],"cWhen":1.530010488987868e9,"tag":"Move"}

{"cXWarp":22,"cNewPos":[0,22],"cWhen":1.530010488989892e9,"tag":"Move"}

{"cXWarp":23,"cNewPos":[0,23],"cWhen":1.5300104889918215e9,"tag":"Move"}

{"cXWarp":24,"cNewPos":[0,24],"cWhen":1.530010488994106e9,"tag":"Move"}

{"cXWarp":25,"cNewPos":[0,25],"cWhen":1.530010488996167e9,"tag":"Move"}

{"cXWarp":26,"cNewPos":[0,26],"cWhen":1.530010488998375e9,"tag":"Move"}

{"cXWarp":27,"cNewPos":[0,27],"cWhen":1.5300104890004573e9,"tag":"Move"}

{"cXWarp":28,"cNewPos":[0,28],"cWhen":1.5300104890025055e9,"tag":"Move"}

{"cXWarp":29,"cNewPos":[0,29],"cWhen":1.5300104890046437e9,"tag":"Move"}

{"cXWarp":30,"cNewPos":[0,30],"cWhen":1.5300104890067773e9,"tag":"Move"}

{"cXWarp":31,"cNewPos":[0,31],"cWhen":1.5300104890089383e9,"tag":"Move"}

{"cXWarp":32,"cNewPos":[0,32],"cWhen":1.5300104890111327e9,"tag":"Move"}

{"cXWarp":33,"cNewPos":[0,33],"cWhen":1.5300104890135686e9,"tag":"Move"}

{"cXWarp":34,"cNewPos":[0,34],"cWhen":1.5300104890156398e9,"tag":"Move"}

{"cXWarp":35,"cNewPos":[0,35],"cWhen":1.5300104890177112e9,"tag":"Move"}

{"cXWarp":36,"cNewPos":[0,36],"cWhen":1.5300104890199263e9,"tag":"Move"}

{"cXWarp":37,"cNewPos":[0,37],"cWhen":1.5300104890223467e9,"tag":"Move"}

{"cXWarp":38,"cNewPos":[0,38],"cWhen":1.53001048902445e9,"tag":"Move"}

{"cXWarp":39,"cNewPos":[0,39],"cWhen":1.5300104890264137e9,"tag":"Move"}

{"cXWarp":40,"cNewPos":[0,40],"cWhen":1.5300104890285285e9,"tag":"Move"}

{"cXWarp":41,"cNewPos":[0,41],"cWhen":1.5300104890305467e9,"tag":"Move"}

{"cXWarp":42,"cNewPos":[0,42],"cWhen":1.5300104890324986e9,"tag":"Move"}

{"cXWarp":43,"cNewPos":[0,43],"cWhen":1.530010489034638e9,"tag":"Move"}

{"cXWarp":44,"cNewPos":[0,44],"cWhen":1.5300104890369084e9,"tag":"Move"}

{"cXWarp":45,"cNewPos":[0,45],"cWhen":1.530010489039099e9,"tag":"Move"}

{"cXWarp":46,"cNewPos":[0,46],"cWhen":1.530010489041104e9,"tag":"Move"}

{"cXWarp":47,"cNewPos":[0,47],"cWhen":1.5300104890432253e9,"tag":"Move"}

{"cXWarp":48,"cNewPos":[0,48],"cWhen":1.5300104890452948e9,"tag":"Move"}

{"cXWarp":48,"cNewPos":[0,48],"cWhen":1.5300104890474315e9,"tag":"Move"}

{"cXWarp":48,"cNewPos":[0,48],"cWhen":1.5300104890493786e9,"tag":"Move"}

{"cXWarp":48,"cNewPos":[0,48],"cWhen":1.5300104890514092e9,"tag":"Move"}

{"cXWarp":48,"cNewPos":[0,48],"cWhen":1.5300104890532916e9,"tag":"Move"}

{"cXWarp":48,"cNewPos":[0,48],"cWhen":1.530010489055123e9,"tag":"Move"}

{"cXWarp":48,"cNewPos":[0,48],"cWhen":1.5300104890569055e9,"tag":"Move"}

{"cXWarp":48,"cNewPos":[0,48],"cWhen":1.530010489058869e9,"tag":"Move"}

{"cXWarp":48,"cNewPos":[0,48],"cWhen":1.53001048906071e9,"tag":"Move"}

{"cXWarp":48,"cNewPos":[0,48],"cWhen":1.5300104890632517e9,"tag":"Move"}

{"cXWarp":48,"cNewPos":[0,48],"cWhen":1.5300104890652642e9,"tag":"Move"}

{"cXWarp":48,"cNewPos":[0,48],"cWhen":1.530010489067149e9,"tag":"Move"}

{"cXWarp":48,"cNewPos":[0,48],"cWhen":1.530010489069163e9,"tag":"Move"}

{"cXWarp":48,"cNewPos":[0,48],"cWhen":1.5300104890710342e9,"tag":"Move"}

{"cXWarp":48,"cNewPos":[0,48],"cWhen":1.5300104890729065e9,"tag":"Move"}

{"cXWarp":48,"cNewPos":[0,48],"cWhen":1.5300104890748699e9,"tag":"Move"}

{"cXWarp":48,"cNewPos":[0,48],"cWhen":1.5300104890770373e9,"tag":"Move"}

{"cXWarp":48,"cNewPos":[0,48],"cWhen":1.5300104890790648e9,"tag":"Move"}

{"cXWarp":48,"cNewPos":[0,48],"cWhen":1.530010489080882e9,"tag":"Move"}

{"cXWarp":48,"cNewPos":[0,48],"cWhen":1.5300104890826612e9,"tag":"Move"}

{"cXWarp":48,"cNewPos":[0,48],"cWhen":1.5300104890845604e9,"tag":"Move"}

{"cXWarp":48,"cNewPos":[0,48],"cWhen":1.530010489086371e9,"tag":"Move"}

{"cXWarp":48,"cNewPos":[0,48],"cWhen":1.5300104890882866e9,"tag":"Move"}

{"cXWarp":48,"cNewPos":[0,48],"cWhen":1.5300104890904827e9,"tag":"Move"}

{"cXWarp":48,"cNewPos":[0,48],"cWhen":1.5300104890924087e9,"tag":"Move"}

{"cXWarp":48,"cNewPos":[0,48],"cWhen":1.5300104890943737e9,"tag":"Move"}

{"cXWarp":48,"cNewPos":[0,48],"cWhen":1.5300104890962415e9,"tag":"Move"}

{"cXWarp":48,"cNewPos":[0,48],"cWhen":1.5300104890981958e9,"tag":"Move"}

{"cXWarp":48,"cNewPos":[0,48],"cWhen":1.530010489100169e9,"tag":"Move"}

{"cXWarp":48,"cNewPos":[0,48],"cWhen":1.530010489102041e9,"tag":"Move"}

{"cXWarp":48,"cNewPos":[0,48],"cWhen":1.5300104891040673e9,"tag":"Move"}

{"cXWarp":48,"cNewPos":[0,48],"cWhen":1.530010489105898e9,"tag":"Move"}

{"cXWarp":48,"cNewPos":[0,48],"cWhen":1.530010489107669e9,"tag":"Move"}

{"cXWarp":47,"cNewPos":[0,47],"cWhen":1.5300104891096382e9,"tag":"Move"}

{"cXWarp":46,"cNewPos":[0,46],"cWhen":1.5300104891118329e9,"tag":"Move"}

{"cXWarp":45,"cNewPos":[0,45],"cWhen":1.5300104891141608e9,"tag":"Move"}

{"cXWarp":44,"cNewPos":[0,44],"cWhen":1.5300104891164932e9,"tag":"Move"}

{"cXWarp":43,"cNewPos":[0,43],"cWhen":1.5300104891187003e9,"tag":"Move"}

{"cXWarp":42,"cNewPos":[0,42],"cWhen":1.5300104891207902e9,"tag":"Move"}

{"cXWarp":41,"cNewPos":[0,41],"cWhen":1.5300104891228085e9,"tag":"Move"}

{"cXWarp":42,"cNewPos":[0,42],"cWhen":1.5300104891251462e9,"tag":"Move"}

{"cXWarp":43,"cNewPos":[0,43],"cWhen":1.5300104891271544e9,"tag":"Move"}

{"cXWarp":44,"cNewPos":[0,44],"cWhen":1.5300104891291487e9,"tag":"Move"}

{"cXWarp":45,"cNewPos":[0,45],"cWhen":1.5300104891585689e9,"tag":"Move"}

{"cXWarp":46,"cNewPos":[0,46],"cWhen":1.53001048921864e9,"tag":"Move"}

{"cXWarp":47,"cNewPos":[0,47],"cWhen":1.5300104892785375e9,"tag":"Move"}

{"cXWarp":48,"cNewPos":[0,48],"cWhen":1.5300104904526403e9,"tag":"Move"}

{"cXWarp":48,"cNewPos":[0,48],"cWhen":1.5300104912985942e9,"tag":"Move"}

{"cXWarp":48,"cNewPos":[0,48],"cWhen":1.5300104918986108e9,"tag":"Move"}

{"cOrigin":"+input","cTo":[0,48],"cNewPos":[0,49],"cWhen":1.5300104934495342e9,"tag":"Change","cFrom":[0,48],"cText":[" "],"cRemoved":[""]}

{"cOrigin":"+delete","cTo":[0,49],"cNewPos":[0,48],"cWhen":1.5300105272386658e9,"tag":"Change","cFrom":[0,48],"cText":[""],"cRemoved":[" "]}

{"cOrigin":"+delete","cTo":[0,48],"cNewPos":[0,47],"cWhen":1.5300105274932165e9,"tag":"Change","cFrom":[0,47],"cText":[""],"cRemoved":["\""]}

{"cOrigin":"+delete","cTo":[0,47],"cNewPos":[0,46],"cWhen":1.5300105275431833e9,"tag":"Change","cFrom":[0,46],"cText":[""],"cRemoved":["8"]}

{"cOrigin":"+delete","cTo":[0,46],"cNewPos":[0,45],"cWhen":1.530010527593208e9,"tag":"Change","cFrom":[0,45],"cText":[""],"cRemoved":["*"]}

{"cOrigin":"+delete","cTo":[0,45],"cNewPos":[0,44],"cWhen":1.5300105276490457e9,"tag":"Change","cFrom":[0,44],"cText":[""],"cRemoved":["o"]}

{"cOrigin":"+delete","cTo":[0,44],"cNewPos":[0,43],"cWhen":1.530010527698574e9,"tag":"Change","cFrom":[0,43],"cText":[""],"cRemoved":["l"]}

{"cOrigin":"+delete","cTo":[0,43],"cNewPos":[0,42],"cWhen":1.5300105277586198e9,"tag":"Change","cFrom":[0,42],"cText":[""],"cRemoved":[" "]}

{"cOrigin":"+delete","cTo":[0,42],"cNewPos":[0,41],"cWhen":1.5300105278186269e9,"tag":"Change","cFrom":[0,41],"cText":[""],"cRemoved":["r"]}

{"cOrigin":"+delete","cTo":[0,41],"cNewPos":[0,40],"cWhen":1.5300105278785324e9,"tag":"Change","cFrom":[0,40],"cText":[""],"cRemoved":["e"]}

{"cOrigin":"+delete","cTo":[0,40],"cNewPos":[0,39],"cWhen":1.5300105279588187e9,"tag":"Change","cFrom":[0,39],"cText":[""],"cRemoved":["h"]}

{"cOrigin":"+delete","cTo":[0,39],"cNewPos":[0,38],"cWhen":1.5300105279980295e9,"tag":"Change","cFrom":[0,38],"cText":[""],"cRemoved":["g"]}

{"cOrigin":"+delete","cTo":[0,38],"cNewPos":[0,37],"cWhen":1.530010528098997e9,"tag":"Change","cFrom":[0,37],"cText":[""],"cRemoved":["i"]}

{"cOrigin":"+delete","cTo":[0,37],"cNewPos":[0,36],"cWhen":1.5300105281007702e9,"tag":"Change","cFrom":[0,36],"cText":[""],"cRemoved":["h"]}

{"cOrigin":"+delete","cTo":[0,36],"cNewPos":[0,35],"cWhen":1.5300105281030827e9,"tag":"Change","cFrom":[0,35],"cText":[""],"cRemoved":[" "]}

{"cOrigin":"+delete","cTo":[0,35],"cNewPos":[0,34],"cWhen":1.5300105281999605e9,"tag":"Change","cFrom":[0,34],"cText":[""],"cRemoved":["9"]}

{"cOrigin":"+delete","cTo":[0,34],"cNewPos":[0,33],"cWhen":1.5300105282018116e9,"tag":"Change","cFrom":[0,33],"cText":[""],"cRemoved":["4"]}

{"cOrigin":"+delete","cTo":[0,33],"cNewPos":[0,32],"cWhen":1.5300105282550347e9,"tag":"Change","cFrom":[0,32],"cText":[""],"cRemoved":["*"]}

{"cOrigin":"+delete","cTo":[0,32],"cNewPos":[0,31],"cWhen":1.530010528298715e9,"tag":"Change","cFrom":[0,31],"cText":[""],"cRemoved":["i"]}

{"cOrigin":"+delete","cTo":[0,31],"cNewPos":[0,30],"cWhen":1.5300105283510582e9,"tag":"Change","cFrom":[0,30],"cText":[""],"cRemoved":["h"]}

{"cOrigin":"+delete","cTo":[0,30],"cNewPos":[0,29],"cWhen":1.530010528398568e9,"tag":"Change","cFrom":[0,29],"cText":[""],"cRemoved":[" "]}

{"cOrigin":"+delete","cTo":[0,29],"cNewPos":[0,28],"cWhen":1.530010528443317e9,"tag":"Change","cFrom":[0,28],"cText":[""],"cRemoved":["h"]}

{"cOrigin":"+delete","cTo":[0,28],"cNewPos":[0,27],"cWhen":1.5300105284961612e9,"tag":"Change","cFrom":[0,27],"cText":[""],"cRemoved":["c"]}

{"cOrigin":"+delete","cTo":[0,27],"cNewPos":[0,26],"cWhen":1.5300105285480525e9,"tag":"Change","cFrom":[0,26],"cText":[""],"cRemoved":["n"]}

{"cOrigin":"+delete","cTo":[0,26],"cNewPos":[0,25],"cWhen":1.5300105285986435e9,"tag":"Change","cFrom":[0,25],"cText":[""],"cRemoved":["u"]}

{"cOrigin":"+delete","cTo":[0,25],"cNewPos":[0,24],"cWhen":1.530010528652387e9,"tag":"Change","cFrom":[0,24],"cText":[""],"cRemoved":["r"]}

{"cOrigin":"+delete","cTo":[0,24],"cNewPos":[0,23],"cWhen":1.5300105287185633e9,"tag":"Change","cFrom":[0,23],"cText":[""],"cRemoved":["c"]}

{"cOrigin":"+delete","cTo":[0,23],"cNewPos":[0,22],"cWhen":1.5300105287431562e9,"tag":"Change","cFrom":[0,22],"cText":[""],"cRemoved":[" "]}

{"cOrigin":"+delete","cTo":[0,22],"cNewPos":[0,21],"cWhen":1.5300105287986465e9,"tag":"Change","cFrom":[0,21],"cText":[""],"cRemoved":["r"]}

{"cOrigin":"+delete","cTo":[0,21],"cNewPos":[0,20],"cWhen":1.5300105288530521e9,"tag":"Change","cFrom":[0,20],"cText":[""],"cRemoved":["e"]}

{"cOrigin":"+delete","cTo":[0,20],"cNewPos":[0,19],"cWhen":1.5300105288931608e9,"tag":"Change","cFrom":[0,19],"cText":[""],"cRemoved":["t"]}

{"cOrigin":"+delete","cTo":[0,19],"cNewPos":[0,18],"cWhen":1.5300105289474947e9,"tag":"Change","cFrom":[0,18],"cText":[""],"cRemoved":["s"]}

{"cOrigin":"+delete","cTo":[0,18],"cNewPos":[0,17],"cWhen":1.5300105289931312e9,"tag":"Change","cFrom":[0,17],"cText":[""],"cRemoved":["a"]}

{"cOrigin":"+delete","cTo":[0,17],"cNewPos":[0,16],"cWhen":1.5300105290431478e9,"tag":"Change","cFrom":[0,16],"cText":[""],"cRemoved":["f"]}

{"cOrigin":"+delete","cTo":[0,16],"cNewPos":[0,15],"cWhen":1.5300105290933976e9,"tag":"Change","cFrom":[0,15],"cText":[""],"cRemoved":[" "]}

{"cOrigin":"+delete","cTo":[0,15],"cNewPos":[0,14],"cWhen":1.5300105291483119e9,"tag":"Change","cFrom":[0,14],"cText":[""],"cRemoved":["o"]}

{"cOrigin":"+delete","cTo":[0,14],"cNewPos":[0,13],"cWhen":1.5300105291985962e9,"tag":"Change","cFrom":[0,13],"cText":[""],"cRemoved":["l"]}

{"cOrigin":"+delete","cTo":[0,13],"cNewPos":[0,12],"cWhen":1.5300105292549324e9,"tag":"Change","cFrom":[0,12],"cText":[""],"cRemoved":[" "]}

{"cOrigin":"+delete","cTo":[0,12],"cNewPos":[0,11],"cWhen":1.5300105293187401e9,"tag":"Change","cFrom":[0,11],"cText":[""],"cRemoved":["i"]}

{"cOrigin":"+delete","cTo":[0,11],"cNewPos":[0,10],"cWhen":1.5300105294189372e9,"tag":"Change","cFrom":[0,10],"cText":[""],"cRemoved":["h"]}

{"cOrigin":"+delete","cTo":[0,10],"cNewPos":[0,9],"cWhen":1.5300105295185533e9,"tag":"Change","cFrom":[0,9],"cText":[""],"cRemoved":[" "]}

{"cOrigin":"+delete","cTo":[0,9],"cNewPos":[0,8],"cWhen":1.5300105296385427e9,"tag":"Change","cFrom":[0,8],"cText":[""],"cRemoved":["\""]}

{"cOrigin":"+delete","cTo":[0,8],"cNewPos":[0,7],"cWhen":1.5300105297185972e9,"tag":"Change","cFrom":[0,7],"cText":[""],"cRemoved":[" "]}

{"cOrigin":"+delete","cTo":[0,7],"cNewPos":[0,6],"cWhen":1.5300105297589464e9,"tag":"Change","cFrom":[0,6],"cText":[""],"cRemoved":["h"]}

{"cOrigin":"+delete","cTo":[0,6],"cNewPos":[0,5],"cWhen":1.5300105297987142e9,"tag":"Change","cFrom":[0,5],"cText":[""],"cRemoved":["c"]}

{"cOrigin":"+delete","cTo":[0,5],"cNewPos":[0,4],"cWhen":1.5300105298985584e9,"tag":"Change","cFrom":[0,4],"cText":[""],"cRemoved":["t"]}

{"cOrigin":"+delete","cTo":[0,4],"cNewPos":[0,3],"cWhen":1.5300105299986548e9,"tag":"Change","cFrom":[0,3],"cText":[""],"cRemoved":["a"]}

{"cOrigin":"+delete","cTo":[0,3],"cNewPos":[0,2],"cWhen":1.5300105300585425e9,"tag":"Change","cFrom":[0,2],"cText":[""],"cRemoved":["r"]}

{"cOrigin":"+delete","cTo":[0,2],"cNewPos":[0,1],"cWhen":1.5300105301185658e9,"tag":"Change","cFrom":[0,1],"cText":[""],"cRemoved":["c"]}

{"cOrigin":"+delete","cTo":[0,1],"cNewPos":[0,0],"cWhen":1.5300105302185497e9,"tag":"Change","cFrom":[0,0],"cText":[""],"cRemoved":["s"]}

{"cOrigin":"+input","cTo":[0,0],"cNewPos":[0,1],"cWhen":1.5300105319974756e9,"tag":"Change","cFrom":[0,0],"cText":["h"],"cRemoved":[""]}

{"cOrigin":"+input","cTo":[0,1],"cNewPos":[0,2],"cWhen":1.5300105320055795e9,"tag":"Change","cFrom":[0,1],"cText":["b"],"cRemoved":[""]}

{"cOrigin":"+input","cTo":[0,2],"cNewPos":[0,3],"cWhen":1.5300105321414754e9,"tag":"Change","cFrom":[0,2],"cText":["c"],"cRemoved":[""]}

{"cOrigin":"+input","cTo":[0,3],"cNewPos":[0,4],"cWhen":1.5300105321734798e9,"tag":"Change","cFrom":[0,3],"cText":["u"],"cRemoved":[""]}

{"cOrigin":"+input","cTo":[0,4],"cNewPos":[0,5],"cWhen":1.530010532181539e9,"tag":"Change","cFrom":[0,4],"cText":["h"],"cRemoved":[""]}

{"cOrigin":"+input","cTo":[0,5],"cNewPos":[0,6],"cWhen":1.5300105323487296e9,"tag":"Change","cFrom":[0,5],"cText":["s"],"cRemoved":[""]}

{"cOrigin":"+input","cTo":[0,6],"cNewPos":[0,7],"cWhen":1.530010532378738e9,"tag":"Change","cFrom":[0,6],"cText":["f"],"cRemoved":[""]}

{"cOrigin":"+input","cTo":[0,7],"cNewPos":[0,8],"cWhen":1.5300105324386928e9,"tag":"Change","cFrom":[0,7],"cText":["o"],"cRemoved":[""]}

{"cOrigin":"+input","cTo":[0,8],"cNewPos":[0,9],"cWhen":1.5300105324409482e9,"tag":"Change","cFrom":[0,8],"cText":["h"],"cRemoved":[""]}

{"cOrigin":"+input","cTo":[0,9],"cNewPos":[0,10],"cWhen":1.5300105325786247e9,"tag":"Change","cFrom":[0,9],"cText":["e"],"cRemoved":[""]}

{"cOrigin":"+input","cTo":[0,10],"cNewPos":[0,11],"cWhen":1.5300105326124334e9,"tag":"Change","cFrom":[0,10],"cText":["f"],"cRemoved":[""]}

{"cOrigin":"+input","cTo":[0,11],"cNewPos":[0,12],"cWhen":1.5300105326787386e9,"tag":"Change","cFrom":[0,11],"cText":["a"],"cRemoved":[""]}

{"cOrigin":"+input","cTo":[0,12],"cNewPos":[0,13],"cWhen":1.53001053271875e9,"tag":"Change","cFrom":[0,12],"cText":["u"],"cRemoved":[""]}

{"cOrigin":"+input","cTo":[0,13],"cNewPos":[0,14],"cWhen":1.5300105327786407e9,"tag":"Change","cFrom":[0,13],"cText":["o"],"cRemoved":[""]}

{"cOrigin":"+input","cTo":[0,14],"cNewPos":[0,15],"cWhen":1.5300105328386545e9,"tag":"Change","cFrom":[0,14],"cText":["o"],"cRemoved":[""]}

{"cOrigin":"+input","cTo":[0,15],"cNewPos":[0,16],"cWhen":1.5300105328792183e9,"tag":"Change","cFrom":[0,15],"cText":["w"],"cRemoved":[""]}

{"cOrigin":"+input","cTo":[0,16],"cNewPos":[0,17],"cWhen":1.5300105329186754e9,"tag":"Change","cFrom":[0,16],"cText":["a"],"cRemoved":[""]}

{"cOrigin":"+input","cTo":[0,17],"cNewPos":[0,18],"cWhen":1.5300105329586437e9,"tag":"Change","cFrom":[0,17],"cText":["h"],"cRemoved":[""]}

{"cOrigin":"+input","cTo":[0,18],"cNewPos":[0,19],"cWhen":1.5300105330386767e9,"tag":"Change","cFrom":[0,18],"cText":["e"],"cRemoved":[""]}

{"cOrigin":"+input","cTo":[0,19],"cNewPos":[0,20],"cWhen":1.5300105330987244e9,"tag":"Change","cFrom":[0,19],"cText":["h"],"cRemoved":[""]}

{"cOrigin":"+input","cTo":[0,20],"cNewPos":[0,21],"cWhen":1.5300105331387217e9,"tag":"Change","cFrom":[0,20],"cText":["u"],"cRemoved":[""]}

{"cOrigin":"+input","cTo":[0,21],"cNewPos":[0,22],"cWhen":1.5300105331959379e9,"tag":"Change","cFrom":[0,21],"cText":["e"],"cRemoved":[""]}

{"cOrigin":"+input","cTo":[0,22],"cNewPos":[0,23],"cWhen":1.530010533238651e9,"tag":"Change","cFrom":[0,22],"cText":["h"],"cRemoved":[""]}

{"cOrigin":"+input","cTo":[0,23],"cNewPos":[0,24],"cWhen":1.5300105332986233e9,"tag":"Change","cFrom":[0,23],"cText":["u"],"cRemoved":[""]}

{"cOrigin":"+input","cTo":[0,24],"cNewPos":[0,25],"cWhen":1.5300105333699548e9,"tag":"Change","cFrom":[0,24],"cText":["q"],"cRemoved":[""]}

{"cOrigin":"+input","cTo":[0,25],"cNewPos":[0,26],"cWhen":1.5300105334187257e9,"tag":"Change","cFrom":[0,25],"cText":["w"],"cRemoved":[""]}

{"cOrigin":"+input","cTo":[0,26],"cNewPos":[0,27],"cWhen":1.5300105334786334e9,"tag":"Change","cFrom":[0,26],"cText":["e"],"cRemoved":[""]}

{"cOrigin":"+input","cTo":[0,27],"cNewPos":[0,28],"cWhen":1.5300105335044773e9,"tag":"Change","cFrom":[0,27],"cText":["i"],"cRemoved":[""]}

{"cOrigin":"+input","cTo":[0,28],"cNewPos":[0,29],"cWhen":1.5300105335070853e9,"tag":"Change","cFrom":[0,28],"cText":["y"],"cRemoved":[""]}

{"cOrigin":"+input","cTo":[0,29],"cNewPos":[0,30],"cWhen":1.5300105360786304e9,"tag":"Change","cFrom":[0,29],"cText":["\""],"cRemoved":[""]}

{"cWhen":1.5300105397390337e9,"tag":"Eval","cAll":true}

{"cOrigin":"+delete","cTo":[0,30],"cNewPos":[0,29],"cWhen":1.5300105456699054e9,"tag":"Change","cFrom":[0,29],"cText":[""],"cRemoved":["\""]}

{"cOrigin":"+delete","cTo":[0,29],"cNewPos":[0,28],"cWhen":1.5300105459232955e9,"tag":"Change","cFrom":[0,28],"cText":[""],"cRemoved":["y"]}

{"cOrigin":"+delete","cTo":[0,28],"cNewPos":[0,27],"cWhen":1.5300105459733357e9,"tag":"Change","cFrom":[0,27],"cText":[""],"cRemoved":["i"]}

{"cOrigin":"+delete","cTo":[0,27],"cNewPos":[0,26],"cWhen":1.5300105460232863e9,"tag":"Change","cFrom":[0,26],"cText":[""],"cRemoved":["e"]}

{"cOrigin":"+delete","cTo":[0,26],"cNewPos":[0,25],"cWhen":1.5300105460732746e9,"tag":"Change","cFrom":[0,25],"cText":[""],"cRemoved":["w"]}

{"cOrigin":"+delete","cTo":[0,25],"cNewPos":[0,24],"cWhen":1.5300105461232543e9,"tag":"Change","cFrom":[0,24],"cText":[""],"cRemoved":["q"]}

{"cOrigin":"+delete","cTo":[0,24],"cNewPos":[0,23],"cWhen":1.5300105461733737e9,"tag":"Change","cFrom":[0,23],"cText":[""],"cRemoved":["u"]}

{"cOrigin":"+delete","cTo":[0,23],"cNewPos":[0,22],"cWhen":1.5300105462233605e9,"tag":"Change","cFrom":[0,22],"cText":[""],"cRemoved":["h"]}

{"cOrigin":"+delete","cTo":[0,22],"cNewPos":[0,21],"cWhen":1.5300105462732487e9,"tag":"Change","cFrom":[0,21],"cText":[""],"cRemoved":["e"]}

{"cOrigin":"+delete","cTo":[0,21],"cNewPos":[0,20],"cWhen":1.53001054632329e9,"tag":"Change","cFrom":[0,20],"cText":[""],"cRemoved":["u"]}

{"cOrigin":"+delete","cTo":[0,20],"cNewPos":[0,19],"cWhen":1.5300105463732455e9,"tag":"Change","cFrom":[0,19],"cText":[""],"cRemoved":["h"]}

{"cOrigin":"+delete","cTo":[0,19],"cNewPos":[0,18],"cWhen":1.5300105464232607e9,"tag":"Change","cFrom":[0,18],"cText":[""],"cRemoved":["e"]}

{"cOrigin":"+delete","cTo":[0,18],"cNewPos":[0,17],"cWhen":1.5300105464732373e9,"tag":"Change","cFrom":[0,17],"cText":[""],"cRemoved":["h"]}

{"cOrigin":"+delete","cTo":[0,17],"cNewPos":[0,16],"cWhen":1.5300105465232596e9,"tag":"Change","cFrom":[0,16],"cText":[""],"cRemoved":["a"]}

{"cOrigin":"+delete","cTo":[0,16],"cNewPos":[0,15],"cWhen":1.530010546573263e9,"tag":"Change","cFrom":[0,15],"cText":[""],"cRemoved":["w"]}

{"cOrigin":"+delete","cTo":[0,15],"cNewPos":[0,14],"cWhen":1.530010546623308e9,"tag":"Change","cFrom":[0,14],"cText":[""],"cRemoved":["o"]}

{"cOrigin":"+delete","cTo":[0,14],"cNewPos":[0,13],"cWhen":1.5300105466732829e9,"tag":"Change","cFrom":[0,13],"cText":[""],"cRemoved":["o"]}

{"cOrigin":"+delete","cTo":[0,13],"cNewPos":[0,12],"cWhen":1.530010546723341e9,"tag":"Change","cFrom":[0,12],"cText":[""],"cRemoved":["u"]}

{"cOrigin":"+delete","cTo":[0,12],"cNewPos":[0,11],"cWhen":1.5300105467733495e9,"tag":"Change","cFrom":[0,11],"cText":[""],"cRemoved":["a"]}

{"cOrigin":"+delete","cTo":[0,11],"cNewPos":[0,10],"cWhen":1.5300105468233323e9,"tag":"Change","cFrom":[0,10],"cText":[""],"cRemoved":["f"]}

{"cOrigin":"+delete","cTo":[0,10],"cNewPos":[0,9],"cWhen":1.5300105468733487e9,"tag":"Change","cFrom":[0,9],"cText":[""],"cRemoved":["e"]}

{"cOrigin":"+delete","cTo":[0,9],"cNewPos":[0,8],"cWhen":1.5300105469233804e9,"tag":"Change","cFrom":[0,8],"cText":[""],"cRemoved":["h"]}

{"cOrigin":"+delete","cTo":[0,8],"cNewPos":[0,7],"cWhen":1.5300105469734144e9,"tag":"Change","cFrom":[0,7],"cText":[""],"cRemoved":["o"]}

{"cOrigin":"+delete","cTo":[0,7],"cNewPos":[0,6],"cWhen":1.5300105470232844e9,"tag":"Change","cFrom":[0,6],"cText":[""],"cRemoved":["f"]}

{"cOrigin":"+delete","cTo":[0,6],"cNewPos":[0,5],"cWhen":1.530010547073326e9,"tag":"Change","cFrom":[0,5],"cText":[""],"cRemoved":["s"]}

{"cOrigin":"+delete","cTo":[0,5],"cNewPos":[0,4],"cWhen":1.5300105471233695e9,"tag":"Change","cFrom":[0,4],"cText":[""],"cRemoved":["h"]}

{"cOrigin":"+delete","cTo":[0,4],"cNewPos":[0,3],"cWhen":1.53001054717342e9,"tag":"Change","cFrom":[0,3],"cText":[""],"cRemoved":["u"]}

{"cOrigin":"+delete","cTo":[0,3],"cNewPos":[0,2],"cWhen":1.5300105472233534e9,"tag":"Change","cFrom":[0,2],"cText":[""],"cRemoved":["c"]}

{"cOrigin":"+delete","cTo":[0,2],"cNewPos":[0,1],"cWhen":1.5300105472733495e9,"tag":"Change","cFrom":[0,1],"cText":[""],"cRemoved":["b"]}

{"cOrigin":"+delete","cTo":[0,1],"cNewPos":[0,0],"cWhen":1.5300105473232894e9,"tag":"Change","cFrom":[0,0],"cText":[""],"cRemoved":["h"]}

{"cOrigin":"+input","cTo":[0,0],"cNewPos":[0,1],"cWhen":1.5300105572541785e9,"tag":"Change","cFrom":[0,0],"cText":["s"],"cRemoved":[""]}

{"cOrigin":"+input","cTo":[0,1],"cNewPos":[0,2],"cWhen":1.5300105572621937e9,"tag":"Change","cFrom":[0,1],"cText":["d"],"cRemoved":[""]}

{"cOrigin":"+input","cTo":[0,2],"cNewPos":[0,3],"cWhen":1.5300105585503225e9,"tag":"Change","cFrom":[0,2],"cText":["c"],"cRemoved":[""]}

{"cOrigin":"+delete","cTo":[0,3],"cNewPos":[0,2],"cWhen":1.5300105611741471e9,"tag":"Change","cFrom":[0,2],"cText":[""],"cRemoved":["c"]}

{"cOrigin":"+delete","cTo":[0,2],"cNewPos":[0,1],"cWhen":1.5300105615340304e9,"tag":"Change","cFrom":[0,1],"cText":[""],"cRemoved":["d"]}

{"cOrigin":"+input","cTo":[0,1],"cNewPos":[0,2],"cWhen":1.53001056242225e9,"tag":"Change","cFrom":[0,1],"cText":["c"],"cRemoved":[""]}

{"cOrigin":"+input","cTo":[0,2],"cNewPos":[0,3],"cWhen":1.530010575414614e9,"tag":"Change","cFrom":[0,2],"cText":["r"],"cRemoved":[""]}

{"cOrigin":"+input","cTo":[0,3],"cNewPos":[0,4],"cWhen":1.5300105776786895e9,"tag":"Change","cFrom":[0,3],"cText":["a"],"cRemoved":[""]}

{"cOrigin":"+input","cTo":[0,4],"cNewPos":[0,5],"cWhen":1.5300105793187075e9,"tag":"Change","cFrom":[0,4],"cText":["t"],"cRemoved":[""]}

{"cOrigin":"+input","cTo":[0,5],"cNewPos":[0,6],"cWhen":1.5300105812307038e9,"tag":"Change","cFrom":[0,5],"cText":["c"],"cRemoved":[""]}

{"cOrigin":"+input","cTo":[0,6],"cNewPos":[0,7],"cWhen":1.5300105818546002e9,"tag":"Change","cFrom":[0,6],"cText":["h"],"cRemoved":[""]}

{"cOrigin":"+input","cTo":[0,7],"cNewPos":[0,8],"cWhen":1.5300105875507958e9,"tag":"Change","cFrom":[0,7],"cText":[" "],"cRemoved":[""]}

{"cOrigin":"+input","cTo":[0,8],"cNewPos":[0,9],"cWhen":1.5300105909588633e9,"tag":"Change","cFrom":[0,8],"cText":["$"],"cRemoved":[""]}

{"cOrigin":"+input","cTo":[0,9],"cNewPos":[0,10],"cWhen":1.530010597990999e9,"tag":"Change","cFrom":[0,9],"cText":["l"],"cRemoved":[""]}

{"cOrigin":"+input","cTo":[0,10],"cNewPos":[0,11],"cWhen":1.530010598270981e9,"tag":"Change","cFrom":[0,10],"cText":["o"],"cRemoved":[""]}

{"cOrigin":"+input","cTo":[0,11],"cNewPos":[0,12],"cWhen":1.5300105987031295e9,"tag":"Change","cFrom":[0,11],"cText":[" "],"cRemoved":[""]}

{"cOrigin":"+input","cTo":[0,12],"cNewPos":[0,13],"cWhen":1.5300105992549932e9,"tag":"Change","cFrom":[0,12],"cText":["l"],"cRemoved":[""]}

{"cOrigin":"+input","cTo":[0,13],"cNewPos":[0,14],"cWhen":1.5300105995110433e9,"tag":"Change","cFrom":[0,13],"cText":["o"],"cRemoved":[""]}

{"cOrigin":"+input","cTo":[0,14],"cNewPos":[0,15],"cWhen":1.5300105999509194e9,"tag":"Change","cFrom":[0,14],"cText":[" "],"cRemoved":[""]}

{"cOrigin":"+input","cTo":[0,15],"cNewPos":[0,16],"cWhen":1.530010600423151e9,"tag":"Change","cFrom":[0,15],"cText":["l"],"cRemoved":[""]}

{"cOrigin":"+input","cTo":[0,16],"cNewPos":[0,17],"cWhen":1.5300106006949215e9,"tag":"Change","cFrom":[0,16],"cText":["o"],"cRemoved":[""]}

{"cOrigin":"+input","cTo":[0,17],"cNewPos":[0,18],"cWhen":1.5300106011431057e9,"tag":"Change","cFrom":[0,17],"cText":[" "],"cRemoved":[""]}

{"cOrigin":"+input","cTo":[0,18],"cNewPos":[0,19],"cWhen":1.5300106017911186e9,"tag":"Change","cFrom":[0,18],"cText":["l"],"cRemoved":[""]}

{"cOrigin":"+input","cTo":[0,19],"cNewPos":[0,20],"cWhen":1.5300106020710676e9,"tag":"Change","cFrom":[0,19],"cText":["o"],"cRemoved":[""]}

{"cOrigin":"+input","cTo":[0,20],"cNewPos":[0,21],"cWhen":1.530010602559149e9,"tag":"Change","cFrom":[0,20],"cText":[" "],"cRemoved":[""]}

{"cOrigin":"+input","cTo":[0,21],"cNewPos":[0,22],"cWhen":1.5300106030870235e9,"tag":"Change","cFrom":[0,21],"cText":["l"],"cRemoved":[""]}

{"cOrigin":"+input","cTo":[0,22],"cNewPos":[0,23],"cWhen":1.530010603343209e9,"tag":"Change","cFrom":[0,22],"cText":["o"],"cRemoved":[""]}

{"cOrigin":"+input","cTo":[0,23],"cNewPos":[0,24],"cWhen":1.5300106063751462e9,"tag":"Change","cFrom":[0,23],"cText":["\""],"cRemoved":[""]}

{"cWhen":1.5300106081524236e9,"tag":"Eval","cAll":true}
