{"cWhen":1530010094,"tag":"Eval","cAll":true}
{"cOrigin":"+input","cTo":[0,0],"cNewPos":[0,1],"cWhen":1.5300100980664244e9,"tag":"Change","cFrom":[0,0],"cText":["d"],"cRemoved":[""]}

{"cOrigin":"+input","cTo":[0,1],"cNewPos":[0,2],"cWhen":1.5300100980742393e9,"tag":"Change","cFrom":[0,1],"cText":["s"],"cRemoved":[""]}

{"cOrigin":"+delete","cTo":[0,2],"cNewPos":[0,1],"cWhen":1.5300100995461984e9,"tag":"Change","cFrom":[0,1],"cText":[""],"cRemoved":["s"]}

{"cOrigin":"+delete","cTo":[0,1],"cNewPos":[0,0],"cWhen":1.5300100998002849e9,"tag":"Change","cFrom":[0,0],"cText":[""],"cRemoved":["d"]}

{"cOrigin":"+input","cTo":[0,0],"cNewPos":[0,1],"cWhen":1.530010100746334e9,"tag":"Change","cFrom":[0,0],"cText":["s"],"cRemoved":[""]}

{"cOrigin":"+input","cTo":[0,1],"cNewPos":[0,2],"cWhen":1.5300101012503548e9,"tag":"Change","cFrom":[0,1],"cText":["l"],"cRemoved":[""]}

{"cOrigin":"+input","cTo":[0,2],"cNewPos":[0,3],"cWhen":1.5300101015063343e9,"tag":"Change","cFrom":[0,2],"cText":["o"],"cRemoved":[""]}

{"cOrigin":"+input","cTo":[0,3],"cNewPos":[0,4],"cWhen":1.5300101022341604e9,"tag":"Change","cFrom":[0,3],"cText":["w"],"cRemoved":[""]}

{"cOrigin":"+input","cTo":[0,4],"cNewPos":[0,5],"cWhen":1.5300101025542e9,"tag":"Change","cFrom":[0,4],"cText":["e"],"cRemoved":[""]}

{"cOrigin":"+input","cTo":[0,5],"cNewPos":[0,6],"cWhen":1.53001010272229e9,"tag":"Change","cFrom":[0,5],"cText":["r"],"cRemoved":[""]}

{"cOrigin":"+input","cTo":[0,6],"cNewPos":[0,7],"cWhen":1.5300101099382677e9,"tag":"Change","cFrom":[0,6],"cText":[" "],"cRemoved":[""]}

{"cOrigin":"+input","cTo":[0,7],"cNewPos":[0,8],"cWhen":1.5300101107862723e9,"tag":"Change","cFrom":[0,7],"cText":["\""],"cRemoved":[""]}

{"cOrigin":"+input","cTo":[0,8],"cNewPos":[0,9],"cWhen":1.5300101112261393e9,"tag":"Change","cFrom":[0,8],"cText":[" "],"cRemoved":[""]}

{"cOrigin":"+input","cTo":[0,9],"cNewPos":[0,10],"cWhen":1.53001011161018e9,"tag":"Change","cFrom":[0,9],"cText":["l"],"cRemoved":[""]}

{"cOrigin":"+input","cTo":[0,10],"cNewPos":[0,11],"cWhen":1.5300101118022656e9,"tag":"Change","cFrom":[0,10],"cText":["o"],"cRemoved":[""]}

{"cOrigin":"+input","cTo":[0,11],"cNewPos":[0,12],"cWhen":1.5300101120901685e9,"tag":"Change","cFrom":[0,11],"cText":[" "],"cRemoved":[""]}

{"cOrigin":"+input","cTo":[0,12],"cNewPos":[0,13],"cWhen":1.5300101123701758e9,"tag":"Change","cFrom":[0,12],"cText":["l"],"cRemoved":[""]}

{"cOrigin":"+input","cTo":[0,13],"cNewPos":[0,14],"cWhen":1.5300101125940595e9,"tag":"Change","cFrom":[0,13],"cText":["o"],"cRemoved":[""]}

{"cOrigin":"+input","cTo":[0,14],"cNewPos":[0,15],"cWhen":1.53001011286628e9,"tag":"Change","cFrom":[0,14],"cText":[" "],"cRemoved":[""]}

{"cOrigin":"+input","cTo":[0,15],"cNewPos":[0,16],"cWhen":1.5300101131626244e9,"tag":"Change","cFrom":[0,15],"cText":["l"],"cRemoved":[""]}

{"cOrigin":"+input","cTo":[0,16],"cNewPos":[0,17],"cWhen":1.530010113386278e9,"tag":"Change","cFrom":[0,16],"cText":["o"],"cRemoved":[""]}

{"cOrigin":"+delete","cTo":[0,17],"cNewPos":[0,16],"cWhen":1.530010115314113e9,"tag":"Change","cFrom":[0,16],"cText":[""],"cRemoved":["o"]}

{"cOrigin":"+delete","cTo":[0,16],"cNewPos":[0,15],"cWhen":1.5300101155700269e9,"tag":"Change","cFrom":[0,15],"cText":[""],"cRemoved":["l"]}

{"cOrigin":"+delete","cTo":[0,15],"cNewPos":[0,14],"cWhen":1.5300101157860055e9,"tag":"Change","cFrom":[0,14],"cText":[""],"cRemoved":[" "]}

{"cOrigin":"+delete","cTo":[0,14],"cNewPos":[0,13],"cWhen":1.530010115970363e9,"tag":"Change","cFrom":[0,13],"cText":[""],"cRemoved":["o"]}

{"cOrigin":"+delete","cTo":[0,13],"cNewPos":[0,12],"cWhen":1.530010116321933e9,"tag":"Change","cFrom":[0,12],"cText":[""],"cRemoved":["l"]}

{"cOrigin":"+input","cTo":[0,12],"cNewPos":[0,13],"cWhen":1.530010118258309e9,"tag":"Change","cFrom":[0,12],"cText":["h"],"cRemoved":[""]}

{"cOrigin":"+input","cTo":[0,13],"cNewPos":[0,14],"cWhen":1.530010118482297e9,"tag":"Change","cFrom":[0,13],"cText":["i"],"cRemoved":[""]}

{"cOrigin":"+delete","cTo":[0,14],"cNewPos":[0,13],"cWhen":1.5300101245060866e9,"tag":"Change","cFrom":[0,13],"cText":[""],"cRemoved":["i"]}

{"cOrigin":"+delete","cTo":[0,13],"cNewPos":[0,12],"cWhen":1.5300101248099296e9,"tag":"Change","cFrom":[0,12],"cText":[""],"cRemoved":["h"]}

{"cOrigin":"+delete","cTo":[0,12],"cNewPos":[0,11],"cWhen":1.5300101250820234e9,"tag":"Change","cFrom":[0,11],"cText":[""],"cRemoved":[" "]}

{"cOrigin":"+delete","cTo":[0,11],"cNewPos":[0,10],"cWhen":1.5300101253299417e9,"tag":"Change","cFrom":[0,10],"cText":[""],"cRemoved":["o"]}

{"cOrigin":"+delete","cTo":[0,10],"cNewPos":[0,9],"cWhen":1.5300101255859466e9,"tag":"Change","cFrom":[0,9],"cText":[""],"cRemoved":["l"]}

{"cOrigin":"+input","cTo":[0,9],"cNewPos":[0,10],"cWhen":1.5300101273702128e9,"tag":"Change","cFrom":[0,9],"cText":["h"],"cRemoved":[""]}

{"cOrigin":"+input","cTo":[0,10],"cNewPos":[0,11],"cWhen":1.5300101276501937e9,"tag":"Change","cFrom":[0,10],"cText":["i"],"cRemoved":[""]}

{"cOrigin":"+input","cTo":[0,11],"cNewPos":[0,12],"cWhen":1.5300101279621215e9,"tag":"Change","cFrom":[0,11],"cText":[" "],"cRemoved":[""]}

{"cOrigin":"+input","cTo":[0,12],"cNewPos":[0,13],"cWhen":1.53001012825005e9,"tag":"Change","cFrom":[0,12],"cText":["h"],"cRemoved":[""]}

{"cOrigin":"+input","cTo":[0,13],"cNewPos":[0,14],"cWhen":1.5300101285300655e9,"tag":"Change","cFrom":[0,13],"cText":["i"],"cRemoved":[""]}

{"cOrigin":"+input","cTo":[0,14],"cNewPos":[0,15],"cWhen":1.5300101288419895e9,"tag":"Change","cFrom":[0,14],"cText":[" "],"cRemoved":[""]}

{"cOrigin":"+input","cTo":[0,15],"cNewPos":[0,16],"cWhen":1.530010129290282e9,"tag":"Change","cFrom":[0,15],"cText":["l"],"cRemoved":[""]}

{"cOrigin":"+input","cTo":[0,16],"cNewPos":[0,17],"cWhen":1.5300101295461705e9,"tag":"Change","cFrom":[0,16],"cText":["o"],"cRemoved":[""]}

{"cOrigin":"+input","cTo":[0,17],"cNewPos":[0,18],"cWhen":1.5300101298741844e9,"tag":"Change","cFrom":[0,17],"cText":[" "],"cRemoved":[""]}

{"cOrigin":"+input","cTo":[0,18],"cNewPos":[0,19],"cWhen":1.5300101308341076e9,"tag":"Change","cFrom":[0,18],"cText":["l"],"cRemoved":[""]}

{"cOrigin":"+input","cTo":[0,19],"cNewPos":[0,20],"cWhen":1.5300101310501513e9,"tag":"Change","cFrom":[0,19],"cText":["o"],"cRemoved":[""]}

{"cOrigin":"+input","cTo":[0,20],"cNewPos":[0,21],"cWhen":1.5300101350261045e9,"tag":"Change","cFrom":[0,20],"cText":["\""],"cRemoved":[""]}

{"cWhen":1.5300101364353406e9,"tag":"Eval","cAll":true}

{"cOrigin":"+delete","cTo":[0,21],"cNewPos":[0,20],"cWhen":1.5300101584496684e9,"tag":"Change","cFrom":[0,20],"cText":[""],"cRemoved":["\""]}

{"cOrigin":"+delete","cTo":[0,20],"cNewPos":[0,19],"cWhen":1.530010158617567e9,"tag":"Change","cFrom":[0,19],"cText":[""],"cRemoved":["o"]}

{"cOrigin":"+delete","cTo":[0,19],"cNewPos":[0,18],"cWhen":1.5300101587697573e9,"tag":"Change","cFrom":[0,18],"cText":[""],"cRemoved":["l"]}

{"cOrigin":"+delete","cTo":[0,18],"cNewPos":[0,17],"cWhen":1.530010158897724e9,"tag":"Change","cFrom":[0,17],"cText":[""],"cRemoved":[" "]}

{"cOrigin":"+delete","cTo":[0,17],"cNewPos":[0,16],"cWhen":1.530010159033714e9,"tag":"Change","cFrom":[0,16],"cText":[""],"cRemoved":["o"]}

{"cOrigin":"+delete","cTo":[0,16],"cNewPos":[0,15],"cWhen":1.5300101591775844e9,"tag":"Change","cFrom":[0,15],"cText":[""],"cRemoved":["l"]}

{"cOrigin":"+delete","cTo":[0,15],"cNewPos":[0,14],"cWhen":1.530010159321597e9,"tag":"Change","cFrom":[0,14],"cText":[""],"cRemoved":[" "]}

{"cOrigin":"+delete","cTo":[0,14],"cNewPos":[0,13],"cWhen":1.5300101594976013e9,"tag":"Change","cFrom":[0,13],"cText":[""],"cRemoved":["i"]}

{"cOrigin":"+delete","cTo":[0,13],"cNewPos":[0,12],"cWhen":1.5300101597858422e9,"tag":"Change","cFrom":[0,12],"cText":[""],"cRemoved":["h"]}

{"cOrigin":"+delete","cTo":[0,12],"cNewPos":[0,11],"cWhen":1.5300101599537055e9,"tag":"Change","cFrom":[0,11],"cText":[""],"cRemoved":[" "]}

{"cOrigin":"+delete","cTo":[0,11],"cNewPos":[0,10],"cWhen":1.5300101600976949e9,"tag":"Change","cFrom":[0,10],"cText":[""],"cRemoved":["i"]}

{"cOrigin":"+delete","cTo":[0,10],"cNewPos":[0,9],"cWhen":1.530010160361023e9,"tag":"Change","cFrom":[0,9],"cText":[""],"cRemoved":["h"]}

{"cOrigin":"+delete","cTo":[0,9],"cNewPos":[0,8],"cWhen":1.5300101604098356e9,"tag":"Change","cFrom":[0,8],"cText":[""],"cRemoved":[" "]}

{"cOrigin":"+delete","cTo":[0,8],"cNewPos":[0,7],"cWhen":1.5300101604598691e9,"tag":"Change","cFrom":[0,7],"cText":[""],"cRemoved":["\""]}

{"cOrigin":"+delete","cTo":[0,7],"cNewPos":[0,6],"cWhen":1.530010160509846e9,"tag":"Change","cFrom":[0,6],"cText":[""],"cRemoved":[" "]}

{"cOrigin":"+delete","cTo":[0,6],"cNewPos":[0,5],"cWhen":1.5300101605598722e9,"tag":"Change","cFrom":[0,5],"cText":[""],"cRemoved":["r"]}

{"cOrigin":"+delete","cTo":[0,5],"cNewPos":[0,4],"cWhen":1.5300101606098518e9,"tag":"Change","cFrom":[0,4],"cText":[""],"cRemoved":["e"]}

{"cOrigin":"+delete","cTo":[0,4],"cNewPos":[0,3],"cWhen":1.5300101606598427e9,"tag":"Change","cFrom":[0,3],"cText":[""],"cRemoved":["w"]}

{"cOrigin":"+delete","cTo":[0,3],"cNewPos":[0,2],"cWhen":1.530010160709837e9,"tag":"Change","cFrom":[0,2],"cText":[""],"cRemoved":["o"]}

{"cOrigin":"+delete","cTo":[0,2],"cNewPos":[0,1],"cWhen":1.5300101607598503e9,"tag":"Change","cFrom":[0,1],"cText":[""],"cRemoved":["l"]}

{"cOrigin":"+delete","cTo":[0,1],"cNewPos":[0,0],"cWhen":1.530010161074598e9,"tag":"Change","cFrom":[0,0],"cText":[""],"cRemoved":["s"]}

{"cOrigin":"+input","cTo":[0,0],"cNewPos":[0,1],"cWhen":1.5300101628819797e9,"tag":"Change","cFrom":[0,0],"cText":["f"],"cRemoved":[""]}

{"cOrigin":"+input","cTo":[0,1],"cNewPos":[0,2],"cWhen":1.5300101631058686e9,"tag":"Change","cFrom":[0,1],"cText":["a"],"cRemoved":[""]}

{"cOrigin":"+input","cTo":[0,2],"cNewPos":[0,3],"cWhen":1.5300101634419847e9,"tag":"Change","cFrom":[0,2],"cText":["s"],"cRemoved":[""]}

{"cOrigin":"+input","cTo":[0,3],"cNewPos":[0,4],"cWhen":1.5300101639939013e9,"tag":"Change","cFrom":[0,3],"cText":["t"],"cRemoved":[""]}

{"cOrigin":"+input","cTo":[0,4],"cNewPos":[0,5],"cWhen":1.530010164281968e9,"tag":"Change","cFrom":[0,4],"cText":["e"],"cRemoved":[""]}

{"cOrigin":"+input","cTo":[0,5],"cNewPos":[0,6],"cWhen":1.530010164441846e9,"tag":"Change","cFrom":[0,5],"cText":["r"],"cRemoved":[""]}

{"cOrigin":"+input","cTo":[0,6],"cNewPos":[0,7],"cWhen":1.5300101648419714e9,"tag":"Change","cFrom":[0,6],"cText":[" "],"cRemoved":[""]}

{"cOrigin":"+input","cTo":[0,7],"cNewPos":[0,8],"cWhen":1.53001016645004e9,"tag":"Change","cFrom":[0,7],"cText":["2"],"cRemoved":[""]}

{"cOrigin":"+delete","cTo":[0,8],"cNewPos":[0,7],"cWhen":1.5300101678657265e9,"tag":"Change","cFrom":[0,7],"cText":[""],"cRemoved":["2"]}

{"cOrigin":"+input","cTo":[0,7],"cNewPos":[0,8],"cWhen":1.5300101687378256e9,"tag":"Change","cFrom":[0,7],"cText":["\""],"cRemoved":[""]}

{"cOrigin":"+input","cTo":[0,8],"cNewPos":[0,9],"cWhen":1.5300101693700042e9,"tag":"Change","cFrom":[0,8],"cText":[" "],"cRemoved":[""]}

{"cOrigin":"+input","cTo":[0,9],"cNewPos":[0,10],"cWhen":1.5300101710258708e9,"tag":"Change","cFrom":[0,9],"cText":["h"],"cRemoved":[""]}

{"cOrigin":"+input","cTo":[0,10],"cNewPos":[0,11],"cWhen":1.5300101712818406e9,"tag":"Change","cFrom":[0,10],"cText":["i"],"cRemoved":[""]}

{"cOrigin":"+input","cTo":[0,11],"cNewPos":[0,12],"cWhen":1.5300101717700598e9,"tag":"Change","cFrom":[0,11],"cText":[" "],"cRemoved":[""]}

{"cOrigin":"+input","cTo":[0,12],"cNewPos":[0,13],"cWhen":1.5300101720177236e9,"tag":"Change","cFrom":[0,12],"cText":["h"],"cRemoved":[""]}

{"cOrigin":"+input","cTo":[0,13],"cNewPos":[0,14],"cWhen":1.5300101722177641e9,"tag":"Change","cFrom":[0,13],"cText":["i"],"cRemoved":[""]}

{"cOrigin":"+input","cTo":[0,14],"cNewPos":[0,15],"cWhen":1.5300101725218172e9,"tag":"Change","cFrom":[0,14],"cText":[" "],"cRemoved":[""]}

{"cOrigin":"+input","cTo":[0,15],"cNewPos":[0,16],"cWhen":1.5300101728818123e9,"tag":"Change","cFrom":[0,15],"cText":["l"],"cRemoved":[""]}

{"cOrigin":"+input","cTo":[0,16],"cNewPos":[0,17],"cWhen":1.5300101730818176e9,"tag":"Change","cFrom":[0,16],"cText":["o"],"cRemoved":[""]}

{"cOrigin":"+input","cTo":[0,17],"cNewPos":[0,18],"cWhen":1.5300101734657903e9,"tag":"Change","cFrom":[0,17],"cText":[" "],"cRemoved":[""]}

{"cOrigin":"+input","cTo":[0,18],"cNewPos":[0,19],"cWhen":1.530010173761747e9,"tag":"Change","cFrom":[0,18],"cText":["l"],"cRemoved":[""]}

{"cOrigin":"+input","cTo":[0,19],"cNewPos":[0,20],"cWhen":1.5300101739217556e9,"tag":"Change","cFrom":[0,19],"cText":["o"],"cRemoved":[""]}

{"cOrigin":"+input","cTo":[0,20],"cNewPos":[0,21],"cWhen":1.5300101787945411e9,"tag":"Change","cFrom":[0,20],"cText":["\""],"cRemoved":[""]}

{"cOrigin":"+input","cTo":[0,21],"cNewPos":[1,0],"cWhen":1.5300101870176613e9,"tag":"Change","cFrom":[0,21],"cText":["",""],"cRemoved":[""]}

{"cOrigin":"+input","cTo":[1,0],"cNewPos":[2,0],"cWhen":1.5300101871858308e9,"tag":"Change","cFrom":[1,0],"cText":["",""],"cRemoved":[""]}

{"cOrigin":"+input","cTo":[2,0],"cNewPos":[2,1],"cWhen":1.5300101906657968e9,"tag":"Change","cFrom":[2,0],"cText":["s"],"cRemoved":[""]}

{"cOrigin":"+input","cTo":[2,1],"cNewPos":[2,2],"cWhen":1.530010191257805e9,"tag":"Change","cFrom":[2,1],"cText":["l"],"cRemoved":[""]}

{"cOrigin":"+input","cTo":[2,2],"cNewPos":[2,3],"cWhen":1.5300101915618155e9,"tag":"Change","cFrom":[2,2],"cText":["o"],"cRemoved":[""]}

{"cOrigin":"+input","cTo":[2,3],"cNewPos":[2,4],"cWhen":1.5300101923938255e9,"tag":"Change","cFrom":[2,3],"cText":["w"],"cRemoved":[""]}

{"cOrigin":"+input","cTo":[2,4],"cNewPos":[2,5],"cWhen":1.5300101926576796e9,"tag":"Change","cFrom":[2,4],"cText":["e"],"cRemoved":[""]}

{"cOrigin":"+input","cTo":[2,5],"cNewPos":[2,6],"cWhen":1.5300101929058094e9,"tag":"Change","cFrom":[2,5],"cText":["r"],"cRemoved":[""]}

{"cOrigin":"+input","cTo":[2,6],"cNewPos":[2,7],"cWhen":1.5300101940416741e9,"tag":"Change","cFrom":[2,6],"cText":[" "],"cRemoved":[""]}

{"cOrigin":"+input","cTo":[2,7],"cNewPos":[2,8],"cWhen":1.5300101955538056e9,"tag":"Change","cFrom":[2,7],"cText":["\""],"cRemoved":[""]}

{"cOrigin":"+input","cTo":[2,8],"cNewPos":[2,9],"cWhen":1.530010196129779e9,"tag":"Change","cFrom":[2,8],"cText":[" "],"cRemoved":[""]}

{"cOrigin":"+input","cTo":[2,9],"cNewPos":[2,10],"cWhen":1.5300101967538283e9,"tag":"Change","cFrom":[2,9],"cText":["h"],"cRemoved":[""]}

{"cOrigin":"+input","cTo":[2,10],"cNewPos":[2,11],"cWhen":1.5300101970017776e9,"tag":"Change","cFrom":[2,10],"cText":["i"],"cRemoved":[""]}

{"cOrigin":"+input","cTo":[2,11],"cNewPos":[2,12],"cWhen":1.5300101973377028e9,"tag":"Change","cFrom":[2,11],"cText":[" "],"cRemoved":[""]}

{"cOrigin":"+input","cTo":[2,12],"cNewPos":[2,13],"cWhen":1.5300101980015883e9,"tag":"Change","cFrom":[2,12],"cText":["h"],"cRemoved":[""]}

{"cOrigin":"+input","cTo":[2,13],"cNewPos":[2,14],"cWhen":1.5300101982737646e9,"tag":"Change","cFrom":[2,13],"cText":["i"],"cRemoved":[""]}

{"cOrigin":"+input","cTo":[2,14],"cNewPos":[2,15],"cWhen":1.5300101986176548e9,"tag":"Change","cFrom":[2,14],"cText":[" "],"cRemoved":[""]}

{"cOrigin":"+input","cTo":[2,15],"cNewPos":[2,16],"cWhen":1.530010199137675e9,"tag":"Change","cFrom":[2,15],"cText":["l"],"cRemoved":[""]}

{"cOrigin":"+input","cTo":[2,16],"cNewPos":[2,17],"cWhen":1.5300101993776608e9,"tag":"Change","cFrom":[2,16],"cText":["o"],"cRemoved":[""]}

{"cOrigin":"+input","cTo":[2,17],"cNewPos":[2,18],"cWhen":1.5300101997135787e9,"tag":"Change","cFrom":[2,17],"cText":[" "],"cRemoved":[""]}

{"cOrigin":"+input","cTo":[2,18],"cNewPos":[2,19],"cWhen":1.530010200065595e9,"tag":"Change","cFrom":[2,18],"cText":["l"],"cRemoved":[""]}

{"cOrigin":"+input","cTo":[2,19],"cNewPos":[2,20],"cWhen":1.5300102002656746e9,"tag":"Change","cFrom":[2,19],"cText":["o"],"cRemoved":[""]}

{"cOrigin":"+input","cTo":[2,20],"cNewPos":[2,21],"cWhen":1.5300102027537324e9,"tag":"Change","cFrom":[2,20],"cText":["\""],"cRemoved":[""]}

{"cWhen":1.5300102056997929e9,"tag":"Eval","cAll":true}

{"cOrigin":"+input","cTo":[2,21],"cNewPos":[3,0],"cWhen":1.5300102322174048e9,"tag":"Change","cFrom":[2,21],"cText":["",""],"cRemoved":[""]}

{"cOrigin":"+input","cTo":[3,0],"cNewPos":[4,0],"cWhen":1.5300102325938342e9,"tag":"Change","cFrom":[3,0],"cText":["",""],"cRemoved":[""]}

{"cOrigin":"+input","cTo":[4,0],"cNewPos":[4,1],"cWhen":1.53001023580142e9,"tag":"Change","cFrom":[4,0],"cText":["c"],"cRemoved":[""]}

{"cOrigin":"+input","cTo":[4,1],"cNewPos":[4,2],"cWhen":1.5300102361135783e9,"tag":"Change","cFrom":[4,1],"cText":["h"],"cRemoved":[""]}

{"cOrigin":"+delete","cTo":[4,2],"cNewPos":[4,1],"cWhen":1.5300102379293404e9,"tag":"Change","cFrom":[4,1],"cText":[""],"cRemoved":["h"]}

{"cOrigin":"+input","cTo":[4,1],"cNewPos":[4,2],"cWhen":1.5300102389135246e9,"tag":"Change","cFrom":[4,1],"cText":["r"],"cRemoved":[""]}

{"cOrigin":"+input","cTo":[4,2],"cNewPos":[4,3],"cWhen":1.5300102396414433e9,"tag":"Change","cFrom":[4,2],"cText":["u"],"cRemoved":[""]}

{"cOrigin":"+input","cTo":[4,3],"cNewPos":[4,4],"cWhen":1.530010240089498e9,"tag":"Change","cFrom":[4,3],"cText":["n"],"cRemoved":[""]}

{"cOrigin":"+input","cTo":[4,4],"cNewPos":[4,5],"cWhen":1.5300102422975085e9,"tag":"Change","cFrom":[4,4],"cText":["c"],"cRemoved":[""]}

{"cOrigin":"+input","cTo":[4,5],"cNewPos":[4,6],"cWhen":1.530010243065359e9,"tag":"Change","cFrom":[4,5],"cText":["h"],"cRemoved":[""]}

{"cOrigin":"+input","cTo":[4,6],"cNewPos":[4,7],"cWhen":1.5300102442573717e9,"tag":"Change","cFrom":[4,6],"cText":[" "],"cRemoved":[""]}

{"cOrigin":"+input","cTo":[4,7],"cNewPos":[4,8],"cWhen":1.5300102476256776e9,"tag":"Change","cFrom":[4,7],"cText":["\""],"cRemoved":[""]}

{"cOrigin":"+input","cTo":[4,8],"cNewPos":[4,9],"cWhen":1.5300102487134402e9,"tag":"Change","cFrom":[4,8],"cText":[" "],"cRemoved":[""]}

{"cOrigin":"+input","cTo":[4,9],"cNewPos":[4,10],"cWhen":1.5300102490733733e9,"tag":"Change","cFrom":[4,9],"cText":["l"],"cRemoved":[""]}

{"cOrigin":"+input","cTo":[4,10],"cNewPos":[4,11],"cWhen":1.5300102492814434e9,"tag":"Change","cFrom":[4,10],"cText":["o"],"cRemoved":[""]}

{"cOrigin":"+input","cTo":[4,11],"cNewPos":[4,12],"cWhen":1.5300102496813505e9,"tag":"Change","cFrom":[4,11],"cText":[" "],"cRemoved":[""]}

{"cOrigin":"+input","cTo":[4,12],"cNewPos":[4,13],"cWhen":1.530010250049419e9,"tag":"Change","cFrom":[4,12],"cText":["l"],"cRemoved":[""]}

{"cOrigin":"+input","cTo":[4,13],"cNewPos":[4,14],"cWhen":1.5300102502253172e9,"tag":"Change","cFrom":[4,13],"cText":["o"],"cRemoved":[""]}

{"cOrigin":"+input","cTo":[4,14],"cNewPos":[4,15],"cWhen":1.5300102506172884e9,"tag":"Change","cFrom":[4,14],"cText":[" "],"cRemoved":[""]}

{"cOrigin":"+input","cTo":[4,15],"cNewPos":[4,16],"cWhen":1.5300102510173314e9,"tag":"Change","cFrom":[4,15],"cText":["l"],"cRemoved":[""]}

{"cOrigin":"+input","cTo":[4,16],"cNewPos":[4,17],"cWhen":1.530010251201355e9,"tag":"Change","cFrom":[4,16],"cText":["o"],"cRemoved":[""]}

{"cOrigin":"+input","cTo":[4,17],"cNewPos":[4,18],"cWhen":1.5300102577372541e9,"tag":"Change","cFrom":[4,17],"cText":["\""],"cRemoved":[""]}

{"cWhen":1.5300102595324063e9,"tag":"Eval","cAll":true}

{"cOrigin":"+delete","cTo":[4,18],"cNewPos":[4,17],"cWhen":1.5300102677938364e9,"tag":"Change","cFrom":[4,17],"cText":[""],"cRemoved":["\""]}

{"cOrigin":"+delete","cTo":[4,17],"cNewPos":[4,16],"cWhen":1.5300102679609678e9,"tag":"Change","cFrom":[4,16],"cText":[""],"cRemoved":["o"]}

{"cOrigin":"+delete","cTo":[4,16],"cNewPos":[4,15],"cWhen":1.530010268129113e9,"tag":"Change","cFrom":[4,15],"cText":[""],"cRemoved":["l"]}

{"cOrigin":"+delete","cTo":[4,15],"cNewPos":[4,14],"cWhen":1.5300102682970965e9,"tag":"Change","cFrom":[4,14],"cText":[""],"cRemoved":[" "]}

{"cOrigin":"+delete","cTo":[4,14],"cNewPos":[4,13],"cWhen":1.530010268457124e9,"tag":"Change","cFrom":[4,13],"cText":[""],"cRemoved":["o"]}

{"cOrigin":"+delete","cTo":[4,13],"cNewPos":[4,12],"cWhen":1.5300102686250288e9,"tag":"Change","cFrom":[4,12],"cText":[""],"cRemoved":["l"]}

{"cOrigin":"+delete","cTo":[4,12],"cNewPos":[4,11],"cWhen":1.530010268801087e9,"tag":"Change","cFrom":[4,11],"cText":[""],"cRemoved":[" "]}

{"cOrigin":"+delete","cTo":[4,11],"cNewPos":[4,10],"cWhen":1.5300102690329778e9,"tag":"Change","cFrom":[4,10],"cText":[""],"cRemoved":["o"]}

{"cOrigin":"+delete","cTo":[4,10],"cNewPos":[4,9],"cWhen":1.5300102692570834e9,"tag":"Change","cFrom":[4,9],"cText":[""],"cRemoved":["l"]}

{"cOrigin":"+input","cTo":[4,9],"cNewPos":[4,10],"cWhen":1.5300102701773252e9,"tag":"Change","cFrom":[4,9],"cText":["h"],"cRemoved":[""]}

{"cOrigin":"+input","cTo":[4,10],"cNewPos":[4,11],"cWhen":1.530010270561155e9,"tag":"Change","cFrom":[4,10],"cText":["i"],"cRemoved":[""]}

{"cOrigin":"+input","cTo":[4,11],"cNewPos":[4,12],"cWhen":1.5300102709131916e9,"tag":"Change","cFrom":[4,11],"cText":[" "],"cRemoved":[""]}

{"cOrigin":"+input","cTo":[4,12],"cNewPos":[4,13],"cWhen":1.5300102711692293e9,"tag":"Change","cFrom":[4,12],"cText":["h"],"cRemoved":[""]}

{"cOrigin":"+input","cTo":[4,13],"cNewPos":[4,14],"cWhen":1.5300102714175308e9,"tag":"Change","cFrom":[4,13],"cText":["i"],"cRemoved":[""]}

{"cOrigin":"+input","cTo":[4,14],"cNewPos":[4,15],"cWhen":1.530010271729249e9,"tag":"Change","cFrom":[4,14],"cText":[" "],"cRemoved":[""]}

{"cOrigin":"+input","cTo":[4,15],"cNewPos":[4,16],"cWhen":1.5300102719613295e9,"tag":"Change","cFrom":[4,15],"cText":["h"],"cRemoved":[""]}

{"cOrigin":"+input","cTo":[4,16],"cNewPos":[4,17],"cWhen":1.530010272249259e9,"tag":"Change","cFrom":[4,16],"cText":["i"],"cRemoved":[""]}

{"cOrigin":"+input","cTo":[4,17],"cNewPos":[4,18],"cWhen":1.530010274961161e9,"tag":"Change","cFrom":[4,17],"cText":["\""],"cRemoved":[""]}

{"cOrigin":"+input","cTo":[4,18],"cNewPos":[5,0],"cWhen":1.5300102884733262e9,"tag":"Change","cFrom":[4,18],"cText":["",""],"cRemoved":[""]}

{"cOrigin":"+input","cTo":[5,0],"cNewPos":[6,0],"cWhen":1.5300102920014627e9,"tag":"Change","cFrom":[5,0],"cText":["",""],"cRemoved":[""]}

{"cWhen":1.5300102938137026e9,"tag":"Eval","cAll":true}

{"cOrigin":"+delete","cTo":[6,0],"cNewPos":[5,0],"cWhen":1.5300102997131174e9,"tag":"Change","cFrom":[5,0],"cText":[""],"cRemoved":["",""]}

{"cOrigin":"+delete","cTo":[5,0],"cNewPos":[4,18],"cWhen":1.5300102999134412e9,"tag":"Change","cFrom":[4,18],"cText":[""],"cRemoved":["",""]}

{"cOrigin":"+delete","cTo":[4,18],"cNewPos":[4,17],"cWhen":1.5300103001133592e9,"tag":"Change","cFrom":[4,17],"cText":[""],"cRemoved":["\""]}

{"cOrigin":"+delete","cTo":[4,17],"cNewPos":[4,16],"cWhen":1.5300103002734678e9,"tag":"Change","cFrom":[4,16],"cText":[""],"cRemoved":["i"]}

{"cOrigin":"+delete","cTo":[4,16],"cNewPos":[4,15],"cWhen":1.5300103004333818e9,"tag":"Change","cFrom":[4,15],"cText":[""],"cRemoved":["h"]}

{"cOrigin":"+delete","cTo":[4,15],"cNewPos":[4,14],"cWhen":1.530010300609336e9,"tag":"Change","cFrom":[4,14],"cText":[""],"cRemoved":[" "]}

{"cOrigin":"+delete","cTo":[4,14],"cNewPos":[4,13],"cWhen":1.5300103007694685e9,"tag":"Change","cFrom":[4,13],"cText":[""],"cRemoved":["i"]}

{"cOrigin":"+delete","cTo":[4,13],"cNewPos":[4,12],"cWhen":1.5300103009133415e9,"tag":"Change","cFrom":[4,12],"cText":[""],"cRemoved":["h"]}

{"cOrigin":"+delete","cTo":[4,12],"cNewPos":[4,11],"cWhen":1.530010301073369e9,"tag":"Change","cFrom":[4,11],"cText":[""],"cRemoved":[" "]}

{"cOrigin":"+delete","cTo":[4,11],"cNewPos":[4,10],"cWhen":1.5300103012494571e9,"tag":"Change","cFrom":[4,10],"cText":[""],"cRemoved":["i"]}

{"cOrigin":"+delete","cTo":[4,10],"cNewPos":[4,9],"cWhen":1.5300103014254565e9,"tag":"Change","cFrom":[4,9],"cText":[""],"cRemoved":["h"]}

{"cOrigin":"+delete","cTo":[4,9],"cNewPos":[4,8],"cWhen":1.5300103016014562e9,"tag":"Change","cFrom":[4,8],"cText":[""],"cRemoved":[" "]}

{"cOrigin":"+delete","cTo":[4,8],"cNewPos":[4,7],"cWhen":1.530010301769641e9,"tag":"Change","cFrom":[4,7],"cText":[""],"cRemoved":["\""]}

{"cOrigin":"+delete","cTo":[4,7],"cNewPos":[4,6],"cWhen":1.5300103019384828e9,"tag":"Change","cFrom":[4,6],"cText":[""],"cRemoved":[" "]}

{"cOrigin":"+delete","cTo":[4,6],"cNewPos":[4,5],"cWhen":1.5300103020973217e9,"tag":"Change","cFrom":[4,5],"cText":[""],"cRemoved":["h"]}

{"cOrigin":"+delete","cTo":[4,5],"cNewPos":[4,4],"cWhen":1.530010302266504e9,"tag":"Change","cFrom":[4,4],"cText":[""],"cRemoved":["c"]}

{"cOrigin":"+delete","cTo":[4,4],"cNewPos":[4,3],"cWhen":1.530010302481377e9,"tag":"Change","cFrom":[4,3],"cText":[""],"cRemoved":["n"]}

{"cOrigin":"+delete","cTo":[4,3],"cNewPos":[4,2],"cWhen":1.5300103026654952e9,"tag":"Change","cFrom":[4,2],"cText":[""],"cRemoved":["u"]}

{"cOrigin":"+delete","cTo":[4,2],"cNewPos":[4,1],"cWhen":1.5300103028498755e9,"tag":"Change","cFrom":[4,1],"cText":[""],"cRemoved":["r"]}

{"cOrigin":"+delete","cTo":[4,1],"cNewPos":[4,0],"cWhen":1.5300103030096087e9,"tag":"Change","cFrom":[4,0],"cText":[""],"cRemoved":["c"]}

{"cOrigin":"+delete","cTo":[4,0],"cNewPos":[3,0],"cWhen":1.5300103031775324e9,"tag":"Change","cFrom":[3,0],"cText":[""],"cRemoved":["",""]}

{"cOrigin":"+delete","cTo":[3,0],"cNewPos":[2,21],"cWhen":1.530010310281591e9,"tag":"Change","cFrom":[2,21],"cText":[""],"cRemoved":["",""]}

{"cOrigin":"+delete","cTo":[2,21],"cNewPos":[2,20],"cWhen":1.5300103104656763e9,"tag":"Change","cFrom":[2,20],"cText":[""],"cRemoved":["\""]}

{"cOrigin":"+delete","cTo":[2,20],"cNewPos":[2,19],"cWhen":1.5300103106497693e9,"tag":"Change","cFrom":[2,19],"cText":[""],"cRemoved":["o"]}

{"cOrigin":"+delete","cTo":[2,19],"cNewPos":[2,18],"cWhen":1.5300103108176992e9,"tag":"Change","cFrom":[2,18],"cText":[""],"cRemoved":["l"]}

{"cOrigin":"+delete","cTo":[2,18],"cNewPos":[2,17],"cWhen":1.5300103110015676e9,"tag":"Change","cFrom":[2,17],"cText":[""],"cRemoved":[" "]}

{"cOrigin":"+delete","cTo":[2,17],"cNewPos":[2,16],"cWhen":1.5300103117777543e9,"tag":"Change","cFrom":[2,16],"cText":[""],"cRemoved":["o"]}

{"cOrigin":"+delete","cTo":[2,16],"cNewPos":[2,15],"cWhen":1.5300103120976536e9,"tag":"Change","cFrom":[2,15],"cText":[""],"cRemoved":["l"]}

{"cOrigin":"+delete","cTo":[2,15],"cNewPos":[2,14],"cWhen":1.5300103136577978e9,"tag":"Change","cFrom":[2,14],"cText":[""],"cRemoved":[" "]}

{"cOrigin":"+delete","cTo":[2,14],"cNewPos":[2,13],"cWhen":1.5300103138743572e9,"tag":"Change","cFrom":[2,13],"cText":[""],"cRemoved":["i"]}

{"cOrigin":"+delete","cTo":[2,13],"cNewPos":[2,12],"cWhen":1.530010314057795e9,"tag":"Change","cFrom":[2,12],"cText":[""],"cRemoved":["h"]}

{"cOrigin":"+delete","cTo":[2,12],"cNewPos":[2,11],"cWhen":1.5300103142337177e9,"tag":"Change","cFrom":[2,11],"cText":[""],"cRemoved":[" "]}

{"cOrigin":"+delete","cTo":[2,11],"cNewPos":[2,10],"cWhen":1.530010314417724e9,"tag":"Change","cFrom":[2,10],"cText":[""],"cRemoved":["i"]}

{"cOrigin":"+delete","cTo":[2,10],"cNewPos":[2,9],"cWhen":1.5300103145936973e9,"tag":"Change","cFrom":[2,9],"cText":[""],"cRemoved":["h"]}

{"cOrigin":"+delete","cTo":[2,9],"cNewPos":[2,8],"cWhen":1.530010314777834e9,"tag":"Change","cFrom":[2,8],"cText":[""],"cRemoved":[" "]}

{"cOrigin":"+delete","cTo":[2,8],"cNewPos":[2,7],"cWhen":1.5300103160257673e9,"tag":"Change","cFrom":[2,7],"cText":[""],"cRemoved":["\""]}

{"cOrigin":"+delete","cTo":[2,7],"cNewPos":[2,6],"cWhen":1.5300103172178102e9,"tag":"Change","cFrom":[2,6],"cText":[""],"cRemoved":[" "]}

{"cOrigin":"+delete","cTo":[2,6],"cNewPos":[2,5],"cWhen":1.5300103174657917e9,"tag":"Change","cFrom":[2,5],"cText":[""],"cRemoved":["r"]}

{"cOrigin":"+delete","cTo":[2,5],"cNewPos":[2,4],"cWhen":1.5300103176738074e9,"tag":"Change","cFrom":[2,4],"cText":[""],"cRemoved":["e"]}

{"cOrigin":"+delete","cTo":[2,4],"cNewPos":[2,3],"cWhen":1.5300103178659043e9,"tag":"Change","cFrom":[2,3],"cText":[""],"cRemoved":["w"]}

{"cOrigin":"+delete","cTo":[2,3],"cNewPos":[2,2],"cWhen":1.5300103180337791e9,"tag":"Change","cFrom":[2,2],"cText":[""],"cRemoved":["o"]}

{"cOrigin":"+delete","cTo":[2,2],"cNewPos":[2,1],"cWhen":1.53001031820997e9,"tag":"Change","cFrom":[2,1],"cText":[""],"cRemoved":["l"]}

{"cOrigin":"+delete","cTo":[2,1],"cNewPos":[2,0],"cWhen":1.5300103183858151e9,"tag":"Change","cFrom":[2,0],"cText":[""],"cRemoved":["s"]}

{"cOrigin":"+delete","cTo":[2,0],"cNewPos":[1,0],"cWhen":1.530010318594101e9,"tag":"Change","cFrom":[1,0],"cText":[""],"cRemoved":["",""]}

{"cOrigin":"+delete","cTo":[1,0],"cNewPos":[0,21],"cWhen":1.5300103188339205e9,"tag":"Change","cFrom":[0,21],"cText":[""],"cRemoved":["",""]}

{"cOrigin":"+delete","cTo":[0,21],"cNewPos":[0,20],"cWhen":1.530010319361939e9,"tag":"Change","cFrom":[0,20],"cText":[""],"cRemoved":["\""]}

{"cOrigin":"+delete","cTo":[0,20],"cNewPos":[0,19],"cWhen":1.5300103195539412e9,"tag":"Change","cFrom":[0,19],"cText":[""],"cRemoved":["o"]}

{"cOrigin":"+delete","cTo":[0,19],"cNewPos":[0,18],"cWhen":1.5300103197619405e9,"tag":"Change","cFrom":[0,18],"cText":[""],"cRemoved":["l"]}

{"cOrigin":"+delete","cTo":[0,18],"cNewPos":[0,17],"cWhen":1.5300103202338421e9,"tag":"Change","cFrom":[0,17],"cText":[""],"cRemoved":[" "]}

{"cOrigin":"+delete","cTo":[0,17],"cNewPos":[0,16],"cWhen":1.5300103206179843e9,"tag":"Change","cFrom":[0,16],"cText":[""],"cRemoved":["o"]}

{"cOrigin":"+delete","cTo":[0,16],"cNewPos":[0,15],"cWhen":1.5300103211059551e9,"tag":"Change","cFrom":[0,15],"cText":[""],"cRemoved":["l"]}

{"cOrigin":"+delete","cTo":[0,15],"cNewPos":[0,14],"cWhen":1.5300103231140077e9,"tag":"Change","cFrom":[0,14],"cText":[""],"cRemoved":[" "]}

{"cOrigin":"+delete","cTo":[0,14],"cNewPos":[0,13],"cWhen":1.5300103232979155e9,"tag":"Change","cFrom":[0,13],"cText":[""],"cRemoved":["i"]}

{"cOrigin":"+delete","cTo":[0,13],"cNewPos":[0,12],"cWhen":1.5300103234899936e9,"tag":"Change","cFrom":[0,12],"cText":[""],"cRemoved":["h"]}

{"cOrigin":"+delete","cTo":[0,12],"cNewPos":[0,11],"cWhen":1.5300103236659265e9,"tag":"Change","cFrom":[0,11],"cText":[""],"cRemoved":[" "]}

{"cOrigin":"+delete","cTo":[0,11],"cNewPos":[0,10],"cWhen":1.5300103238340387e9,"tag":"Change","cFrom":[0,10],"cText":[""],"cRemoved":["i"]}

{"cOrigin":"+delete","cTo":[0,10],"cNewPos":[0,9],"cWhen":1.5300103242260478e9,"tag":"Change","cFrom":[0,9],"cText":[""],"cRemoved":["h"]}

{"cOrigin":"+input","cTo":[0,9],"cNewPos":[0,10],"cWhen":1.5300103251222134e9,"tag":"Change","cFrom":[0,9],"cText":["l"],"cRemoved":[""]}

{"cOrigin":"+input","cTo":[0,10],"cNewPos":[0,11],"cWhen":1.530010325386159e9,"tag":"Change","cFrom":[0,10],"cText":["o"],"cRemoved":[""]}

{"cOrigin":"+input","cTo":[0,11],"cNewPos":[0,12],"cWhen":1.530010327258357e9,"tag":"Change","cFrom":[0,11],"cText":[" "],"cRemoved":[""]}

{"cOrigin":"+input","cTo":[0,12],"cNewPos":[0,13],"cWhen":1.5300103280021234e9,"tag":"Change","cFrom":[0,12],"cText":["l"],"cRemoved":[""]}

{"cOrigin":"+input","cTo":[0,13],"cNewPos":[0,14],"cWhen":1.5300103282101698e9,"tag":"Change","cFrom":[0,13],"cText":["o"],"cRemoved":[""]}

{"cOrigin":"+input","cTo":[0,14],"cNewPos":[0,15],"cWhen":1.5300103285220985e9,"tag":"Change","cFrom":[0,14],"cText":[" "],"cRemoved":[""]}

{"cOrigin":"+input","cTo":[0,15],"cNewPos":[0,16],"cWhen":1.5300103288263628e9,"tag":"Change","cFrom":[0,15],"cText":["l"],"cRemoved":[""]}

{"cOrigin":"+input","cTo":[0,16],"cNewPos":[0,17],"cWhen":1.5300103290423539e9,"tag":"Change","cFrom":[0,16],"cText":["o"],"cRemoved":[""]}

{"cOrigin":"+input","cTo":[0,17],"cNewPos":[0,18],"cWhen":1.5300103294102833e9,"tag":"Change","cFrom":[0,17],"cText":[" "],"cRemoved":[""]}

{"cOrigin":"+input","cTo":[0,18],"cNewPos":[0,19],"cWhen":1.5300103297463758e9,"tag":"Change","cFrom":[0,18],"cText":["h"],"cRemoved":[""]}

{"cOrigin":"+input","cTo":[0,19],"cNewPos":[0,20],"cWhen":1.5300103301462965e9,"tag":"Change","cFrom":[0,19],"cText":["i"],"cRemoved":[""]}

{"cOrigin":"+input","cTo":[0,20],"cNewPos":[0,21],"cWhen":1.530010330730426e9,"tag":"Change","cFrom":[0,20],"cText":[" "],"cRemoved":[""]}

{"cOrigin":"+input","cTo":[0,21],"cNewPos":[0,22],"cWhen":1.5300103315384061e9,"tag":"Change","cFrom":[0,21],"cText":["h"],"cRemoved":[""]}

{"cOrigin":"+input","cTo":[0,22],"cNewPos":[0,23],"cWhen":1.530010331866288e9,"tag":"Change","cFrom":[0,22],"cText":["i"],"cRemoved":[""]}

{"cOrigin":"+input","cTo":[0,23],"cNewPos":[0,24],"cWhen":1.530010334066462e9,"tag":"Change","cFrom":[0,23],"cText":["\""],"cRemoved":[""]}

{"cOrigin":"+input","cTo":[0,24],"cNewPos":[1,0],"cWhen":1.530010338514552e9,"tag":"Change","cFrom":[0,24],"cText":["",""],"cRemoved":[""]}

{"cOrigin":"+input","cTo":[1,0],"cNewPos":[2,0],"cWhen":1.5300103399545429e9,"tag":"Change","cFrom":[1,0],"cText":["",""],"cRemoved":[""]}

{"cOrigin":"+input","cTo":[2,0],"cNewPos":[2,1],"cWhen":1.530010341466543e9,"tag":"Change","cFrom":[2,0],"cText":["s"],"cRemoved":[""]}

{"cOrigin":"+input","cTo":[2,1],"cNewPos":[2,2],"cWhen":1.530010341682641e9,"tag":"Change","cFrom":[2,1],"cText":["l"],"cRemoved":[""]}

{"cOrigin":"+input","cTo":[2,2],"cNewPos":[2,3],"cWhen":1.5300103420666723e9,"tag":"Change","cFrom":[2,2],"cText":["o"],"cRemoved":[""]}

{"cOrigin":"+input","cTo":[2,3],"cNewPos":[2,4],"cWhen":1.5300103424185712e9,"tag":"Change","cFrom":[2,3],"cText":["w"],"cRemoved":[""]}

{"cOrigin":"+input","cTo":[2,4],"cNewPos":[2,5],"cWhen":1.530010342706678e9,"tag":"Change","cFrom":[2,4],"cText":["e"],"cRemoved":[""]}

{"cOrigin":"+input","cTo":[2,5],"cNewPos":[2,6],"cWhen":1.5300103429625392e9,"tag":"Change","cFrom":[2,5],"cText":["r"],"cRemoved":[""]}

{"cOrigin":"+input","cTo":[2,6],"cNewPos":[2,7],"cWhen":1.5300103432845812e9,"tag":"Change","cFrom":[2,6],"cText":[" "],"cRemoved":[""]}

{"cOrigin":"+input","cTo":[2,7],"cNewPos":[2,8],"cWhen":1.5300103454106574e9,"tag":"Change","cFrom":[2,7],"cText":["\""],"cRemoved":[""]}

{"cOrigin":"+input","cTo":[2,8],"cNewPos":[2,9],"cWhen":1.5300103487866986e9,"tag":"Change","cFrom":[2,8],"cText":["h"],"cRemoved":[""]}

{"cOrigin":"+input","cTo":[2,9],"cNewPos":[2,10],"cWhen":1.5300103491308079e9,"tag":"Change","cFrom":[2,9],"cText":["i"],"cRemoved":[""]}

{"cOrigin":"+input","cTo":[2,10],"cNewPos":[2,11],"cWhen":1.5300103495467188e9,"tag":"Change","cFrom":[2,10],"cText":[" "],"cRemoved":[""]}

{"cOrigin":"+input","cTo":[2,11],"cNewPos":[2,12],"cWhen":1.53001035005872e9,"tag":"Change","cFrom":[2,11],"cText":["h"],"cRemoved":[""]}

{"cOrigin":"+input","cTo":[2,12],"cNewPos":[2,13],"cWhen":1.5300103503307862e9,"tag":"Change","cFrom":[2,12],"cText":["i"],"cRemoved":[""]}

{"cOrigin":"+input","cTo":[2,13],"cNewPos":[2,14],"cWhen":1.5300103513147702e9,"tag":"Change","cFrom":[2,13],"cText":[" "],"cRemoved":[""]}

{"cOrigin":"+input","cTo":[2,14],"cNewPos":[2,15],"cWhen":1.5300103517789118e9,"tag":"Change","cFrom":[2,14],"cText":["h"],"cRemoved":[""]}

{"cOrigin":"+input","cTo":[2,15],"cNewPos":[2,16],"cWhen":1.5300103520667515e9,"tag":"Change","cFrom":[2,15],"cText":["i"],"cRemoved":[""]}

{"cOrigin":"+input","cTo":[2,16],"cNewPos":[2,17],"cWhen":1.530010352538857e9,"tag":"Change","cFrom":[2,16],"cText":[" "],"cRemoved":[""]}

{"cOrigin":"+input","cTo":[2,17],"cNewPos":[2,18],"cWhen":1.530010353642931e9,"tag":"Change","cFrom":[2,17],"cText":["l"],"cRemoved":[""]}

{"cOrigin":"+input","cTo":[2,18],"cNewPos":[2,19],"cWhen":1.5300103539148877e9,"tag":"Change","cFrom":[2,18],"cText":["o"],"cRemoved":[""]}

{"cOrigin":"+input","cTo":[2,19],"cNewPos":[2,20],"cWhen":1.53001035585889e9,"tag":"Change","cFrom":[2,19],"cText":[" "],"cRemoved":[""]}

{"cOrigin":"+input","cTo":[2,20],"cNewPos":[2,21],"cWhen":1.5300103569949176e9,"tag":"Change","cFrom":[2,20],"cText":["l"],"cRemoved":[""]}

{"cOrigin":"+input","cTo":[2,21],"cNewPos":[2,22],"cWhen":1.5300103572989159e9,"tag":"Change","cFrom":[2,21],"cText":["o"],"cRemoved":[""]}

{"cOrigin":"+delete","cTo":[2,22],"cNewPos":[2,21],"cWhen":1.5300103620908742e9,"tag":"Change","cFrom":[2,21],"cText":[""],"cRemoved":["o"]}

{"cOrigin":"+delete","cTo":[2,21],"cNewPos":[2,20],"cWhen":1.5300103623498507e9,"tag":"Change","cFrom":[2,20],"cText":[""],"cRemoved":["l"]}

{"cOrigin":"+delete","cTo":[2,20],"cNewPos":[2,19],"cWhen":1.5300103623998904e9,"tag":"Change","cFrom":[2,19],"cText":[""],"cRemoved":[" "]}

{"cOrigin":"+delete","cTo":[2,19],"cNewPos":[2,18],"cWhen":1.530010362449872e9,"tag":"Change","cFrom":[2,18],"cText":[""],"cRemoved":["o"]}

{"cOrigin":"+delete","cTo":[2,18],"cNewPos":[2,17],"cWhen":1.5300103624999492e9,"tag":"Change","cFrom":[2,17],"cText":[""],"cRemoved":["l"]}

{"cOrigin":"+delete","cTo":[2,17],"cNewPos":[2,16],"cWhen":1.53001036254984e9,"tag":"Change","cFrom":[2,16],"cText":[""],"cRemoved":[" "]}

{"cOrigin":"+delete","cTo":[2,16],"cNewPos":[2,15],"cWhen":1.530010362599874e9,"tag":"Change","cFrom":[2,15],"cText":[""],"cRemoved":["i"]}

{"cOrigin":"+delete","cTo":[2,15],"cNewPos":[2,14],"cWhen":1.5300103626497324e9,"tag":"Change","cFrom":[2,14],"cText":[""],"cRemoved":["h"]}

{"cOrigin":"+delete","cTo":[2,14],"cNewPos":[2,13],"cWhen":1.5300103626997414e9,"tag":"Change","cFrom":[2,13],"cText":[""],"cRemoved":[" "]}

{"cOrigin":"+delete","cTo":[2,13],"cNewPos":[2,12],"cWhen":1.530010362749784e9,"tag":"Change","cFrom":[2,12],"cText":[""],"cRemoved":["i"]}

{"cOrigin":"+delete","cTo":[2,12],"cNewPos":[2,11],"cWhen":1.5300103627997813e9,"tag":"Change","cFrom":[2,11],"cText":[""],"cRemoved":["h"]}

{"cOrigin":"+delete","cTo":[2,11],"cNewPos":[2,10],"cWhen":1.5300103628497396e9,"tag":"Change","cFrom":[2,10],"cText":[""],"cRemoved":[" "]}

{"cOrigin":"+delete","cTo":[2,10],"cNewPos":[2,9],"cWhen":1.5300103628997579e9,"tag":"Change","cFrom":[2,9],"cText":[""],"cRemoved":["i"]}

{"cOrigin":"+delete","cTo":[2,9],"cNewPos":[2,8],"cWhen":1.5300103629498057e9,"tag":"Change","cFrom":[2,8],"cText":[""],"cRemoved":["h"]}

{"cOrigin":"+delete","cTo":[2,8],"cNewPos":[2,7],"cWhen":1.5300103629997416e9,"tag":"Change","cFrom":[2,7],"cText":[""],"cRemoved":["\""]}

{"cOrigin":"+delete","cTo":[2,7],"cNewPos":[2,6],"cWhen":1.530010363138636e9,"tag":"Change","cFrom":[2,6],"cText":[""],"cRemoved":[" "]}

{"cOrigin":"+delete","cTo":[2,6],"cNewPos":[2,5],"cWhen":1.5300103633869307e9,"tag":"Change","cFrom":[2,5],"cText":[""],"cRemoved":["r"]}

{"cOrigin":"+delete","cTo":[2,5],"cNewPos":[2,4],"cWhen":1.5300103636108885e9,"tag":"Change","cFrom":[2,4],"cText":[""],"cRemoved":["e"]}

{"cOrigin":"+delete","cTo":[2,4],"cNewPos":[2,3],"cWhen":1.5300103638589184e9,"tag":"Change","cFrom":[2,3],"cText":[""],"cRemoved":["w"]}

{"cOrigin":"+input","cTo":[2,3],"cNewPos":[2,4],"cWhen":1.5300103655871775e9,"tag":"Change","cFrom":[2,3],"cText":["w"],"cRemoved":[""]}

{"cOrigin":"+input","cTo":[2,4],"cNewPos":[2,5],"cWhen":1.5300103658511164e9,"tag":"Change","cFrom":[2,4],"cText":["e"],"cRemoved":[""]}

{"cOrigin":"+input","cTo":[2,5],"cNewPos":[2,6],"cWhen":1.5300103660511718e9,"tag":"Change","cFrom":[2,5],"cText":["r"],"cRemoved":[""]}

{"cOrigin":"+input","cTo":[2,6],"cNewPos":[2,7],"cWhen":1.5300103666111107e9,"tag":"Change","cFrom":[2,6],"cText":[" "],"cRemoved":[""]}

{"cOrigin":"+delete","cTo":[2,7],"cNewPos":[2,6],"cWhen":1.5300103677789168e9,"tag":"Change","cFrom":[2,6],"cText":[""],"cRemoved":[" "]}

{"cOrigin":"+delete","cTo":[2,6],"cNewPos":[2,5],"cWhen":1.5300103680298703e9,"tag":"Change","cFrom":[2,5],"cText":[""],"cRemoved":["r"]}

{"cOrigin":"+delete","cTo":[2,5],"cNewPos":[2,4],"cWhen":1.53001036807985e9,"tag":"Change","cFrom":[2,4],"cText":[""],"cRemoved":["e"]}

{"cOrigin":"+delete","cTo":[2,4],"cNewPos":[2,3],"cWhen":1.5300103681298523e9,"tag":"Change","cFrom":[2,3],"cText":[""],"cRemoved":["w"]}

{"cOrigin":"+delete","cTo":[2,3],"cNewPos":[2,2],"cWhen":1.530010368179875e9,"tag":"Change","cFrom":[2,2],"cText":[""],"cRemoved":["o"]}

{"cOrigin":"+delete","cTo":[2,2],"cNewPos":[2,1],"cWhen":1.53001036822985e9,"tag":"Change","cFrom":[2,1],"cText":[""],"cRemoved":["l"]}

{"cOrigin":"+delete","cTo":[2,1],"cNewPos":[2,0],"cWhen":1.5300103682798555e9,"tag":"Change","cFrom":[2,0],"cText":[""],"cRemoved":["s"]}

{"cOrigin":"+delete","cTo":[2,0],"cNewPos":[1,0],"cWhen":1.5300103683298798e9,"tag":"Change","cFrom":[1,0],"cText":[""],"cRemoved":["",""]}

{"cOrigin":"+input","cTo":[1,0],"cNewPos":[1,1],"cWhen":1.5300103700831366e9,"tag":"Change","cFrom":[1,0],"cText":["e"],"cRemoved":[""]}

{"cOrigin":"+delete","cTo":[1,1],"cNewPos":[1,0],"cWhen":1.5300103713869503e9,"tag":"Change","cFrom":[1,0],"cText":[""],"cRemoved":["e"]}

{"cOrigin":"+input","cTo":[1,0],"cNewPos":[2,0],"cWhen":1.5300103724832659e9,"tag":"Change","cFrom":[1,0],"cText":["",""],"cRemoved":[""]}

{"cOrigin":"+input","cTo":[2,0],"cNewPos":[2,1],"cWhen":1.5300103734374294e9,"tag":"Change","cFrom":[2,0],"cText":["e"],"cRemoved":[""]}

{"cOrigin":"+input","cTo":[2,1],"cNewPos":[2,2],"cWhen":1.5300103743392184e9,"tag":"Change","cFrom":[2,1],"cText":["v"],"cRemoved":[""]}

{"cOrigin":"+input","cTo":[2,2],"cNewPos":[2,3],"cWhen":1.5300103746353257e9,"tag":"Change","cFrom":[2,2],"cText":["e"],"cRemoved":[""]}

{"cOrigin":"+input","cTo":[2,3],"cNewPos":[2,4],"cWhen":1.5300103749312732e9,"tag":"Change","cFrom":[2,3],"cText":["r"],"cRemoved":[""]}

{"cOrigin":"+input","cTo":[2,4],"cNewPos":[2,5],"cWhen":1.53001037557195e9,"tag":"Change","cFrom":[2,4],"cText":["y"],"cRemoved":[""]}

{"cOrigin":"+input","cTo":[2,5],"cNewPos":[2,6],"cWhen":1.5300103760592513e9,"tag":"Change","cFrom":[2,5],"cText":[" "],"cRemoved":[""]}

{"cOrigin":"+input","cTo":[2,6],"cNewPos":[2,7],"cWhen":1.5300103783073547e9,"tag":"Change","cFrom":[2,6],"cText":["3"],"cRemoved":[""]}

{"cOrigin":"+input","cTo":[2,7],"cNewPos":[2,8],"cWhen":1.5300103786993237e9,"tag":"Change","cFrom":[2,7],"cText":[" "],"cRemoved":[""]}

{"cOrigin":"+input","cTo":[2,8],"cNewPos":[2,9],"cWhen":1.53001037914743e9,"tag":"Change","cFrom":[2,8],"cText":["s"],"cRemoved":[""]}

{"cOrigin":"+input","cTo":[2,9],"cNewPos":[2,10],"cWhen":1.5300103801633422e9,"tag":"Change","cFrom":[2,9],"cText":["l"],"cRemoved":[""]}

{"cOrigin":"+input","cTo":[2,10],"cNewPos":[2,11],"cWhen":1.530010380595461e9,"tag":"Change","cFrom":[2,10],"cText":["o"],"cRemoved":[""]}

{"cOrigin":"+input","cTo":[2,11],"cNewPos":[2,12],"cWhen":1.5300103811474788e9,"tag":"Change","cFrom":[2,11],"cText":["e"],"cRemoved":[""]}

{"cOrigin":"+delete","cTo":[2,12],"cNewPos":[2,11],"cWhen":1.5300103818831909e9,"tag":"Change","cFrom":[2,11],"cText":[""],"cRemoved":["e"]}

{"cOrigin":"+input","cTo":[2,11],"cNewPos":[2,12],"cWhen":1.5300103821873958e9,"tag":"Change","cFrom":[2,11],"cText":["w"],"cRemoved":[""]}

{"cOrigin":"+input","cTo":[2,12],"cNewPos":[2,13],"cWhen":1.5300103824675198e9,"tag":"Change","cFrom":[2,12],"cText":["e"],"cRemoved":[""]}

{"cOrigin":"+input","cTo":[2,13],"cNewPos":[2,14],"cWhen":1.5300103826914897e9,"tag":"Change","cFrom":[2,13],"cText":["r"],"cRemoved":[""]}

{"cOrigin":"+input","cTo":[2,14],"cNewPos":[2,15],"cWhen":1.5300103842674634e9,"tag":"Change","cFrom":[2,14],"cText":[" "],"cRemoved":[""]}

{"cOrigin":"+input","cTo":[2,15],"cNewPos":[2,16],"cWhen":1.5300103854754548e9,"tag":"Change","cFrom":[2,15],"cText":["3"],"cRemoved":[""]}

{"cOrigin":"+delete","cTo":[2,16],"cNewPos":[2,15],"cWhen":1.5300103861633782e9,"tag":"Change","cFrom":[2,15],"cText":[""],"cRemoved":["3"]}

{"cOrigin":"+input","cTo":[2,15],"cNewPos":[2,16],"cWhen":1.5300103880516074e9,"tag":"Change","cFrom":[2,15],"cText":["$"],"cRemoved":[""]}

{"cOrigin":"+input","cTo":[2,16],"cNewPos":[2,17],"cWhen":1.5300103887505267e9,"tag":"Change","cFrom":[2,16],"cText":[" "],"cRemoved":[""]}

{"cOrigin":"+input","cTo":[2,17],"cNewPos":[2,18],"cWhen":1.5300103898357046e9,"tag":"Change","cFrom":[2,17],"cText":["e"],"cRemoved":[""]}

{"cOrigin":"+input","cTo":[2,18],"cNewPos":[2,19],"cWhen":1.5300103902356982e9,"tag":"Change","cFrom":[2,18],"cText":["v"],"cRemoved":[""]}

{"cOrigin":"+input","cTo":[2,19],"cNewPos":[2,20],"cWhen":1.530010390515648e9,"tag":"Change","cFrom":[2,19],"cText":["e"],"cRemoved":[""]}

{"cOrigin":"+input","cTo":[2,20],"cNewPos":[2,21],"cWhen":1.5300103908196664e9,"tag":"Change","cFrom":[2,20],"cText":["r"],"cRemoved":[""]}

{"cOrigin":"+input","cTo":[2,21],"cNewPos":[2,22],"cWhen":1.5300103911955726e9,"tag":"Change","cFrom":[2,21],"cText":["y"],"cRemoved":[""]}

{"cOrigin":"+input","cTo":[2,22],"cNewPos":[2,23],"cWhen":1.530010391539635e9,"tag":"Change","cFrom":[2,22],"cText":[" "],"cRemoved":[""]}

{"cOrigin":"+input","cTo":[2,23],"cNewPos":[2,24],"cWhen":1.5300103949714277e9,"tag":"Change","cFrom":[2,23],"cText":["4"],"cRemoved":[""]}

{"cOrigin":"+input","cTo":[2,24],"cNewPos":[2,25],"cWhen":1.5300103954757056e9,"tag":"Change","cFrom":[2,24],"cText":[" "],"cRemoved":[""]}

{"cOrigin":"+input","cTo":[2,25],"cNewPos":[2,26],"cWhen":1.5300103989438715e9,"tag":"Change","cFrom":[2,25],"cText":["f"],"cRemoved":[""]}

{"cOrigin":"+input","cTo":[2,26],"cNewPos":[2,27],"cWhen":1.5300103992198322e9,"tag":"Change","cFrom":[2,26],"cText":["a"],"cRemoved":[""]}

{"cOrigin":"+input","cTo":[2,27],"cNewPos":[2,28],"cWhen":1.5300103997557228e9,"tag":"Change","cFrom":[2,27],"cText":["s"],"cRemoved":[""]}

{"cOrigin":"+input","cTo":[2,28],"cNewPos":[2,29],"cWhen":1.5300104004517398e9,"tag":"Change","cFrom":[2,28],"cText":["t"],"cRemoved":[""]}

{"cOrigin":"+input","cTo":[2,29],"cNewPos":[2,30],"cWhen":1.5300104008118079e9,"tag":"Change","cFrom":[2,29],"cText":["e"],"cRemoved":[""]}

{"cOrigin":"+input","cTo":[2,30],"cNewPos":[2,31],"cWhen":1.5300104010358613e9,"tag":"Change","cFrom":[2,30],"cText":["r"],"cRemoved":[""]}

{"cOrigin":"+input","cTo":[2,31],"cNewPos":[2,32],"cWhen":1.5300104026042335e9,"tag":"Change","cFrom":[2,31],"cText":[" "],"cRemoved":[""]}

{"cOrigin":"+input","cTo":[2,32],"cNewPos":[2,33],"cWhen":1.5300104052038715e9,"tag":"Change","cFrom":[2,32],"cText":["\""],"cRemoved":[""]}

{"cOrigin":"+input","cTo":[2,33],"cNewPos":[2,34],"cWhen":1.5300104056679103e9,"tag":"Change","cFrom":[2,33],"cText":[" "],"cRemoved":[""]}

{"cOrigin":"+input","cTo":[2,34],"cNewPos":[2,35],"cWhen":1.5300104060519497e9,"tag":"Change","cFrom":[2,34],"cText":["l"],"cRemoved":[""]}

{"cOrigin":"+input","cTo":[2,35],"cNewPos":[2,36],"cWhen":1.5300104062678473e9,"tag":"Change","cFrom":[2,35],"cText":["o"],"cRemoved":[""]}

{"cOrigin":"+input","cTo":[2,36],"cNewPos":[2,37],"cWhen":1.5300104065319402e9,"tag":"Change","cFrom":[2,36],"cText":[" "],"cRemoved":[""]}

{"cOrigin":"+input","cTo":[2,37],"cNewPos":[2,38],"cWhen":1.5300104068200202e9,"tag":"Change","cFrom":[2,37],"cText":["l"],"cRemoved":[""]}

{"cOrigin":"+input","cTo":[2,38],"cNewPos":[2,39],"cWhen":1.5300104068281753e9,"tag":"Change","cFrom":[2,38],"cText":[";"],"cRemoved":[""]}

{"cOrigin":"+input","cTo":[2,39],"cNewPos":[2,40],"cWhen":1.5300104070443456e9,"tag":"Change","cFrom":[2,39],"cText":["o"],"cRemoved":[""]}

{"cOrigin":"+input","cTo":[2,40],"cNewPos":[2,41],"cWhen":1.5300104070518966e9,"tag":"Change","cFrom":[2,40],"cText":["p"],"cRemoved":[""]}

{"cOrigin":"+input","cTo":[2,41],"cNewPos":[2,42],"cWhen":1.5300104073478992e9,"tag":"Change","cFrom":[2,41],"cText":[" "],"cRemoved":[""]}

{"cOrigin":"+input","cTo":[2,42],"cNewPos":[2,43],"cWhen":1.5300104075800056e9,"tag":"Change","cFrom":[2,42],"cText":["l"],"cRemoved":[""]}

{"cOrigin":"+input","cTo":[2,43],"cNewPos":[2,44],"cWhen":1.5300104077800806e9,"tag":"Change","cFrom":[2,43],"cText":["o"],"cRemoved":[""]}

{"cOrigin":"+input","cTo":[2,44],"cNewPos":[2,45],"cWhen":1.530010408067869e9,"tag":"Change","cFrom":[2,44],"cText":[" "],"cRemoved":[""]}

{"cOrigin":"+input","cTo":[2,45],"cNewPos":[2,46],"cWhen":1.5300104088279693e9,"tag":"Change","cFrom":[2,45],"cText":["h"],"cRemoved":[""]}

{"cOrigin":"+input","cTo":[2,46],"cNewPos":[2,47],"cWhen":1.5300104092600408e9,"tag":"Change","cFrom":[2,46],"cText":["i"],"cRemoved":[""]}

{"cOrigin":"+delete","cTo":[2,47],"cNewPos":[2,46],"cWhen":1.530010411139871e9,"tag":"Change","cFrom":[2,46],"cText":[""],"cRemoved":["i"]}

{"cOrigin":"+delete","cTo":[2,46],"cNewPos":[2,45],"cWhen":1.5300104113238633e9,"tag":"Change","cFrom":[2,45],"cText":[""],"cRemoved":["h"]}

{"cOrigin":"+delete","cTo":[2,45],"cNewPos":[2,44],"cWhen":1.5300104115158992e9,"tag":"Change","cFrom":[2,44],"cText":[""],"cRemoved":[" "]}

{"cOrigin":"+delete","cTo":[2,44],"cNewPos":[2,43],"cWhen":1.530010411699927e9,"tag":"Change","cFrom":[2,43],"cText":[""],"cRemoved":["o"]}

{"cOrigin":"+delete","cTo":[2,43],"cNewPos":[2,42],"cWhen":1.5300104118758016e9,"tag":"Change","cFrom":[2,42],"cText":[""],"cRemoved":["l"]}

{"cOrigin":"+delete","cTo":[2,42],"cNewPos":[2,41],"cWhen":1.5300104120519068e9,"tag":"Change","cFrom":[2,41],"cText":[""],"cRemoved":[" "]}

{"cOrigin":"+delete","cTo":[2,41],"cNewPos":[2,40],"cWhen":1.5300104122518914e9,"tag":"Change","cFrom":[2,40],"cText":[""],"cRemoved":["p"]}

{"cOrigin":"+delete","cTo":[2,40],"cNewPos":[2,39],"cWhen":1.5300104124358814e9,"tag":"Change","cFrom":[2,39],"cText":[""],"cRemoved":["o"]}

{"cOrigin":"+delete","cTo":[2,39],"cNewPos":[2,38],"cWhen":1.5300104126199715e9,"tag":"Change","cFrom":[2,38],"cText":[""],"cRemoved":[";"]}

{"cOrigin":"+input","cTo":[2,38],"cNewPos":[2,39],"cWhen":1.530010414004159e9,"tag":"Change","cFrom":[2,38],"cText":["o"],"cRemoved":[""]}

{"cOrigin":"+input","cTo":[2,39],"cNewPos":[2,40],"cWhen":1.5300104143480341e9,"tag":"Change","cFrom":[2,39],"cText":[" "],"cRemoved":[""]}

{"cOrigin":"+input","cTo":[2,40],"cNewPos":[2,41],"cWhen":1.5300104147321336e9,"tag":"Change","cFrom":[2,40],"cText":["j"],"cRemoved":[""]}

{"cOrigin":"+delete","cTo":[2,41],"cNewPos":[2,40],"cWhen":1.530010415668012e9,"tag":"Change","cFrom":[2,40],"cText":[""],"cRemoved":["j"]}

{"cOrigin":"+input","cTo":[2,40],"cNewPos":[2,41],"cWhen":1.5300104160841496e9,"tag":"Change","cFrom":[2,40],"cText":["l"],"cRemoved":[""]}

{"cOrigin":"+input","cTo":[2,41],"cNewPos":[2,42],"cWhen":1.5300104163161583e9,"tag":"Change","cFrom":[2,41],"cText":["o"],"cRemoved":[""]}

{"cOrigin":"+input","cTo":[2,42],"cNewPos":[2,43],"cWhen":1.5300104167965677e9,"tag":"Change","cFrom":[2,42],"cText":[" "],"cRemoved":[""]}

{"cOrigin":"+input","cTo":[2,43],"cNewPos":[2,44],"cWhen":1.5300104184122515e9,"tag":"Change","cFrom":[2,43],"cText":["h"],"cRemoved":[""]}

{"cOrigin":"+input","cTo":[2,44],"cNewPos":[2,45],"cWhen":1.5300104187802973e9,"tag":"Change","cFrom":[2,44],"cText":["i"],"cRemoved":[""]}

{"cOrigin":"+input","cTo":[2,45],"cNewPos":[2,46],"cWhen":1.530010419140144e9,"tag":"Change","cFrom":[2,45],"cText":[" "],"cRemoved":[""]}

{"cOrigin":"+input","cTo":[2,46],"cNewPos":[2,47],"cWhen":1.5300104193962414e9,"tag":"Change","cFrom":[2,46],"cText":["h"],"cRemoved":[""]}

{"cOrigin":"+input","cTo":[2,47],"cNewPos":[2,48],"cWhen":1.5300104196922321e9,"tag":"Change","cFrom":[2,47],"cText":["i"],"cRemoved":[""]}

{"cOrigin":"+input","cTo":[2,48],"cNewPos":[2,49],"cWhen":1.5300104290603368e9,"tag":"Change","cFrom":[2,48],"cText":["\""],"cRemoved":[""]}

{"cOrigin":"+delete","cTo":[2,49],"cNewPos":[2,48],"cWhen":1.5300104338761961e9,"tag":"Change","cFrom":[2,48],"cText":[""],"cRemoved":["\""]}

{"cOrigin":"+delete","cTo":[2,48],"cNewPos":[2,47],"cWhen":1.5300104341002471e9,"tag":"Change","cFrom":[2,47],"cText":[""],"cRemoved":["i"]}

{"cOrigin":"+delete","cTo":[2,47],"cNewPos":[2,46],"cWhen":1.5300104343082392e9,"tag":"Change","cFrom":[2,46],"cText":[""],"cRemoved":["h"]}

{"cOrigin":"+delete","cTo":[2,46],"cNewPos":[2,45],"cWhen":1.53001043455618e9,"tag":"Change","cFrom":[2,45],"cText":[""],"cRemoved":[" "]}

{"cOrigin":"+delete","cTo":[2,45],"cNewPos":[2,44],"cWhen":1.5300104347883093e9,"tag":"Change","cFrom":[2,44],"cText":[""],"cRemoved":["i"]}

{"cOrigin":"+delete","cTo":[2,44],"cNewPos":[2,43],"cWhen":1.530010435004719e9,"tag":"Change","cFrom":[2,43],"cText":[""],"cRemoved":["h"]}

{"cOrigin":"+delete","cTo":[2,43],"cNewPos":[2,42],"cWhen":1.5300104352122958e9,"tag":"Change","cFrom":[2,42],"cText":[""],"cRemoved":[" "]}

{"cOrigin":"+delete","cTo":[2,42],"cNewPos":[2,41],"cWhen":1.5300104354283116e9,"tag":"Change","cFrom":[2,41],"cText":[""],"cRemoved":["o"]}

{"cOrigin":"+delete","cTo":[2,41],"cNewPos":[2,40],"cWhen":1.5300104356202307e9,"tag":"Change","cFrom":[2,40],"cText":[""],"cRemoved":["l"]}

{"cOrigin":"+delete","cTo":[2,40],"cNewPos":[2,39],"cWhen":1.5300104358682203e9,"tag":"Change","cFrom":[2,39],"cText":[""],"cRemoved":[" "]}

{"cOrigin":"+delete","cTo":[2,39],"cNewPos":[2,38],"cWhen":1.5300104360844355e9,"tag":"Change","cFrom":[2,38],"cText":[""],"cRemoved":["o"]}

{"cOrigin":"+delete","cTo":[2,38],"cNewPos":[2,37],"cWhen":1.5300104362923195e9,"tag":"Change","cFrom":[2,37],"cText":[""],"cRemoved":["l"]}

{"cOrigin":"+delete","cTo":[2,37],"cNewPos":[2,36],"cWhen":1.5300104365241938e9,"tag":"Change","cFrom":[2,36],"cText":[""],"cRemoved":[" "]}

{"cOrigin":"+delete","cTo":[2,36],"cNewPos":[2,35],"cWhen":1.5300104367422056e9,"tag":"Change","cFrom":[2,35],"cText":[""],"cRemoved":["o"]}

{"cOrigin":"+delete","cTo":[2,35],"cNewPos":[2,34],"cWhen":1.5300104369723153e9,"tag":"Change","cFrom":[2,34],"cText":[""],"cRemoved":["l"]}

{"cOrigin":"+delete","cTo":[2,34],"cNewPos":[2,33],"cWhen":1.5300104372042358e9,"tag":"Change","cFrom":[2,33],"cText":[""],"cRemoved":[" "]}

{"cOrigin":"+delete","cTo":[2,33],"cNewPos":[2,32],"cWhen":1.5300104374202337e9,"tag":"Change","cFrom":[2,32],"cText":[""],"cRemoved":["\""]}

{"cOrigin":"+delete","cTo":[2,32],"cNewPos":[2,31],"cWhen":1.5300104376603239e9,"tag":"Change","cFrom":[2,31],"cText":[""],"cRemoved":[" "]}

{"cOrigin":"+delete","cTo":[2,31],"cNewPos":[2,30],"cWhen":1.5300104378922522e9,"tag":"Change","cFrom":[2,30],"cText":[""],"cRemoved":["r"]}

{"cOrigin":"+delete","cTo":[2,30],"cNewPos":[2,29],"cWhen":1.5300104381090386e9,"tag":"Change","cFrom":[2,29],"cText":[""],"cRemoved":["e"]}

{"cOrigin":"+delete","cTo":[2,29],"cNewPos":[2,28],"cWhen":1.5300104383322458e9,"tag":"Change","cFrom":[2,28],"cText":[""],"cRemoved":["t"]}

{"cOrigin":"+delete","cTo":[2,28],"cNewPos":[2,27],"cWhen":1.5300104385404418e9,"tag":"Change","cFrom":[2,27],"cText":[""],"cRemoved":["s"]}

{"cOrigin":"+delete","cTo":[2,27],"cNewPos":[2,26],"cWhen":1.5300104387405002e9,"tag":"Change","cFrom":[2,26],"cText":[""],"cRemoved":["a"]}

{"cOrigin":"+delete","cTo":[2,26],"cNewPos":[2,25],"cWhen":1.5300104389484434e9,"tag":"Change","cFrom":[2,25],"cText":[""],"cRemoved":["f"]}

{"cOrigin":"+delete","cTo":[2,25],"cNewPos":[2,24],"cWhen":1.5300104391651843e9,"tag":"Change","cFrom":[2,24],"cText":[""],"cRemoved":[" "]}

{"cOrigin":"+delete","cTo":[2,24],"cNewPos":[2,23],"cWhen":1.5300104393725452e9,"tag":"Change","cFrom":[2,23],"cText":[""],"cRemoved":["4"]}

{"cOrigin":"+delete","cTo":[2,23],"cNewPos":[2,22],"cWhen":1.5300104395965154e9,"tag":"Change","cFrom":[2,22],"cText":[""],"cRemoved":[" "]}

{"cOrigin":"+delete","cTo":[2,22],"cNewPos":[2,21],"cWhen":1.530010439820414e9,"tag":"Change","cFrom":[2,21],"cText":[""],"cRemoved":["y"]}

{"cOrigin":"+delete","cTo":[2,21],"cNewPos":[2,20],"cWhen":1.5300104400523658e9,"tag":"Change","cFrom":[2,20],"cText":[""],"cRemoved":["r"]}

{"cOrigin":"+delete","cTo":[2,20],"cNewPos":[2,19],"cWhen":1.5300104402686007e9,"tag":"Change","cFrom":[2,19],"cText":[""],"cRemoved":["e"]}

{"cOrigin":"+delete","cTo":[2,19],"cNewPos":[2,18],"cWhen":1.5300104405084295e9,"tag":"Change","cFrom":[2,18],"cText":[""],"cRemoved":["v"]}

{"cOrigin":"+delete","cTo":[2,18],"cNewPos":[2,17],"cWhen":1.530010440740512e9,"tag":"Change","cFrom":[2,17],"cText":[""],"cRemoved":["e"]}

{"cOrigin":"+delete","cTo":[2,17],"cNewPos":[2,16],"cWhen":1.5300104409805367e9,"tag":"Change","cFrom":[2,16],"cText":[""],"cRemoved":[" "]}

{"cOrigin":"+delete","cTo":[2,16],"cNewPos":[2,15],"cWhen":1.530010441452348e9,"tag":"Change","cFrom":[2,15],"cText":[""],"cRemoved":["$"]}

{"cOrigin":"+delete","cTo":[2,15],"cNewPos":[2,14],"cWhen":1.5300104437884862e9,"tag":"Change","cFrom":[2,14],"cText":[""],"cRemoved":[" "]}

{"cOrigin":"+input","cTo":[2,14],"cNewPos":[2,15],"cWhen":1.5300104462127652e9,"tag":"Change","cFrom":[2,14],"cText":[" "],"cRemoved":[""]}

{"cOrigin":"+input","cTo":[2,15],"cNewPos":[2,16],"cWhen":1.5300104469966264e9,"tag":"Change","cFrom":[2,15],"cText":["h"],"cRemoved":[""]}

{"cOrigin":"+input","cTo":[2,16],"cNewPos":[2,17],"cWhen":1.5300104473007576e9,"tag":"Change","cFrom":[2,16],"cText":["i"],"cRemoved":[""]}

{"cOrigin":"+input","cTo":[2,17],"cNewPos":[2,18],"cWhen":1.5300104475887284e9,"tag":"Change","cFrom":[2,17],"cText":[" "],"cRemoved":[""]}

{"cOrigin":"+input","cTo":[2,18],"cNewPos":[2,19],"cWhen":1.5300104478766358e9,"tag":"Change","cFrom":[2,18],"cText":["h"],"cRemoved":[""]}

{"cOrigin":"+input","cTo":[2,19],"cNewPos":[2,20],"cWhen":1.5300104481566396e9,"tag":"Change","cFrom":[2,19],"cText":["i"],"cRemoved":[""]}

{"cOrigin":"+input","cTo":[2,20],"cNewPos":[2,21],"cWhen":1.53001044844467e9,"tag":"Change","cFrom":[2,20],"cText":[" "],"cRemoved":[""]}

{"cOrigin":"+input","cTo":[2,21],"cNewPos":[2,22],"cWhen":1.530010448708666e9,"tag":"Change","cFrom":[2,21],"cText":["h"],"cRemoved":[""]}

{"cOrigin":"+input","cTo":[2,22],"cNewPos":[2,23],"cWhen":1.5300104489327939e9,"tag":"Change","cFrom":[2,22],"cText":["i"],"cRemoved":[""]}

{"cOrigin":"+delete","cTo":[2,23],"cNewPos":[2,22],"cWhen":1.5300104513164775e9,"tag":"Change","cFrom":[2,22],"cText":[""],"cRemoved":["i"]}

{"cOrigin":"+delete","cTo":[2,22],"cNewPos":[2,21],"cWhen":1.5300104515725338e9,"tag":"Change","cFrom":[2,21],"cText":[""],"cRemoved":["h"]}

{"cOrigin":"+delete","cTo":[2,21],"cNewPos":[2,20],"cWhen":1.5300104517724946e9,"tag":"Change","cFrom":[2,20],"cText":[""],"cRemoved":[" "]}

{"cOrigin":"+delete","cTo":[2,20],"cNewPos":[2,19],"cWhen":1.5300104519486248e9,"tag":"Change","cFrom":[2,19],"cText":[""],"cRemoved":["i"]}

{"cOrigin":"+delete","cTo":[2,19],"cNewPos":[2,18],"cWhen":1.5300104521085272e9,"tag":"Change","cFrom":[2,18],"cText":[""],"cRemoved":["h"]}

{"cOrigin":"+delete","cTo":[2,18],"cNewPos":[2,17],"cWhen":1.5300104523005183e9,"tag":"Change","cFrom":[2,17],"cText":[""],"cRemoved":[" "]}

{"cOrigin":"+delete","cTo":[2,17],"cNewPos":[2,16],"cWhen":1.5300104524925125e9,"tag":"Change","cFrom":[2,16],"cText":[""],"cRemoved":["i"]}

{"cOrigin":"+delete","cTo":[2,16],"cNewPos":[2,15],"cWhen":1.5300104526925614e9,"tag":"Change","cFrom":[2,15],"cText":[""],"cRemoved":["h"]}

{"cOrigin":"+input","cTo":[2,15],"cNewPos":[2,16],"cWhen":1.5300104551567037e9,"tag":"Change","cFrom":[2,15],"cText":["\""],"cRemoved":[""]}

{"cOrigin":"+input","cTo":[2,16],"cNewPos":[2,17],"cWhen":1.5300104557167597e9,"tag":"Change","cFrom":[2,16],"cText":[" "],"cRemoved":[""]}

{"cOrigin":"+delete","cTo":[2,17],"cNewPos":[2,16],"cWhen":1.5300104565662832e9,"tag":"Change","cFrom":[2,16],"cText":[""],"cRemoved":[" "]}

{"cOrigin":"+input","cTo":[2,16],"cNewPos":[2,17],"cWhen":1.530010457212742e9,"tag":"Change","cFrom":[2,16],"cText":["l"],"cRemoved":[""]}

{"cOrigin":"+input","cTo":[2,17],"cNewPos":[2,18],"cWhen":1.5300104574528484e9,"tag":"Change","cFrom":[2,17],"cText":["o"],"cRemoved":[""]}

{"cOrigin":"+input","cTo":[2,18],"cNewPos":[2,19],"cWhen":1.5300104578768234e9,"tag":"Change","cFrom":[2,18],"cText":[" "],"cRemoved":[""]}

{"cOrigin":"+input","cTo":[2,19],"cNewPos":[2,20],"cWhen":1.5300104587508297e9,"tag":"Change","cFrom":[2,19],"cText":["h"],"cRemoved":[""]}

{"cOrigin":"+input","cTo":[2,20],"cNewPos":[2,21],"cWhen":1.5300104589567773e9,"tag":"Change","cFrom":[2,20],"cText":["i"],"cRemoved":[""]}

{"cOrigin":"+input","cTo":[2,21],"cNewPos":[2,22],"cWhen":1.5300104592529044e9,"tag":"Change","cFrom":[2,21],"cText":[" "],"cRemoved":[""]}

{"cOrigin":"+input","cTo":[2,22],"cNewPos":[2,23],"cWhen":1.5300104596048565e9,"tag":"Change","cFrom":[2,22],"cText":["l"],"cRemoved":[""]}

{"cOrigin":"+input","cTo":[2,23],"cNewPos":[2,24],"cWhen":1.5300104598049414e9,"tag":"Change","cFrom":[2,23],"cText":["o"],"cRemoved":[""]}

{"cOrigin":"+input","cTo":[2,24],"cNewPos":[2,25],"cWhen":1.5300104601328504e9,"tag":"Change","cFrom":[2,24],"cText":[" "],"cRemoved":[""]}

{"cOrigin":"+input","cTo":[2,25],"cNewPos":[2,26],"cWhen":1.5300104603889003e9,"tag":"Change","cFrom":[2,25],"cText":["h"],"cRemoved":[""]}

{"cOrigin":"+input","cTo":[2,26],"cNewPos":[2,27],"cWhen":1.5300104605808387e9,"tag":"Change","cFrom":[2,26],"cText":["i"],"cRemoved":[""]}

{"cOrigin":"+input","cTo":[2,27],"cNewPos":[2,28],"cWhen":1.53001046094908e9,"tag":"Change","cFrom":[2,27],"cText":[" "],"cRemoved":[""]}

{"cOrigin":"+input","cTo":[2,28],"cNewPos":[2,29],"cWhen":1.5300104614050894e9,"tag":"Change","cFrom":[2,28],"cText":["l"],"cRemoved":[""]}

{"cOrigin":"+input","cTo":[2,29],"cNewPos":[2,30],"cWhen":1.5300104615889938e9,"tag":"Change","cFrom":[2,29],"cText":["o"],"cRemoved":[""]}

{"cOrigin":"+input","cTo":[2,30],"cNewPos":[2,31],"cWhen":1.5300104634049578e9,"tag":"Change","cFrom":[2,30],"cText":["*"],"cRemoved":[""]}

{"cOrigin":"+input","cTo":[2,31],"cNewPos":[2,32],"cWhen":1.5300104650529988e9,"tag":"Change","cFrom":[2,31],"cText":["2"],"cRemoved":[""]}

{"cOrigin":"+input","cTo":[2,32],"cNewPos":[2,33],"cWhen":1.5300104724370837e9,"tag":"Change","cFrom":[2,32],"cText":["\""],"cRemoved":[""]}

{"cOrigin":"+input","cTo":[2,33],"cNewPos":[3,0],"cWhen":1.530010473589163e9,"tag":"Change","cFrom":[2,33],"cText":["",""],"cRemoved":[""]}

{"cOrigin":"+input","cTo":[3,0],"cNewPos":[4,0],"cWhen":1.53001047424519e9,"tag":"Change","cFrom":[3,0],"cText":["",""],"cRemoved":[""]}

{"cOrigin":"+input","cTo":[4,0],"cNewPos":[4,1],"cWhen":1.5300104798452997e9,"tag":"Change","cFrom":[4,0],"cText":["s"],"cRemoved":[""]}

{"cOrigin":"+input","cTo":[4,1],"cNewPos":[4,2],"cWhen":1.5300104808772688e9,"tag":"Change","cFrom":[4,1],"cText":["o"],"cRemoved":[""]}

{"cOrigin":"+delete","cTo":[4,2],"cNewPos":[4,1],"cWhen":1.530010482133074e9,"tag":"Change","cFrom":[4,1],"cText":[""],"cRemoved":["o"]}

{"cOrigin":"+delete","cTo":[4,1],"cNewPos":[4,0],"cWhen":1.5300104823899632e9,"tag":"Change","cFrom":[4,0],"cText":[""],"cRemoved":["s"]}

{"cOrigin":"+delete","cTo":[4,0],"cNewPos":[3,0],"cWhen":1.5300104824399216e9,"tag":"Change","cFrom":[3,0],"cText":[""],"cRemoved":["",""]}

{"cOrigin":"+delete","cTo":[3,0],"cNewPos":[2,33],"cWhen":1.5300104824898612e9,"tag":"Change","cFrom":[2,33],"cText":[""],"cRemoved":["",""]}

{"cOrigin":"+delete","cTo":[2,33],"cNewPos":[2,32],"cWhen":1.5300104825398595e9,"tag":"Change","cFrom":[2,32],"cText":[""],"cRemoved":["\""]}

{"cOrigin":"+delete","cTo":[2,32],"cNewPos":[2,31],"cWhen":1.5300104825898585e9,"tag":"Change","cFrom":[2,31],"cText":[""],"cRemoved":["2"]}

{"cOrigin":"+delete","cTo":[2,31],"cNewPos":[2,30],"cWhen":1.5300104829651365e9,"tag":"Change","cFrom":[2,30],"cText":[""],"cRemoved":["*"]}

{"cOrigin":"+delete","cTo":[2,30],"cNewPos":[2,29],"cWhen":1.5300104832198527e9,"tag":"Change","cFrom":[2,29],"cText":[""],"cRemoved":["o"]}

{"cOrigin":"+delete","cTo":[2,29],"cNewPos":[2,28],"cWhen":1.5300104832699592e9,"tag":"Change","cFrom":[2,28],"cText":[""],"cRemoved":["l"]}

{"cOrigin":"+delete","cTo":[2,28],"cNewPos":[2,27],"cWhen":1.5300104833198853e9,"tag":"Change","cFrom":[2,27],"cText":[""],"cRemoved":[" "]}

{"cOrigin":"+delete","cTo":[2,27],"cNewPos":[2,26],"cWhen":1.5300104833698866e9,"tag":"Change","cFrom":[2,26],"cText":[""],"cRemoved":["i"]}

{"cOrigin":"+delete","cTo":[2,26],"cNewPos":[2,25],"cWhen":1.5300104834199202e9,"tag":"Change","cFrom":[2,25],"cText":[""],"cRemoved":["h"]}

{"cOrigin":"+delete","cTo":[2,25],"cNewPos":[2,24],"cWhen":1.5300104834698572e9,"tag":"Change","cFrom":[2,24],"cText":[""],"cRemoved":[" "]}

{"cOrigin":"+delete","cTo":[2,24],"cNewPos":[2,23],"cWhen":1.5300104835198336e9,"tag":"Change","cFrom":[2,23],"cText":[""],"cRemoved":["o"]}

{"cOrigin":"+delete","cTo":[2,23],"cNewPos":[2,22],"cWhen":1.5300104835698864e9,"tag":"Change","cFrom":[2,22],"cText":[""],"cRemoved":["l"]}

{"cOrigin":"+delete","cTo":[2,22],"cNewPos":[2,21],"cWhen":1.5300104836198862e9,"tag":"Change","cFrom":[2,21],"cText":[""],"cRemoved":[" "]}

{"cOrigin":"+delete","cTo":[2,21],"cNewPos":[2,20],"cWhen":1.5300104836698694e9,"tag":"Change","cFrom":[2,20],"cText":[""],"cRemoved":["i"]}

{"cOrigin":"+delete","cTo":[2,20],"cNewPos":[2,19],"cWhen":1.5300104837198648e9,"tag":"Change","cFrom":[2,19],"cText":[""],"cRemoved":["h"]}

{"cOrigin":"+delete","cTo":[2,19],"cNewPos":[2,18],"cWhen":1.5300104837698867e9,"tag":"Change","cFrom":[2,18],"cText":[""],"cRemoved":[" "]}

{"cOrigin":"+delete","cTo":[2,18],"cNewPos":[2,17],"cWhen":1.5300104838198445e9,"tag":"Change","cFrom":[2,17],"cText":[""],"cRemoved":["o"]}

{"cOrigin":"+delete","cTo":[2,17],"cNewPos":[2,16],"cWhen":1.5300104838699832e9,"tag":"Change","cFrom":[2,16],"cText":[""],"cRemoved":["l"]}

{"cOrigin":"+delete","cTo":[2,16],"cNewPos":[2,15],"cWhen":1.5300104839198601e9,"tag":"Change","cFrom":[2,15],"cText":[""],"cRemoved":["\""]}

{"cOrigin":"+delete","cTo":[2,15],"cNewPos":[2,14],"cWhen":1.5300104839699228e9,"tag":"Change","cFrom":[2,14],"cText":[""],"cRemoved":[" "]}

{"cOrigin":"+delete","cTo":[2,14],"cNewPos":[2,13],"cWhen":1.530010484019858e9,"tag":"Change","cFrom":[2,13],"cText":[""],"cRemoved":["r"]}

{"cOrigin":"+delete","cTo":[2,13],"cNewPos":[2,12],"cWhen":1.5300104840698607e9,"tag":"Change","cFrom":[2,12],"cText":[""],"cRemoved":["e"]}

{"cOrigin":"+delete","cTo":[2,12],"cNewPos":[2,11],"cWhen":1.5300104841198623e9,"tag":"Change","cFrom":[2,11],"cText":[""],"cRemoved":["w"]}

{"cOrigin":"+delete","cTo":[2,11],"cNewPos":[2,10],"cWhen":1.5300104841698463e9,"tag":"Change","cFrom":[2,10],"cText":[""],"cRemoved":["o"]}

{"cOrigin":"+delete","cTo":[2,10],"cNewPos":[2,9],"cWhen":1.5300104842198741e9,"tag":"Change","cFrom":[2,9],"cText":[""],"cRemoved":["l"]}

{"cOrigin":"+delete","cTo":[2,9],"cNewPos":[2,8],"cWhen":1.5300104842698908e9,"tag":"Change","cFrom":[2,8],"cText":[""],"cRemoved":["s"]}

{"cOrigin":"+delete","cTo":[2,8],"cNewPos":[2,7],"cWhen":1.530010484319876e9,"tag":"Change","cFrom":[2,7],"cText":[""],"cRemoved":[" "]}

{"cOrigin":"+delete","cTo":[2,7],"cNewPos":[2,6],"cWhen":1.5300104843698506e9,"tag":"Change","cFrom":[2,6],"cText":[""],"cRemoved":["3"]}

{"cOrigin":"+delete","cTo":[2,6],"cNewPos":[2,5],"cWhen":1.5300104844198704e9,"tag":"Change","cFrom":[2,5],"cText":[""],"cRemoved":[" "]}

{"cOrigin":"+delete","cTo":[2,5],"cNewPos":[2,4],"cWhen":1.5300104844698503e9,"tag":"Change","cFrom":[2,4],"cText":[""],"cRemoved":["y"]}

{"cOrigin":"+delete","cTo":[2,4],"cNewPos":[2,3],"cWhen":1.5300104845203462e9,"tag":"Change","cFrom":[2,3],"cText":[""],"cRemoved":["r"]}

{"cOrigin":"+delete","cTo":[2,3],"cNewPos":[2,2],"cWhen":1.5300104845699675e9,"tag":"Change","cFrom":[2,2],"cText":[""],"cRemoved":["e"]}

{"cOrigin":"+delete","cTo":[2,2],"cNewPos":[2,1],"cWhen":1.5300104846198893e9,"tag":"Change","cFrom":[2,1],"cText":[""],"cRemoved":["v"]}

{"cOrigin":"+delete","cTo":[2,1],"cNewPos":[2,0],"cWhen":1.5300104846698682e9,"tag":"Change","cFrom":[2,0],"cText":[""],"cRemoved":["e"]}

{"cOrigin":"+delete","cTo":[2,0],"cNewPos":[1,0],"cWhen":1.5300104847198699e9,"tag":"Change","cFrom":[1,0],"cText":[""],"cRemoved":["",""]}

{"cOrigin":"+delete","cTo":[1,0],"cNewPos":[0,24],"cWhen":1.530010484769858e9,"tag":"Change","cFrom":[0,24],"cText":[""],"cRemoved":["",""]}

{"cOrigin":"+delete","cTo":[0,24],"cNewPos":[0,23],"cWhen":1.530010484819848e9,"tag":"Change","cFrom":[0,23],"cText":[""],"cRemoved":["\""]}

{"cOrigin":"+delete","cTo":[0,23],"cNewPos":[0,22],"cWhen":1.5300104848698785e9,"tag":"Change","cFrom":[0,22],"cText":[""],"cRemoved":["i"]}

{"cOrigin":"+delete","cTo":[0,22],"cNewPos":[0,21],"cWhen":1.530010484919884e9,"tag":"Change","cFrom":[0,21],"cText":[""],"cRemoved":["h"]}

{"cOrigin":"+delete","cTo":[0,21],"cNewPos":[0,20],"cWhen":1.5300104849698768e9,"tag":"Change","cFrom":[0,20],"cText":[""],"cRemoved":[" "]}

{"cOrigin":"+delete","cTo":[0,20],"cNewPos":[0,19],"cWhen":1.5300104850198498e9,"tag":"Change","cFrom":[0,19],"cText":[""],"cRemoved":["i"]}

{"cOrigin":"+delete","cTo":[0,19],"cNewPos":[0,18],"cWhen":1.530010485069852e9,"tag":"Change","cFrom":[0,18],"cText":[""],"cRemoved":["h"]}

{"cOrigin":"+delete","cTo":[0,18],"cNewPos":[0,17],"cWhen":1.5300104851199625e9,"tag":"Change","cFrom":[0,17],"cText":[""],"cRemoved":[" "]}

{"cOrigin":"+delete","cTo":[0,17],"cNewPos":[0,16],"cWhen":1.5300104851698604e9,"tag":"Change","cFrom":[0,16],"cText":[""],"cRemoved":["o"]}

{"cOrigin":"+delete","cTo":[0,16],"cNewPos":[0,15],"cWhen":1.5300104852198608e9,"tag":"Change","cFrom":[0,15],"cText":[""],"cRemoved":["l"]}

{"cOrigin":"+delete","cTo":[0,15],"cNewPos":[0,14],"cWhen":1.5300104852698789e9,"tag":"Change","cFrom":[0,14],"cText":[""],"cRemoved":[" "]}

{"cOrigin":"+delete","cTo":[0,14],"cNewPos":[0,13],"cWhen":1.5300104853198817e9,"tag":"Change","cFrom":[0,13],"cText":[""],"cRemoved":["o"]}

{"cOrigin":"+delete","cTo":[0,13],"cNewPos":[0,12],"cWhen":1.5300104853698473e9,"tag":"Change","cFrom":[0,12],"cText":[""],"cRemoved":["l"]}

{"cOrigin":"+delete","cTo":[0,12],"cNewPos":[0,11],"cWhen":1.530010485419852e9,"tag":"Change","cFrom":[0,11],"cText":[""],"cRemoved":[" "]}

{"cOrigin":"+delete","cTo":[0,11],"cNewPos":[0,10],"cWhen":1.5300104854698825e9,"tag":"Change","cFrom":[0,10],"cText":[""],"cRemoved":["o"]}

{"cOrigin":"+delete","cTo":[0,10],"cNewPos":[0,9],"cWhen":1.5300104855198867e9,"tag":"Change","cFrom":[0,9],"cText":[""],"cRemoved":["l"]}

{"cOrigin":"+delete","cTo":[0,9],"cNewPos":[0,8],"cWhen":1.5300104855699592e9,"tag":"Change","cFrom":[0,8],"cText":[""],"cRemoved":[" "]}

{"cOrigin":"+delete","cTo":[0,8],"cNewPos":[0,7],"cWhen":1.5300104856199253e9,"tag":"Change","cFrom":[0,7],"cText":[""],"cRemoved":["\""]}

{"cOrigin":"+delete","cTo":[0,7],"cNewPos":[0,6],"cWhen":1.530010485670023e9,"tag":"Change","cFrom":[0,6],"cText":[""],"cRemoved":[" "]}

{"cOrigin":"+delete","cTo":[0,6],"cNewPos":[0,5],"cWhen":1.530010485719847e9,"tag":"Change","cFrom":[0,5],"cText":[""],"cRemoved":["r"]}

{"cOrigin":"+delete","cTo":[0,5],"cNewPos":[0,4],"cWhen":1.5300104857698452e9,"tag":"Change","cFrom":[0,4],"cText":[""],"cRemoved":["e"]}

{"cOrigin":"+delete","cTo":[0,4],"cNewPos":[0,3],"cWhen":1.5300104858198366e9,"tag":"Change","cFrom":[0,3],"cText":[""],"cRemoved":["t"]}

{"cOrigin":"+delete","cTo":[0,3],"cNewPos":[0,2],"cWhen":1.53001048586989e9,"tag":"Change","cFrom":[0,2],"cText":[""],"cRemoved":["s"]}

{"cOrigin":"+delete","cTo":[0,2],"cNewPos":[0,1],"cWhen":1.5300104861651087e9,"tag":"Change","cFrom":[0,1],"cText":[""],"cRemoved":["a"]}

{"cOrigin":"+delete","cTo":[0,1],"cNewPos":[0,0],"cWhen":1.530010486517147e9,"tag":"Change","cFrom":[0,0],"cText":[""],"cRemoved":["f"]}

{"cOrigin":"+input","cTo":[0,0],"cNewPos":[0,1],"cWhen":1.530010487469076e9,"tag":"Change","cFrom":[0,0],"cText":["s"],"cRemoved":[""]}

{"cOrigin":"+input","cTo":[0,1],"cNewPos":[0,2],"cWhen":1.5300104880531523e9,"tag":"Change","cFrom":[0,1],"cText":["o"],"cRemoved":[""]}

{"cOrigin":"+input","cTo":[0,2],"cNewPos":[0,3],"cWhen":1.5300104886614041e9,"tag":"Change","cFrom":[0,2],"cText":["f"],"cRemoved":[""]}

{"cOrigin":"+input","cTo":[0,3],"cNewPos":[0,4],"cWhen":1.5300104900530832e9,"tag":"Change","cFrom":[0,3],"cText":["t"],"cRemoved":[""]}

{"cOrigin":"+input","cTo":[0,4],"cNewPos":[0,5],"cWhen":1.5300104962455022e9,"tag":"Change","cFrom":[0,4],"cText":[" "],"cRemoved":[""]}

{"cOrigin":"+input","cTo":[0,5],"cNewPos":[0,6],"cWhen":1.5300104974615288e9,"tag":"Change","cFrom":[0,5],"cText":["h"],"cRemoved":[""]}

{"cOrigin":"+input","cTo":[0,6],"cNewPos":[0,7],"cWhen":1.5300104977096198e9,"tag":"Change","cFrom":[0,6],"cText":["i"],"cRemoved":[""]}

{"cOrigin":"+input","cTo":[0,7],"cNewPos":[0,8],"cWhen":1.5300104979895802e9,"tag":"Change","cFrom":[0,7],"cText":[" "],"cRemoved":[""]}

{"cOrigin":"+input","cTo":[0,8],"cNewPos":[0,9],"cWhen":1.5300104982534842e9,"tag":"Change","cFrom":[0,8],"cText":["h"],"cRemoved":[""]}

{"cOrigin":"+input","cTo":[0,9],"cNewPos":[0,10],"cWhen":1.5300104985094495e9,"tag":"Change","cFrom":[0,9],"cText":["i"],"cRemoved":[""]}

{"cOrigin":"+delete","cTo":[0,10],"cNewPos":[0,9],"cWhen":1.5300104996693497e9,"tag":"Change","cFrom":[0,9],"cText":[""],"cRemoved":["i"]}

{"cOrigin":"+delete","cTo":[0,9],"cNewPos":[0,8],"cWhen":1.5300104998933396e9,"tag":"Change","cFrom":[0,8],"cText":[""],"cRemoved":["h"]}

{"cOrigin":"+delete","cTo":[0,8],"cNewPos":[0,7],"cWhen":1.5300105001252294e9,"tag":"Change","cFrom":[0,7],"cText":[""],"cRemoved":[" "]}

{"cOrigin":"+delete","cTo":[0,7],"cNewPos":[0,6],"cWhen":1.5300105003893414e9,"tag":"Change","cFrom":[0,6],"cText":[""],"cRemoved":["i"]}

{"cOrigin":"+delete","cTo":[0,6],"cNewPos":[0,5],"cWhen":1.5300105006132522e9,"tag":"Change","cFrom":[0,5],"cText":[""],"cRemoved":["h"]}

{"cOrigin":"+input","cTo":[0,5],"cNewPos":[0,6],"cWhen":1.5300105028775723e9,"tag":"Change","cFrom":[0,5],"cText":["\""],"cRemoved":[""]}

{"cOrigin":"+input","cTo":[0,6],"cNewPos":[0,7],"cWhen":1.5300105032942998e9,"tag":"Change","cFrom":[0,6],"cText":[" "],"cRemoved":[""]}

{"cOrigin":"+input","cTo":[0,7],"cNewPos":[0,8],"cWhen":1.5300105042375386e9,"tag":"Change","cFrom":[0,7],"cText":["h"],"cRemoved":[""]}

{"cOrigin":"+input","cTo":[0,8],"cNewPos":[0,9],"cWhen":1.5300105045094745e9,"tag":"Change","cFrom":[0,8],"cText":["i"],"cRemoved":[""]}

{"cOrigin":"+input","cTo":[0,9],"cNewPos":[0,10],"cWhen":1.530010504797629e9,"tag":"Change","cFrom":[0,9],"cText":[" "],"cRemoved":[""]}

{"cOrigin":"+input","cTo":[0,10],"cNewPos":[0,11],"cWhen":1.5300105050296052e9,"tag":"Change","cFrom":[0,10],"cText":["h"],"cRemoved":[""]}

{"cOrigin":"+input","cTo":[0,11],"cNewPos":[0,12],"cWhen":1.5300105052935522e9,"tag":"Change","cFrom":[0,11],"cText":["i"],"cRemoved":[""]}

{"cOrigin":"+input","cTo":[0,12],"cNewPos":[0,13],"cWhen":1.5300105055496893e9,"tag":"Change","cFrom":[0,12],"cText":[" "],"cRemoved":[""]}

{"cOrigin":"+input","cTo":[0,13],"cNewPos":[0,14],"cWhen":1.5300105058774743e9,"tag":"Change","cFrom":[0,13],"cText":["l"],"cRemoved":[""]}

{"cOrigin":"+input","cTo":[0,14],"cNewPos":[0,15],"cWhen":1.5300105060936449e9,"tag":"Change","cFrom":[0,14],"cText":["o"],"cRemoved":[""]}

{"cOrigin":"+input","cTo":[0,15],"cNewPos":[0,16],"cWhen":1.5300105063735492e9,"tag":"Change","cFrom":[0,15],"cText":[" "],"cRemoved":[""]}

{"cOrigin":"+input","cTo":[0,16],"cNewPos":[0,17],"cWhen":1.5300105066536317e9,"tag":"Change","cFrom":[0,16],"cText":["l"],"cRemoved":[""]}

{"cOrigin":"+input","cTo":[0,17],"cNewPos":[0,18],"cWhen":1.5300105068455236e9,"tag":"Change","cFrom":[0,17],"cText":["o"],"cRemoved":[""]}

{"cOrigin":"+delete","cTo":[0,18],"cNewPos":[0,17],"cWhen":1.530010507861493e9,"tag":"Change","cFrom":[0,17],"cText":[""],"cRemoved":["o"]}

{"cOrigin":"+delete","cTo":[0,17],"cNewPos":[0,16],"cWhen":1.530010508029336e9,"tag":"Change","cFrom":[0,16],"cText":[""],"cRemoved":["l"]}

{"cOrigin":"+delete","cTo":[0,16],"cNewPos":[0,15],"cWhen":1.5300105081974394e9,"tag":"Change","cFrom":[0,15],"cText":[""],"cRemoved":[" "]}

{"cOrigin":"+delete","cTo":[0,15],"cNewPos":[0,14],"cWhen":1.5300105083734567e9,"tag":"Change","cFrom":[0,14],"cText":[""],"cRemoved":["o"]}

{"cOrigin":"+delete","cTo":[0,14],"cNewPos":[0,13],"cWhen":1.530010508565469e9,"tag":"Change","cFrom":[0,13],"cText":[""],"cRemoved":["l"]}

{"cOrigin":"+delete","cTo":[0,13],"cNewPos":[0,12],"cWhen":1.530010508749367e9,"tag":"Change","cFrom":[0,12],"cText":[""],"cRemoved":[" "]}

{"cOrigin":"+delete","cTo":[0,12],"cNewPos":[0,11],"cWhen":1.530010508989475e9,"tag":"Change","cFrom":[0,11],"cText":[""],"cRemoved":["i"]}

{"cOrigin":"+delete","cTo":[0,11],"cNewPos":[0,10],"cWhen":1.5300105091895006e9,"tag":"Change","cFrom":[0,10],"cText":[""],"cRemoved":["h"]}

{"cOrigin":"+delete","cTo":[0,10],"cNewPos":[0,9],"cWhen":1.5300105093894842e9,"tag":"Change","cFrom":[0,9],"cText":[""],"cRemoved":[" "]}

{"cOrigin":"+delete","cTo":[0,9],"cNewPos":[0,8],"cWhen":1.530010509709473e9,"tag":"Change","cFrom":[0,8],"cText":[""],"cRemoved":["i"]}

{"cOrigin":"+delete","cTo":[0,8],"cNewPos":[0,7],"cWhen":1.5300105101574254e9,"tag":"Change","cFrom":[0,7],"cText":[""],"cRemoved":["h"]}

{"cOrigin":"+input","cTo":[0,7],"cNewPos":[0,8],"cWhen":1.530010511077676e9,"tag":"Change","cFrom":[0,7],"cText":["l"],"cRemoved":[""]}

{"cOrigin":"+input","cTo":[0,8],"cNewPos":[0,9],"cWhen":1.5300105112937047e9,"tag":"Change","cFrom":[0,8],"cText":["o"],"cRemoved":[""]}

{"cOrigin":"+input","cTo":[0,9],"cNewPos":[0,10],"cWhen":1.5300105120696752e9,"tag":"Change","cFrom":[0,9],"cText":[" "],"cRemoved":[""]}

{"cOrigin":"+input","cTo":[0,10],"cNewPos":[0,11],"cWhen":1.530010512621602e9,"tag":"Change","cFrom":[0,10],"cText":[";"],"cRemoved":[""]}

{"cOrigin":"+delete","cTo":[0,11],"cNewPos":[0,10],"cWhen":1.530010514165525e9,"tag":"Change","cFrom":[0,10],"cText":[""],"cRemoved":[";"]}

{"cOrigin":"+input","cTo":[0,10],"cNewPos":[0,11],"cWhen":1.5300105151576657e9,"tag":"Change","cFrom":[0,10],"cText":["l"],"cRemoved":[""]}

{"cOrigin":"+input","cTo":[0,11],"cNewPos":[0,12],"cWhen":1.530010515373639e9,"tag":"Change","cFrom":[0,11],"cText":["o"],"cRemoved":[""]}

{"cOrigin":"+input","cTo":[0,12],"cNewPos":[0,13],"cWhen":1.5300105157416255e9,"tag":"Change","cFrom":[0,12],"cText":[" "],"cRemoved":[""]}

{"cOrigin":"+input","cTo":[0,13],"cNewPos":[0,14],"cWhen":1.5300105162057655e9,"tag":"Change","cFrom":[0,13],"cText":["h"],"cRemoved":[""]}

{"cOrigin":"+input","cTo":[0,14],"cNewPos":[0,15],"cWhen":1.5300105164057748e9,"tag":"Change","cFrom":[0,14],"cText":["i"],"cRemoved":[""]}

{"cOrigin":"+input","cTo":[0,15],"cNewPos":[0,16],"cWhen":1.5300105192938263e9,"tag":"Change","cFrom":[0,15],"cText":["\""],"cRemoved":[""]}

{"cWhen":1.530010525791348e9,"tag":"Eval","cAll":true}

{"cWhen":1.530010529943527e9,"tag":"Eval","cAll":true}

{"cOrigin":"+delete","cTo":[0,16],"cNewPos":[0,15],"cWhen":1.5300105331418102e9,"tag":"Change","cFrom":[0,15],"cText":[""],"cRemoved":["\""]}

{"cOrigin":"+delete","cTo":[0,15],"cNewPos":[0,14],"cWhen":1.5300105333577054e9,"tag":"Change","cFrom":[0,14],"cText":[""],"cRemoved":["i"]}

{"cOrigin":"+delete","cTo":[0,14],"cNewPos":[0,13],"cWhen":1.5300105335658774e9,"tag":"Change","cFrom":[0,13],"cText":[""],"cRemoved":["h"]}

{"cOrigin":"+delete","cTo":[0,13],"cNewPos":[0,12],"cWhen":1.5300105337578597e9,"tag":"Change","cFrom":[0,12],"cText":[""],"cRemoved":[" "]}

{"cOrigin":"+delete","cTo":[0,12],"cNewPos":[0,11],"cWhen":1.5300105339417827e9,"tag":"Change","cFrom":[0,11],"cText":[""],"cRemoved":["o"]}

{"cOrigin":"+delete","cTo":[0,11],"cNewPos":[0,10],"cWhen":1.5300105341417766e9,"tag":"Change","cFrom":[0,10],"cText":[""],"cRemoved":["l"]}

{"cOrigin":"+delete","cTo":[0,10],"cNewPos":[0,9],"cWhen":1.5300105343338737e9,"tag":"Change","cFrom":[0,9],"cText":[""],"cRemoved":[" "]}

{"cOrigin":"+delete","cTo":[0,9],"cNewPos":[0,8],"cWhen":1.5300105345418386e9,"tag":"Change","cFrom":[0,8],"cText":[""],"cRemoved":["o"]}

{"cOrigin":"+delete","cTo":[0,8],"cNewPos":[0,7],"cWhen":1.5300105347418277e9,"tag":"Change","cFrom":[0,7],"cText":[""],"cRemoved":["l"]}

{"cOrigin":"+delete","cTo":[0,7],"cNewPos":[0,6],"cWhen":1.5300105349418404e9,"tag":"Change","cFrom":[0,6],"cText":[""],"cRemoved":[" "]}

{"cOrigin":"+delete","cTo":[0,6],"cNewPos":[0,5],"cWhen":1.5300105351337318e9,"tag":"Change","cFrom":[0,5],"cText":[""],"cRemoved":["\""]}

{"cOrigin":"+delete","cTo":[0,5],"cNewPos":[0,4],"cWhen":1.5300105353097818e9,"tag":"Change","cFrom":[0,4],"cText":[""],"cRemoved":[" "]}

{"cOrigin":"+delete","cTo":[0,4],"cNewPos":[0,3],"cWhen":1.5300105355178583e9,"tag":"Change","cFrom":[0,3],"cText":[""],"cRemoved":["t"]}

{"cOrigin":"+delete","cTo":[0,3],"cNewPos":[0,2],"cWhen":1.5300105358138573e9,"tag":"Change","cFrom":[0,2],"cText":[""],"cRemoved":["f"]}

{"cOrigin":"+delete","cTo":[0,2],"cNewPos":[0,1],"cWhen":1.530010536021708e9,"tag":"Change","cFrom":[0,1],"cText":[""],"cRemoved":["o"]}

{"cOrigin":"+delete","cTo":[0,1],"cNewPos":[0,0],"cWhen":1.530010536421874e9,"tag":"Change","cFrom":[0,0],"cText":[""],"cRemoved":["s"]}

{"cOrigin":"+input","cTo":[0,0],"cNewPos":[0,1],"cWhen":1.530010537782244e9,"tag":"Change","cFrom":[0,0],"cText":["s"],"cRemoved":[""]}

{"cOrigin":"+input","cTo":[0,1],"cNewPos":[0,2],"cWhen":1.5300105381901233e9,"tag":"Change","cFrom":[0,1],"cText":["l"],"cRemoved":[""]}

{"cOrigin":"+input","cTo":[0,2],"cNewPos":[0,3],"cWhen":1.5300105385020242e9,"tag":"Change","cFrom":[0,2],"cText":["o"],"cRemoved":[""]}

{"cOrigin":"+input","cTo":[0,3],"cNewPos":[0,4],"cWhen":1.5300105394220967e9,"tag":"Change","cFrom":[0,3],"cText":["w"],"cRemoved":[""]}

{"cOrigin":"+input","cTo":[0,4],"cNewPos":[0,5],"cWhen":1.5300105396459668e9,"tag":"Change","cFrom":[0,4],"cText":["e"],"cRemoved":[""]}

{"cOrigin":"+input","cTo":[0,5],"cNewPos":[0,6],"cWhen":1.5300105398861208e9,"tag":"Change","cFrom":[0,5],"cText":["r"],"cRemoved":[""]}

{"cOrigin":"+input","cTo":[0,6],"cNewPos":[0,7],"cWhen":1.5300105413019981e9,"tag":"Change","cFrom":[0,6],"cText":[" "],"cRemoved":[""]}

{"cOrigin":"+input","cTo":[0,7],"cNewPos":[0,8],"cWhen":1.5300105464303024e9,"tag":"Change","cFrom":[0,7],"cText":["\""],"cRemoved":[""]}

{"cOrigin":"+input","cTo":[0,8],"cNewPos":[0,9],"cWhen":1.53001054818216e9,"tag":"Change","cFrom":[0,8],"cText":["l"],"cRemoved":[""]}

{"cOrigin":"+input","cTo":[0,9],"cNewPos":[0,10],"cWhen":1.5300105484220903e9,"tag":"Change","cFrom":[0,9],"cText":["o"],"cRemoved":[""]}

{"cOrigin":"+input","cTo":[0,10],"cNewPos":[0,11],"cWhen":1.5300105487823443e9,"tag":"Change","cFrom":[0,10],"cText":[" "],"cRemoved":[""]}

{"cOrigin":"+input","cTo":[0,11],"cNewPos":[0,12],"cWhen":1.5300105490861328e9,"tag":"Change","cFrom":[0,11],"cText":["l"],"cRemoved":[""]}

{"cOrigin":"+input","cTo":[0,12],"cNewPos":[0,13],"cWhen":1.5300105493741438e9,"tag":"Change","cFrom":[0,12],"cText":["o"],"cRemoved":[""]}

{"cOrigin":"+input","cTo":[0,13],"cNewPos":[0,14],"cWhen":1.530010549734217e9,"tag":"Change","cFrom":[0,13],"cText":[" "],"cRemoved":[""]}

{"cOrigin":"+input","cTo":[0,14],"cNewPos":[0,15],"cWhen":1.5300105500381613e9,"tag":"Change","cFrom":[0,14],"cText":["l"],"cRemoved":[""]}

{"cOrigin":"+input","cTo":[0,15],"cNewPos":[0,16],"cWhen":1.5300105503101678e9,"tag":"Change","cFrom":[0,15],"cText":["o"],"cRemoved":[""]}

{"cOrigin":"+input","cTo":[0,16],"cNewPos":[0,17],"cWhen":1.5300105506303e9,"tag":"Change","cFrom":[0,16],"cText":[" "],"cRemoved":[""]}

{"cOrigin":"+input","cTo":[0,17],"cNewPos":[0,18],"cWhen":1.5300105515582075e9,"tag":"Change","cFrom":[0,17],"cText":["l"],"cRemoved":[""]}

{"cOrigin":"+input","cTo":[0,18],"cNewPos":[0,19],"cWhen":1.5300105517822084e9,"tag":"Change","cFrom":[0,18],"cText":["o"],"cRemoved":[""]}

{"cOrigin":"+input","cTo":[0,19],"cNewPos":[0,20],"cWhen":1.5300105541503708e9,"tag":"Change","cFrom":[0,19],"cText":["\""],"cRemoved":[""]}

{"cOrigin":"+delete","cTo":[0,20],"cNewPos":[0,19],"cWhen":1.5300105562300465e9,"tag":"Change","cFrom":[0,19],"cText":[""],"cRemoved":["\""]}

{"cOrigin":"+input","cTo":[0,19],"cNewPos":[0,20],"cWhen":1.5300105581423016e9,"tag":"Change","cFrom":[0,19],"cText":["\""],"cRemoved":[""]}

{"cOrigin":"+input","cTo":[0,20],"cNewPos":[1,0],"cWhen":1.5300105593106725e9,"tag":"Change","cFrom":[0,20],"cText":["",""],"cRemoved":[""]}

{"cOrigin":"+input","cTo":[1,0],"cNewPos":[2,0],"cWhen":1.5300105599021082e9,"tag":"Change","cFrom":[1,0],"cText":["",""],"cRemoved":[""]}

{"cOrigin":"+input","cTo":[2,0],"cNewPos":[2,1],"cWhen":1.5300105620943017e9,"tag":"Change","cFrom":[2,0],"cText":["f"],"cRemoved":[""]}

{"cOrigin":"+input","cTo":[2,1],"cNewPos":[2,2],"cWhen":1.530010562302339e9,"tag":"Change","cFrom":[2,1],"cText":["a"],"cRemoved":[""]}

{"cOrigin":"+input","cTo":[2,2],"cNewPos":[2,3],"cWhen":1.5300105629662106e9,"tag":"Change","cFrom":[2,2],"cText":["s"],"cRemoved":[""]}

{"cOrigin":"+input","cTo":[2,3],"cNewPos":[2,4],"cWhen":1.5300105636382332e9,"tag":"Change","cFrom":[2,3],"cText":["t"],"cRemoved":[""]}

{"cOrigin":"+input","cTo":[2,4],"cNewPos":[2,5],"cWhen":1.5300105640782309e9,"tag":"Change","cFrom":[2,4],"cText":["e"],"cRemoved":[""]}

{"cOrigin":"+input","cTo":[2,5],"cNewPos":[2,6],"cWhen":1.5300105642382789e9,"tag":"Change","cFrom":[2,5],"cText":["r"],"cRemoved":[""]}

{"cOrigin":"+input","cTo":[2,6],"cNewPos":[2,7],"cWhen":1.530010565486295e9,"tag":"Change","cFrom":[2,6],"cText":[" "],"cRemoved":[""]}

{"cOrigin":"+input","cTo":[2,7],"cNewPos":[2,8],"cWhen":1.5300105668783407e9,"tag":"Change","cFrom":[2,7],"cText":["\""],"cRemoved":[""]}

{"cOrigin":"+input","cTo":[2,8],"cNewPos":[2,9],"cWhen":1.5300105694624012e9,"tag":"Change","cFrom":[2,8],"cText":["h"],"cRemoved":[""]}

{"cOrigin":"+input","cTo":[2,9],"cNewPos":[2,10],"cWhen":1.5300105697262611e9,"tag":"Change","cFrom":[2,9],"cText":["i"],"cRemoved":[""]}

{"cOrigin":"+input","cTo":[2,10],"cNewPos":[2,11],"cWhen":1.5300105699824033e9,"tag":"Change","cFrom":[2,10],"cText":[" "],"cRemoved":[""]}

{"cOrigin":"+input","cTo":[2,11],"cNewPos":[2,12],"cWhen":1.5300105702944438e9,"tag":"Change","cFrom":[2,11],"cText":["l"],"cRemoved":[""]}

{"cOrigin":"+input","cTo":[2,12],"cNewPos":[2,13],"cWhen":1.5300105705664794e9,"tag":"Change","cFrom":[2,12],"cText":["o"],"cRemoved":[""]}

{"cOrigin":"+input","cTo":[2,13],"cNewPos":[2,14],"cWhen":1.5300105708944798e9,"tag":"Change","cFrom":[2,13],"cText":[" "],"cRemoved":[""]}

{"cOrigin":"+input","cTo":[2,14],"cNewPos":[2,15],"cWhen":1.5300105711905177e9,"tag":"Change","cFrom":[2,14],"cText":["h"],"cRemoved":[""]}

{"cOrigin":"+input","cTo":[2,15],"cNewPos":[2,16],"cWhen":1.5300105713905118e9,"tag":"Change","cFrom":[2,15],"cText":["i"],"cRemoved":[""]}

{"cOrigin":"+input","cTo":[2,16],"cNewPos":[2,17],"cWhen":1.5300105716463826e9,"tag":"Change","cFrom":[2,16],"cText":[" "],"cRemoved":[""]}

{"cOrigin":"+input","cTo":[2,17],"cNewPos":[2,18],"cWhen":1.5300105719265378e9,"tag":"Change","cFrom":[2,17],"cText":["l"],"cRemoved":[""]}

{"cOrigin":"+input","cTo":[2,18],"cNewPos":[2,19],"cWhen":1.530010572126412e9,"tag":"Change","cFrom":[2,18],"cText":["o"],"cRemoved":[""]}

{"cOrigin":"+input","cTo":[2,19],"cNewPos":[2,20],"cWhen":1.530010572414509e9,"tag":"Change","cFrom":[2,19],"cText":[" "],"cRemoved":[""]}

{"cOrigin":"+input","cTo":[2,20],"cNewPos":[2,21],"cWhen":1.5300105726785161e9,"tag":"Change","cFrom":[2,20],"cText":["h"],"cRemoved":[""]}

{"cOrigin":"+input","cTo":[2,21],"cNewPos":[2,22],"cWhen":1.5300105728944154e9,"tag":"Change","cFrom":[2,21],"cText":["i"],"cRemoved":[""]}

{"cOrigin":"+input","cTo":[2,22],"cNewPos":[2,23],"cWhen":1.5300105752385707e9,"tag":"Change","cFrom":[2,22],"cText":["\""],"cRemoved":[""]}

{"cOrigin":"+delete","cTo":[2,23],"cNewPos":[2,22],"cWhen":1.530010577550907e9,"tag":"Change","cFrom":[2,22],"cText":[""],"cRemoved":["\""]}

{"cOrigin":"+input","cTo":[2,22],"cNewPos":[2,23],"cWhen":1.5300105793665724e9,"tag":"Change","cFrom":[2,22],"cText":["\""],"cRemoved":[""]}

{"cOrigin":"+input","cTo":[2,23],"cNewPos":[3,0],"cWhen":1.5300105800784285e9,"tag":"Change","cFrom":[2,23],"cText":["",""],"cRemoved":[""]}

{"cOrigin":"+input","cTo":[3,0],"cNewPos":[4,0],"cWhen":1.5300105806785073e9,"tag":"Change","cFrom":[3,0],"cText":["",""],"cRemoved":[""]}

{"cOrigin":"+input","cTo":[4,0],"cNewPos":[4,1],"cWhen":1.530010590502511e9,"tag":"Change","cFrom":[4,0],"cText":["c"],"cRemoved":[""]}

{"cOrigin":"+input","cTo":[4,1],"cNewPos":[4,2],"cWhen":1.5300105930067103e9,"tag":"Change","cFrom":[4,1],"cText":["r"],"cRemoved":[""]}

{"cOrigin":"+input","cTo":[4,2],"cNewPos":[4,3],"cWhen":1.5300105936066778e9,"tag":"Change","cFrom":[4,2],"cText":["u"],"cRemoved":[""]}

{"cOrigin":"+input","cTo":[4,3],"cNewPos":[4,4],"cWhen":1.5300105940147982e9,"tag":"Change","cFrom":[4,3],"cText":["n"],"cRemoved":[""]}

{"cOrigin":"+input","cTo":[4,4],"cNewPos":[4,5],"cWhen":1.5300105945667033e9,"tag":"Change","cFrom":[4,4],"cText":["c"],"cRemoved":[""]}

{"cOrigin":"+input","cTo":[4,5],"cNewPos":[4,6],"cWhen":1.5300105948307316e9,"tag":"Change","cFrom":[4,5],"cText":["h"],"cRemoved":[""]}

{"cOrigin":"+input","cTo":[4,6],"cNewPos":[4,7],"cWhen":1.5300105955908296e9,"tag":"Change","cFrom":[4,6],"cText":[" "],"cRemoved":[""]}

{"cOrigin":"+input","cTo":[4,7],"cNewPos":[4,8],"cWhen":1.5300105999507666e9,"tag":"Change","cFrom":[4,7],"cText":["\""],"cRemoved":[""]}

{"cOrigin":"+input","cTo":[4,8],"cNewPos":[4,9],"cWhen":1.5300106006628304e9,"tag":"Change","cFrom":[4,8],"cText":[" "],"cRemoved":[""]}

{"cOrigin":"+delete","cTo":[4,9],"cNewPos":[4,8],"cWhen":1.5300106021105723e9,"tag":"Change","cFrom":[4,8],"cText":[""],"cRemoved":[" "]}

{"cOrigin":"+input","cTo":[4,8],"cNewPos":[4,9],"cWhen":1.5300106036387057e9,"tag":"Change","cFrom":[4,8],"cText":["h"],"cRemoved":[""]}

{"cOrigin":"+input","cTo":[4,9],"cNewPos":[4,10],"cWhen":1.5300106038788922e9,"tag":"Change","cFrom":[4,9],"cText":["i"],"cRemoved":[""]}

{"cOrigin":"+input","cTo":[4,10],"cNewPos":[4,11],"cWhen":1.5300106042628696e9,"tag":"Change","cFrom":[4,10],"cText":[" "],"cRemoved":[""]}

{"cOrigin":"+input","cTo":[4,11],"cNewPos":[4,12],"cWhen":1.5300106047108245e9,"tag":"Change","cFrom":[4,11],"cText":["l"],"cRemoved":[""]}

{"cOrigin":"+input","cTo":[4,12],"cNewPos":[4,13],"cWhen":1.5300106049347818e9,"tag":"Change","cFrom":[4,12],"cText":["o"],"cRemoved":[""]}

{"cOrigin":"+input","cTo":[4,13],"cNewPos":[4,14],"cWhen":1.5300106052388837e9,"tag":"Change","cFrom":[4,13],"cText":[" "],"cRemoved":[""]}

{"cOrigin":"+input","cTo":[4,14],"cNewPos":[4,15],"cWhen":1.5300106055187547e9,"tag":"Change","cFrom":[4,14],"cText":["h"],"cRemoved":[""]}

{"cOrigin":"+input","cTo":[4,15],"cNewPos":[4,16],"cWhen":1.5300106057427547e9,"tag":"Change","cFrom":[4,15],"cText":["i"],"cRemoved":[""]}

{"cOrigin":"+input","cTo":[4,16],"cNewPos":[4,17],"cWhen":1.5300106059828203e9,"tag":"Change","cFrom":[4,16],"cText":[" "],"cRemoved":[""]}

{"cOrigin":"+input","cTo":[4,17],"cNewPos":[4,18],"cWhen":1.530010606326873e9,"tag":"Change","cFrom":[4,17],"cText":["l"],"cRemoved":[""]}

{"cOrigin":"+input","cTo":[4,18],"cNewPos":[4,19],"cWhen":1.5300106065349035e9,"tag":"Change","cFrom":[4,18],"cText":["o"],"cRemoved":[""]}

{"cOrigin":"+input","cTo":[4,19],"cNewPos":[4,20],"cWhen":1.530010608550849e9,"tag":"Change","cFrom":[4,19],"cText":["\""],"cRemoved":[""]}
