{"cOrigin":"+input","cTo":[6,23],"cNewPos":[7,0],"cWhen":1.5300021021794379e9,"tag":"Change","cFrom":[6,23],"cText":["",""],"cRemoved":[""]}

{"cOrigin":"+input","cTo":[7,0],"cNewPos":[8,0],"cWhen":1.5300021024355147e9,"tag":"Change","cFrom":[7,0],"cText":["",""],"cRemoved":[""]}

{"cOrigin":"+input","cTo":[8,0],"cNewPos":[8,1],"cWhen":1.5300021301466162e9,"tag":"Change","cFrom":[8,0],"cText":["\""],"cRemoved":[""]}

{"cOrigin":"+input","cTo":[8,1],"cNewPos":[8,2],"cWhen":1.5300021315681903e9,"tag":"Change","cFrom":[8,1],"cText":["h"],"cRemoved":[""]}

{"cOrigin":"+input","cTo":[8,2],"cNewPos":[8,3],"cWhen":1.5300021317869625e9,"tag":"Change","cFrom":[8,2],"cText":["i"],"cRemoved":[""]}

{"cOrigin":"+input","cTo":[8,3],"cNewPos":[8,4],"cWhen":1.530002132034838e9,"tag":"Change","cFrom":[8,3],"cText":[" "],"cRemoved":[""]}

{"cOrigin":"+input","cTo":[8,4],"cNewPos":[8,5],"cWhen":1.5300021322428634e9,"tag":"Change","cFrom":[8,4],"cText":["h"],"cRemoved":[""]}

{"cOrigin":"+input","cTo":[8,5],"cNewPos":[8,6],"cWhen":1.5300021324430149e9,"tag":"Change","cFrom":[8,5],"cText":["i"],"cRemoved":[""]}

{"cOrigin":"+input","cTo":[8,6],"cNewPos":[8,7],"cWhen":1.5300021327231572e9,"tag":"Change","cFrom":[8,6],"cText":[" "],"cRemoved":[""]}

{"cOrigin":"+input","cTo":[8,7],"cNewPos":[8,8],"cWhen":1.5300021329553676e9,"tag":"Change","cFrom":[8,7],"cText":["h"],"cRemoved":[""]}

{"cOrigin":"+input","cTo":[8,8],"cNewPos":[8,9],"cWhen":1.530002133173306e9,"tag":"Change","cFrom":[8,8],"cText":["i"],"cRemoved":[""]}

{"cOrigin":"+input","cTo":[8,9],"cNewPos":[8,10],"cWhen":1.5300021334272215e9,"tag":"Change","cFrom":[8,9],"cText":[" "],"cRemoved":[""]}

{"cOrigin":"+delete","cTo":[8,10],"cNewPos":[8,9],"cWhen":1.5300021688868515e9,"tag":"Change","cFrom":[8,9],"cText":[""],"cRemoved":[" "]}

{"cOrigin":"+delete","cTo":[8,9],"cNewPos":[8,8],"cWhen":1.5300021691456065e9,"tag":"Change","cFrom":[8,8],"cText":[""],"cRemoved":["i"]}

{"cOrigin":"+delete","cTo":[8,8],"cNewPos":[8,7],"cWhen":1.5300021691955743e9,"tag":"Change","cFrom":[8,7],"cText":[""],"cRemoved":["h"]}

{"cOrigin":"+delete","cTo":[8,7],"cNewPos":[8,6],"cWhen":1.5300021692455513e9,"tag":"Change","cFrom":[8,6],"cText":[""],"cRemoved":[" "]}

{"cOrigin":"+delete","cTo":[8,6],"cNewPos":[8,5],"cWhen":1.5300021692955542e9,"tag":"Change","cFrom":[8,5],"cText":[""],"cRemoved":["i"]}

{"cOrigin":"+delete","cTo":[8,5],"cNewPos":[8,4],"cWhen":1.530002169345537e9,"tag":"Change","cFrom":[8,4],"cText":[""],"cRemoved":["h"]}

{"cOrigin":"+delete","cTo":[8,4],"cNewPos":[8,3],"cWhen":1.5300021693955169e9,"tag":"Change","cFrom":[8,3],"cText":[""],"cRemoved":[" "]}

{"cOrigin":"+delete","cTo":[8,3],"cNewPos":[8,2],"cWhen":1.5300021694455185e9,"tag":"Change","cFrom":[8,2],"cText":[""],"cRemoved":["i"]}

{"cOrigin":"+delete","cTo":[8,2],"cNewPos":[8,1],"cWhen":1.5300021694955451e9,"tag":"Change","cFrom":[8,1],"cText":[""],"cRemoved":["h"]}

{"cOrigin":"+delete","cTo":[8,1],"cNewPos":[8,0],"cWhen":1.5300021695455556e9,"tag":"Change","cFrom":[8,0],"cText":[""],"cRemoved":["\""]}

{"cOrigin":"+delete","cTo":[8,0],"cNewPos":[7,0],"cWhen":1.5300021695956674e9,"tag":"Change","cFrom":[7,0],"cText":[""],"cRemoved":["",""]}

{"cOrigin":"+delete","cTo":[7,0],"cNewPos":[6,23],"cWhen":1.5300021696455617e9,"tag":"Change","cFrom":[6,23],"cText":[""],"cRemoved":["",""]}

{"cOrigin":"+delete","cTo":[6,23],"cNewPos":[6,22],"cWhen":1.5300021696955285e9,"tag":"Change","cFrom":[6,22],"cText":[""],"cRemoved":["\""]}

{"cOrigin":"+delete","cTo":[6,22],"cNewPos":[6,21],"cWhen":1.530002169745521e9,"tag":"Change","cFrom":[6,21],"cText":[""],"cRemoved":["i"]}

{"cOrigin":"+delete","cTo":[6,21],"cNewPos":[6,20],"cWhen":1.5300021697956681e9,"tag":"Change","cFrom":[6,20],"cText":[""],"cRemoved":["h"]}

{"cOrigin":"+delete","cTo":[6,20],"cNewPos":[6,19],"cWhen":1.53000216984556e9,"tag":"Change","cFrom":[6,19],"cText":[""],"cRemoved":[" "]}

{"cOrigin":"+delete","cTo":[6,19],"cNewPos":[6,18],"cWhen":1.5300021698955622e9,"tag":"Change","cFrom":[6,18],"cText":[""],"cRemoved":["i"]}

{"cOrigin":"+delete","cTo":[6,18],"cNewPos":[6,17],"cWhen":1.530002169945577e9,"tag":"Change","cFrom":[6,17],"cText":[""],"cRemoved":["h"]}

{"cOrigin":"+delete","cTo":[6,17],"cNewPos":[6,16],"cWhen":1.530002169995572e9,"tag":"Change","cFrom":[6,16],"cText":[""],"cRemoved":[" "]}

{"cOrigin":"+delete","cTo":[6,16],"cNewPos":[6,15],"cWhen":1.530002170045607e9,"tag":"Change","cFrom":[6,15],"cText":[""],"cRemoved":["i"]}

{"cOrigin":"+delete","cTo":[6,15],"cNewPos":[6,14],"cWhen":1.5300021700956092e9,"tag":"Change","cFrom":[6,14],"cText":[""],"cRemoved":["h"]}

{"cOrigin":"+delete","cTo":[6,14],"cNewPos":[6,13],"cWhen":1.5300021701456878e9,"tag":"Change","cFrom":[6,13],"cText":[""],"cRemoved":[" "]}

{"cOrigin":"+delete","cTo":[6,13],"cNewPos":[6,12],"cWhen":1.5300021701956322e9,"tag":"Change","cFrom":[6,12],"cText":[""],"cRemoved":["i"]}

{"cOrigin":"+delete","cTo":[6,12],"cNewPos":[6,11],"cWhen":1.5300021702456264e9,"tag":"Change","cFrom":[6,11],"cText":[""],"cRemoved":["h"]}

{"cOrigin":"+delete","cTo":[6,11],"cNewPos":[6,10],"cWhen":1.5300021702956216e9,"tag":"Change","cFrom":[6,10],"cText":[""],"cRemoved":[" "]}

{"cOrigin":"+delete","cTo":[6,10],"cNewPos":[6,9],"cWhen":1.5300021703455875e9,"tag":"Change","cFrom":[6,9],"cText":[""],"cRemoved":["i"]}

{"cOrigin":"+delete","cTo":[6,9],"cNewPos":[6,8],"cWhen":1.530002170395605e9,"tag":"Change","cFrom":[6,8],"cText":[""],"cRemoved":["h"]}

{"cOrigin":"+delete","cTo":[6,8],"cNewPos":[6,7],"cWhen":1.5300021704456065e9,"tag":"Change","cFrom":[6,7],"cText":[""],"cRemoved":["\""]}

{"cOrigin":"+delete","cTo":[6,7],"cNewPos":[6,6],"cWhen":1.5300021704956021e9,"tag":"Change","cFrom":[6,6],"cText":[""],"cRemoved":[" "]}

{"cOrigin":"+delete","cTo":[6,6],"cNewPos":[6,5],"cWhen":1.5300021705456545e9,"tag":"Change","cFrom":[6,5],"cText":[""],"cRemoved":["r"]}

{"cOrigin":"+delete","cTo":[6,5],"cNewPos":[6,4],"cWhen":1.5300021705955808e9,"tag":"Change","cFrom":[6,4],"cText":[""],"cRemoved":["e"]}

{"cOrigin":"+delete","cTo":[6,4],"cNewPos":[6,3],"cWhen":1.5300021706455402e9,"tag":"Change","cFrom":[6,3],"cText":[""],"cRemoved":["t"]}

{"cOrigin":"+delete","cTo":[6,3],"cNewPos":[6,2],"cWhen":1.5300021706955853e9,"tag":"Change","cFrom":[6,2],"cText":[""],"cRemoved":["s"]}

{"cOrigin":"+delete","cTo":[6,2],"cNewPos":[6,1],"cWhen":1.5300021707457595e9,"tag":"Change","cFrom":[6,1],"cText":[""],"cRemoved":["a"]}

{"cOrigin":"+delete","cTo":[6,1],"cNewPos":[6,0],"cWhen":1.5300021707956192e9,"tag":"Change","cFrom":[6,0],"cText":[""],"cRemoved":["f"]}

{"cOrigin":"+delete","cTo":[6,0],"cNewPos":[5,0],"cWhen":1.5300021708456452e9,"tag":"Change","cFrom":[5,0],"cText":[""],"cRemoved":["",""]}

{"cOrigin":"+delete","cTo":[5,0],"cNewPos":[4,16],"cWhen":1.5300021708956175e9,"tag":"Change","cFrom":[4,16],"cText":[""],"cRemoved":["",""]}

{"cOrigin":"+delete","cTo":[4,16],"cNewPos":[4,15],"cWhen":1.5300021709456055e9,"tag":"Change","cFrom":[4,15],"cText":[""],"cRemoved":["\""]}

{"cOrigin":"+delete","cTo":[4,15],"cNewPos":[4,14],"cWhen":1.5300021709956114e9,"tag":"Change","cFrom":[4,14],"cText":[""],"cRemoved":["o"]}

{"cOrigin":"+delete","cTo":[4,14],"cNewPos":[4,13],"cWhen":1.5300021710456164e9,"tag":"Change","cFrom":[4,13],"cText":[""],"cRemoved":["l"]}

{"cOrigin":"+delete","cTo":[4,13],"cNewPos":[4,12],"cWhen":1.5300021710955932e9,"tag":"Change","cFrom":[4,12],"cText":[""],"cRemoved":[" "]}

{"cOrigin":"+delete","cTo":[4,12],"cNewPos":[4,11],"cWhen":1.5300021711456342e9,"tag":"Change","cFrom":[4,11],"cText":[""],"cRemoved":["i"]}

{"cOrigin":"+delete","cTo":[4,11],"cNewPos":[4,10],"cWhen":1.530002171195605e9,"tag":"Change","cFrom":[4,10],"cText":[""],"cRemoved":["h"]}

{"cOrigin":"+delete","cTo":[4,10],"cNewPos":[4,9],"cWhen":1.530002171245627e9,"tag":"Change","cFrom":[4,9],"cText":[""],"cRemoved":[" "]}

{"cOrigin":"+delete","cTo":[4,9],"cNewPos":[4,8],"cWhen":1.5300021712955985e9,"tag":"Change","cFrom":[4,8],"cText":[""],"cRemoved":["i"]}

{"cOrigin":"+delete","cTo":[4,8],"cNewPos":[4,7],"cWhen":1.5300021713455975e9,"tag":"Change","cFrom":[4,7],"cText":[""],"cRemoved":["h"]}

{"cOrigin":"+delete","cTo":[4,7],"cNewPos":[4,6],"cWhen":1.530002171395678e9,"tag":"Change","cFrom":[4,6],"cText":[""],"cRemoved":["\""]}

{"cOrigin":"+delete","cTo":[4,6],"cNewPos":[4,5],"cWhen":1.5300021714456205e9,"tag":"Change","cFrom":[4,5],"cText":[""],"cRemoved":["r"]}

{"cOrigin":"+delete","cTo":[4,5],"cNewPos":[4,4],"cWhen":1.5300021714956067e9,"tag":"Change","cFrom":[4,4],"cText":[""],"cRemoved":["e"]}

{"cOrigin":"+delete","cTo":[4,4],"cNewPos":[4,3],"cWhen":1.530002171545613e9,"tag":"Change","cFrom":[4,3],"cText":[""],"cRemoved":["w"]}

{"cOrigin":"+delete","cTo":[4,3],"cNewPos":[4,2],"cWhen":1.5300021715955987e9,"tag":"Change","cFrom":[4,2],"cText":[""],"cRemoved":["o"]}

{"cOrigin":"+delete","cTo":[4,2],"cNewPos":[4,1],"cWhen":1.530002171645616e9,"tag":"Change","cFrom":[4,1],"cText":[""],"cRemoved":["l"]}

{"cOrigin":"+delete","cTo":[4,1],"cNewPos":[4,0],"cWhen":1.5300021716955788e9,"tag":"Change","cFrom":[4,0],"cText":[""],"cRemoved":["s"]}

{"cOrigin":"+delete","cTo":[4,0],"cNewPos":[3,0],"cWhen":1.530002171745603e9,"tag":"Change","cFrom":[3,0],"cText":[""],"cRemoved":["",""]}

{"cOrigin":"+delete","cTo":[3,0],"cNewPos":[2,25],"cWhen":1.5300021717956243e9,"tag":"Change","cFrom":[2,25],"cText":[""],"cRemoved":["",""]}

{"cOrigin":"+delete","cTo":[2,25],"cNewPos":[2,24],"cWhen":1.5300021718456366e9,"tag":"Change","cFrom":[2,24],"cText":[""],"cRemoved":["\""]}

{"cOrigin":"+delete","cTo":[2,24],"cNewPos":[2,23],"cWhen":1.5300021718955948e9,"tag":"Change","cFrom":[2,23],"cText":[""],"cRemoved":["2"]}

{"cOrigin":"+delete","cTo":[2,23],"cNewPos":[2,22],"cWhen":1.5300021719455922e9,"tag":"Change","cFrom":[2,22],"cText":[""],"cRemoved":["*"]}

{"cOrigin":"+delete","cTo":[2,22],"cNewPos":[2,21],"cWhen":1.5300021719956317e9,"tag":"Change","cFrom":[2,21],"cText":[""],"cRemoved":["o"]}

{"cOrigin":"+delete","cTo":[2,21],"cNewPos":[2,20],"cWhen":1.5300021720456784e9,"tag":"Change","cFrom":[2,20],"cText":[""],"cRemoved":["l"]}

{"cOrigin":"+delete","cTo":[2,20],"cNewPos":[2,19],"cWhen":1.5300021720956306e9,"tag":"Change","cFrom":[2,19],"cText":[""],"cRemoved":[" "]}

{"cOrigin":"+delete","cTo":[2,19],"cNewPos":[2,18],"cWhen":1.5300021721456177e9,"tag":"Change","cFrom":[2,18],"cText":[""],"cRemoved":["i"]}

{"cOrigin":"+delete","cTo":[2,18],"cNewPos":[2,17],"cWhen":1.5300021721955643e9,"tag":"Change","cFrom":[2,17],"cText":[""],"cRemoved":["h"]}

{"cOrigin":"+delete","cTo":[2,17],"cNewPos":[2,16],"cWhen":1.530002172245639e9,"tag":"Change","cFrom":[2,16],"cText":[""],"cRemoved":["\""]}

{"cOrigin":"+delete","cTo":[2,16],"cNewPos":[2,15],"cWhen":1.5300021722955985e9,"tag":"Change","cFrom":[2,15],"cText":[""],"cRemoved":[" "]}

{"cOrigin":"+delete","cTo":[2,15],"cNewPos":[2,14],"cWhen":1.5300021723458805e9,"tag":"Change","cFrom":[2,14],"cText":[""],"cRemoved":["h"]}

{"cOrigin":"+delete","cTo":[2,14],"cNewPos":[2,13],"cWhen":1.530002172395706e9,"tag":"Change","cFrom":[2,13],"cText":[""],"cRemoved":["c"]}

{"cOrigin":"+delete","cTo":[2,13],"cNewPos":[2,12],"cWhen":1.5300021724457695e9,"tag":"Change","cFrom":[2,12],"cText":[""],"cRemoved":["t"]}

{"cOrigin":"+delete","cTo":[2,12],"cNewPos":[2,11],"cWhen":1.5300021724956362e9,"tag":"Change","cFrom":[2,11],"cText":[""],"cRemoved":["a"]}

{"cOrigin":"+delete","cTo":[2,11],"cNewPos":[2,10],"cWhen":1.5300021725456083e9,"tag":"Change","cFrom":[2,10],"cText":[""],"cRemoved":["r"]}

{"cOrigin":"+delete","cTo":[2,10],"cNewPos":[2,9],"cWhen":1.5300021725957377e9,"tag":"Change","cFrom":[2,9],"cText":[""],"cRemoved":["c"]}

{"cOrigin":"+delete","cTo":[2,9],"cNewPos":[2,8],"cWhen":1.5300021726456141e9,"tag":"Change","cFrom":[2,8],"cText":[""],"cRemoved":["s"]}

{"cOrigin":"+delete","cTo":[2,8],"cNewPos":[2,7],"cWhen":1.5300021726956034e9,"tag":"Change","cFrom":[2,7],"cText":[""],"cRemoved":[" "]}

{"cOrigin":"+delete","cTo":[2,7],"cNewPos":[2,6],"cWhen":1.5300021727456083e9,"tag":"Change","cFrom":[2,6],"cText":[""],"cRemoved":["2"]}

{"cOrigin":"+delete","cTo":[2,6],"cNewPos":[2,5],"cWhen":1.5300021727956605e9,"tag":"Change","cFrom":[2,5],"cText":[""],"cRemoved":[" "]}

{"cOrigin":"+delete","cTo":[2,5],"cNewPos":[2,4],"cWhen":1.5300021728455389e9,"tag":"Change","cFrom":[2,4],"cText":[""],"cRemoved":["y"]}

{"cOrigin":"+delete","cTo":[2,4],"cNewPos":[2,3],"cWhen":1.5300021728955154e9,"tag":"Change","cFrom":[2,3],"cText":[""],"cRemoved":["r"]}

{"cOrigin":"+delete","cTo":[2,3],"cNewPos":[2,2],"cWhen":1.5300021729455519e9,"tag":"Change","cFrom":[2,2],"cText":[""],"cRemoved":["e"]}

{"cOrigin":"+delete","cTo":[2,2],"cNewPos":[2,1],"cWhen":1.5300021729955728e9,"tag":"Change","cFrom":[2,1],"cText":[""],"cRemoved":["v"]}

{"cOrigin":"+delete","cTo":[2,1],"cNewPos":[2,0],"cWhen":1.5300021730455759e9,"tag":"Change","cFrom":[2,0],"cText":[""],"cRemoved":["e"]}

{"cOrigin":"+delete","cTo":[2,0],"cNewPos":[1,0],"cWhen":1.5300021730955658e9,"tag":"Change","cFrom":[1,0],"cText":[""],"cRemoved":["",""]}

{"cOrigin":"+delete","cTo":[1,0],"cNewPos":[0,33],"cWhen":1.5300021731455991e9,"tag":"Change","cFrom":[0,33],"cText":[""],"cRemoved":["",""]}

{"cOrigin":"+delete","cTo":[0,33],"cNewPos":[0,32],"cWhen":1.5300021731955335e9,"tag":"Change","cFrom":[0,32],"cText":[""],"cRemoved":["\""]}

{"cOrigin":"+delete","cTo":[0,32],"cNewPos":[0,31],"cWhen":1.5300021732455323e9,"tag":"Change","cFrom":[0,31],"cText":[""],"cRemoved":["o"]}

{"cOrigin":"+delete","cTo":[0,31],"cNewPos":[0,30],"cWhen":1.530002173295533e9,"tag":"Change","cFrom":[0,30],"cText":[""],"cRemoved":["l"]}

{"cOrigin":"+delete","cTo":[0,30],"cNewPos":[0,29],"cWhen":1.5300021733455336e9,"tag":"Change","cFrom":[0,29],"cText":[""],"cRemoved":[" "]}

{"cOrigin":"+delete","cTo":[0,29],"cNewPos":[0,28],"cWhen":1.5300021733955452e9,"tag":"Change","cFrom":[0,28],"cText":[""],"cRemoved":["4"]}

{"cOrigin":"+delete","cTo":[0,28],"cNewPos":[0,27],"cWhen":1.5300021734455416e9,"tag":"Change","cFrom":[0,27],"cText":[""],"cRemoved":["*"]}

{"cOrigin":"+delete","cTo":[0,27],"cNewPos":[0,26],"cWhen":1.5300021734955337e9,"tag":"Change","cFrom":[0,26],"cText":[""],"cRemoved":[" "]}

{"cOrigin":"+delete","cTo":[0,26],"cNewPos":[0,25],"cWhen":1.5300021735455363e9,"tag":"Change","cFrom":[0,25],"cText":[""],"cRemoved":["o"]}

{"cOrigin":"+delete","cTo":[0,25],"cNewPos":[0,24],"cWhen":1.5300021735955055e9,"tag":"Change","cFrom":[0,24],"cText":[""],"cRemoved":["l"]}

{"cOrigin":"+delete","cTo":[0,24],"cNewPos":[0,23],"cWhen":1.5300021736455112e9,"tag":"Change","cFrom":[0,23],"cText":[""],"cRemoved":[" "]}

{"cOrigin":"+delete","cTo":[0,23],"cNewPos":[0,22],"cWhen":1.5300021736955488e9,"tag":"Change","cFrom":[0,22],"cText":[""],"cRemoved":["2"]}

{"cOrigin":"+delete","cTo":[0,22],"cNewPos":[0,21],"cWhen":1.5300021737455301e9,"tag":"Change","cFrom":[0,21],"cText":[""],"cRemoved":["*"]}

{"cOrigin":"+delete","cTo":[0,21],"cNewPos":[0,20],"cWhen":1.530002173795551e9,"tag":"Change","cFrom":[0,20],"cText":[""],"cRemoved":["o"]}

{"cOrigin":"+delete","cTo":[0,20],"cNewPos":[0,19],"cWhen":1.5300021738455355e9,"tag":"Change","cFrom":[0,19],"cText":[""],"cRemoved":["l"]}

{"cOrigin":"+delete","cTo":[0,19],"cNewPos":[0,18],"cWhen":1.5300021738955216e9,"tag":"Change","cFrom":[0,18],"cText":[""],"cRemoved":[" "]}

{"cOrigin":"+delete","cTo":[0,18],"cNewPos":[0,17],"cWhen":1.5300021739455423e9,"tag":"Change","cFrom":[0,17],"cText":[""],"cRemoved":["i"]}

{"cOrigin":"+delete","cTo":[0,17],"cNewPos":[0,16],"cWhen":1.530002173995528e9,"tag":"Change","cFrom":[0,16],"cText":[""],"cRemoved":["h"]}

{"cOrigin":"+delete","cTo":[0,16],"cNewPos":[0,15],"cWhen":1.5300021740455332e9,"tag":"Change","cFrom":[0,15],"cText":[""],"cRemoved":["\""]}

{"cOrigin":"+delete","cTo":[0,15],"cNewPos":[0,14],"cWhen":1.5300021740955477e9,"tag":"Change","cFrom":[0,14],"cText":[""],"cRemoved":[" "]}

{"cOrigin":"+delete","cTo":[0,14],"cNewPos":[0,13],"cWhen":1.5300021741456296e9,"tag":"Change","cFrom":[0,13],"cText":[""],"cRemoved":["r"]}

{"cOrigin":"+delete","cTo":[0,13],"cNewPos":[0,12],"cWhen":1.5300021741955771e9,"tag":"Change","cFrom":[0,12],"cText":[""],"cRemoved":["e"]}

{"cOrigin":"+delete","cTo":[0,12],"cNewPos":[0,11],"cWhen":1.5300021742456357e9,"tag":"Change","cFrom":[0,11],"cText":[""],"cRemoved":["t"]}

{"cOrigin":"+delete","cTo":[0,11],"cNewPos":[0,10],"cWhen":1.5300021742956262e9,"tag":"Change","cFrom":[0,10],"cText":[""],"cRemoved":["s"]}

{"cOrigin":"+delete","cTo":[0,10],"cNewPos":[0,9],"cWhen":1.5300021743456287e9,"tag":"Change","cFrom":[0,9],"cText":[""],"cRemoved":["a"]}

{"cOrigin":"+delete","cTo":[0,9],"cNewPos":[0,8],"cWhen":1.5300021743956304e9,"tag":"Change","cFrom":[0,8],"cText":[""],"cRemoved":["f"]}

{"cOrigin":"+delete","cTo":[0,8],"cNewPos":[0,7],"cWhen":1.5300021744456472e9,"tag":"Change","cFrom":[0,7],"cText":[""],"cRemoved":[" "]}

{"cOrigin":"+delete","cTo":[0,7],"cNewPos":[0,6],"cWhen":1.5300021744956205e9,"tag":"Change","cFrom":[0,6],"cText":[""],"cRemoved":["3"]}

{"cOrigin":"+delete","cTo":[0,6],"cNewPos":[0,5],"cWhen":1.5300021745456066e9,"tag":"Change","cFrom":[0,5],"cText":[""],"cRemoved":[" "]}

{"cOrigin":"+delete","cTo":[0,5],"cNewPos":[0,4],"cWhen":1.5300021745955617e9,"tag":"Change","cFrom":[0,4],"cText":[""],"cRemoved":["y"]}

{"cOrigin":"+delete","cTo":[0,4],"cNewPos":[0,3],"cWhen":1.5300021746455913e9,"tag":"Change","cFrom":[0,3],"cText":[""],"cRemoved":["r"]}

{"cOrigin":"+delete","cTo":[0,3],"cNewPos":[0,2],"cWhen":1.5300021746956222e9,"tag":"Change","cFrom":[0,2],"cText":[""],"cRemoved":["e"]}

{"cOrigin":"+delete","cTo":[0,2],"cNewPos":[0,1],"cWhen":1.53000217474563e9,"tag":"Change","cFrom":[0,1],"cText":[""],"cRemoved":["v"]}

{"cOrigin":"+delete","cTo":[0,1],"cNewPos":[0,0],"cWhen":1.530002174795722e9,"tag":"Change","cFrom":[0,0],"cText":[""],"cRemoved":["e"]}

{"cOrigin":"+input","cTo":[0,0],"cNewPos":[0,1],"cWhen":1.5300022617629187e9,"tag":"Change","cFrom":[0,0],"cText":["s"],"cRemoved":[""]}

{"cOrigin":"+input","cTo":[0,1],"cNewPos":[0,2],"cWhen":1.530002261930919e9,"tag":"Change","cFrom":[0,1],"cText":["l"],"cRemoved":[""]}

{"cOrigin":"+input","cTo":[0,2],"cNewPos":[0,3],"cWhen":1.5300022621228697e9,"tag":"Change","cFrom":[0,2],"cText":["o"],"cRemoved":[""]}

{"cOrigin":"+input","cTo":[0,3],"cNewPos":[0,4],"cWhen":1.5300022642906835e9,"tag":"Change","cFrom":[0,3],"cText":["e"],"cRemoved":[""]}

{"cOrigin":"+delete","cTo":[0,4],"cNewPos":[0,3],"cWhen":1.5300022655384216e9,"tag":"Change","cFrom":[0,3],"cText":[""],"cRemoved":["e"]}

{"cOrigin":"+input","cTo":[0,3],"cNewPos":[0,4],"cWhen":1.5300022664665558e9,"tag":"Change","cFrom":[0,3],"cText":["w"],"cRemoved":[""]}

{"cOrigin":"+input","cTo":[0,4],"cNewPos":[0,5],"cWhen":1.530002267842412e9,"tag":"Change","cFrom":[0,4],"cText":["e"],"cRemoved":[""]}

{"cOrigin":"+input","cTo":[0,5],"cNewPos":[0,6],"cWhen":1.530002267858412e9,"tag":"Change","cFrom":[0,5],"cText":["w"],"cRemoved":[""]}

{"cOrigin":"+input","cTo":[0,6],"cNewPos":[0,7],"cWhen":1.5300022680663345e9,"tag":"Change","cFrom":[0,6],"cText":["r"],"cRemoved":[""]}

{"cOrigin":"+input","cTo":[0,7],"cNewPos":[0,8],"cWhen":1.5300022683862948e9,"tag":"Change","cFrom":[0,7],"cText":[" "],"cRemoved":[""]}

{"cOrigin":"+input","cTo":[0,8],"cNewPos":[0,9],"cWhen":1.5300022704341662e9,"tag":"Change","cFrom":[0,8],"cText":["\""],"cRemoved":[""]}

{"cOrigin":"+input","cTo":[0,9],"cNewPos":[0,10],"cWhen":1.5300022717940838e9,"tag":"Change","cFrom":[0,9],"cText":["h"],"cRemoved":[""]}

{"cOrigin":"+input","cTo":[0,10],"cNewPos":[0,11],"cWhen":1.5300022720498834e9,"tag":"Change","cFrom":[0,10],"cText":["i"],"cRemoved":[""]}

{"cOrigin":"+input","cTo":[0,11],"cNewPos":[0,12],"cWhen":1.530002272345917e9,"tag":"Change","cFrom":[0,11],"cText":[" "],"cRemoved":[""]}

{"cOrigin":"+input","cTo":[0,12],"cNewPos":[0,13],"cWhen":1.5300022725939226e9,"tag":"Change","cFrom":[0,12],"cText":["l"],"cRemoved":[""]}

{"cOrigin":"+input","cTo":[0,13],"cNewPos":[0,14],"cWhen":1.5300022728259966e9,"tag":"Change","cFrom":[0,13],"cText":["o"],"cRemoved":[""]}

{"cOrigin":"+input","cTo":[0,14],"cNewPos":[0,15],"cWhen":1.5300022790012968e9,"tag":"Change","cFrom":[0,14],"cText":["*"],"cRemoved":[""]}

{"cOrigin":"+input","cTo":[0,15],"cNewPos":[0,16],"cWhen":1.5300022822092452e9,"tag":"Change","cFrom":[0,15],"cText":["2"],"cRemoved":[""]}

{"cOrigin":"+input","cTo":[0,16],"cNewPos":[0,17],"cWhen":1.5300022852566812e9,"tag":"Change","cFrom":[0,16],"cText":["\""],"cRemoved":[""]}

{"cOrigin":"+input","cTo":[0,17],"cNewPos":[1,0],"cWhen":1.5300022881044567e9,"tag":"Change","cFrom":[0,17],"cText":["",""],"cRemoved":[""]}

{"cOrigin":"+input","cTo":[1,0],"cNewPos":[2,0],"cWhen":1.5300022913600802e9,"tag":"Change","cFrom":[1,0],"cText":["",""],"cRemoved":[""]}

{"cOrigin":"+delete","cTo":[2,0],"cNewPos":[1,0],"cWhen":1.5300022936716206e9,"tag":"Change","cFrom":[1,0],"cText":[""],"cRemoved":["",""]}

{"cOrigin":"+delete","cTo":[1,0],"cNewPos":[0,17],"cWhen":1.5300022939196584e9,"tag":"Change","cFrom":[0,17],"cText":[""],"cRemoved":["",""]}

{"cWhen":1.5300022963047526e9,"tag":"Eval","cAll":true}

{"cWhen":1.5300023006405787e9,"tag":"Eval","cAll":true}

{"cWhen":1.5300023008964865e9,"tag":"Eval","cAll":true}

{"cWhen":1.5300023009463806e9,"tag":"Eval","cAll":true}

{"cWhen":1.5300023009964488e9,"tag":"Eval","cAll":true}

{"cWhen":1.5300023022085514e9,"tag":"Eval","cAll":true}

{"cWhen":1.5300023024684403e9,"tag":"Eval","cAll":true}

{"cWhen":1.530002302547478e9,"tag":"Eval","cAll":true}

{"cWhen":1.5300023025993013e9,"tag":"Eval","cAll":true}

{"cWhen":1.5300023026461785e9,"tag":"Eval","cAll":true}

{"cWhen":1.5300023026937394e9,"tag":"Eval","cAll":true}

{"cWhen":1.5300023027411969e9,"tag":"Eval","cAll":true}

{"cWhen":1.5300023027892559e9,"tag":"Eval","cAll":true}

{"cOrigin":"+delete","cTo":[0,17],"cNewPos":[0,16],"cWhen":1.5300023036311219e9,"tag":"Change","cFrom":[0,16],"cText":[""],"cRemoved":["\""]}

{"cOrigin":"+delete","cTo":[0,16],"cNewPos":[0,15],"cWhen":1.5300023038145518e9,"tag":"Change","cFrom":[0,15],"cText":[""],"cRemoved":["2"]}

{"cOrigin":"+delete","cTo":[0,15],"cNewPos":[0,14],"cWhen":1.5300023039752195e9,"tag":"Change","cFrom":[0,14],"cText":[""],"cRemoved":["*"]}

{"cOrigin":"+delete","cTo":[0,14],"cNewPos":[0,13],"cWhen":1.5300023041185753e9,"tag":"Change","cFrom":[0,13],"cText":[""],"cRemoved":["o"]}

{"cOrigin":"+delete","cTo":[0,13],"cNewPos":[0,12],"cWhen":1.5300023042864866e9,"tag":"Change","cFrom":[0,12],"cText":[""],"cRemoved":["l"]}

{"cOrigin":"+delete","cTo":[0,12],"cNewPos":[0,11],"cWhen":1.5300023044463391e9,"tag":"Change","cFrom":[0,11],"cText":[""],"cRemoved":[" "]}

{"cOrigin":"+delete","cTo":[0,11],"cNewPos":[0,10],"cWhen":1.5300023046144118e9,"tag":"Change","cFrom":[0,10],"cText":[""],"cRemoved":["i"]}

{"cOrigin":"+delete","cTo":[0,10],"cNewPos":[0,9],"cWhen":1.5300023047823913e9,"tag":"Change","cFrom":[0,9],"cText":[""],"cRemoved":["h"]}

{"cOrigin":"+delete","cTo":[0,9],"cNewPos":[0,8],"cWhen":1.5300023049343112e9,"tag":"Change","cFrom":[0,8],"cText":[""],"cRemoved":["\""]}

{"cOrigin":"+delete","cTo":[0,8],"cNewPos":[0,7],"cWhen":1.530002305118362e9,"tag":"Change","cFrom":[0,7],"cText":[""],"cRemoved":[" "]}

{"cOrigin":"+delete","cTo":[0,7],"cNewPos":[0,6],"cWhen":1.5300023053023021e9,"tag":"Change","cFrom":[0,6],"cText":[""],"cRemoved":["r"]}

{"cOrigin":"+delete","cTo":[0,6],"cNewPos":[0,5],"cWhen":1.5300023054943411e9,"tag":"Change","cFrom":[0,5],"cText":[""],"cRemoved":["w"]}

{"cOrigin":"+input","cTo":[0,5],"cNewPos":[0,6],"cWhen":1.5300023075582492e9,"tag":"Change","cFrom":[0,5],"cText":["r"],"cRemoved":[""]}

{"cOrigin":"+input","cTo":[0,6],"cNewPos":[0,7],"cWhen":1.5300023101339033e9,"tag":"Change","cFrom":[0,6],"cText":[" "],"cRemoved":[""]}

{"cOrigin":"+input","cTo":[0,7],"cNewPos":[0,8],"cWhen":1.530002311333845e9,"tag":"Change","cFrom":[0,7],"cText":["2"],"cRemoved":[""]}

{"cOrigin":"+input","cTo":[0,8],"cNewPos":[0,9],"cWhen":1.5300023121177635e9,"tag":"Change","cFrom":[0,8],"cText":["h"],"cRemoved":[""]}

{"cOrigin":"+input","cTo":[0,9],"cNewPos":[0,10],"cWhen":1.5300023123337655e9,"tag":"Change","cFrom":[0,9],"cText":["i"],"cRemoved":[""]}

{"cOrigin":"+input","cTo":[0,10],"cNewPos":[0,11],"cWhen":1.5300023125817485e9,"tag":"Change","cFrom":[0,10],"cText":[" "],"cRemoved":[""]}

{"cOrigin":"+input","cTo":[0,11],"cNewPos":[0,12],"cWhen":1.5300023128216946e9,"tag":"Change","cFrom":[0,11],"cText":["h"],"cRemoved":[""]}

{"cOrigin":"+input","cTo":[0,12],"cNewPos":[0,13],"cWhen":1.5300023130136049e9,"tag":"Change","cFrom":[0,12],"cText":["i"],"cRemoved":[""]}

{"cOrigin":"+input","cTo":[0,13],"cNewPos":[0,14],"cWhen":1.5300023132456093e9,"tag":"Change","cFrom":[0,13],"cText":[" "],"cRemoved":[""]}

{"cOrigin":"+input","cTo":[0,14],"cNewPos":[0,15],"cWhen":1.530002314053495e9,"tag":"Change","cFrom":[0,14],"cText":["#"],"cRemoved":[""]}

{"cOrigin":"+delete","cTo":[0,15],"cNewPos":[0,14],"cWhen":1.5300023155091121e9,"tag":"Change","cFrom":[0,14],"cText":[""],"cRemoved":["#"]}

{"cOrigin":"+delete","cTo":[0,14],"cNewPos":[0,13],"cWhen":1.5300023157890768e9,"tag":"Change","cFrom":[0,13],"cText":[""],"cRemoved":[" "]}

{"cOrigin":"+delete","cTo":[0,13],"cNewPos":[0,12],"cWhen":1.5300023177089489e9,"tag":"Change","cFrom":[0,12],"cText":[""],"cRemoved":["i"]}

{"cOrigin":"+delete","cTo":[0,12],"cNewPos":[0,11],"cWhen":1.5300023179169548e9,"tag":"Change","cFrom":[0,11],"cText":[""],"cRemoved":["h"]}

{"cOrigin":"+delete","cTo":[0,11],"cNewPos":[0,10],"cWhen":1.5300023180928192e9,"tag":"Change","cFrom":[0,10],"cText":[""],"cRemoved":[" "]}

{"cOrigin":"+delete","cTo":[0,10],"cNewPos":[0,9],"cWhen":1.5300023182928905e9,"tag":"Change","cFrom":[0,9],"cText":[""],"cRemoved":["i"]}

{"cOrigin":"+delete","cTo":[0,9],"cNewPos":[0,8],"cWhen":1.530002318484875e9,"tag":"Change","cFrom":[0,8],"cText":[""],"cRemoved":["h"]}

{"cOrigin":"+delete","cTo":[0,8],"cNewPos":[0,7],"cWhen":1.5300023189487107e9,"tag":"Change","cFrom":[0,7],"cText":[""],"cRemoved":["2"]}

{"cOrigin":"+input","cTo":[0,7],"cNewPos":[0,8],"cWhen":1.530002320757778e9,"tag":"Change","cFrom":[0,7],"cText":["\""],"cRemoved":[""]}

{"cOrigin":"+input","cTo":[0,8],"cNewPos":[0,9],"cWhen":1.5300023220845718e9,"tag":"Change","cFrom":[0,8],"cText":["h"],"cRemoved":[""]}

{"cOrigin":"+input","cTo":[0,9],"cNewPos":[0,10],"cWhen":1.5300023223085425e9,"tag":"Change","cFrom":[0,9],"cText":["i"],"cRemoved":[""]}

{"cOrigin":"+input","cTo":[0,10],"cNewPos":[0,11],"cWhen":1.5300023225884945e9,"tag":"Change","cFrom":[0,10],"cText":[" "],"cRemoved":[""]}

{"cOrigin":"+input","cTo":[0,11],"cNewPos":[0,12],"cWhen":1.5300023228445144e9,"tag":"Change","cFrom":[0,11],"cText":["l"],"cRemoved":[""]}

{"cOrigin":"+input","cTo":[0,12],"cNewPos":[0,13],"cWhen":1.5300023230684586e9,"tag":"Change","cFrom":[0,12],"cText":["o"],"cRemoved":[""]}

{"cOrigin":"+input","cTo":[0,13],"cNewPos":[0,14],"cWhen":1.530002325300259e9,"tag":"Change","cFrom":[0,13],"cText":["*"],"cRemoved":[""]}

{"cOrigin":"+input","cTo":[0,14],"cNewPos":[0,15],"cWhen":1.5300023270121396e9,"tag":"Change","cFrom":[0,14],"cText":["2"],"cRemoved":[""]}

{"cOrigin":"+input","cTo":[0,15],"cNewPos":[0,16],"cWhen":1.5300023290918727e9,"tag":"Change","cFrom":[0,15],"cText":["\""],"cRemoved":[""]}

{"cOrigin":"+delete","cTo":[0,16],"cNewPos":[0,15],"cWhen":1.5300023367308862e9,"tag":"Change","cFrom":[0,15],"cText":[""],"cRemoved":["\""]}

{"cOrigin":"+delete","cTo":[0,15],"cNewPos":[0,14],"cWhen":1.5300023369855697e9,"tag":"Change","cFrom":[0,14],"cText":[""],"cRemoved":["2"]}

{"cOrigin":"+delete","cTo":[0,14],"cNewPos":[0,13],"cWhen":1.530002337035596e9,"tag":"Change","cFrom":[0,13],"cText":[""],"cRemoved":["*"]}

{"cOrigin":"+delete","cTo":[0,13],"cNewPos":[0,12],"cWhen":1.530002337085606e9,"tag":"Change","cFrom":[0,12],"cText":[""],"cRemoved":["o"]}

{"cOrigin":"+delete","cTo":[0,12],"cNewPos":[0,11],"cWhen":1.530002337135624e9,"tag":"Change","cFrom":[0,11],"cText":[""],"cRemoved":["l"]}

{"cOrigin":"+delete","cTo":[0,11],"cNewPos":[0,10],"cWhen":1.530002337186087e9,"tag":"Change","cFrom":[0,10],"cText":[""],"cRemoved":[" "]}

{"cOrigin":"+delete","cTo":[0,10],"cNewPos":[0,9],"cWhen":1.5300023372356012e9,"tag":"Change","cFrom":[0,9],"cText":[""],"cRemoved":["i"]}

{"cOrigin":"+delete","cTo":[0,9],"cNewPos":[0,8],"cWhen":1.5300023372855961e9,"tag":"Change","cFrom":[0,8],"cText":[""],"cRemoved":["h"]}

{"cOrigin":"+delete","cTo":[0,8],"cNewPos":[0,7],"cWhen":1.530002337335647e9,"tag":"Change","cFrom":[0,7],"cText":[""],"cRemoved":["\""]}

{"cOrigin":"+delete","cTo":[0,7],"cNewPos":[0,6],"cWhen":1.5300023373855994e9,"tag":"Change","cFrom":[0,6],"cText":[""],"cRemoved":[" "]}

{"cOrigin":"+delete","cTo":[0,6],"cNewPos":[0,5],"cWhen":1.530002337435649e9,"tag":"Change","cFrom":[0,5],"cText":[""],"cRemoved":["r"]}

{"cOrigin":"+delete","cTo":[0,5],"cNewPos":[0,4],"cWhen":1.5300023374856122e9,"tag":"Change","cFrom":[0,4],"cText":[""],"cRemoved":["e"]}

{"cOrigin":"+delete","cTo":[0,4],"cNewPos":[0,3],"cWhen":1.5300023375355222e9,"tag":"Change","cFrom":[0,3],"cText":[""],"cRemoved":["w"]}

{"cOrigin":"+delete","cTo":[0,3],"cNewPos":[0,2],"cWhen":1.5300023375855393e9,"tag":"Change","cFrom":[0,2],"cText":[""],"cRemoved":["o"]}

{"cOrigin":"+delete","cTo":[0,2],"cNewPos":[0,1],"cWhen":1.5300023376355271e9,"tag":"Change","cFrom":[0,1],"cText":[""],"cRemoved":["l"]}

{"cOrigin":"+delete","cTo":[0,1],"cNewPos":[0,0],"cWhen":1.530002337685973e9,"tag":"Change","cFrom":[0,0],"cText":[""],"cRemoved":["s"]}

{"cOrigin":"+input","cTo":[0,0],"cNewPos":[0,1],"cWhen":1.5300023421562726e9,"tag":"Change","cFrom":[0,0],"cText":["\""],"cRemoved":[""]}

{"cOrigin":"+input","cTo":[0,1],"cNewPos":[0,2],"cWhen":1.5300023432608929e9,"tag":"Change","cFrom":[0,1],"cText":["h"],"cRemoved":[""]}

{"cOrigin":"+input","cTo":[0,2],"cNewPos":[0,3],"cWhen":1.5300023435891674e9,"tag":"Change","cFrom":[0,2],"cText":["i"],"cRemoved":[""]}

{"cOrigin":"+input","cTo":[0,3],"cNewPos":[0,4],"cWhen":1.5300023438853045e9,"tag":"Change","cFrom":[0,3],"cText":[" "],"cRemoved":[""]}

{"cOrigin":"+input","cTo":[0,4],"cNewPos":[0,5],"cWhen":1.5300023441654007e9,"tag":"Change","cFrom":[0,4],"cText":["l"],"cRemoved":[""]}

{"cOrigin":"+input","cTo":[0,5],"cNewPos":[0,6],"cWhen":1.5300023443814454e9,"tag":"Change","cFrom":[0,5],"cText":["o"],"cRemoved":[""]}

{"cOrigin":"+input","cTo":[0,6],"cNewPos":[0,7],"cWhen":1.5300023463185093e9,"tag":"Change","cFrom":[0,6],"cText":["*"],"cRemoved":[""]}

{"cOrigin":"+input","cTo":[0,7],"cNewPos":[0,8],"cWhen":1.5300023475030308e9,"tag":"Change","cFrom":[0,7],"cText":["2"],"cRemoved":[""]}

{"cOrigin":"+input","cTo":[0,8],"cNewPos":[0,9],"cWhen":1.530002350248283e9,"tag":"Change","cFrom":[0,8],"cText":["\""],"cRemoved":[""]}

{"cOrigin":"+input","cTo":[0,9],"cNewPos":[0,10],"cWhen":1.5300023546264596e9,"tag":"Change","cFrom":[0,9],"cText":[" "],"cRemoved":[""]}

{"cOrigin":"+input","cTo":[0,10],"cNewPos":[0,11],"cWhen":1.5300023548747103e9,"tag":"Change","cFrom":[0,10],"cText":[" "],"cRemoved":[""]}

{"cOrigin":"+input","cTo":[0,11],"cNewPos":[0,12],"cWhen":1.5300023550346467e9,"tag":"Change","cFrom":[0,11],"cText":[" "],"cRemoved":[""]}

{"cOrigin":"+input","cTo":[0,12],"cNewPos":[0,13],"cWhen":1.5300023552108788e9,"tag":"Change","cFrom":[0,12],"cText":[" "],"cRemoved":[""]}

{"cOrigin":"+delete","cTo":[0,13],"cNewPos":[0,12],"cWhen":1.5300023560589824e9,"tag":"Change","cFrom":[0,12],"cText":[""],"cRemoved":[" "]}

{"cOrigin":"+delete","cTo":[0,12],"cNewPos":[0,11],"cWhen":1.5300023563155653e9,"tag":"Change","cFrom":[0,11],"cText":[""],"cRemoved":[" "]}

{"cOrigin":"+delete","cTo":[0,11],"cNewPos":[0,10],"cWhen":1.5300023563656044e9,"tag":"Change","cFrom":[0,10],"cText":[""],"cRemoved":[" "]}

{"cOrigin":"+delete","cTo":[0,10],"cNewPos":[0,9],"cWhen":1.530002356415629e9,"tag":"Change","cFrom":[0,9],"cText":[""],"cRemoved":[" "]}

{"cOrigin":"+delete","cTo":[0,9],"cNewPos":[0,8],"cWhen":1.5300023564656196e9,"tag":"Change","cFrom":[0,8],"cText":[""],"cRemoved":["\""]}

{"cOrigin":"+delete","cTo":[0,8],"cNewPos":[0,7],"cWhen":1.530002356515566e9,"tag":"Change","cFrom":[0,7],"cText":[""],"cRemoved":["2"]}

{"cOrigin":"+delete","cTo":[0,7],"cNewPos":[0,6],"cWhen":1.53000235656558e9,"tag":"Change","cFrom":[0,6],"cText":[""],"cRemoved":["*"]}

{"cOrigin":"+delete","cTo":[0,6],"cNewPos":[0,5],"cWhen":1.5300023566155891e9,"tag":"Change","cFrom":[0,5],"cText":[""],"cRemoved":["o"]}

{"cOrigin":"+delete","cTo":[0,5],"cNewPos":[0,4],"cWhen":1.5300023566655755e9,"tag":"Change","cFrom":[0,4],"cText":[""],"cRemoved":["l"]}

{"cOrigin":"+delete","cTo":[0,4],"cNewPos":[0,3],"cWhen":1.5300023567156084e9,"tag":"Change","cFrom":[0,3],"cText":[""],"cRemoved":[" "]}

{"cOrigin":"+delete","cTo":[0,3],"cNewPos":[0,2],"cWhen":1.5300023567656174e9,"tag":"Change","cFrom":[0,2],"cText":[""],"cRemoved":["i"]}

{"cOrigin":"+delete","cTo":[0,2],"cNewPos":[0,1],"cWhen":1.5300023568155763e9,"tag":"Change","cFrom":[0,1],"cText":[""],"cRemoved":["h"]}

{"cOrigin":"+delete","cTo":[0,1],"cNewPos":[0,0],"cWhen":1.5300023568655758e9,"tag":"Change","cFrom":[0,0],"cText":[""],"cRemoved":["\""]}

{"cOrigin":"+input","cTo":[0,0],"cNewPos":[0,1],"cWhen":1.5300023644475474e9,"tag":"Change","cFrom":[0,0],"cText":["2"],"cRemoved":[""]}

{"cOrigin":"+input","cTo":[0,1],"cNewPos":[0,2],"cWhen":1.5300023652158146e9,"tag":"Change","cFrom":[0,1],"cText":["h"],"cRemoved":[""]}

{"cOrigin":"+input","cTo":[0,2],"cNewPos":[0,3],"cWhen":1.53000236545591e9,"tag":"Change","cFrom":[0,2],"cText":["i"],"cRemoved":[""]}

{"cOrigin":"+input","cTo":[0,3],"cNewPos":[0,4],"cWhen":1.5300023657040253e9,"tag":"Change","cFrom":[0,3],"cText":[" "],"cRemoved":[""]}

{"cOrigin":"+input","cTo":[0,4],"cNewPos":[0,5],"cWhen":1.5300023659282284e9,"tag":"Change","cFrom":[0,4],"cText":["h"],"cRemoved":[""]}

{"cOrigin":"+input","cTo":[0,5],"cNewPos":[0,6],"cWhen":1.5300023661682794e9,"tag":"Change","cFrom":[0,5],"cText":["i"],"cRemoved":[""]}

{"cOrigin":"+input","cTo":[0,6],"cNewPos":[0,7],"cWhen":1.5300023664083624e9,"tag":"Change","cFrom":[0,6],"cText":[" "],"cRemoved":[""]}

{"cOrigin":"+input","cTo":[0,7],"cNewPos":[0,8],"cWhen":1.5300023666566339e9,"tag":"Change","cFrom":[0,7],"cText":["h"],"cRemoved":[""]}

{"cOrigin":"+input","cTo":[0,8],"cNewPos":[0,9],"cWhen":1.5300023668487937e9,"tag":"Change","cFrom":[0,8],"cText":["i"],"cRemoved":[""]}

{"cOrigin":"+input","cTo":[0,9],"cNewPos":[0,10],"cWhen":1.5300023671049664e9,"tag":"Change","cFrom":[0,9],"cText":[" "],"cRemoved":[""]}

{"cOrigin":"+input","cTo":[0,10],"cNewPos":[0,11],"cWhen":1.5300023673209016e9,"tag":"Change","cFrom":[0,10],"cText":["h"],"cRemoved":[""]}

{"cOrigin":"+input","cTo":[0,11],"cNewPos":[0,12],"cWhen":1.5300023675450425e9,"tag":"Change","cFrom":[0,11],"cText":["i"],"cRemoved":[""]}

{"cOrigin":"+input","cTo":[0,12],"cNewPos":[0,13],"cWhen":1.53000236777718e9,"tag":"Change","cFrom":[0,12],"cText":[" "],"cRemoved":[""]}

{"cOrigin":"+input","cTo":[0,13],"cNewPos":[0,14],"cWhen":1.5300023680253987e9,"tag":"Change","cFrom":[0,13],"cText":["l"],"cRemoved":[""]}

{"cOrigin":"+input","cTo":[0,14],"cNewPos":[0,15],"cWhen":1.5300023682175438e9,"tag":"Change","cFrom":[0,14],"cText":["o"],"cRemoved":[""]}

{"cOrigin":"+input","cTo":[0,15],"cNewPos":[0,16],"cWhen":1.5300023684576592e9,"tag":"Change","cFrom":[0,15],"cText":[" "],"cRemoved":[""]}

{"cOrigin":"+input","cTo":[0,16],"cNewPos":[0,17],"cWhen":1.5300023686816337e9,"tag":"Change","cFrom":[0,16],"cText":["l"],"cRemoved":[""]}

{"cOrigin":"+input","cTo":[0,17],"cNewPos":[0,18],"cWhen":1.5300023688978813e9,"tag":"Change","cFrom":[0,17],"cText":["o"],"cRemoved":[""]}

{"cOrigin":"+input","cTo":[0,18],"cNewPos":[0,19],"cWhen":1.5300023691859405e9,"tag":"Change","cFrom":[0,18],"cText":[" "],"cRemoved":[""]}

{"cOrigin":"+input","cTo":[0,19],"cNewPos":[0,20],"cWhen":1.530002369426116e9,"tag":"Change","cFrom":[0,19],"cText":["l"],"cRemoved":[""]}

{"cOrigin":"+input","cTo":[0,20],"cNewPos":[0,21],"cWhen":1.5300023696260946e9,"tag":"Change","cFrom":[0,20],"cText":["o"],"cRemoved":[""]}

{"cOrigin":"+input","cTo":[0,21],"cNewPos":[0,22],"cWhen":1.5300023698902295e9,"tag":"Change","cFrom":[0,21],"cText":[" "],"cRemoved":[""]}

{"cOrigin":"+input","cTo":[0,22],"cNewPos":[0,23],"cWhen":1.5300023712429793e9,"tag":"Change","cFrom":[0,22],"cText":["h"],"cRemoved":[""]}

{"cOrigin":"+input","cTo":[0,23],"cNewPos":[0,24],"cWhen":1.5300023714510481e9,"tag":"Change","cFrom":[0,23],"cText":["i"],"cRemoved":[""]}

{"cOrigin":"+input","cTo":[0,24],"cNewPos":[0,25],"cWhen":1.5300023716911116e9,"tag":"Change","cFrom":[0,24],"cText":[" "],"cRemoved":[""]}

{"cOrigin":"+input","cTo":[0,25],"cNewPos":[0,26],"cWhen":1.5300023719154763e9,"tag":"Change","cFrom":[0,25],"cText":["h"],"cRemoved":[""]}

{"cOrigin":"+input","cTo":[0,26],"cNewPos":[0,27],"cWhen":1.5300023721155696e9,"tag":"Change","cFrom":[0,26],"cText":["i"],"cRemoved":[""]}

{"cOrigin":"+input","cTo":[0,27],"cNewPos":[0,28],"cWhen":1.5300023723475754e9,"tag":"Change","cFrom":[0,27],"cText":[" "],"cRemoved":[""]}

{"cOrigin":"+input","cTo":[0,28],"cNewPos":[0,29],"cWhen":1.5300023725636356e9,"tag":"Change","cFrom":[0,28],"cText":["h"],"cRemoved":[""]}

{"cOrigin":"+input","cTo":[0,29],"cNewPos":[0,30],"cWhen":1.5300023727557297e9,"tag":"Change","cFrom":[0,29],"cText":["i"],"cRemoved":[""]}

{"cOrigin":"+input","cTo":[0,30],"cNewPos":[0,31],"cWhen":1.530002373003859e9,"tag":"Change","cFrom":[0,30],"cText":[" "],"cRemoved":[""]}

{"cOrigin":"+delete","cTo":[0,31],"cNewPos":[0,30],"cWhen":1.5300023749246027e9,"tag":"Change","cFrom":[0,30],"cText":[""],"cRemoved":[" "]}

{"cOrigin":"+input","cTo":[0,30],"cNewPos":[0,31],"cWhen":1.5300023761974156e9,"tag":"Change","cFrom":[0,30],"cText":["\""],"cRemoved":[""]}

{"cXWarp":30,"cNewPos":[0,30],"cWhen":1.5300023809035828e9,"tag":"Move"}

{"cXWarp":29,"cNewPos":[0,29],"cWhen":1.5300023810957026e9,"tag":"Move"}

{"cXWarp":28,"cNewPos":[0,28],"cWhen":1.5300023813556728e9,"tag":"Move"}

{"cXWarp":27,"cNewPos":[0,27],"cWhen":1.5300023814056125e9,"tag":"Move"}

{"cXWarp":26,"cNewPos":[0,26],"cWhen":1.5300023814557123e9,"tag":"Move"}

{"cXWarp":25,"cNewPos":[0,25],"cWhen":1.5300023815056958e9,"tag":"Move"}

{"cXWarp":24,"cNewPos":[0,24],"cWhen":1.5300023815556636e9,"tag":"Move"}

{"cXWarp":23,"cNewPos":[0,23],"cWhen":1.5300023816056557e9,"tag":"Move"}

{"cXWarp":22,"cNewPos":[0,22],"cWhen":1.5300023816556983e9,"tag":"Move"}

{"cXWarp":21,"cNewPos":[0,21],"cWhen":1.5300023817056606e9,"tag":"Move"}

{"cXWarp":20,"cNewPos":[0,20],"cWhen":1.5300023817556465e9,"tag":"Move"}

{"cXWarp":19,"cNewPos":[0,19],"cWhen":1.5300023818056955e9,"tag":"Move"}

{"cXWarp":18,"cNewPos":[0,18],"cWhen":1.5300023818557634e9,"tag":"Move"}

{"cXWarp":17,"cNewPos":[0,17],"cWhen":1.5300023819056728e9,"tag":"Move"}

{"cXWarp":16,"cNewPos":[0,16],"cWhen":1.5300023819556117e9,"tag":"Move"}

{"cXWarp":15,"cNewPos":[0,15],"cWhen":1.530002382005636e9,"tag":"Move"}

{"cXWarp":14,"cNewPos":[0,14],"cWhen":1.5300023820556965e9,"tag":"Move"}

{"cXWarp":13,"cNewPos":[0,13],"cWhen":1.5300023821057193e9,"tag":"Move"}

{"cXWarp":12,"cNewPos":[0,12],"cWhen":1.5300023821556482e9,"tag":"Move"}

{"cXWarp":11,"cNewPos":[0,11],"cWhen":1.5300023822056167e9,"tag":"Move"}

{"cXWarp":10,"cNewPos":[0,10],"cWhen":1.5300023822555988e9,"tag":"Move"}

{"cXWarp":9,"cNewPos":[0,9],"cWhen":1.5300023823056145e9,"tag":"Move"}

{"cXWarp":8,"cNewPos":[0,8],"cWhen":1.5300023823555944e9,"tag":"Move"}

{"cXWarp":7,"cNewPos":[0,7],"cWhen":1.530002382405582e9,"tag":"Move"}

{"cXWarp":6,"cNewPos":[0,6],"cWhen":1.5300023824556355e9,"tag":"Move"}

{"cXWarp":5,"cNewPos":[0,5],"cWhen":1.5300023825056334e9,"tag":"Move"}

{"cXWarp":4,"cNewPos":[0,4],"cWhen":1.530002382555633e9,"tag":"Move"}

{"cXWarp":3,"cNewPos":[0,3],"cWhen":1.530002382872531e9,"tag":"Move"}

{"cXWarp":2,"cNewPos":[0,2],"cWhen":1.5300023831527715e9,"tag":"Move"}

{"cXWarp":1,"cNewPos":[0,1],"cWhen":1.5300023835768807e9,"tag":"Move"}

{"cXWarp":0,"cNewPos":[0,0],"cWhen":1.5300023841932867e9,"tag":"Move"}

{"cOrigin":"+delete","cTo":[0,1],"cNewPos":[0,0],"cWhen":1.5300023861623013e9,"tag":"Change","cFrom":[0,0],"cText":[""],"cRemoved":["2"]}

{"cOrigin":"+input","cTo":[0,0],"cNewPos":[0,1],"cWhen":1.5300023890197024e9,"tag":"Change","cFrom":[0,0],"cText":["\""],"cRemoved":[""]}

{"cXWarp":2,"cNewPos":[0,2],"cWhen":1.5300023896038644e9,"tag":"Move"}

{"cXWarp":3,"cNewPos":[0,3],"cWhen":1.5300023898556366e9,"tag":"Move"}

{"cXWarp":4,"cNewPos":[0,4],"cWhen":1.530002389905617e9,"tag":"Move"}

{"cXWarp":5,"cNewPos":[0,5],"cWhen":1.5300023899556427e9,"tag":"Move"}

{"cXWarp":6,"cNewPos":[0,6],"cWhen":1.5300023900056338e9,"tag":"Move"}

{"cXWarp":7,"cNewPos":[0,7],"cWhen":1.5300023900556335e9,"tag":"Move"}

{"cXWarp":8,"cNewPos":[0,8],"cWhen":1.5300023901056259e9,"tag":"Move"}

{"cXWarp":9,"cNewPos":[0,9],"cWhen":1.5300023901556222e9,"tag":"Move"}

{"cXWarp":10,"cNewPos":[0,10],"cWhen":1.5300023902056267e9,"tag":"Move"}

{"cXWarp":11,"cNewPos":[0,11],"cWhen":1.5300023902556038e9,"tag":"Move"}

{"cXWarp":12,"cNewPos":[0,12],"cWhen":1.5300023903056076e9,"tag":"Move"}

{"cXWarp":13,"cNewPos":[0,13],"cWhen":1.5300023903556278e9,"tag":"Move"}

{"cXWarp":14,"cNewPos":[0,14],"cWhen":1.5300023904056585e9,"tag":"Move"}

{"cXWarp":15,"cNewPos":[0,15],"cWhen":1.530002390455631e9,"tag":"Move"}

{"cXWarp":16,"cNewPos":[0,16],"cWhen":1.5300023905056272e9,"tag":"Move"}

{"cXWarp":17,"cNewPos":[0,17],"cWhen":1.5300023905555923e9,"tag":"Move"}

{"cXWarp":18,"cNewPos":[0,18],"cWhen":1.5300023906056597e9,"tag":"Move"}

{"cXWarp":19,"cNewPos":[0,19],"cWhen":1.5300023906556396e9,"tag":"Move"}

{"cXWarp":20,"cNewPos":[0,20],"cWhen":1.5300023907056317e9,"tag":"Move"}

{"cXWarp":21,"cNewPos":[0,21],"cWhen":1.5300023907556272e9,"tag":"Move"}

{"cXWarp":22,"cNewPos":[0,22],"cWhen":1.530002390805636e9,"tag":"Move"}

{"cXWarp":23,"cNewPos":[0,23],"cWhen":1.5300023908556328e9,"tag":"Move"}

{"cXWarp":24,"cNewPos":[0,24],"cWhen":1.5300023909056122e9,"tag":"Move"}

{"cXWarp":25,"cNewPos":[0,25],"cWhen":1.5300023909556124e9,"tag":"Move"}

{"cXWarp":26,"cNewPos":[0,26],"cWhen":1.530002391005662e9,"tag":"Move"}

{"cXWarp":27,"cNewPos":[0,27],"cWhen":1.5300023910556262e9,"tag":"Move"}

{"cXWarp":28,"cNewPos":[0,28],"cWhen":1.5300023911056538e9,"tag":"Move"}

{"cXWarp":29,"cNewPos":[0,29],"cWhen":1.5300023911555371e9,"tag":"Move"}

{"cXWarp":30,"cNewPos":[0,30],"cWhen":1.5300023914847643e9,"tag":"Move"}

{"cXWarp":31,"cNewPos":[0,31],"cWhen":1.530002392005478e9,"tag":"Move"}

{"cWhen":1.5300023939035363e9,"tag":"Eval","cAll":true}

{"cOrigin":"+delete","cTo":[0,31],"cNewPos":[0,30],"cWhen":1.5300024388364398e9,"tag":"Change","cFrom":[0,30],"cText":[""],"cRemoved":["\""]}

{"cOrigin":"+delete","cTo":[0,30],"cNewPos":[0,29],"cWhen":1.5300024390956404e9,"tag":"Change","cFrom":[0,29],"cText":[""],"cRemoved":["i"]}

{"cOrigin":"+delete","cTo":[0,29],"cNewPos":[0,28],"cWhen":1.530002439145677e9,"tag":"Change","cFrom":[0,28],"cText":[""],"cRemoved":["h"]}

{"cOrigin":"+delete","cTo":[0,28],"cNewPos":[0,27],"cWhen":1.5300024391956186e9,"tag":"Change","cFrom":[0,27],"cText":[""],"cRemoved":[" "]}

{"cOrigin":"+input","cTo":[0,27],"cNewPos":[0,28],"cWhen":1.5300024392054517e9,"tag":"Change","cFrom":[0,27],"cText":["#"],"cRemoved":[""]}

{"cOrigin":"+delete","cTo":[0,28],"cNewPos":[0,27],"cWhen":1.530002439972879e9,"tag":"Change","cFrom":[0,27],"cText":[""],"cRemoved":["#"]}

{"cOrigin":"+delete","cTo":[0,27],"cNewPos":[0,26],"cWhen":1.5300024401410697e9,"tag":"Change","cFrom":[0,26],"cText":[""],"cRemoved":["i"]}

{"cOrigin":"+delete","cTo":[0,26],"cNewPos":[0,25],"cWhen":1.5300024403956723e9,"tag":"Change","cFrom":[0,25],"cText":[""],"cRemoved":["h"]}

{"cOrigin":"+delete","cTo":[0,25],"cNewPos":[0,24],"cWhen":1.5300024404456496e9,"tag":"Change","cFrom":[0,24],"cText":[""],"cRemoved":[" "]}

{"cOrigin":"+delete","cTo":[0,24],"cNewPos":[0,23],"cWhen":1.5300024404956903e9,"tag":"Change","cFrom":[0,23],"cText":[""],"cRemoved":["i"]}

{"cOrigin":"+delete","cTo":[0,23],"cNewPos":[0,22],"cWhen":1.530002440545582e9,"tag":"Change","cFrom":[0,22],"cText":[""],"cRemoved":["h"]}

{"cOrigin":"+delete","cTo":[0,22],"cNewPos":[0,21],"cWhen":1.5300024405957117e9,"tag":"Change","cFrom":[0,21],"cText":[""],"cRemoved":[" "]}

{"cOrigin":"+delete","cTo":[0,21],"cNewPos":[0,20],"cWhen":1.530002440645603e9,"tag":"Change","cFrom":[0,20],"cText":[""],"cRemoved":["o"]}

{"cOrigin":"+delete","cTo":[0,20],"cNewPos":[0,19],"cWhen":1.5300024406956444e9,"tag":"Change","cFrom":[0,19],"cText":[""],"cRemoved":["l"]}

{"cOrigin":"+delete","cTo":[0,19],"cNewPos":[0,18],"cWhen":1.5300024407456274e9,"tag":"Change","cFrom":[0,18],"cText":[""],"cRemoved":[" "]}

{"cOrigin":"+delete","cTo":[0,18],"cNewPos":[0,17],"cWhen":1.5300024407956293e9,"tag":"Change","cFrom":[0,17],"cText":[""],"cRemoved":["o"]}

{"cOrigin":"+delete","cTo":[0,17],"cNewPos":[0,16],"cWhen":1.5300024408456402e9,"tag":"Change","cFrom":[0,16],"cText":[""],"cRemoved":["l"]}

{"cOrigin":"+delete","cTo":[0,16],"cNewPos":[0,15],"cWhen":1.5300024408956718e9,"tag":"Change","cFrom":[0,15],"cText":[""],"cRemoved":[" "]}

{"cOrigin":"+delete","cTo":[0,15],"cNewPos":[0,14],"cWhen":1.530002440945611e9,"tag":"Change","cFrom":[0,14],"cText":[""],"cRemoved":["o"]}

{"cOrigin":"+delete","cTo":[0,14],"cNewPos":[0,13],"cWhen":1.530002440995613e9,"tag":"Change","cFrom":[0,13],"cText":[""],"cRemoved":["l"]}

{"cOrigin":"+delete","cTo":[0,13],"cNewPos":[0,12],"cWhen":1.5300024410456207e9,"tag":"Change","cFrom":[0,12],"cText":[""],"cRemoved":[" "]}

{"cOrigin":"+delete","cTo":[0,12],"cNewPos":[0,11],"cWhen":1.5300024410956373e9,"tag":"Change","cFrom":[0,11],"cText":[""],"cRemoved":["i"]}

{"cOrigin":"+delete","cTo":[0,11],"cNewPos":[0,10],"cWhen":1.530002441146077e9,"tag":"Change","cFrom":[0,10],"cText":[""],"cRemoved":["h"]}

{"cOrigin":"+delete","cTo":[0,10],"cNewPos":[0,9],"cWhen":1.530002441195633e9,"tag":"Change","cFrom":[0,9],"cText":[""],"cRemoved":[" "]}

{"cOrigin":"+delete","cTo":[0,9],"cNewPos":[0,8],"cWhen":1.5300024412456295e9,"tag":"Change","cFrom":[0,8],"cText":[""],"cRemoved":["i"]}

{"cOrigin":"+delete","cTo":[0,8],"cNewPos":[0,7],"cWhen":1.530002441295617e9,"tag":"Change","cFrom":[0,7],"cText":[""],"cRemoved":["h"]}

{"cOrigin":"+delete","cTo":[0,7],"cNewPos":[0,6],"cWhen":1.5300024413456106e9,"tag":"Change","cFrom":[0,6],"cText":[""],"cRemoved":[" "]}

{"cOrigin":"+delete","cTo":[0,6],"cNewPos":[0,5],"cWhen":1.5300024413955958e9,"tag":"Change","cFrom":[0,5],"cText":[""],"cRemoved":["i"]}

{"cOrigin":"+delete","cTo":[0,5],"cNewPos":[0,4],"cWhen":1.5300024414457047e9,"tag":"Change","cFrom":[0,4],"cText":[""],"cRemoved":["h"]}

{"cOrigin":"+delete","cTo":[0,4],"cNewPos":[0,3],"cWhen":1.5300024414955742e9,"tag":"Change","cFrom":[0,3],"cText":[""],"cRemoved":[" "]}

{"cOrigin":"+delete","cTo":[0,3],"cNewPos":[0,2],"cWhen":1.5300024415456235e9,"tag":"Change","cFrom":[0,2],"cText":[""],"cRemoved":["i"]}

{"cOrigin":"+delete","cTo":[0,2],"cNewPos":[0,1],"cWhen":1.5300024415955887e9,"tag":"Change","cFrom":[0,1],"cText":[""],"cRemoved":["h"]}

{"cOrigin":"+delete","cTo":[0,1],"cNewPos":[0,0],"cWhen":1.5300024416456513e9,"tag":"Change","cFrom":[0,0],"cText":[""],"cRemoved":["\""]}

{"cOrigin":"+input","cTo":[0,0],"cNewPos":[0,1],"cWhen":1.5300024428385491e9,"tag":"Change","cFrom":[0,0],"cText":["f"],"cRemoved":[""]}

{"cOrigin":"+input","cTo":[0,1],"cNewPos":[0,2],"cWhen":1.5300024429905076e9,"tag":"Change","cFrom":[0,1],"cText":["a"],"cRemoved":[""]}

{"cOrigin":"+input","cTo":[0,2],"cNewPos":[0,3],"cWhen":1.5300024431106484e9,"tag":"Change","cFrom":[0,2],"cText":["s"],"cRemoved":[""]}

{"cOrigin":"+input","cTo":[0,3],"cNewPos":[0,4],"cWhen":1.5300024433106933e9,"tag":"Change","cFrom":[0,3],"cText":["r"],"cRemoved":[""]}

{"cOrigin":"+delete","cTo":[0,4],"cNewPos":[0,3],"cWhen":1.5300024444552286e9,"tag":"Change","cFrom":[0,3],"cText":[""],"cRemoved":["r"]}

{"cOrigin":"+input","cTo":[0,3],"cNewPos":[0,4],"cWhen":1.530002444807562e9,"tag":"Change","cFrom":[0,3],"cText":["t"],"cRemoved":[""]}

{"cOrigin":"+input","cTo":[0,4],"cNewPos":[0,5],"cWhen":1.5300024449596095e9,"tag":"Change","cFrom":[0,4],"cText":["e"],"cRemoved":[""]}

{"cOrigin":"+input","cTo":[0,5],"cNewPos":[0,6],"cWhen":1.5300024451118088e9,"tag":"Change","cFrom":[0,5],"cText":["e"],"cRemoved":[""]}

{"cOrigin":"+input","cTo":[0,6],"cNewPos":[0,7],"cWhen":1.5300024451198587e9,"tag":"Change","cFrom":[0,6],"cText":["r"],"cRemoved":[""]}

{"cOrigin":"+delete","cTo":[0,7],"cNewPos":[0,6],"cWhen":1.530002446360333e9,"tag":"Change","cFrom":[0,6],"cText":[""],"cRemoved":["r"]}

{"cOrigin":"+delete","cTo":[0,6],"cNewPos":[0,5],"cWhen":1.5300024465123138e9,"tag":"Change","cFrom":[0,5],"cText":[""],"cRemoved":["e"]}

{"cOrigin":"+delete","cTo":[0,5],"cNewPos":[0,4],"cWhen":1.5300024466403887e9,"tag":"Change","cFrom":[0,4],"cText":[""],"cRemoved":["e"]}

{"cOrigin":"+delete","cTo":[0,4],"cNewPos":[0,3],"cWhen":1.5300024467845309e9,"tag":"Change","cFrom":[0,3],"cText":[""],"cRemoved":["t"]}

{"cOrigin":"+delete","cTo":[0,3],"cNewPos":[0,2],"cWhen":1.530002446904599e9,"tag":"Change","cFrom":[0,2],"cText":[""],"cRemoved":["s"]}

{"cOrigin":"+delete","cTo":[0,2],"cNewPos":[0,1],"cWhen":1.5300024470326405e9,"tag":"Change","cFrom":[0,1],"cText":[""],"cRemoved":["a"]}

{"cOrigin":"+delete","cTo":[0,1],"cNewPos":[0,0],"cWhen":1.530002447285986e9,"tag":"Change","cFrom":[0,0],"cText":[""],"cRemoved":["f"]}

{"cOrigin":"+input","cTo":[0,0],"cNewPos":[0,1],"cWhen":1.530002449073547e9,"tag":"Change","cFrom":[0,0],"cText":["f"],"cRemoved":[""]}

{"cOrigin":"+input","cTo":[0,1],"cNewPos":[0,2],"cWhen":1.5300024492817514e9,"tag":"Change","cFrom":[0,1],"cText":["a"],"cRemoved":[""]}

{"cOrigin":"+input","cTo":[0,2],"cNewPos":[0,3],"cWhen":1.5300024501624522e9,"tag":"Change","cFrom":[0,2],"cText":["s"],"cRemoved":[""]}

{"cOrigin":"+input","cTo":[0,3],"cNewPos":[0,4],"cWhen":1.5300024504905524e9,"tag":"Change","cFrom":[0,3],"cText":["t"],"cRemoved":[""]}

{"cOrigin":"+input","cTo":[0,4],"cNewPos":[0,5],"cWhen":1.530002450738535e9,"tag":"Change","cFrom":[0,4],"cText":["e"],"cRemoved":[""]}

{"cOrigin":"+input","cTo":[0,5],"cNewPos":[0,6],"cWhen":1.5300024509304967e9,"tag":"Change","cFrom":[0,5],"cText":["r"],"cRemoved":[""]}

{"cOrigin":"+input","cTo":[0,6],"cNewPos":[0,7],"cWhen":1.5300024536198158e9,"tag":"Change","cFrom":[0,6],"cText":[" "],"cRemoved":[""]}

{"cOrigin":"+input","cTo":[0,7],"cNewPos":[0,8],"cWhen":1.530002454660659e9,"tag":"Change","cFrom":[0,7],"cText":["\""],"cRemoved":[""]}

{"cOrigin":"+input","cTo":[0,8],"cNewPos":[0,9],"cWhen":1.530002455837168e9,"tag":"Change","cFrom":[0,8],"cText":["h"],"cRemoved":[""]}

{"cOrigin":"+input","cTo":[0,9],"cNewPos":[0,10],"cWhen":1.5300024560613322e9,"tag":"Change","cFrom":[0,9],"cText":["i"],"cRemoved":[""]}

{"cOrigin":"+input","cTo":[0,10],"cNewPos":[0,11],"cWhen":1.5300024563093846e9,"tag":"Change","cFrom":[0,10],"cText":[" "],"cRemoved":[""]}

{"cOrigin":"+input","cTo":[0,11],"cNewPos":[0,12],"cWhen":1.5300024565256956e9,"tag":"Change","cFrom":[0,11],"cText":["h"],"cRemoved":[""]}

{"cOrigin":"+input","cTo":[0,12],"cNewPos":[0,13],"cWhen":1.530002456749713e9,"tag":"Change","cFrom":[0,12],"cText":["i"],"cRemoved":[""]}

{"cOrigin":"+input","cTo":[0,13],"cNewPos":[0,14],"cWhen":1.5300024570137486e9,"tag":"Change","cFrom":[0,13],"cText":[" "],"cRemoved":[""]}

{"cOrigin":"+input","cTo":[0,14],"cNewPos":[0,15],"cWhen":1.5300024572539687e9,"tag":"Change","cFrom":[0,14],"cText":["h"],"cRemoved":[""]}

{"cOrigin":"+input","cTo":[0,15],"cNewPos":[0,16],"cWhen":1.5300024574703355e9,"tag":"Change","cFrom":[0,15],"cText":["i"],"cRemoved":[""]}

{"cOrigin":"+input","cTo":[0,16],"cNewPos":[0,17],"cWhen":1.5300024577022157e9,"tag":"Change","cFrom":[0,16],"cText":[" "],"cRemoved":[""]}

{"cOrigin":"+input","cTo":[0,17],"cNewPos":[0,18],"cWhen":1.5300024579582644e9,"tag":"Change","cFrom":[0,17],"cText":["h"],"cRemoved":[""]}

{"cOrigin":"+input","cTo":[0,18],"cNewPos":[0,19],"cWhen":1.5300024581583452e9,"tag":"Change","cFrom":[0,18],"cText":["i"],"cRemoved":[""]}

{"cOrigin":"+input","cTo":[0,19],"cNewPos":[0,20],"cWhen":1.5300024583905122e9,"tag":"Change","cFrom":[0,19],"cText":[" "],"cRemoved":[""]}

{"cOrigin":"+input","cTo":[0,20],"cNewPos":[0,21],"cWhen":1.5300024586225116e9,"tag":"Change","cFrom":[0,20],"cText":["h"],"cRemoved":[""]}

{"cOrigin":"+input","cTo":[0,21],"cNewPos":[0,22],"cWhen":1.5300024588227332e9,"tag":"Change","cFrom":[0,21],"cText":["i"],"cRemoved":[""]}

{"cOrigin":"+input","cTo":[0,22],"cNewPos":[0,23],"cWhen":1.5300024590708032e9,"tag":"Change","cFrom":[0,22],"cText":[" "],"cRemoved":[""]}

{"cOrigin":"+input","cTo":[0,23],"cNewPos":[0,24],"cWhen":1.5300024593029032e9,"tag":"Change","cFrom":[0,23],"cText":["h"],"cRemoved":[""]}

{"cOrigin":"+input","cTo":[0,24],"cNewPos":[0,25],"cWhen":1.530002459520221e9,"tag":"Change","cFrom":[0,24],"cText":["i"],"cRemoved":[""]}

{"cOrigin":"+input","cTo":[0,25],"cNewPos":[0,26],"cWhen":1.5300024597588792e9,"tag":"Change","cFrom":[0,25],"cText":[" "],"cRemoved":[""]}

{"cOrigin":"+input","cTo":[0,26],"cNewPos":[0,27],"cWhen":1.5300024599831567e9,"tag":"Change","cFrom":[0,26],"cText":["h"],"cRemoved":[""]}

{"cOrigin":"+input","cTo":[0,27],"cNewPos":[0,28],"cWhen":1.5300024602071216e9,"tag":"Change","cFrom":[0,27],"cText":["i"],"cRemoved":[""]}

{"cOrigin":"+input","cTo":[0,28],"cNewPos":[0,29],"cWhen":1.5300024604555328e9,"tag":"Change","cFrom":[0,28],"cText":[" "],"cRemoved":[""]}

{"cOrigin":"+input","cTo":[0,29],"cNewPos":[0,30],"cWhen":1.5300024606877081e9,"tag":"Change","cFrom":[0,29],"cText":["l"],"cRemoved":[""]}

{"cOrigin":"+input","cTo":[0,30],"cNewPos":[0,31],"cWhen":1.5300024609036813e9,"tag":"Change","cFrom":[0,30],"cText":["o"],"cRemoved":[""]}

{"cOrigin":"+input","cTo":[0,31],"cNewPos":[0,32],"cWhen":1.530002461191633e9,"tag":"Change","cFrom":[0,31],"cText":[" "],"cRemoved":[""]}

{"cOrigin":"+input","cTo":[0,32],"cNewPos":[0,33],"cWhen":1.530002461431749e9,"tag":"Change","cFrom":[0,32],"cText":["l"],"cRemoved":[""]}

{"cOrigin":"+input","cTo":[0,33],"cNewPos":[0,34],"cWhen":1.530002461664063e9,"tag":"Change","cFrom":[0,33],"cText":["o"],"cRemoved":[""]}

{"cOrigin":"+input","cTo":[0,34],"cNewPos":[0,35],"cWhen":1.5300024652579274e9,"tag":"Change","cFrom":[0,34],"cText":["*"],"cRemoved":[""]}

{"cOrigin":"+input","cTo":[0,35],"cNewPos":[0,36],"cWhen":1.5300024667946587e9,"tag":"Change","cFrom":[0,35],"cText":["2"],"cRemoved":[""]}

{"cOrigin":"+input","cTo":[0,36],"cNewPos":[0,37],"cWhen":1.5300024690754712e9,"tag":"Change","cFrom":[0,36],"cText":["\""],"cRemoved":[""]}

{"cWhen":1.5300024729666295e9,"tag":"Eval","cAll":true}

{"cOrigin":"+input","cTo":[0,37],"cNewPos":[1,0],"cWhen":1.5300025031631715e9,"tag":"Change","cFrom":[0,37],"cText":["",""],"cRemoved":[""]}

{"cOrigin":"+input","cTo":[1,0],"cNewPos":[2,0],"cWhen":1.5300025035538971e9,"tag":"Change","cFrom":[1,0],"cText":["",""],"cRemoved":[""]}

{"cOrigin":"+input","cTo":[2,0],"cNewPos":[2,1],"cWhen":1.5300025056183052e9,"tag":"Change","cFrom":[2,0],"cText":["s"],"cRemoved":[""]}

{"cOrigin":"+input","cTo":[2,1],"cNewPos":[2,2],"cWhen":1.530002506106171e9,"tag":"Change","cFrom":[2,1],"cText":["l"],"cRemoved":[""]}

{"cOrigin":"+input","cTo":[2,2],"cNewPos":[2,3],"cWhen":1.5300025063303127e9,"tag":"Change","cFrom":[2,2],"cText":["o"],"cRemoved":[""]}

{"cOrigin":"+input","cTo":[2,3],"cNewPos":[2,4],"cWhen":1.5300025068422866e9,"tag":"Change","cFrom":[2,3],"cText":["w"],"cRemoved":[""]}

{"cOrigin":"+input","cTo":[2,4],"cNewPos":[2,5],"cWhen":1.5300025070984418e9,"tag":"Change","cFrom":[2,4],"cText":["e"],"cRemoved":[""]}

{"cOrigin":"+input","cTo":[2,5],"cNewPos":[2,6],"cWhen":1.530002507290511e9,"tag":"Change","cFrom":[2,5],"cText":["r"],"cRemoved":[""]}

{"cOrigin":"+input","cTo":[2,6],"cNewPos":[2,7],"cWhen":1.530002507298375e9,"tag":"Change","cFrom":[2,6],"cText":["t"],"cRemoved":[""]}

{"cOrigin":"+delete","cTo":[2,7],"cNewPos":[2,6],"cWhen":1.530002508482344e9,"tag":"Change","cFrom":[2,6],"cText":[""],"cRemoved":["t"]}

{"cOrigin":"+input","cTo":[2,6],"cNewPos":[2,7],"cWhen":1.530002509914509e9,"tag":"Change","cFrom":[2,6],"cText":[" "],"cRemoved":[""]}

{"cOrigin":"+input","cTo":[2,7],"cNewPos":[2,8],"cWhen":1.5300025110346181e9,"tag":"Change","cFrom":[2,7],"cText":["2"],"cRemoved":[""]}

{"cOrigin":"+delete","cTo":[2,8],"cNewPos":[2,7],"cWhen":1.5300025131463957e9,"tag":"Change","cFrom":[2,7],"cText":[""],"cRemoved":["2"]}

{"cOrigin":"+input","cTo":[2,7],"cNewPos":[2,8],"cWhen":1.5300025147947628e9,"tag":"Change","cFrom":[2,7],"cText":["\""],"cRemoved":[""]}

{"cOrigin":"+input","cTo":[2,8],"cNewPos":[2,9],"cWhen":1.530002516586847e9,"tag":"Change","cFrom":[2,8],"cText":["h"],"cRemoved":[""]}

{"cOrigin":"+delete","cTo":[2,9],"cNewPos":[2,8],"cWhen":1.5300025177629805e9,"tag":"Change","cFrom":[2,8],"cText":[""],"cRemoved":["h"]}

{"cOrigin":"+input","cTo":[2,8],"cNewPos":[2,9],"cWhen":1.5300025184992228e9,"tag":"Change","cFrom":[2,8],"cText":["l"],"cRemoved":[""]}

{"cOrigin":"+input","cTo":[2,9],"cNewPos":[2,10],"cWhen":1.530002518707227e9,"tag":"Change","cFrom":[2,9],"cText":["o"],"cRemoved":[""]}

{"cOrigin":"+input","cTo":[2,10],"cNewPos":[2,11],"cWhen":1.530002518971166e9,"tag":"Change","cFrom":[2,10],"cText":[" "],"cRemoved":[""]}

{"cOrigin":"+input","cTo":[2,11],"cNewPos":[2,12],"cWhen":1.5300025191792834e9,"tag":"Change","cFrom":[2,11],"cText":["l"],"cRemoved":[""]}

{"cOrigin":"+input","cTo":[2,12],"cNewPos":[2,13],"cWhen":1.5300025193709457e9,"tag":"Change","cFrom":[2,12],"cText":["o"],"cRemoved":[""]}

{"cOrigin":"+input","cTo":[2,13],"cNewPos":[2,14],"cWhen":1.5300025196350427e9,"tag":"Change","cFrom":[2,13],"cText":[" "],"cRemoved":[""]}

{"cOrigin":"+input","cTo":[2,14],"cNewPos":[2,15],"cWhen":1.5300025198429794e9,"tag":"Change","cFrom":[2,14],"cText":["l"],"cRemoved":[""]}

{"cOrigin":"+input","cTo":[2,15],"cNewPos":[2,16],"cWhen":1.5300025200433235e9,"tag":"Change","cFrom":[2,15],"cText":["o"],"cRemoved":[""]}

{"cOrigin":"+input","cTo":[2,16],"cNewPos":[2,17],"cWhen":1.5300025202832105e9,"tag":"Change","cFrom":[2,16],"cText":[" "],"cRemoved":[""]}

{"cOrigin":"+input","cTo":[2,17],"cNewPos":[2,18],"cWhen":1.5300025213962755e9,"tag":"Change","cFrom":[2,17],"cText":["l"],"cRemoved":[""]}

{"cOrigin":"+input","cTo":[2,18],"cNewPos":[2,19],"cWhen":1.5300025216032073e9,"tag":"Change","cFrom":[2,18],"cText":["o"],"cRemoved":[""]}

{"cOrigin":"+input","cTo":[2,19],"cNewPos":[2,20],"cWhen":1.5300025218830643e9,"tag":"Change","cFrom":[2,19],"cText":[" "],"cRemoved":[""]}

{"cOrigin":"+input","cTo":[2,20],"cNewPos":[2,21],"cWhen":1.5300025221150336e9,"tag":"Change","cFrom":[2,20],"cText":["l"],"cRemoved":[""]}

{"cOrigin":"+input","cTo":[2,21],"cNewPos":[2,22],"cWhen":1.5300025223474023e9,"tag":"Change","cFrom":[2,21],"cText":["o"],"cRemoved":[""]}

{"cOrigin":"+input","cTo":[2,22],"cNewPos":[2,23],"cWhen":1.5300025226914406e9,"tag":"Change","cFrom":[2,22],"cText":[" "],"cRemoved":[""]}

{"cOrigin":"+delete","cTo":[2,23],"cNewPos":[2,22],"cWhen":1.530002531771604e9,"tag":"Change","cFrom":[2,22],"cText":[""],"cRemoved":[" "]}

{"cOrigin":"+delete","cTo":[2,22],"cNewPos":[2,21],"cWhen":1.5300025319398096e9,"tag":"Change","cFrom":[2,21],"cText":[""],"cRemoved":["o"]}

{"cOrigin":"+delete","cTo":[2,21],"cNewPos":[2,20],"cWhen":1.5300025321237586e9,"tag":"Change","cFrom":[2,20],"cText":[""],"cRemoved":["l"]}

{"cOrigin":"+delete","cTo":[2,20],"cNewPos":[2,19],"cWhen":1.5300025323157687e9,"tag":"Change","cFrom":[2,19],"cText":[""],"cRemoved":[" "]}

{"cOrigin":"+delete","cTo":[2,19],"cNewPos":[2,18],"cWhen":1.5300025325078905e9,"tag":"Change","cFrom":[2,18],"cText":[""],"cRemoved":["o"]}

{"cOrigin":"+delete","cTo":[2,18],"cNewPos":[2,17],"cWhen":1.5300025328438945e9,"tag":"Change","cFrom":[2,17],"cText":[""],"cRemoved":["l"]}

{"cOrigin":"+delete","cTo":[2,17],"cNewPos":[2,16],"cWhen":1.5300025330600526e9,"tag":"Change","cFrom":[2,16],"cText":[""],"cRemoved":[" "]}

{"cOrigin":"+delete","cTo":[2,16],"cNewPos":[2,15],"cWhen":1.5300025332599077e9,"tag":"Change","cFrom":[2,15],"cText":[""],"cRemoved":["o"]}

{"cOrigin":"+delete","cTo":[2,15],"cNewPos":[2,14],"cWhen":1.530002533451915e9,"tag":"Change","cFrom":[2,14],"cText":[""],"cRemoved":["l"]}

{"cOrigin":"+delete","cTo":[2,14],"cNewPos":[2,13],"cWhen":1.5300025336039395e9,"tag":"Change","cFrom":[2,13],"cText":[""],"cRemoved":[" "]}

{"cOrigin":"+delete","cTo":[2,13],"cNewPos":[2,12],"cWhen":1.5300025337958386e9,"tag":"Change","cFrom":[2,12],"cText":[""],"cRemoved":["o"]}

{"cOrigin":"+delete","cTo":[2,12],"cNewPos":[2,11],"cWhen":1.5300025339639277e9,"tag":"Change","cFrom":[2,11],"cText":[""],"cRemoved":["l"]}

{"cOrigin":"+delete","cTo":[2,11],"cNewPos":[2,10],"cWhen":1.530002534171723e9,"tag":"Change","cFrom":[2,10],"cText":[""],"cRemoved":[" "]}

{"cOrigin":"+input","cTo":[2,10],"cNewPos":[2,11],"cWhen":1.5300025401481118e9,"tag":"Change","cFrom":[2,10],"cText":["*"],"cRemoved":[""]}

{"cOrigin":"+input","cTo":[2,11],"cNewPos":[2,12],"cWhen":1.5300025432443724e9,"tag":"Change","cFrom":[2,11],"cText":["9"],"cRemoved":[""]}

{"cOrigin":"+input","cTo":[2,12],"cNewPos":[2,13],"cWhen":1.530002544524459e9,"tag":"Change","cFrom":[2,12],"cText":[" "],"cRemoved":[""]}

{"cOrigin":"+input","cTo":[2,13],"cNewPos":[2,14],"cWhen":1.5300025450925188e9,"tag":"Change","cFrom":[2,13],"cText":["l"],"cRemoved":[""]}

{"cOrigin":"+input","cTo":[2,14],"cNewPos":[2,15],"cWhen":1.5300025453085117e9,"tag":"Change","cFrom":[2,14],"cText":["o"],"cRemoved":[""]}

{"cOrigin":"+input","cTo":[2,15],"cNewPos":[2,16],"cWhen":1.530002548308468e9,"tag":"Change","cFrom":[2,15],"cText":["*"],"cRemoved":[""]}

{"cOrigin":"+input","cTo":[2,16],"cNewPos":[2,17],"cWhen":1.5300025505007026e9,"tag":"Change","cFrom":[2,16],"cText":["2"],"cRemoved":[""]}

{"cOrigin":"+input","cTo":[2,17],"cNewPos":[2,18],"cWhen":1.530002551700429e9,"tag":"Change","cFrom":[2,17],"cText":[" "],"cRemoved":[""]}

{"cOrigin":"+input","cTo":[2,18],"cNewPos":[2,19],"cWhen":1.5300025524061468e9,"tag":"Change","cFrom":[2,18],"cText":["h"],"cRemoved":[""]}

{"cOrigin":"+input","cTo":[2,19],"cNewPos":[2,20],"cWhen":1.5300025528851528e9,"tag":"Change","cFrom":[2,19],"cText":["i"],"cRemoved":[""]}

{"cOrigin":"+input","cTo":[2,20],"cNewPos":[2,21],"cWhen":1.5300025546367424e9,"tag":"Change","cFrom":[2,20],"cText":["*"],"cRemoved":[""]}

{"cOrigin":"+input","cTo":[2,21],"cNewPos":[2,22],"cWhen":1.530002556204963e9,"tag":"Change","cFrom":[2,21],"cText":["3"],"cRemoved":[""]}

{"cOrigin":"+input","cTo":[2,22],"cNewPos":[2,23],"cWhen":1.530002557564749e9,"tag":"Change","cFrom":[2,22],"cText":[" "],"cRemoved":[""]}

{"cOrigin":"+input","cTo":[2,23],"cNewPos":[2,24],"cWhen":1.5300025619330246e9,"tag":"Change","cFrom":[2,23],"cText":["l"],"cRemoved":[""]}

{"cOrigin":"+input","cTo":[2,24],"cNewPos":[2,25],"cWhen":1.5300025621571574e9,"tag":"Change","cFrom":[2,24],"cText":["o"],"cRemoved":[""]}

{"cOrigin":"+input","cTo":[2,25],"cNewPos":[2,26],"cWhen":1.5300025639570434e9,"tag":"Change","cFrom":[2,25],"cText":["*"],"cRemoved":[""]}

{"cOrigin":"+input","cTo":[2,26],"cNewPos":[2,27],"cWhen":1.530002566677177e9,"tag":"Change","cFrom":[2,26],"cText":["8"],"cRemoved":[""]}

{"cOrigin":"+input","cTo":[2,27],"cNewPos":[2,28],"cWhen":1.530002568999e9,"tag":"Change","cFrom":[2,27],"cText":["\""],"cRemoved":[""]}

{"cWhen":1.5300025712153654e9,"tag":"Eval","cAll":true}

{"cWhen":1.5300025714669547e9,"tag":"Eval","cAll":true}

{"cOrigin":"+input","cTo":[2,28],"cNewPos":[3,0],"cWhen":1.5300025933097343e9,"tag":"Change","cFrom":[2,28],"cText":["",""],"cRemoved":[""]}

{"cOrigin":"+input","cTo":[3,0],"cNewPos":[4,0],"cWhen":1.5300025936859546e9,"tag":"Change","cFrom":[3,0],"cText":["",""],"cRemoved":[""]}

{"cOrigin":"+input","cTo":[4,0],"cNewPos":[4,1],"cWhen":1.5300025984615753e9,"tag":"Change","cFrom":[4,0],"cText":["f"],"cRemoved":[""]}

{"cOrigin":"+input","cTo":[4,1],"cNewPos":[4,2],"cWhen":1.5300025986615546e9,"tag":"Change","cFrom":[4,1],"cText":["a"],"cRemoved":[""]}

{"cOrigin":"+input","cTo":[4,2],"cNewPos":[4,3],"cWhen":1.5300025987416317e9,"tag":"Change","cFrom":[4,2],"cText":["s"],"cRemoved":[""]}

{"cOrigin":"+input","cTo":[4,3],"cNewPos":[4,4],"cWhen":1.5300025989894183e9,"tag":"Change","cFrom":[4,3],"cText":["t"],"cRemoved":[""]}

{"cOrigin":"+input","cTo":[4,4],"cNewPos":[4,5],"cWhen":1.5300025992454567e9,"tag":"Change","cFrom":[4,4],"cText":["e"],"cRemoved":[""]}

{"cOrigin":"+input","cTo":[4,5],"cNewPos":[4,6],"cWhen":1.5300025994614499e9,"tag":"Change","cFrom":[4,5],"cText":["r"],"cRemoved":[""]}

{"cOrigin":"+input","cTo":[4,6],"cNewPos":[4,7],"cWhen":1.5300025996306076e9,"tag":"Change","cFrom":[4,6],"cText":[" "],"cRemoved":[""]}

{"cOrigin":"+input","cTo":[4,7],"cNewPos":[4,8],"cWhen":1.5300026021732206e9,"tag":"Change","cFrom":[4,7],"cText":["2"],"cRemoved":[""]}

{"cOrigin":"+input","cTo":[4,8],"cNewPos":[4,9],"cWhen":1.5300026033410306e9,"tag":"Change","cFrom":[4,8],"cText":["h"],"cRemoved":[""]}

{"cOrigin":"+input","cTo":[4,9],"cNewPos":[4,10],"cWhen":1.5300026035649996e9,"tag":"Change","cFrom":[4,9],"cText":["i"],"cRemoved":[""]}

{"cOrigin":"+input","cTo":[4,10],"cNewPos":[4,11],"cWhen":1.5300026038210127e9,"tag":"Change","cFrom":[4,10],"cText":[" "],"cRemoved":[""]}

{"cOrigin":"+input","cTo":[4,11],"cNewPos":[4,12],"cWhen":1.5300026040289571e9,"tag":"Change","cFrom":[4,11],"cText":["h"],"cRemoved":[""]}

{"cOrigin":"+input","cTo":[4,12],"cNewPos":[4,13],"cWhen":1.5300026042129505e9,"tag":"Change","cFrom":[4,12],"cText":["i"],"cRemoved":[""]}

{"cOrigin":"+input","cTo":[4,13],"cNewPos":[4,14],"cWhen":1.53000260444481e9,"tag":"Change","cFrom":[4,13],"cText":[" "],"cRemoved":[""]}

{"cOrigin":"+input","cTo":[4,14],"cNewPos":[4,15],"cWhen":1.530002604740947e9,"tag":"Change","cFrom":[4,14],"cText":["h"],"cRemoved":[""]}

{"cOrigin":"+input","cTo":[4,15],"cNewPos":[4,16],"cWhen":1.5300026049568439e9,"tag":"Change","cFrom":[4,15],"cText":["i"],"cRemoved":[""]}

{"cOrigin":"+input","cTo":[4,16],"cNewPos":[4,17],"cWhen":1.5300026052047951e9,"tag":"Change","cFrom":[4,16],"cText":[" "],"cRemoved":[""]}

{"cOrigin":"+input","cTo":[4,17],"cNewPos":[4,18],"cWhen":1.5300026055167873e9,"tag":"Change","cFrom":[4,17],"cText":["l"],"cRemoved":[""]}

{"cOrigin":"+input","cTo":[4,18],"cNewPos":[4,19],"cWhen":1.5300026057968774e9,"tag":"Change","cFrom":[4,18],"cText":["o"],"cRemoved":[""]}

{"cOrigin":"+input","cTo":[4,19],"cNewPos":[4,20],"cWhen":1.5300026072603152e9,"tag":"Change","cFrom":[4,19],"cText":["*"],"cRemoved":[""]}

{"cOrigin":"+input","cTo":[4,20],"cNewPos":[4,21],"cWhen":1.5300026089966905e9,"tag":"Change","cFrom":[4,20],"cText":["9"],"cRemoved":[""]}

{"cOrigin":"+input","cTo":[4,21],"cNewPos":[4,22],"cWhen":1.530002609516311e9,"tag":"Change","cFrom":[4,21],"cText":[" "],"cRemoved":[""]}

{"cOrigin":"+input","cTo":[4,22],"cNewPos":[4,23],"cWhen":1.5300026097962115e9,"tag":"Change","cFrom":[4,22],"cText":["l"],"cRemoved":[""]}

{"cOrigin":"+input","cTo":[4,23],"cNewPos":[4,24],"cWhen":1.530002610195922e9,"tag":"Change","cFrom":[4,23],"cText":["o"],"cRemoved":[""]}

{"cOrigin":"+input","cTo":[4,24],"cNewPos":[4,25],"cWhen":1.5300026112918499e9,"tag":"Change","cFrom":[4,24],"cText":["*"],"cRemoved":[""]}

{"cOrigin":"+input","cTo":[4,25],"cNewPos":[4,26],"cWhen":1.5300026123479292e9,"tag":"Change","cFrom":[4,25],"cText":["9"],"cRemoved":[""]}

{"cOrigin":"+input","cTo":[4,26],"cNewPos":[4,27],"cWhen":1.5300026135574582e9,"tag":"Change","cFrom":[4,26],"cText":[" "],"cRemoved":[""]}

{"cOrigin":"+input","cTo":[4,27],"cNewPos":[4,28],"cWhen":1.5300026140432992e9,"tag":"Change","cFrom":[4,27],"cText":["l"],"cRemoved":[""]}

{"cOrigin":"+input","cTo":[4,28],"cNewPos":[4,29],"cWhen":1.5300026143953867e9,"tag":"Change","cFrom":[4,28],"cText":["o"],"cRemoved":[""]}

{"cOrigin":"+input","cTo":[4,29],"cNewPos":[4,30],"cWhen":1.5300026155392869e9,"tag":"Change","cFrom":[4,29],"cText":["8"],"cRemoved":[""]}

{"cOrigin":"+input","cTo":[4,30],"cNewPos":[4,31],"cWhen":1.5300026161551642e9,"tag":"Change","cFrom":[4,30],"cText":["9"],"cRemoved":[""]}

{"cOrigin":"+delete","cTo":[4,31],"cNewPos":[4,30],"cWhen":1.530002618290604e9,"tag":"Change","cFrom":[4,30],"cText":[""],"cRemoved":["9"]}

{"cOrigin":"+delete","cTo":[4,30],"cNewPos":[4,29],"cWhen":1.530002618690462e9,"tag":"Change","cFrom":[4,29],"cText":[""],"cRemoved":["8"]}

{"cOrigin":"+input","cTo":[4,29],"cNewPos":[4,30],"cWhen":1.5300026205061586e9,"tag":"Change","cFrom":[4,29],"cText":["*"],"cRemoved":[""]}

{"cOrigin":"+input","cTo":[4,30],"cNewPos":[4,31],"cWhen":1.5300026222579882e9,"tag":"Change","cFrom":[4,30],"cText":["9"],"cRemoved":[""]}

{"cOrigin":"+input","cTo":[4,31],"cNewPos":[4,32],"cWhen":1.5300026247135296e9,"tag":"Change","cFrom":[4,31],"cText":["\""],"cRemoved":[""]}

{"cWhen":1.5300026322986987e9,"tag":"Eval","cAll":true}

{"cOrigin":"+delete","cTo":[4,32],"cNewPos":[4,31],"cWhen":1.5300026342797744e9,"tag":"Change","cFrom":[4,31],"cText":[""],"cRemoved":["\""]}

{"cOrigin":"+delete","cTo":[4,31],"cNewPos":[4,30],"cWhen":1.530002634535494e9,"tag":"Change","cFrom":[4,30],"cText":[""],"cRemoved":["9"]}

{"cOrigin":"+delete","cTo":[4,30],"cNewPos":[4,29],"cWhen":1.530002634595444e9,"tag":"Change","cFrom":[4,29],"cText":[""],"cRemoved":["*"]}

{"cOrigin":"+delete","cTo":[4,29],"cNewPos":[4,28],"cWhen":1.5300026346454453e9,"tag":"Change","cFrom":[4,28],"cText":[""],"cRemoved":["o"]}

{"cOrigin":"+delete","cTo":[4,28],"cNewPos":[4,27],"cWhen":1.5300026346954777e9,"tag":"Change","cFrom":[4,27],"cText":[""],"cRemoved":["l"]}

{"cOrigin":"+delete","cTo":[4,27],"cNewPos":[4,26],"cWhen":1.530002634745494e9,"tag":"Change","cFrom":[4,26],"cText":[""],"cRemoved":[" "]}

{"cOrigin":"+delete","cTo":[4,26],"cNewPos":[4,25],"cWhen":1.530002634795598e9,"tag":"Change","cFrom":[4,25],"cText":[""],"cRemoved":["9"]}

{"cOrigin":"+delete","cTo":[4,25],"cNewPos":[4,24],"cWhen":1.5300026348455718e9,"tag":"Change","cFrom":[4,24],"cText":[""],"cRemoved":["*"]}

{"cOrigin":"+delete","cTo":[4,24],"cNewPos":[4,23],"cWhen":1.5300026348954854e9,"tag":"Change","cFrom":[4,23],"cText":[""],"cRemoved":["o"]}

{"cOrigin":"+delete","cTo":[4,23],"cNewPos":[4,22],"cWhen":1.5300026349454668e9,"tag":"Change","cFrom":[4,22],"cText":[""],"cRemoved":["l"]}

{"cOrigin":"+delete","cTo":[4,22],"cNewPos":[4,21],"cWhen":1.5300026349954581e9,"tag":"Change","cFrom":[4,21],"cText":[""],"cRemoved":[" "]}

{"cOrigin":"+delete","cTo":[4,21],"cNewPos":[4,20],"cWhen":1.5300026350454478e9,"tag":"Change","cFrom":[4,20],"cText":[""],"cRemoved":["9"]}

{"cOrigin":"+delete","cTo":[4,20],"cNewPos":[4,19],"cWhen":1.5300026350970833e9,"tag":"Change","cFrom":[4,19],"cText":[""],"cRemoved":["*"]}

{"cOrigin":"+delete","cTo":[4,19],"cNewPos":[4,18],"cWhen":1.5300026351454659e9,"tag":"Change","cFrom":[4,18],"cText":[""],"cRemoved":["o"]}

{"cOrigin":"+delete","cTo":[4,18],"cNewPos":[4,17],"cWhen":1.5300026351954496e9,"tag":"Change","cFrom":[4,17],"cText":[""],"cRemoved":["l"]}

{"cOrigin":"+delete","cTo":[4,17],"cNewPos":[4,16],"cWhen":1.530002635245436e9,"tag":"Change","cFrom":[4,16],"cText":[""],"cRemoved":[" "]}

{"cOrigin":"+delete","cTo":[4,16],"cNewPos":[4,15],"cWhen":1.5300026352955053e9,"tag":"Change","cFrom":[4,15],"cText":[""],"cRemoved":["i"]}

{"cOrigin":"+delete","cTo":[4,15],"cNewPos":[4,14],"cWhen":1.5300026353454847e9,"tag":"Change","cFrom":[4,14],"cText":[""],"cRemoved":["h"]}

{"cOrigin":"+delete","cTo":[4,14],"cNewPos":[4,13],"cWhen":1.5300026353955002e9,"tag":"Change","cFrom":[4,13],"cText":[""],"cRemoved":[" "]}

{"cOrigin":"+delete","cTo":[4,13],"cNewPos":[4,12],"cWhen":1.5300026354454753e9,"tag":"Change","cFrom":[4,12],"cText":[""],"cRemoved":["i"]}

{"cOrigin":"+delete","cTo":[4,12],"cNewPos":[4,11],"cWhen":1.530002635495485e9,"tag":"Change","cFrom":[4,11],"cText":[""],"cRemoved":["h"]}

{"cOrigin":"+delete","cTo":[4,11],"cNewPos":[4,10],"cWhen":1.5300026355454643e9,"tag":"Change","cFrom":[4,10],"cText":[""],"cRemoved":[" "]}

{"cOrigin":"+delete","cTo":[4,10],"cNewPos":[4,9],"cWhen":1.5300026355956333e9,"tag":"Change","cFrom":[4,9],"cText":[""],"cRemoved":["i"]}

{"cOrigin":"+delete","cTo":[4,9],"cNewPos":[4,8],"cWhen":1.530002635645575e9,"tag":"Change","cFrom":[4,8],"cText":[""],"cRemoved":["h"]}

{"cOrigin":"+delete","cTo":[4,8],"cNewPos":[4,7],"cWhen":1.530002635695466e9,"tag":"Change","cFrom":[4,7],"cText":[""],"cRemoved":["2"]}

{"cOrigin":"+delete","cTo":[4,7],"cNewPos":[4,6],"cWhen":1.5300026357454634e9,"tag":"Change","cFrom":[4,6],"cText":[""],"cRemoved":[" "]}

{"cOrigin":"+delete","cTo":[4,6],"cNewPos":[4,5],"cWhen":1.5300026357954648e9,"tag":"Change","cFrom":[4,5],"cText":[""],"cRemoved":["r"]}

{"cOrigin":"+delete","cTo":[4,5],"cNewPos":[4,4],"cWhen":1.5300026358454623e9,"tag":"Change","cFrom":[4,4],"cText":[""],"cRemoved":["e"]}

{"cOrigin":"+delete","cTo":[4,4],"cNewPos":[4,3],"cWhen":1.5300026358954437e9,"tag":"Change","cFrom":[4,3],"cText":[""],"cRemoved":["t"]}

{"cOrigin":"+delete","cTo":[4,3],"cNewPos":[4,2],"cWhen":1.53000263594546e9,"tag":"Change","cFrom":[4,2],"cText":[""],"cRemoved":["s"]}

{"cOrigin":"+delete","cTo":[4,2],"cNewPos":[4,1],"cWhen":1.530002635995473e9,"tag":"Change","cFrom":[4,1],"cText":[""],"cRemoved":["a"]}

{"cOrigin":"+delete","cTo":[4,1],"cNewPos":[4,0],"cWhen":1.5300026360454443e9,"tag":"Change","cFrom":[4,0],"cText":[""],"cRemoved":["f"]}

{"cOrigin":"+delete","cTo":[4,0],"cNewPos":[3,0],"cWhen":1.53000263609547e9,"tag":"Change","cFrom":[3,0],"cText":[""],"cRemoved":["",""]}

{"cOrigin":"+delete","cTo":[3,0],"cNewPos":[2,28],"cWhen":1.5300026361454785e9,"tag":"Change","cFrom":[2,28],"cText":[""],"cRemoved":["",""]}

{"cOrigin":"+delete","cTo":[2,28],"cNewPos":[2,27],"cWhen":1.5300026361954353e9,"tag":"Change","cFrom":[2,27],"cText":[""],"cRemoved":["\""]}

{"cOrigin":"+delete","cTo":[2,27],"cNewPos":[2,26],"cWhen":1.5300026362454453e9,"tag":"Change","cFrom":[2,26],"cText":[""],"cRemoved":["8"]}

{"cOrigin":"+delete","cTo":[2,26],"cNewPos":[2,25],"cWhen":1.5300026362954597e9,"tag":"Change","cFrom":[2,25],"cText":[""],"cRemoved":["*"]}

{"cOrigin":"+delete","cTo":[2,25],"cNewPos":[2,24],"cWhen":1.5300026363455098e9,"tag":"Change","cFrom":[2,24],"cText":[""],"cRemoved":["o"]}

{"cOrigin":"+input","cTo":[2,24],"cNewPos":[2,25],"cWhen":1.5300026408230107e9,"tag":"Change","cFrom":[2,24],"cText":["o"],"cRemoved":[""]}

{"cOrigin":"+input","cTo":[2,25],"cNewPos":[2,26],"cWhen":1.5300026433348172e9,"tag":"Change","cFrom":[2,25],"cText":["*"],"cRemoved":[""]}

{"cOrigin":"+input","cTo":[2,26],"cNewPos":[2,27],"cWhen":1.5300026441903822e9,"tag":"Change","cFrom":[2,26],"cText":["9"],"cRemoved":[""]}

{"cOrigin":"+input","cTo":[2,27],"cNewPos":[2,28],"cWhen":1.5300026459663882e9,"tag":"Change","cFrom":[2,27],"cText":["\""],"cRemoved":[""]}
