{"cWhen":1530002747,"tag":"Eval","cAll":true}
{"cOrigin":"+input","cTo":[0,0],"cNewPos":[0,1],"cWhen":1.5300027480521483e9,"tag":"Change","cFrom":[0,0],"cText":["s"],"cRemoved":[""]}

{"cOrigin":"+input","cTo":[0,1],"cNewPos":[0,2],"cWhen":1.530002748356041e9,"tag":"Change","cFrom":[0,1],"cText":["c"],"cRemoved":[""]}

{"cOrigin":"+input","cTo":[0,2],"cNewPos":[0,3],"cWhen":1.53000274874787e9,"tag":"Change","cFrom":[0,2],"cText":["r"],"cRemoved":[""]}

{"cOrigin":"+input","cTo":[0,3],"cNewPos":[0,4],"cWhen":1.5300027491879742e9,"tag":"Change","cFrom":[0,3],"cText":["a"],"cRemoved":[""]}

{"cOrigin":"+input","cTo":[0,4],"cNewPos":[0,5],"cWhen":1.5300027494525998e9,"tag":"Change","cFrom":[0,4],"cText":["t"],"cRemoved":[""]}

{"cOrigin":"+input","cTo":[0,5],"cNewPos":[0,6],"cWhen":1.5300027498918872e9,"tag":"Change","cFrom":[0,5],"cText":["c"],"cRemoved":[""]}

{"cOrigin":"+input","cTo":[0,6],"cNewPos":[0,7],"cWhen":1.530002750308934e9,"tag":"Change","cFrom":[0,6],"cText":["h"],"cRemoved":[""]}

{"cOrigin":"+input","cTo":[0,7],"cNewPos":[0,8],"cWhen":1.5300027511317947e9,"tag":"Change","cFrom":[0,7],"cText":[" "],"cRemoved":[""]}

{"cOrigin":"+input","cTo":[0,8],"cNewPos":[0,9],"cWhen":1.53000275180384e9,"tag":"Change","cFrom":[0,8],"cText":["2"],"cRemoved":[""]}

{"cOrigin":"+input","cTo":[0,9],"cNewPos":[0,10],"cWhen":1.5300027525477836e9,"tag":"Change","cFrom":[0,9],"cText":["h"],"cRemoved":[""]}

{"cOrigin":"+input","cTo":[0,10],"cNewPos":[0,11],"cWhen":1.5300027528438385e9,"tag":"Change","cFrom":[0,10],"cText":["i"],"cRemoved":[""]}

{"cOrigin":"+input","cTo":[0,11],"cNewPos":[0,12],"cWhen":1.530002754691648e9,"tag":"Change","cFrom":[0,11],"cText":["*"],"cRemoved":[""]}

{"cOrigin":"+input","cTo":[0,12],"cNewPos":[0,13],"cWhen":1.530002756883453e9,"tag":"Change","cFrom":[0,12],"cText":["9"],"cRemoved":[""]}

{"cXWarp":12,"cNewPos":[0,12],"cWhen":1.530002760027294e9,"tag":"Move"}

{"cXWarp":11,"cNewPos":[0,11],"cWhen":1.530002760243029e9,"tag":"Move"}

{"cXWarp":10,"cNewPos":[0,10],"cWhen":1.5300027604350367e9,"tag":"Move"}

{"cXWarp":9,"cNewPos":[0,9],"cWhen":1.5300027606510105e9,"tag":"Move"}

{"cXWarp":8,"cNewPos":[0,8],"cWhen":1.5300027610269835e9,"tag":"Move"}

{"cOrigin":"+delete","cTo":[0,9],"cNewPos":[0,8],"cWhen":1.5300027640348227e9,"tag":"Change","cFrom":[0,8],"cText":[""],"cRemoved":["2"]}

{"cOrigin":"+input","cTo":[0,8],"cNewPos":[0,9],"cWhen":1.530002767466788e9,"tag":"Change","cFrom":[0,8],"cText":["\""],"cRemoved":[""]}

{"cWhen":1.5300027705163326e9,"tag":"Eval","cAll":true}

{"cOrigin":"+delete","cTo":[0,9],"cNewPos":[0,8],"cWhen":1.5300027721146758e9,"tag":"Change","cFrom":[0,8],"cText":[""],"cRemoved":["\""]}

{"cOrigin":"+delete","cTo":[0,8],"cNewPos":[0,7],"cWhen":1.5300027723656666e9,"tag":"Change","cFrom":[0,7],"cText":[""],"cRemoved":[" "]}

{"cOrigin":"+delete","cTo":[0,7],"cNewPos":[0,6],"cWhen":1.530002772415572e9,"tag":"Change","cFrom":[0,6],"cText":[""],"cRemoved":["h"]}

{"cOrigin":"+delete","cTo":[0,6],"cNewPos":[0,5],"cWhen":1.5300027724655812e9,"tag":"Change","cFrom":[0,5],"cText":[""],"cRemoved":["c"]}

{"cOrigin":"+delete","cTo":[0,5],"cNewPos":[0,4],"cWhen":1.5300027725155792e9,"tag":"Change","cFrom":[0,4],"cText":[""],"cRemoved":["t"]}

{"cOrigin":"+delete","cTo":[0,4],"cNewPos":[0,3],"cWhen":1.530002772565564e9,"tag":"Change","cFrom":[0,3],"cText":[""],"cRemoved":["a"]}

{"cOrigin":"+delete","cTo":[0,3],"cNewPos":[0,2],"cWhen":1.530002772615561e9,"tag":"Change","cFrom":[0,2],"cText":[""],"cRemoved":["r"]}

{"cOrigin":"+delete","cTo":[0,2],"cNewPos":[0,1],"cWhen":1.5300027726655807e9,"tag":"Change","cFrom":[0,1],"cText":[""],"cRemoved":["c"]}

{"cOrigin":"+delete","cTo":[0,1],"cNewPos":[0,0],"cWhen":1.5300027729143822e9,"tag":"Change","cFrom":[0,0],"cText":[""],"cRemoved":["s"]}

{"cXWarp":1,"cNewPos":[0,1],"cWhen":1.5300027745863605e9,"tag":"Move"}

{"cXWarp":2,"cNewPos":[0,2],"cWhen":1.5300027747624383e9,"tag":"Move"}

{"cXWarp":3,"cNewPos":[0,3],"cWhen":1.5300027749143422e9,"tag":"Move"}

{"cXWarp":4,"cNewPos":[0,4],"cWhen":1.5300027750903373e9,"tag":"Move"}

{"cOrigin":"+delete","cTo":[0,4],"cNewPos":[0,3],"cWhen":1.5300027763541882e9,"tag":"Change","cFrom":[0,3],"cText":[""],"cRemoved":["9"]}

{"cOrigin":"+delete","cTo":[0,3],"cNewPos":[0,2],"cWhen":1.5300027766055791e9,"tag":"Change","cFrom":[0,2],"cText":[""],"cRemoved":["*"]}

{"cOrigin":"+delete","cTo":[0,2],"cNewPos":[0,1],"cWhen":1.5300027766555638e9,"tag":"Change","cFrom":[0,1],"cText":[""],"cRemoved":["i"]}

{"cOrigin":"+delete","cTo":[0,1],"cNewPos":[0,0],"cWhen":1.530002776705587e9,"tag":"Change","cFrom":[0,0],"cText":[""],"cRemoved":["h"]}

{"cOrigin":"+input","cTo":[0,0],"cNewPos":[0,1],"cWhen":1.5300027797062984e9,"tag":"Change","cFrom":[0,0],"cText":["c"],"cRemoved":[""]}

{"cOrigin":"+input","cTo":[0,1],"cNewPos":[0,2],"cWhen":1.5300027802741654e9,"tag":"Change","cFrom":[0,1],"cText":["r"],"cRemoved":[""]}

{"cOrigin":"+input","cTo":[0,2],"cNewPos":[0,3],"cWhen":1.5300027807461126e9,"tag":"Change","cFrom":[0,2],"cText":["u"],"cRemoved":[""]}

{"cOrigin":"+input","cTo":[0,3],"cNewPos":[0,4],"cWhen":1.5300027811302135e9,"tag":"Change","cFrom":[0,3],"cText":["n"],"cRemoved":[""]}

{"cOrigin":"+input","cTo":[0,4],"cNewPos":[0,5],"cWhen":1.5300027815781715e9,"tag":"Change","cFrom":[0,4],"cText":["c"],"cRemoved":[""]}

{"cOrigin":"+input","cTo":[0,5],"cNewPos":[0,6],"cWhen":1.5300027826741385e9,"tag":"Change","cFrom":[0,5],"cText":["h"],"cRemoved":[""]}

{"cOrigin":"+input","cTo":[0,6],"cNewPos":[0,7],"cWhen":1.5300027878739793e9,"tag":"Change","cFrom":[0,6],"cText":[" "],"cRemoved":[""]}

{"cOrigin":"+input","cTo":[0,7],"cNewPos":[0,8],"cWhen":1.530002790121859e9,"tag":"Change","cFrom":[0,7],"cText":["\""],"cRemoved":[""]}

{"cOrigin":"+input","cTo":[0,8],"cNewPos":[0,9],"cWhen":1.5300027914738495e9,"tag":"Change","cFrom":[0,8],"cText":["h"],"cRemoved":[""]}

{"cOrigin":"+input","cTo":[0,9],"cNewPos":[0,10],"cWhen":1.5300027918259416e9,"tag":"Change","cFrom":[0,9],"cText":["i"],"cRemoved":[""]}

{"cOrigin":"+input","cTo":[0,10],"cNewPos":[0,11],"cWhen":1.5300027921778433e9,"tag":"Change","cFrom":[0,10],"cText":[" "],"cRemoved":[""]}

{"cOrigin":"+input","cTo":[0,11],"cNewPos":[0,12],"cWhen":1.5300027925777476e9,"tag":"Change","cFrom":[0,11],"cText":["l"],"cRemoved":[""]}

{"cOrigin":"+input","cTo":[0,12],"cNewPos":[0,13],"cWhen":1.5300027929778035e9,"tag":"Change","cFrom":[0,12],"cText":["o"],"cRemoved":[""]}

{"cOrigin":"+input","cTo":[0,13],"cNewPos":[0,14],"cWhen":1.5300027960575733e9,"tag":"Change","cFrom":[0,13],"cText":["*"],"cRemoved":[""]}

{"cOrigin":"+input","cTo":[0,14],"cNewPos":[0,15],"cWhen":1.5300027975456948e9,"tag":"Change","cFrom":[0,14],"cText":["9"],"cRemoved":[""]}

{"cOrigin":"+input","cTo":[0,15],"cNewPos":[0,16],"cWhen":1.530002801425467e9,"tag":"Change","cFrom":[0,15],"cText":["\""],"cRemoved":[""]}

{"cOrigin":"+input","cTo":[0,16],"cNewPos":[1,0],"cWhen":1.530002802793418e9,"tag":"Change","cFrom":[0,16],"cText":["",""],"cRemoved":[""]}

{"cOrigin":"+input","cTo":[1,0],"cNewPos":[2,0],"cWhen":1.5300028030458095e9,"tag":"Change","cFrom":[1,0],"cText":["",""],"cRemoved":[""]}

{"cOrigin":"+input","cTo":[2,0],"cNewPos":[3,0],"cWhen":1.5300028030958302e9,"tag":"Change","cFrom":[2,0],"cText":["",""],"cRemoved":[""]}

{"cOrigin":"+delete","cTo":[3,0],"cNewPos":[2,0],"cWhen":1.5300028041609929e9,"tag":"Change","cFrom":[2,0],"cText":[""],"cRemoved":["",""]}

{"cOrigin":"+delete","cTo":[2,0],"cNewPos":[1,0],"cWhen":1.5300028043449702e9,"tag":"Change","cFrom":[1,0],"cText":[""],"cRemoved":["",""]}

{"cOrigin":"+delete","cTo":[1,0],"cNewPos":[0,16],"cWhen":1.5300028047850683e9,"tag":"Change","cFrom":[0,16],"cText":[""],"cRemoved":["",""]}

{"cWhen":1.530002807210771e9,"tag":"Eval","cAll":true}

{"cWhen":1.5300028103025837e9,"tag":"Eval","cAll":true}

{"cWhen":1.5300028103588111e9,"tag":"Eval","cAll":true}

{"cWhen":1.5300028104165962e9,"tag":"Eval","cAll":true}

{"cWhen":1.5300028104713974e9,"tag":"Eval","cAll":true}

{"cWhen":1.5300028105237896e9,"tag":"Eval","cAll":true}

{"cOrigin":"+input","cTo":[0,16],"cNewPos":[1,0],"cWhen":1.530002810575756e9,"tag":"Change","cFrom":[0,16],"cText":["",""],"cRemoved":[""]}

{"cWhen":1.530002811033859e9,"tag":"Eval","cAll":true}

{"cWhen":1.5300028112876265e9,"tag":"Eval","cAll":true}

{"cWhen":1.5300028113698988e9,"tag":"Eval","cAll":true}

{"cOrigin":"+input","cTo":[1,0],"cNewPos":[2,0],"cWhen":1.530002836287955e9,"tag":"Change","cFrom":[1,0],"cText":["",""],"cRemoved":[""]}

{"cOrigin":"+input","cTo":[2,0],"cNewPos":[2,1],"cWhen":1.5300028410559242e9,"tag":"Change","cFrom":[2,0],"cText":["f"],"cRemoved":[""]}

{"cOrigin":"+input","cTo":[2,1],"cNewPos":[2,2],"cWhen":1.5300028413036659e9,"tag":"Change","cFrom":[2,1],"cText":["a"],"cRemoved":[""]}

{"cOrigin":"+input","cTo":[2,2],"cNewPos":[2,3],"cWhen":1.5300028414556549e9,"tag":"Change","cFrom":[2,2],"cText":["s"],"cRemoved":[""]}

{"cOrigin":"+input","cTo":[2,3],"cNewPos":[2,4],"cWhen":1.5300028416878603e9,"tag":"Change","cFrom":[2,3],"cText":["t"],"cRemoved":[""]}

{"cOrigin":"+input","cTo":[2,4],"cNewPos":[2,5],"cWhen":1.5300028419356942e9,"tag":"Change","cFrom":[2,4],"cText":["e"],"cRemoved":[""]}

{"cOrigin":"+input","cTo":[2,5],"cNewPos":[2,6],"cWhen":1.5300028421437807e9,"tag":"Change","cFrom":[2,5],"cText":["r"],"cRemoved":[""]}

{"cOrigin":"+input","cTo":[2,6],"cNewPos":[2,7],"cWhen":1.53000284406356e9,"tag":"Change","cFrom":[2,6],"cText":[" "],"cRemoved":[""]}

{"cOrigin":"+input","cTo":[2,7],"cNewPos":[2,8],"cWhen":1.5300028454316568e9,"tag":"Change","cFrom":[2,7],"cText":["3"],"cRemoved":[""]}

{"cOrigin":"+delete","cTo":[2,8],"cNewPos":[2,7],"cWhen":1.530002846503504e9,"tag":"Change","cFrom":[2,7],"cText":[""],"cRemoved":["3"]}

{"cOrigin":"+input","cTo":[2,7],"cNewPos":[2,8],"cWhen":1.5300028481834466e9,"tag":"Change","cFrom":[2,7],"cText":["\""],"cRemoved":[""]}

{"cOrigin":"+input","cTo":[2,8],"cNewPos":[2,9],"cWhen":1.5300028497834525e9,"tag":"Change","cFrom":[2,8],"cText":["h"],"cRemoved":[""]}

{"cOrigin":"+input","cTo":[2,9],"cNewPos":[2,10],"cWhen":1.5300028501354396e9,"tag":"Change","cFrom":[2,9],"cText":["i"],"cRemoved":[""]}

{"cOrigin":"+input","cTo":[2,10],"cNewPos":[2,11],"cWhen":1.5300028505195022e9,"tag":"Change","cFrom":[2,10],"cText":[" "],"cRemoved":[""]}

{"cOrigin":"+input","cTo":[2,11],"cNewPos":[2,12],"cWhen":1.5300028509515088e9,"tag":"Change","cFrom":[2,11],"cText":["l"],"cRemoved":[""]}

{"cOrigin":"+input","cTo":[2,12],"cNewPos":[2,13],"cWhen":1.5300028513435464e9,"tag":"Change","cFrom":[2,12],"cText":["o"],"cRemoved":[""]}

{"cOrigin":"+input","cTo":[2,13],"cNewPos":[2,14],"cWhen":1.5300028517837574e9,"tag":"Change","cFrom":[2,13],"cText":[" "],"cRemoved":[""]}

{"cOrigin":"+input","cTo":[2,14],"cNewPos":[2,15],"cWhen":1.530002852151518e9,"tag":"Change","cFrom":[2,14],"cText":["l"],"cRemoved":[""]}

{"cOrigin":"+input","cTo":[2,15],"cNewPos":[2,16],"cWhen":1.5300028525754435e9,"tag":"Change","cFrom":[2,15],"cText":["o"],"cRemoved":[""]}

{"cOrigin":"+input","cTo":[2,16],"cNewPos":[2,17],"cWhen":1.5300028529436908e9,"tag":"Change","cFrom":[2,16],"cText":[" "],"cRemoved":[""]}

{"cOrigin":"+input","cTo":[2,17],"cNewPos":[2,18],"cWhen":1.530002853343472e9,"tag":"Change","cFrom":[2,17],"cText":["h"],"cRemoved":[""]}

{"cOrigin":"+input","cTo":[2,18],"cNewPos":[2,19],"cWhen":1.5300028537194347e9,"tag":"Change","cFrom":[2,18],"cText":["i"],"cRemoved":[""]}

{"cOrigin":"+input","cTo":[2,19],"cNewPos":[2,20],"cWhen":1.5300028553193593e9,"tag":"Change","cFrom":[2,19],"cText":["*"],"cRemoved":[""]}

{"cOrigin":"+input","cTo":[2,20],"cNewPos":[2,21],"cWhen":1.5300028590237432e9,"tag":"Change","cFrom":[2,20],"cText":["4"],"cRemoved":[""]}

{"cOrigin":"+input","cTo":[2,21],"cNewPos":[2,22],"cWhen":1.5300028637511075e9,"tag":"Change","cFrom":[2,21],"cText":["\""],"cRemoved":[""]}

{"cWhen":1.5300028660966198e9,"tag":"Eval","cAll":true}

{"cOrigin":"+input","cTo":[2,22],"cNewPos":[3,0],"cWhen":1.5300028806067793e9,"tag":"Change","cFrom":[2,22],"cText":["",""],"cRemoved":[""]}

{"cOrigin":"+input","cTo":[3,0],"cNewPos":[4,0],"cWhen":1.530002880998927e9,"tag":"Change","cFrom":[3,0],"cText":["",""],"cRemoved":[""]}

{"cOrigin":"+input","cTo":[4,0],"cNewPos":[4,1],"cWhen":1.5300028836865878e9,"tag":"Change","cFrom":[4,0],"cText":["c"],"cRemoved":[""]}

{"cOrigin":"+input","cTo":[4,1],"cNewPos":[4,2],"cWhen":1.5300028840706804e9,"tag":"Change","cFrom":[4,1],"cText":["r"],"cRemoved":[""]}

{"cOrigin":"+input","cTo":[4,2],"cNewPos":[4,3],"cWhen":1.5300028845427175e9,"tag":"Change","cFrom":[4,2],"cText":["u"],"cRemoved":[""]}

{"cOrigin":"+input","cTo":[4,3],"cNewPos":[4,4],"cWhen":1.530002884950737e9,"tag":"Change","cFrom":[4,3],"cText":["n"],"cRemoved":[""]}

{"cOrigin":"+input","cTo":[4,4],"cNewPos":[4,5],"cWhen":1.5300028853507004e9,"tag":"Change","cFrom":[4,4],"cText":["c"],"cRemoved":[""]}

{"cOrigin":"+input","cTo":[4,5],"cNewPos":[4,6],"cWhen":1.5300028862227156e9,"tag":"Change","cFrom":[4,5],"cText":["h"],"cRemoved":[""]}

{"cOrigin":"+input","cTo":[4,6],"cNewPos":[4,7],"cWhen":1.5300028877345653e9,"tag":"Change","cFrom":[4,6],"cText":[" "],"cRemoved":[""]}

{"cOrigin":"+input","cTo":[4,7],"cNewPos":[4,8],"cWhen":1.530002889230574e9,"tag":"Change","cFrom":[4,7],"cText":["\""],"cRemoved":[""]}

{"cOrigin":"+input","cTo":[4,8],"cNewPos":[4,9],"cWhen":1.5300028902626479e9,"tag":"Change","cFrom":[4,8],"cText":["h"],"cRemoved":[""]}

{"cOrigin":"+input","cTo":[4,9],"cNewPos":[4,10],"cWhen":1.5300028905025234e9,"tag":"Change","cFrom":[4,9],"cText":["i"],"cRemoved":[""]}

{"cOrigin":"+input","cTo":[4,10],"cNewPos":[4,11],"cWhen":1.5300028907426126e9,"tag":"Change","cFrom":[4,10],"cText":[" "],"cRemoved":[""]}

{"cOrigin":"+input","cTo":[4,11],"cNewPos":[4,12],"cWhen":1.5300028909505265e9,"tag":"Change","cFrom":[4,11],"cText":["h"],"cRemoved":[""]}

{"cOrigin":"+input","cTo":[4,12],"cNewPos":[4,13],"cWhen":1.5300028911425111e9,"tag":"Change","cFrom":[4,12],"cText":["i"],"cRemoved":[""]}

{"cOrigin":"+input","cTo":[4,13],"cNewPos":[4,14],"cWhen":1.5300028913664923e9,"tag":"Change","cFrom":[4,13],"cText":[" "],"cRemoved":[""]}

{"cOrigin":"+input","cTo":[4,14],"cNewPos":[4,15],"cWhen":1.530002891574593e9,"tag":"Change","cFrom":[4,14],"cText":["h"],"cRemoved":[""]}

{"cOrigin":"+input","cTo":[4,15],"cNewPos":[4,16],"cWhen":1.5300028917745898e9,"tag":"Change","cFrom":[4,15],"cText":["i"],"cRemoved":[""]}

{"cOrigin":"+input","cTo":[4,16],"cNewPos":[4,17],"cWhen":1.530002891998507e9,"tag":"Change","cFrom":[4,16],"cText":[" "],"cRemoved":[""]}

{"cOrigin":"+input","cTo":[4,17],"cNewPos":[4,18],"cWhen":1.5300028923986008e9,"tag":"Change","cFrom":[4,17],"cText":["l"],"cRemoved":[""]}

{"cOrigin":"+input","cTo":[4,18],"cNewPos":[4,19],"cWhen":1.5300028926304655e9,"tag":"Change","cFrom":[4,18],"cText":["o"],"cRemoved":[""]}

{"cOrigin":"+input","cTo":[4,19],"cNewPos":[4,20],"cWhen":1.5300028940944386e9,"tag":"Change","cFrom":[4,19],"cText":["*"],"cRemoved":[""]}

{"cOrigin":"+input","cTo":[4,20],"cNewPos":[4,21],"cWhen":1.5300028945985339e9,"tag":"Change","cFrom":[4,20],"cText":["9"],"cRemoved":[""]}

{"cOrigin":"+input","cTo":[4,21],"cNewPos":[4,22],"cWhen":1.5300028955503995e9,"tag":"Change","cFrom":[4,21],"cText":[" "],"cRemoved":[""]}

{"cOrigin":"+input","cTo":[4,22],"cNewPos":[4,23],"cWhen":1.5300028960232253e9,"tag":"Change","cFrom":[4,22],"cText":["h"],"cRemoved":[""]}

{"cOrigin":"+input","cTo":[4,23],"cNewPos":[4,24],"cWhen":1.5300028962894835e9,"tag":"Change","cFrom":[4,23],"cText":["i"],"cRemoved":[""]}

{"cOrigin":"+input","cTo":[4,24],"cNewPos":[4,25],"cWhen":1.5300028977984362e9,"tag":"Change","cFrom":[4,24],"cText":["*"],"cRemoved":[""]}

{"cOrigin":"+input","cTo":[4,25],"cNewPos":[4,26],"cWhen":1.5300029001822982e9,"tag":"Change","cFrom":[4,25],"cText":["4"],"cRemoved":[""]}

{"cOrigin":"+input","cTo":[4,26],"cNewPos":[4,27],"cWhen":1.5300029014223254e9,"tag":"Change","cFrom":[4,26],"cText":[" "],"cRemoved":[""]}

{"cOrigin":"+input","cTo":[4,27],"cNewPos":[4,28],"cWhen":1.5300029020463946e9,"tag":"Change","cFrom":[4,27],"cText":["l"],"cRemoved":[""]}

{"cOrigin":"+input","cTo":[4,28],"cNewPos":[4,29],"cWhen":1.5300029023102634e9,"tag":"Change","cFrom":[4,28],"cText":["o"],"cRemoved":[""]}

{"cOrigin":"+input","cTo":[4,29],"cNewPos":[4,30],"cWhen":1.5300029048462048e9,"tag":"Change","cFrom":[4,29],"cText":["*"],"cRemoved":[""]}

{"cOrigin":"+input","cTo":[4,30],"cNewPos":[4,31],"cWhen":1.5300029070784464e9,"tag":"Change","cFrom":[4,30],"cText":["5"],"cRemoved":[""]}

{"cOrigin":"+input","cTo":[4,31],"cNewPos":[4,32],"cWhen":1.5300029096220896e9,"tag":"Change","cFrom":[4,31],"cText":["\""],"cRemoved":[""]}

{"cWhen":1.5300029113842492e9,"tag":"Eval","cAll":true}

{"cOrigin":"+input","cTo":[4,32],"cNewPos":[4,33],"cWhen":1.5300029247499845e9,"tag":"Change","cFrom":[4,32],"cText":["s"],"cRemoved":[""]}

{"cOrigin":"+input","cTo":[4,33],"cNewPos":[4,34],"cWhen":1.53000292503802e9,"tag":"Change","cFrom":[4,33],"cText":["l"],"cRemoved":[""]}

{"cOrigin":"+input","cTo":[4,34],"cNewPos":[4,35],"cWhen":1.530002925254003e9,"tag":"Change","cFrom":[4,34],"cText":["o"],"cRemoved":[""]}

{"cOrigin":"+input","cTo":[4,35],"cNewPos":[4,36],"cWhen":1.53000292555788e9,"tag":"Change","cFrom":[4,35],"cText":["w"],"cRemoved":[""]}

{"cOrigin":"+input","cTo":[4,36],"cNewPos":[4,37],"cWhen":1.530002925933986e9,"tag":"Change","cFrom":[4,36],"cText":["e"],"cRemoved":[""]}

{"cOrigin":"+input","cTo":[4,37],"cNewPos":[4,38],"cWhen":1.530002926126078e9,"tag":"Change","cFrom":[4,37],"cText":["r"],"cRemoved":[""]}

{"cOrigin":"+delete","cTo":[4,38],"cNewPos":[4,37],"cWhen":1.5300029276458294e9,"tag":"Change","cFrom":[4,37],"cText":[""],"cRemoved":["r"]}

{"cOrigin":"+delete","cTo":[4,37],"cNewPos":[4,36],"cWhen":1.5300029278298173e9,"tag":"Change","cFrom":[4,36],"cText":[""],"cRemoved":["e"]}

{"cOrigin":"+delete","cTo":[4,36],"cNewPos":[4,35],"cWhen":1.5300029279899325e9,"tag":"Change","cFrom":[4,35],"cText":[""],"cRemoved":["w"]}

{"cOrigin":"+delete","cTo":[4,35],"cNewPos":[4,34],"cWhen":1.5300029285177145e9,"tag":"Change","cFrom":[4,34],"cText":[""],"cRemoved":["o"]}

{"cOrigin":"+delete","cTo":[4,34],"cNewPos":[4,33],"cWhen":1.53000292889381e9,"tag":"Change","cFrom":[4,33],"cText":[""],"cRemoved":["l"]}

{"cOrigin":"+delete","cTo":[4,33],"cNewPos":[4,32],"cWhen":1.5300029292777996e9,"tag":"Change","cFrom":[4,32],"cText":[""],"cRemoved":["s"]}

{"cOrigin":"+input","cTo":[4,32],"cNewPos":[5,0],"cWhen":1.5300029304059477e9,"tag":"Change","cFrom":[4,32],"cText":["",""],"cRemoved":[""]}

{"cOrigin":"+input","cTo":[5,0],"cNewPos":[6,0],"cWhen":1.5300029307898026e9,"tag":"Change","cFrom":[5,0],"cText":["",""],"cRemoved":[""]}

{"cOrigin":"+input","cTo":[6,0],"cNewPos":[6,1],"cWhen":1.5300029321177754e9,"tag":"Change","cFrom":[6,0],"cText":["s"],"cRemoved":[""]}

{"cOrigin":"+input","cTo":[6,1],"cNewPos":[6,2],"cWhen":1.5300029324138525e9,"tag":"Change","cFrom":[6,1],"cText":["l"],"cRemoved":[""]}

{"cOrigin":"+input","cTo":[6,2],"cNewPos":[6,3],"cWhen":1.530002932645764e9,"tag":"Change","cFrom":[6,2],"cText":["o"],"cRemoved":[""]}

{"cOrigin":"+input","cTo":[6,3],"cNewPos":[6,4],"cWhen":1.5300029331762667e9,"tag":"Change","cFrom":[6,3],"cText":["w"],"cRemoved":[""]}

{"cOrigin":"+input","cTo":[6,4],"cNewPos":[6,5],"cWhen":1.530002933373756e9,"tag":"Change","cFrom":[6,4],"cText":["e"],"cRemoved":[""]}

{"cOrigin":"+input","cTo":[6,5],"cNewPos":[6,6],"cWhen":1.5300029335578265e9,"tag":"Change","cFrom":[6,5],"cText":["r"],"cRemoved":[""]}

{"cOrigin":"+input","cTo":[6,6],"cNewPos":[6,7],"cWhen":1.53000293516586e9,"tag":"Change","cFrom":[6,6],"cText":[" "],"cRemoved":[""]}

{"cOrigin":"+input","cTo":[6,7],"cNewPos":[6,8],"cWhen":1.530002936645727e9,"tag":"Change","cFrom":[6,7],"cText":["\""],"cRemoved":[""]}

{"cOrigin":"+input","cTo":[6,8],"cNewPos":[6,9],"cWhen":1.5300029379498367e9,"tag":"Change","cFrom":[6,8],"cText":["l"],"cRemoved":[""]}

{"cOrigin":"+input","cTo":[6,9],"cNewPos":[6,10],"cWhen":1.530002938421717e9,"tag":"Change","cFrom":[6,9],"cText":["o"],"cRemoved":[""]}

{"cOrigin":"+input","cTo":[6,10],"cNewPos":[6,11],"cWhen":1.53000294016564e9,"tag":"Change","cFrom":[6,10],"cText":["*"],"cRemoved":[""]}

{"cOrigin":"+input","cTo":[6,11],"cNewPos":[6,12],"cWhen":1.530002941765767e9,"tag":"Change","cFrom":[6,11],"cText":["6"],"cRemoved":[""]}

{"cOrigin":"+input","cTo":[6,12],"cNewPos":[6,13],"cWhen":1.530002942933665e9,"tag":"Change","cFrom":[6,12],"cText":[" "],"cRemoved":[""]}

{"cOrigin":"+input","cTo":[6,13],"cNewPos":[6,14],"cWhen":1.5300029445017364e9,"tag":"Change","cFrom":[6,13],"cText":["h"],"cRemoved":[""]}

{"cOrigin":"+input","cTo":[6,14],"cNewPos":[6,15],"cWhen":1.5300029447977443e9,"tag":"Change","cFrom":[6,14],"cText":["i"],"cRemoved":[""]}

{"cOrigin":"+input","cTo":[6,15],"cNewPos":[6,16],"cWhen":1.5300029461495893e9,"tag":"Change","cFrom":[6,15],"cText":["8"],"cRemoved":[""]}

{"cOrigin":"+input","cTo":[6,16],"cNewPos":[6,17],"cWhen":1.5300029474056711e9,"tag":"Change","cFrom":[6,16],"cText":["9"],"cRemoved":[""]}

{"cOrigin":"+delete","cTo":[6,17],"cNewPos":[6,16],"cWhen":1.5300029490134232e9,"tag":"Change","cFrom":[6,16],"cText":[""],"cRemoved":["9"]}

{"cOrigin":"+delete","cTo":[6,16],"cNewPos":[6,15],"cWhen":1.530002949197407e9,"tag":"Change","cFrom":[6,15],"cText":[""],"cRemoved":["8"]}

{"cOrigin":"+input","cTo":[6,15],"cNewPos":[6,16],"cWhen":1.5300029509015007e9,"tag":"Change","cFrom":[6,15],"cText":["*"],"cRemoved":[""]}

{"cOrigin":"+input","cTo":[6,16],"cNewPos":[6,17],"cWhen":1.5300029523495119e9,"tag":"Change","cFrom":[6,16],"cText":["9"],"cRemoved":[""]}

{"cOrigin":"+input","cTo":[6,17],"cNewPos":[6,18],"cWhen":1.5300029544538128e9,"tag":"Change","cFrom":[6,17],"cText":[" "],"cRemoved":[""]}

{"cOrigin":"+input","cTo":[6,18],"cNewPos":[6,19],"cWhen":1.5300029547495756e9,"tag":"Change","cFrom":[6,18],"cText":["h"],"cRemoved":[""]}

{"cOrigin":"+input","cTo":[6,19],"cNewPos":[6,20],"cWhen":1.5300029549815605e9,"tag":"Change","cFrom":[6,19],"cText":["i"],"cRemoved":[""]}

{"cOrigin":"+input","cTo":[6,20],"cNewPos":[6,21],"cWhen":1.5300029552216012e9,"tag":"Change","cFrom":[6,20],"cText":[" "],"cRemoved":[""]}

{"cOrigin":"+input","cTo":[6,21],"cNewPos":[6,22],"cWhen":1.5300029554376535e9,"tag":"Change","cFrom":[6,21],"cText":["h"],"cRemoved":[""]}

{"cOrigin":"+input","cTo":[6,22],"cNewPos":[6,23],"cWhen":1.5300029556535459e9,"tag":"Change","cFrom":[6,22],"cText":["i"],"cRemoved":[""]}

{"cOrigin":"+input","cTo":[6,23],"cNewPos":[6,24],"cWhen":1.5300029558854942e9,"tag":"Change","cFrom":[6,23],"cText":[" "],"cRemoved":[""]}

{"cOrigin":"+input","cTo":[6,24],"cNewPos":[6,25],"cWhen":1.530002956125584e9,"tag":"Change","cFrom":[6,24],"cText":["l"],"cRemoved":[""]}

{"cOrigin":"+input","cTo":[6,25],"cNewPos":[6,26],"cWhen":1.530002956309451e9,"tag":"Change","cFrom":[6,25],"cText":["o"],"cRemoved":[""]}

{"cOrigin":"+input","cTo":[6,26],"cNewPos":[6,27],"cWhen":1.530002956597561e9,"tag":"Change","cFrom":[6,26],"cText":[" "],"cRemoved":[""]}

{"cOrigin":"+input","cTo":[6,27],"cNewPos":[6,28],"cWhen":1.5300029568294046e9,"tag":"Change","cFrom":[6,27],"cText":["l"],"cRemoved":[""]}

{"cOrigin":"+input","cTo":[6,28],"cNewPos":[6,29],"cWhen":1.5300029571255903e9,"tag":"Change","cFrom":[6,28],"cText":["o"],"cRemoved":[""]}

{"cOrigin":"+input","cTo":[6,29],"cNewPos":[6,30],"cWhen":1.5300029599174013e9,"tag":"Change","cFrom":[6,29],"cText":["\""],"cRemoved":[""]}

{"cWhen":1.5300029620724835e9,"tag":"Eval","cAll":true}

{"cOrigin":"+input","cTo":[6,30],"cNewPos":[7,0],"cWhen":1.5300029963811383e9,"tag":"Change","cFrom":[6,30],"cText":["",""],"cRemoved":[""]}

{"cOrigin":"+input","cTo":[7,0],"cNewPos":[8,0],"cWhen":1.5300029967570965e9,"tag":"Change","cFrom":[7,0],"cText":["",""],"cRemoved":[""]}

{"cOrigin":"+input","cTo":[8,0],"cNewPos":[8,1],"cWhen":1.5300030013012307e9,"tag":"Change","cFrom":[8,0],"cText":["f"],"cRemoved":[""]}

{"cOrigin":"+input","cTo":[8,1],"cNewPos":[8,2],"cWhen":1.5300030015409849e9,"tag":"Change","cFrom":[8,1],"cText":["a"],"cRemoved":[""]}

{"cOrigin":"+input","cTo":[8,2],"cNewPos":[8,3],"cWhen":1.5300030016851194e9,"tag":"Change","cFrom":[8,2],"cText":["s"],"cRemoved":[""]}

{"cOrigin":"+input","cTo":[8,3],"cNewPos":[8,4],"cWhen":1.53000300195705e9,"tag":"Change","cFrom":[8,3],"cText":["t"],"cRemoved":[""]}

{"cOrigin":"+input","cTo":[8,4],"cNewPos":[8,5],"cWhen":1.530003002157062e9,"tag":"Change","cFrom":[8,4],"cText":["e"],"cRemoved":[""]}

{"cOrigin":"+input","cTo":[8,5],"cNewPos":[8,6],"cWhen":1.5300030023889132e9,"tag":"Change","cFrom":[8,5],"cText":["r"],"cRemoved":[""]}

{"cOrigin":"+input","cTo":[8,6],"cNewPos":[8,7],"cWhen":1.5300030043650103e9,"tag":"Change","cFrom":[8,6],"cText":[" "],"cRemoved":[""]}

{"cOrigin":"+input","cTo":[8,7],"cNewPos":[8,8],"cWhen":1.5300030076048222e9,"tag":"Change","cFrom":[8,7],"cText":["\""],"cRemoved":[""]}

{"cOrigin":"+input","cTo":[8,8],"cNewPos":[8,9],"cWhen":1.530003009844843e9,"tag":"Change","cFrom":[8,8],"cText":["l"],"cRemoved":[""]}

{"cOrigin":"+input","cTo":[8,9],"cNewPos":[8,10],"cWhen":1.5300030102692354e9,"tag":"Change","cFrom":[8,9],"cText":["o"],"cRemoved":[""]}

{"cOrigin":"+input","cTo":[8,10],"cNewPos":[8,11],"cWhen":1.5300030106849518e9,"tag":"Change","cFrom":[8,10],"cText":[" "],"cRemoved":[""]}

{"cOrigin":"+input","cTo":[8,11],"cNewPos":[8,12],"cWhen":1.5300030110692835e9,"tag":"Change","cFrom":[8,11],"cText":["l"],"cRemoved":[""]}

{"cOrigin":"+input","cTo":[8,12],"cNewPos":[8,13],"cWhen":1.5300030114481945e9,"tag":"Change","cFrom":[8,12],"cText":["o"],"cRemoved":[""]}

{"cOrigin":"+input","cTo":[8,13],"cNewPos":[8,14],"cWhen":1.5300030118688447e9,"tag":"Change","cFrom":[8,13],"cText":[" "],"cRemoved":[""]}

{"cOrigin":"+input","cTo":[8,14],"cNewPos":[8,15],"cWhen":1.5300030122209594e9,"tag":"Change","cFrom":[8,14],"cText":["h"],"cRemoved":[""]}

{"cOrigin":"+input","cTo":[8,15],"cNewPos":[8,16],"cWhen":1.5300030125009158e9,"tag":"Change","cFrom":[8,15],"cText":["i"],"cRemoved":[""]}

{"cOrigin":"+input","cTo":[8,16],"cNewPos":[8,17],"cWhen":1.5300030128929403e9,"tag":"Change","cFrom":[8,16],"cText":[" "],"cRemoved":[""]}

{"cOrigin":"+input","cTo":[8,17],"cNewPos":[8,18],"cWhen":1.5300030133168318e9,"tag":"Change","cFrom":[8,17],"cText":["h"],"cRemoved":[""]}

{"cOrigin":"+input","cTo":[8,18],"cNewPos":[8,19],"cWhen":1.5300030137248435e9,"tag":"Change","cFrom":[8,18],"cText":["i"],"cRemoved":[""]}

{"cOrigin":"+input","cTo":[8,19],"cNewPos":[8,20],"cWhen":1.5300030141968448e9,"tag":"Change","cFrom":[8,19],"cText":[" "],"cRemoved":[""]}

{"cOrigin":"+delete","cTo":[8,20],"cNewPos":[8,19],"cWhen":1.5300030162206457e9,"tag":"Change","cFrom":[8,19],"cText":[""],"cRemoved":[" "]}

{"cOrigin":"+input","cTo":[8,19],"cNewPos":[8,20],"cWhen":1.5300030180208135e9,"tag":"Change","cFrom":[8,19],"cText":["\""],"cRemoved":[""]}

{"cWhen":1.5300030226953797e9,"tag":"Eval","cAll":true}

{"cOrigin":"+input","cTo":[8,20],"cNewPos":[9,0],"cWhen":1.530003040636977e9,"tag":"Change","cFrom":[8,20],"cText":["",""],"cRemoved":[""]}

{"cOrigin":"+input","cTo":[9,0],"cNewPos":[10,0],"cWhen":1.5300030410367072e9,"tag":"Change","cFrom":[9,0],"cText":["",""],"cRemoved":[""]}

{"cOrigin":"+input","cTo":[10,0],"cNewPos":[10,1],"cWhen":1.5300030492605946e9,"tag":"Change","cFrom":[10,0],"cText":["\""],"cRemoved":[""]}

{"cOrigin":"+input","cTo":[10,1],"cNewPos":[10,2],"cWhen":1.5300030506846764e9,"tag":"Change","cFrom":[10,1],"cText":["h"],"cRemoved":[""]}

{"cOrigin":"+input","cTo":[10,2],"cNewPos":[10,3],"cWhen":1.530003051028687e9,"tag":"Change","cFrom":[10,2],"cText":["i"],"cRemoved":[""]}

{"cOrigin":"+input","cTo":[10,3],"cNewPos":[10,4],"cWhen":1.5300030514287703e9,"tag":"Change","cFrom":[10,3],"cText":[" "],"cRemoved":[""]}

{"cOrigin":"+input","cTo":[10,4],"cNewPos":[10,5],"cWhen":1.5300030518365307e9,"tag":"Change","cFrom":[10,4],"cText":["h"],"cRemoved":[""]}

{"cOrigin":"+input","cTo":[10,5],"cNewPos":[10,6],"cWhen":1.530003052164547e9,"tag":"Change","cFrom":[10,5],"cText":["i"],"cRemoved":[""]}

{"cOrigin":"+input","cTo":[10,6],"cNewPos":[10,7],"cWhen":1.530003052556552e9,"tag":"Change","cFrom":[10,6],"cText":[" "],"cRemoved":[""]}

{"cOrigin":"+input","cTo":[10,7],"cNewPos":[10,8],"cWhen":1.530003052924863e9,"tag":"Change","cFrom":[10,7],"cText":["l"],"cRemoved":[""]}

{"cOrigin":"+input","cTo":[10,8],"cNewPos":[10,9],"cWhen":1.5300030533486242e9,"tag":"Change","cFrom":[10,8],"cText":["o"],"cRemoved":[""]}

{"cOrigin":"+input","cTo":[10,9],"cNewPos":[10,10],"cWhen":1.5300030537565029e9,"tag":"Change","cFrom":[10,9],"cText":[" "],"cRemoved":[""]}

{"cOrigin":"+input","cTo":[10,10],"cNewPos":[10,11],"cWhen":1.5300030545007734e9,"tag":"Change","cFrom":[10,10],"cText":["h"],"cRemoved":[""]}

{"cOrigin":"+input","cTo":[10,11],"cNewPos":[10,12],"cWhen":1.5300030548766577e9,"tag":"Change","cFrom":[10,11],"cText":["i"],"cRemoved":[""]}

{"cOrigin":"+input","cTo":[10,12],"cNewPos":[10,13],"cWhen":1.5300030552286527e9,"tag":"Change","cFrom":[10,12],"cText":[" "],"cRemoved":[""]}

{"cOrigin":"+input","cTo":[10,13],"cNewPos":[10,14],"cWhen":1.530003055628654e9,"tag":"Change","cFrom":[10,13],"cText":["l"],"cRemoved":[""]}

{"cOrigin":"+input","cTo":[10,14],"cNewPos":[10,15],"cWhen":1.530003056052679e9,"tag":"Change","cFrom":[10,14],"cText":["o"],"cRemoved":[""]}

{"cOrigin":"+input","cTo":[10,15],"cNewPos":[10,16],"cWhen":1.5300030575167422e9,"tag":"Change","cFrom":[10,15],"cText":["*"],"cRemoved":[""]}

{"cOrigin":"+input","cTo":[10,16],"cNewPos":[10,17],"cWhen":1.5300030578365037e9,"tag":"Change","cFrom":[10,16],"cText":["9"],"cRemoved":[""]}

{"cOrigin":"+input","cTo":[10,17],"cNewPos":[10,18],"cWhen":1.5300030600074854e9,"tag":"Change","cFrom":[10,17],"cText":["\""],"cRemoved":[""]}

{"cWhen":1.5300030620484056e9,"tag":"Eval","cAll":true}

{"cOrigin":"+input","cTo":[10,18],"cNewPos":[11,0],"cWhen":1.5300030697405398e9,"tag":"Change","cFrom":[10,18],"cText":["",""],"cRemoved":[""]}

{"cOrigin":"+input","cTo":[11,0],"cNewPos":[12,0],"cWhen":1.5300030711741757e9,"tag":"Change","cFrom":[11,0],"cText":["",""],"cRemoved":[""]}

{"cOrigin":"+input","cTo":[12,0],"cNewPos":[12,1],"cWhen":1.530003107580334e9,"tag":"Change","cFrom":[12,0],"cText":["f"],"cRemoved":[""]}

{"cOrigin":"+input","cTo":[12,1],"cNewPos":[12,2],"cWhen":1.5300031077723181e9,"tag":"Change","cFrom":[12,1],"cText":["a"],"cRemoved":[""]}

{"cOrigin":"+input","cTo":[12,2],"cNewPos":[12,3],"cWhen":1.5300031078601906e9,"tag":"Change","cFrom":[12,2],"cText":["s"],"cRemoved":[""]}

{"cOrigin":"+input","cTo":[12,3],"cNewPos":[12,4],"cWhen":1.5300031087403603e9,"tag":"Change","cFrom":[12,3],"cText":["t"],"cRemoved":[""]}

{"cOrigin":"+input","cTo":[12,4],"cNewPos":[12,5],"cWhen":1.5300031089883628e9,"tag":"Change","cFrom":[12,4],"cText":["e"],"cRemoved":[""]}

{"cOrigin":"+input","cTo":[12,5],"cNewPos":[12,6],"cWhen":1.53000310920428e9,"tag":"Change","cFrom":[12,5],"cText":["r"],"cRemoved":[""]}

{"cOrigin":"+input","cTo":[12,6],"cNewPos":[12,7],"cWhen":1.5300031114365273e9,"tag":"Change","cFrom":[12,6],"cText":[" "],"cRemoved":[""]}

{"cOrigin":"+input","cTo":[12,7],"cNewPos":[12,8],"cWhen":1.5300031150370085e9,"tag":"Change","cFrom":[12,7],"cText":["2"],"cRemoved":[""]}

{"cOrigin":"+delete","cTo":[12,8],"cNewPos":[12,7],"cWhen":1.5300031161167488e9,"tag":"Change","cFrom":[12,7],"cText":[""],"cRemoved":["2"]}

{"cOrigin":"+delete","cTo":[12,7],"cNewPos":[12,6],"cWhen":1.530003116292852e9,"tag":"Change","cFrom":[12,6],"cText":[""],"cRemoved":[" "]}

{"cOrigin":"+delete","cTo":[12,6],"cNewPos":[12,5],"cWhen":1.530003116500921e9,"tag":"Change","cFrom":[12,5],"cText":[""],"cRemoved":["r"]}

{"cOrigin":"+delete","cTo":[12,5],"cNewPos":[12,4],"cWhen":1.5300031166848335e9,"tag":"Change","cFrom":[12,4],"cText":[""],"cRemoved":["e"]}

{"cOrigin":"+delete","cTo":[12,4],"cNewPos":[12,3],"cWhen":1.530003116836848e9,"tag":"Change","cFrom":[12,3],"cText":[""],"cRemoved":["t"]}

{"cOrigin":"+delete","cTo":[12,3],"cNewPos":[12,2],"cWhen":1.5300031169968686e9,"tag":"Change","cFrom":[12,2],"cText":[""],"cRemoved":["s"]}

{"cOrigin":"+delete","cTo":[12,2],"cNewPos":[12,1],"cWhen":1.530003117349004e9,"tag":"Change","cFrom":[12,1],"cText":[""],"cRemoved":["a"]}

{"cOrigin":"+delete","cTo":[12,1],"cNewPos":[12,0],"cWhen":1.5300031177810805e9,"tag":"Change","cFrom":[12,0],"cText":[""],"cRemoved":["f"]}

{"cOrigin":"+input","cTo":[12,0],"cNewPos":[12,1],"cWhen":1.5300031191172533e9,"tag":"Change","cFrom":[12,0],"cText":["h"],"cRemoved":[""]}

{"cOrigin":"+input","cTo":[12,1],"cNewPos":[12,2],"cWhen":1.5300031193894966e9,"tag":"Change","cFrom":[12,1],"cText":["i"],"cRemoved":[""]}

{"cOrigin":"+input","cTo":[12,2],"cNewPos":[12,3],"cWhen":1.5300031199733486e9,"tag":"Change","cFrom":[12,2],"cText":["g"],"cRemoved":[""]}

{"cOrigin":"+input","cTo":[12,3],"cNewPos":[12,4],"cWhen":1.5300031204934988e9,"tag":"Change","cFrom":[12,3],"cText":["h"],"cRemoved":[""]}

{"cOrigin":"+input","cTo":[12,4],"cNewPos":[12,5],"cWhen":1.5300031223257558e9,"tag":"Change","cFrom":[12,4],"cText":["e"],"cRemoved":[""]}

{"cOrigin":"+input","cTo":[12,5],"cNewPos":[12,6],"cWhen":1.530003122573681e9,"tag":"Change","cFrom":[12,5],"cText":["r"],"cRemoved":[""]}

{"cOrigin":"+input","cTo":[12,6],"cNewPos":[12,7],"cWhen":1.5300031285028422e9,"tag":"Change","cFrom":[12,6],"cText":[" "],"cRemoved":[""]}

{"cOrigin":"+input","cTo":[12,7],"cNewPos":[12,8],"cWhen":1.5300031292787015e9,"tag":"Change","cFrom":[12,7],"cText":["2"],"cRemoved":[""]}

{"cOrigin":"+delete","cTo":[12,8],"cNewPos":[12,7],"cWhen":1.5300031307827141e9,"tag":"Change","cFrom":[12,7],"cText":[""],"cRemoved":["2"]}

{"cOrigin":"+input","cTo":[12,7],"cNewPos":[12,8],"cWhen":1.5300031323191667e9,"tag":"Change","cFrom":[12,7],"cText":["\""],"cRemoved":[""]}

{"cOrigin":"+input","cTo":[12,8],"cNewPos":[12,9],"cWhen":1.5300031336552951e9,"tag":"Change","cFrom":[12,8],"cText":["h"],"cRemoved":[""]}

{"cOrigin":"+input","cTo":[12,9],"cNewPos":[12,10],"cWhen":1.5300031338633852e9,"tag":"Change","cFrom":[12,9],"cText":["i"],"cRemoved":[""]}

{"cOrigin":"+input","cTo":[12,10],"cNewPos":[12,11],"cWhen":1.5300031341194293e9,"tag":"Change","cFrom":[12,10],"cText":[" "],"cRemoved":[""]}

{"cOrigin":"+input","cTo":[12,11],"cNewPos":[12,12],"cWhen":1.5300031343433244e9,"tag":"Change","cFrom":[12,11],"cText":["h"],"cRemoved":[""]}

{"cOrigin":"+input","cTo":[12,12],"cNewPos":[12,13],"cWhen":1.5300031345274444e9,"tag":"Change","cFrom":[12,12],"cText":["i"],"cRemoved":[""]}

{"cOrigin":"+input","cTo":[12,13],"cNewPos":[12,14],"cWhen":1.5300031347540357e9,"tag":"Change","cFrom":[12,13],"cText":[" "],"cRemoved":[""]}

{"cOrigin":"+input","cTo":[12,14],"cNewPos":[12,15],"cWhen":1.5300031349835634e9,"tag":"Change","cFrom":[12,14],"cText":["h"],"cRemoved":[""]}

{"cOrigin":"+input","cTo":[12,15],"cNewPos":[12,16],"cWhen":1.5300031351676023e9,"tag":"Change","cFrom":[12,15],"cText":["i"],"cRemoved":[""]}

{"cOrigin":"+input","cTo":[12,16],"cNewPos":[12,17],"cWhen":1.5300031353996313e9,"tag":"Change","cFrom":[12,16],"cText":[" "],"cRemoved":[""]}

{"cOrigin":"+delete","cTo":[12,17],"cNewPos":[12,16],"cWhen":1.530003137623688e9,"tag":"Change","cFrom":[12,16],"cText":[""],"cRemoved":[" "]}

{"cOrigin":"+input","cTo":[12,16],"cNewPos":[12,17],"cWhen":1.5300031386159732e9,"tag":"Change","cFrom":[12,16],"cText":["\""],"cRemoved":[""]}

{"cWhen":1.5300031423061166e9,"tag":"Eval","cAll":true}

{"cWhen":1.5300031427408977e9,"tag":"Eval","cAll":true}

{"cWhen":1.530003144812966e9,"tag":"Eval","cAll":true}

{"cOrigin":"+input","cTo":[12,17],"cNewPos":[13,0],"cWhen":1.530003146001124e9,"tag":"Change","cFrom":[12,17],"cText":["",""],"cRemoved":[""]}

{"cOrigin":"+input","cTo":[13,0],"cNewPos":[14,0],"cWhen":1.5300031462331073e9,"tag":"Change","cFrom":[13,0],"cText":["",""],"cRemoved":[""]}

{"cOrigin":"+delete","cTo":[14,0],"cNewPos":[13,0],"cWhen":1.5300031486972325e9,"tag":"Change","cFrom":[13,0],"cText":[""],"cRemoved":["",""]}

{"cOrigin":"+delete","cTo":[13,0],"cNewPos":[12,17],"cWhen":1.5300031490833108e9,"tag":"Change","cFrom":[12,17],"cText":[""],"cRemoved":["",""]}

{"cWhen":1.5300031515119689e9,"tag":"Eval","cAll":true}

{"cWhen":1.5300031545340705e9,"tag":"Eval","cAll":true}

{"cWhen":1.5300031557663894e9,"tag":"Eval","cAll":true}

{"cWhen":1.530003156173334e9,"tag":"Eval","cAll":true}

{"cWhen":1.53000315658003e9,"tag":"Eval","cAll":true}

{"cOrigin":"+input","cTo":[12,17],"cNewPos":[13,0],"cWhen":1.5300031569781063e9,"tag":"Change","cFrom":[12,17],"cText":["",""],"cRemoved":[""]}

{"cOrigin":"+delete","cTo":[13,0],"cNewPos":[12,17],"cWhen":1.5300031589868689e9,"tag":"Change","cFrom":[12,17],"cText":[""],"cRemoved":["",""]}

{"cWhen":1.5300031606882863e9,"tag":"Eval","cAll":true}

{"cWhen":1.5300031611414165e9,"tag":"Eval","cAll":true}

{"cWhen":1.530003161550045e9,"tag":"Eval","cAll":true}

{"cWhen":1.5300031619665987e9,"tag":"Eval","cAll":true}

{"cWhen":1.5300031623802342e9,"tag":"Eval","cAll":true}

{"cWhen":1.5300031627964027e9,"tag":"Eval","cAll":true}

{"cWhen":1.5300031631965857e9,"tag":"Eval","cAll":true}

{"cWhen":1.530003163606186e9,"tag":"Eval","cAll":true}

{"cWhen":1.530003164016163e9,"tag":"Eval","cAll":true}

{"cWhen":1.5300031644184692e9,"tag":"Eval","cAll":true}

{"cOrigin":"+input","cTo":[12,17],"cNewPos":[13,0],"cWhen":1.530003164817716e9,"tag":"Change","cFrom":[12,17],"cText":["",""],"cRemoved":[""]}

{"cWhen":1.5300031648274271e9,"tag":"Eval","cAll":true}

{"cWhen":1.5300031652433097e9,"tag":"Eval","cAll":true}

{"cWhen":1.5300031656525996e9,"tag":"Eval","cAll":true}

{"cWhen":1.5300031660612178e9,"tag":"Eval","cAll":true}

{"cWhen":1.530003166467006e9,"tag":"Eval","cAll":true}

{"cWhen":1.5300031668716142e9,"tag":"Eval","cAll":true}

{"cWhen":1.5300031672802734e9,"tag":"Eval","cAll":true}

{"cWhen":1.530003167684154e9,"tag":"Eval","cAll":true}

{"cWhen":1.5300031680918877e9,"tag":"Eval","cAll":true}

{"cOrigin":"+input","cTo":[13,0],"cNewPos":[14,0],"cWhen":1.5300031684964993e9,"tag":"Change","cFrom":[13,0],"cText":["",""],"cRemoved":[""]}

{"cOrigin":"+input","cTo":[14,0],"cNewPos":[15,0],"cWhen":1.5300031685029612e9,"tag":"Change","cFrom":[14,0],"cText":["",""],"cRemoved":[""]}

{"cOrigin":"+delete","cTo":[15,0],"cNewPos":[14,0],"cWhen":1.530003168509149e9,"tag":"Change","cFrom":[14,0],"cText":[""],"cRemoved":["",""]}

{"cOrigin":"+delete","cTo":[14,0],"cNewPos":[13,0],"cWhen":1.530003168708047e9,"tag":"Change","cFrom":[13,0],"cText":[""],"cRemoved":["",""]}

{"cOrigin":"+delete","cTo":[13,0],"cNewPos":[12,17],"cWhen":1.5300031692600877e9,"tag":"Change","cFrom":[12,17],"cText":[""],"cRemoved":["",""]}

{"cOrigin":"+input","cTo":[12,17],"cNewPos":[13,0],"cWhen":1.5300031732127993e9,"tag":"Change","cFrom":[12,17],"cText":["",""],"cRemoved":[""]}

{"cOrigin":"+input","cTo":[13,0],"cNewPos":[14,0],"cWhen":1.5300031733818407e9,"tag":"Change","cFrom":[13,0],"cText":["",""],"cRemoved":[""]}

{"cOrigin":"+input","cTo":[14,0],"cNewPos":[15,0],"cWhen":1.5300031735169165e9,"tag":"Change","cFrom":[14,0],"cText":["",""],"cRemoved":[""]}

{"cOrigin":"+input","cTo":[15,0],"cNewPos":[16,0],"cWhen":1.5300031736609378e9,"tag":"Change","cFrom":[15,0],"cText":["",""],"cRemoved":[""]}

{"cOrigin":"+input","cTo":[16,0],"cNewPos":[16,1],"cWhen":1.5300031736689296e9,"tag":"Change","cFrom":[16,0],"cText":[" "],"cRemoved":[""]}

{"cOrigin":"+input","cTo":[16,1],"cNewPos":[17,0],"cWhen":1.5300031738129828e9,"tag":"Change","cFrom":[16,1],"cText":["",""],"cRemoved":[""]}

{"cOrigin":"+input","cTo":[17,0],"cNewPos":[17,1],"cWhen":1.5300031738608859e9,"tag":"Change","cFrom":[17,0],"cText":[" "],"cRemoved":[""]}

{"cOrigin":"+input","cTo":[17,1],"cNewPos":[18,0],"cWhen":1.530003173964862e9,"tag":"Change","cFrom":[17,1],"cText":["",""],"cRemoved":[""]}

{"cOrigin":"+input","cTo":[18,0],"cNewPos":[18,1],"cWhen":1.5300031740528426e9,"tag":"Change","cFrom":[18,0],"cText":[" "],"cRemoved":[""]}

{"cOrigin":"+input","cTo":[18,1],"cNewPos":[19,0],"cWhen":1.5300031741248693e9,"tag":"Change","cFrom":[18,1],"cText":["",""],"cRemoved":[""]}

{"cOrigin":"+input","cTo":[19,0],"cNewPos":[19,1],"cWhen":1.5300031742450254e9,"tag":"Change","cFrom":[19,0],"cText":[" "],"cRemoved":[""]}

{"cOrigin":"+input","cTo":[19,1],"cNewPos":[20,0],"cWhen":1.5300031742849202e9,"tag":"Change","cFrom":[19,1],"cText":["",""],"cRemoved":[""]}

{"cOrigin":"+input","cTo":[20,0],"cNewPos":[21,0],"cWhen":1.5300031744370525e9,"tag":"Change","cFrom":[20,0],"cText":["",""],"cRemoved":[""]}

{"cOrigin":"+input","cTo":[21,0],"cNewPos":[21,1],"cWhen":1.5300031744609344e9,"tag":"Change","cFrom":[21,0],"cText":[" "],"cRemoved":[""]}

{"cOrigin":"+input","cTo":[21,1],"cNewPos":[22,0],"cWhen":1.5300031745729702e9,"tag":"Change","cFrom":[21,1],"cText":["",""],"cRemoved":[""]}

{"cOrigin":"+input","cTo":[22,0],"cNewPos":[22,1],"cWhen":1.5300031746611474e9,"tag":"Change","cFrom":[22,0],"cText":[" "],"cRemoved":[""]}

{"cOrigin":"+input","cTo":[22,1],"cNewPos":[23,0],"cWhen":1.530003174756999e9,"tag":"Change","cFrom":[22,1],"cText":["",""],"cRemoved":[""]}

{"cOrigin":"+input","cTo":[23,0],"cNewPos":[24,0],"cWhen":1.5300031749570181e9,"tag":"Change","cFrom":[23,0],"cText":["",""],"cRemoved":[""]}

{"cOrigin":"+delete","cTo":[24,0],"cNewPos":[23,0],"cWhen":1.5300031768212214e9,"tag":"Change","cFrom":[23,0],"cText":[""],"cRemoved":["",""]}

{"cOrigin":"+delete","cTo":[23,0],"cNewPos":[22,1],"cWhen":1.5300031770755482e9,"tag":"Change","cFrom":[22,1],"cText":[""],"cRemoved":["",""]}

{"cOrigin":"+delete","cTo":[22,1],"cNewPos":[22,0],"cWhen":1.530003177125574e9,"tag":"Change","cFrom":[22,0],"cText":[""],"cRemoved":[" "]}

{"cOrigin":"+delete","cTo":[22,0],"cNewPos":[21,1],"cWhen":1.5300031771754634e9,"tag":"Change","cFrom":[21,1],"cText":[""],"cRemoved":["",""]}

{"cOrigin":"+delete","cTo":[21,1],"cNewPos":[21,0],"cWhen":1.5300031772257257e9,"tag":"Change","cFrom":[21,0],"cText":[""],"cRemoved":[" "]}

{"cOrigin":"+delete","cTo":[21,0],"cNewPos":[20,0],"cWhen":1.5300031772754679e9,"tag":"Change","cFrom":[20,0],"cText":[""],"cRemoved":["",""]}

{"cOrigin":"+delete","cTo":[20,0],"cNewPos":[19,1],"cWhen":1.5300031773254776e9,"tag":"Change","cFrom":[19,1],"cText":[""],"cRemoved":["",""]}

{"cOrigin":"+delete","cTo":[19,1],"cNewPos":[19,0],"cWhen":1.5300031773754091e9,"tag":"Change","cFrom":[19,0],"cText":[""],"cRemoved":[" "]}

{"cOrigin":"+delete","cTo":[19,0],"cNewPos":[18,1],"cWhen":1.530003177425439e9,"tag":"Change","cFrom":[18,1],"cText":[""],"cRemoved":["",""]}

{"cOrigin":"+delete","cTo":[18,1],"cNewPos":[18,0],"cWhen":1.530003177475457e9,"tag":"Change","cFrom":[18,0],"cText":[""],"cRemoved":[" "]}

{"cOrigin":"+delete","cTo":[18,0],"cNewPos":[17,1],"cWhen":1.5300031775254912e9,"tag":"Change","cFrom":[17,1],"cText":[""],"cRemoved":["",""]}

{"cOrigin":"+delete","cTo":[17,1],"cNewPos":[17,0],"cWhen":1.530003177575459e9,"tag":"Change","cFrom":[17,0],"cText":[""],"cRemoved":[" "]}

{"cOrigin":"+delete","cTo":[17,0],"cNewPos":[16,1],"cWhen":1.5300031776254416e9,"tag":"Change","cFrom":[16,1],"cText":[""],"cRemoved":["",""]}

{"cOrigin":"+delete","cTo":[16,1],"cNewPos":[16,0],"cWhen":1.5300031776754396e9,"tag":"Change","cFrom":[16,0],"cText":[""],"cRemoved":[" "]}

{"cOrigin":"+delete","cTo":[16,0],"cNewPos":[15,0],"cWhen":1.5300031777254288e9,"tag":"Change","cFrom":[15,0],"cText":[""],"cRemoved":["",""]}

{"cOrigin":"+delete","cTo":[15,0],"cNewPos":[14,0],"cWhen":1.5300031777754302e9,"tag":"Change","cFrom":[14,0],"cText":[""],"cRemoved":["",""]}

{"cOrigin":"+delete","cTo":[14,0],"cNewPos":[13,0],"cWhen":1.530003177825459e9,"tag":"Change","cFrom":[13,0],"cText":[""],"cRemoved":["",""]}

{"cOrigin":"+delete","cTo":[13,0],"cNewPos":[12,17],"cWhen":1.5300031782373352e9,"tag":"Change","cFrom":[12,17],"cText":[""],"cRemoved":["",""]}

{"cXWarp":17,"cNewPos":[12,17],"cWhen":1.5300031813896573e9,"tag":"Move"}

{"cWhen":1.5300031870589046e9,"tag":"Eval","cAll":true}

{"cWhen":1.5300031874628954e9,"tag":"Eval","cAll":true}

{"cOrigin":"+input","cTo":[12,17],"cNewPos":[13,0],"cWhen":1.530003188686711e9,"tag":"Change","cFrom":[12,17],"cText":["",""],"cRemoved":[""]}

{"cXWarp":0,"cNewPos":[13,0],"cWhen":1.5300031890146232e9,"tag":"Move"}

{"cOrigin":"+delete","cTo":[13,0],"cNewPos":[12,17],"cWhen":1.5300031904067903e9,"tag":"Change","cFrom":[12,17],"cText":[""],"cRemoved":["",""]}

{"cWhen":1.530003192955336e9,"tag":"Eval","cAll":true}

{"cWhen":1.5300031934196787e9,"tag":"Eval","cAll":true}

{"cWhen":1.5300031938251073e9,"tag":"Eval","cAll":true}

{"cOrigin":"+delete","cTo":[12,17],"cNewPos":[12,16],"cWhen":1.530003194879451e9,"tag":"Change","cFrom":[12,16],"cText":[""],"cRemoved":["\""]}

{"cOrigin":"+delete","cTo":[12,16],"cNewPos":[12,15],"cWhen":1.5300031951354735e9,"tag":"Change","cFrom":[12,15],"cText":[""],"cRemoved":["i"]}

{"cOrigin":"+delete","cTo":[12,15],"cNewPos":[12,14],"cWhen":1.5300031951855276e9,"tag":"Change","cFrom":[12,14],"cText":[""],"cRemoved":["h"]}

{"cOrigin":"+delete","cTo":[12,14],"cNewPos":[12,13],"cWhen":1.5300031952354736e9,"tag":"Change","cFrom":[12,13],"cText":[""],"cRemoved":[" "]}

{"cOrigin":"+delete","cTo":[12,13],"cNewPos":[12,12],"cWhen":1.530003195294999e9,"tag":"Change","cFrom":[12,12],"cText":[""],"cRemoved":["i"]}

{"cOrigin":"+delete","cTo":[12,12],"cNewPos":[12,11],"cWhen":1.5300031953355877e9,"tag":"Change","cFrom":[12,11],"cText":[""],"cRemoved":["h"]}

{"cOrigin":"+delete","cTo":[12,11],"cNewPos":[12,10],"cWhen":1.530003195385475e9,"tag":"Change","cFrom":[12,10],"cText":[""],"cRemoved":[" "]}

{"cOrigin":"+delete","cTo":[12,10],"cNewPos":[12,9],"cWhen":1.5300031954354608e9,"tag":"Change","cFrom":[12,9],"cText":[""],"cRemoved":["i"]}

{"cOrigin":"+delete","cTo":[12,9],"cNewPos":[12,8],"cWhen":1.5300031954854774e9,"tag":"Change","cFrom":[12,8],"cText":[""],"cRemoved":["h"]}

{"cOrigin":"+delete","cTo":[12,8],"cNewPos":[12,7],"cWhen":1.5300031955354905e9,"tag":"Change","cFrom":[12,7],"cText":[""],"cRemoved":["\""]}

{"cOrigin":"+delete","cTo":[12,7],"cNewPos":[12,6],"cWhen":1.5300031955854692e9,"tag":"Change","cFrom":[12,6],"cText":[""],"cRemoved":[" "]}

{"cOrigin":"+delete","cTo":[12,6],"cNewPos":[12,5],"cWhen":1.5300031956354418e9,"tag":"Change","cFrom":[12,5],"cText":[""],"cRemoved":["r"]}

{"cOrigin":"+delete","cTo":[12,5],"cNewPos":[12,4],"cWhen":1.5300031956854665e9,"tag":"Change","cFrom":[12,4],"cText":[""],"cRemoved":["e"]}

{"cOrigin":"+delete","cTo":[12,4],"cNewPos":[12,3],"cWhen":1.5300031957354457e9,"tag":"Change","cFrom":[12,3],"cText":[""],"cRemoved":["h"]}

{"cOrigin":"+delete","cTo":[12,3],"cNewPos":[12,2],"cWhen":1.5300031957854671e9,"tag":"Change","cFrom":[12,2],"cText":[""],"cRemoved":["g"]}

{"cOrigin":"+delete","cTo":[12,2],"cNewPos":[12,1],"cWhen":1.5300031958354647e9,"tag":"Change","cFrom":[12,1],"cText":[""],"cRemoved":["i"]}

{"cOrigin":"+delete","cTo":[12,1],"cNewPos":[12,0],"cWhen":1.5300031958854694e9,"tag":"Change","cFrom":[12,0],"cText":[""],"cRemoved":["h"]}

{"cOrigin":"+delete","cTo":[12,0],"cNewPos":[11,0],"cWhen":1.5300031959354708e9,"tag":"Change","cFrom":[11,0],"cText":[""],"cRemoved":["",""]}

{"cOrigin":"+delete","cTo":[11,0],"cNewPos":[10,18],"cWhen":1.5300031959854774e9,"tag":"Change","cFrom":[10,18],"cText":[""],"cRemoved":["",""]}

{"cOrigin":"+delete","cTo":[10,18],"cNewPos":[10,17],"cWhen":1.5300031960354557e9,"tag":"Change","cFrom":[10,17],"cText":[""],"cRemoved":["\""]}

{"cOrigin":"+delete","cTo":[10,17],"cNewPos":[10,16],"cWhen":1.53000319608559e9,"tag":"Change","cFrom":[10,16],"cText":[""],"cRemoved":["9"]}

{"cOrigin":"+delete","cTo":[10,16],"cNewPos":[10,15],"cWhen":1.530003196135567e9,"tag":"Change","cFrom":[10,15],"cText":[""],"cRemoved":["*"]}

{"cOrigin":"+delete","cTo":[10,15],"cNewPos":[10,14],"cWhen":1.5300031961855204e9,"tag":"Change","cFrom":[10,14],"cText":[""],"cRemoved":["o"]}

{"cOrigin":"+delete","cTo":[10,14],"cNewPos":[10,13],"cWhen":1.5300031962354789e9,"tag":"Change","cFrom":[10,13],"cText":[""],"cRemoved":["l"]}

{"cOrigin":"+delete","cTo":[10,13],"cNewPos":[10,12],"cWhen":1.5300031962854578e9,"tag":"Change","cFrom":[10,12],"cText":[""],"cRemoved":[" "]}

{"cOrigin":"+delete","cTo":[10,12],"cNewPos":[10,11],"cWhen":1.5300031963354642e9,"tag":"Change","cFrom":[10,11],"cText":[""],"cRemoved":["i"]}

{"cOrigin":"+delete","cTo":[10,11],"cNewPos":[10,10],"cWhen":1.530003196385469e9,"tag":"Change","cFrom":[10,10],"cText":[""],"cRemoved":["h"]}

{"cOrigin":"+delete","cTo":[10,10],"cNewPos":[10,9],"cWhen":1.530003196435469e9,"tag":"Change","cFrom":[10,9],"cText":[""],"cRemoved":[" "]}

{"cOrigin":"+delete","cTo":[10,9],"cNewPos":[10,8],"cWhen":1.5300031964854555e9,"tag":"Change","cFrom":[10,8],"cText":[""],"cRemoved":["o"]}

{"cOrigin":"+delete","cTo":[10,8],"cNewPos":[10,7],"cWhen":1.5300031965354738e9,"tag":"Change","cFrom":[10,7],"cText":[""],"cRemoved":["l"]}

{"cOrigin":"+delete","cTo":[10,7],"cNewPos":[10,6],"cWhen":1.5300031965854783e9,"tag":"Change","cFrom":[10,6],"cText":[""],"cRemoved":[" "]}

{"cOrigin":"+delete","cTo":[10,6],"cNewPos":[10,5],"cWhen":1.5300031966363397e9,"tag":"Change","cFrom":[10,5],"cText":[""],"cRemoved":["i"]}

{"cOrigin":"+delete","cTo":[10,5],"cNewPos":[10,4],"cWhen":1.5300031966854682e9,"tag":"Change","cFrom":[10,4],"cText":[""],"cRemoved":["h"]}

{"cOrigin":"+delete","cTo":[10,4],"cNewPos":[10,3],"cWhen":1.5300031967354662e9,"tag":"Change","cFrom":[10,3],"cText":[""],"cRemoved":[" "]}

{"cOrigin":"+delete","cTo":[10,3],"cNewPos":[10,2],"cWhen":1.530003196785472e9,"tag":"Change","cFrom":[10,2],"cText":[""],"cRemoved":["i"]}

{"cOrigin":"+delete","cTo":[10,2],"cNewPos":[10,1],"cWhen":1.5300031968354657e9,"tag":"Change","cFrom":[10,1],"cText":[""],"cRemoved":["h"]}

{"cOrigin":"+delete","cTo":[10,1],"cNewPos":[10,0],"cWhen":1.530003196885459e9,"tag":"Change","cFrom":[10,0],"cText":[""],"cRemoved":["\""]}

{"cOrigin":"+delete","cTo":[10,0],"cNewPos":[9,0],"cWhen":1.5300031969354937e9,"tag":"Change","cFrom":[9,0],"cText":[""],"cRemoved":["",""]}

{"cOrigin":"+delete","cTo":[9,0],"cNewPos":[8,20],"cWhen":1.5300031969854777e9,"tag":"Change","cFrom":[8,20],"cText":[""],"cRemoved":["",""]}

{"cOrigin":"+delete","cTo":[8,20],"cNewPos":[8,19],"cWhen":1.5300031970354607e9,"tag":"Change","cFrom":[8,19],"cText":[""],"cRemoved":["\""]}

{"cOrigin":"+input","cTo":[8,19],"cNewPos":[8,20],"cWhen":1.5300032015282006e9,"tag":"Change","cFrom":[8,19],"cText":["\""],"cRemoved":[""]}

{"cOrigin":"+input","cTo":[8,20],"cNewPos":[9,0],"cWhen":1.530003206768855e9,"tag":"Change","cFrom":[8,20],"cText":["",""],"cRemoved":[""]}

{"cOrigin":"+input","cTo":[9,0],"cNewPos":[10,0],"cWhen":1.5300032072568893e9,"tag":"Change","cFrom":[9,0],"cText":["",""],"cRemoved":[""]}

{"cOrigin":"+input","cTo":[10,0],"cNewPos":[10,1],"cWhen":1.530003210249308e9,"tag":"Change","cFrom":[10,0],"cText":["h"],"cRemoved":[""]}

{"cOrigin":"+input","cTo":[10,1],"cNewPos":[10,2],"cWhen":1.5300032105532556e9,"tag":"Change","cFrom":[10,1],"cText":["i"],"cRemoved":[""]}

{"cOrigin":"+input","cTo":[10,2],"cNewPos":[10,3],"cWhen":1.530003210897405e9,"tag":"Change","cFrom":[10,2],"cText":["g"],"cRemoved":[""]}

{"cOrigin":"+input","cTo":[10,3],"cNewPos":[10,4],"cWhen":1.5300032111294153e9,"tag":"Change","cFrom":[10,3],"cText":["h"],"cRemoved":[""]}

{"cOrigin":"+input","cTo":[10,4],"cNewPos":[10,5],"cWhen":1.530003211681509e9,"tag":"Change","cFrom":[10,4],"cText":["e"],"cRemoved":[""]}

{"cOrigin":"+input","cTo":[10,5],"cNewPos":[10,6],"cWhen":1.5300032119055233e9,"tag":"Change","cFrom":[10,5],"cText":["r"],"cRemoved":[""]}

{"cOrigin":"+input","cTo":[10,6],"cNewPos":[10,7],"cWhen":1.5300032143616657e9,"tag":"Change","cFrom":[10,6],"cText":[" "],"cRemoved":[""]}

{"cOrigin":"+input","cTo":[10,7],"cNewPos":[10,8],"cWhen":1.530003215849946e9,"tag":"Change","cFrom":[10,7],"cText":["\""],"cRemoved":[""]}

{"cOrigin":"+input","cTo":[10,8],"cNewPos":[10,9],"cWhen":1.5300032172204645e9,"tag":"Change","cFrom":[10,8],"cText":["h"],"cRemoved":[""]}

{"cOrigin":"+input","cTo":[10,9],"cNewPos":[10,10],"cWhen":1.5300032175301733e9,"tag":"Change","cFrom":[10,9],"cText":["i"],"cRemoved":[""]}

{"cOrigin":"+input","cTo":[10,10],"cNewPos":[10,11],"cWhen":1.5300032179303102e9,"tag":"Change","cFrom":[10,10],"cText":[" "],"cRemoved":[""]}

{"cOrigin":"+input","cTo":[10,11],"cNewPos":[10,12],"cWhen":1.5300032182901275e9,"tag":"Change","cFrom":[10,11],"cText":["h"],"cRemoved":[""]}

{"cOrigin":"+input","cTo":[10,12],"cNewPos":[10,13],"cWhen":1.5300032186261592e9,"tag":"Change","cFrom":[10,12],"cText":["i"],"cRemoved":[""]}

{"cOrigin":"+input","cTo":[10,13],"cNewPos":[10,14],"cWhen":1.5300032189542532e9,"tag":"Change","cFrom":[10,13],"cText":[" "],"cRemoved":[""]}

{"cOrigin":"+input","cTo":[10,14],"cNewPos":[10,15],"cWhen":1.5300032192821991e9,"tag":"Change","cFrom":[10,14],"cText":["l"],"cRemoved":[""]}

{"cOrigin":"+input","cTo":[10,15],"cNewPos":[10,16],"cWhen":1.530003219570364e9,"tag":"Change","cFrom":[10,15],"cText":["o"],"cRemoved":[""]}

{"cOrigin":"+input","cTo":[10,16],"cNewPos":[10,17],"cWhen":1.5300032215065484e9,"tag":"Change","cFrom":[10,16],"cText":["*"],"cRemoved":[""]}

{"cOrigin":"+input","cTo":[10,17],"cNewPos":[10,18],"cWhen":1.5300032223945808e9,"tag":"Change","cFrom":[10,17],"cText":["9"],"cRemoved":[""]}

{"cOrigin":"+input","cTo":[10,18],"cNewPos":[10,19],"cWhen":1.5300032243788445e9,"tag":"Change","cFrom":[10,18],"cText":["\""],"cRemoved":[""]}

{"cOrigin":"+input","cTo":[10,19],"cNewPos":[11,0],"cWhen":1.5300032264515107e9,"tag":"Change","cFrom":[10,19],"cText":["",""],"cRemoved":[""]}

{"cOrigin":"+delete","cTo":[11,0],"cNewPos":[10,19],"cWhen":1.5300032543735886e9,"tag":"Change","cFrom":[10,19],"cText":[""],"cRemoved":["",""]}
