{"cWhen":1530017984,"tag":"Eval","cAll":true}
{"cOrigin":"+input","cTo":[0,0],"cNewPos":[0,1],"cWhen":1.5300179904049067e9,"tag":"Change","cFrom":[0,0],"cText":["2"],"cRemoved":[""]}

{"cOrigin":"+delete","cTo":[0,1],"cNewPos":[0,0],"cWhen":1.5300179937887037e9,"tag":"Change","cFrom":[0,0],"cText":[""],"cRemoved":["2"]}

{"cOrigin":"+input","cTo":[0,0],"cNewPos":[0,1],"cWhen":1.530017996884885e9,"tag":"Change","cFrom":[0,0],"cText":["\""],"cRemoved":[""]}

{"cOrigin":"+input","cTo":[0,1],"cNewPos":[0,2],"cWhen":1.5300180000528474e9,"tag":"Change","cFrom":[0,1],"cText":["h"],"cRemoved":[""]}

{"cOrigin":"+input","cTo":[0,2],"cNewPos":[0,3],"cWhen":1.5300180017728522e9,"tag":"Change","cFrom":[0,2],"cText":["i"],"cRemoved":[""]}

{"cOrigin":"+input","cTo":[0,3],"cNewPos":[0,4],"cWhen":1.5300180057408063e9,"tag":"Change","cFrom":[0,3],"cText":["l"],"cRemoved":[""]}

{"cOrigin":"+input","cTo":[0,4],"cNewPos":[0,5],"cWhen":1.5300180061808038e9,"tag":"Change","cFrom":[0,4],"cText":["o"],"cRemoved":[""]}

{"cOrigin":"+input","cTo":[0,5],"cNewPos":[0,6],"cWhen":1.5300180099967103e9,"tag":"Change","cFrom":[0,5],"cText":[" "],"cRemoved":[""]}

{"cOrigin":"+input","cTo":[0,6],"cNewPos":[0,7],"cWhen":1.5300180110366917e9,"tag":"Change","cFrom":[0,6],"cText":["h"],"cRemoved":[""]}

{"cOrigin":"+input","cTo":[0,7],"cNewPos":[0,8],"cWhen":1.5300180115006948e9,"tag":"Change","cFrom":[0,7],"cText":["i"],"cRemoved":[""]}

{"cOrigin":"+input","cTo":[0,8],"cNewPos":[0,9],"cWhen":1.5300180118526711e9,"tag":"Change","cFrom":[0,8],"cText":[" "],"cRemoved":[""]}

{"cOrigin":"+input","cTo":[0,9],"cNewPos":[0,10],"cWhen":1.530018012164802e9,"tag":"Change","cFrom":[0,9],"cText":["h"],"cRemoved":[""]}

{"cOrigin":"+input","cTo":[0,10],"cNewPos":[0,11],"cWhen":1.5300180125967066e9,"tag":"Change","cFrom":[0,10],"cText":["i"],"cRemoved":[""]}

{"cOrigin":"+input","cTo":[0,11],"cNewPos":[0,12],"cWhen":1.530018014517384e9,"tag":"Change","cFrom":[0,11],"cText":[" "],"cRemoved":[""]}

{"cOrigin":"+input","cTo":[0,12],"cNewPos":[0,13],"cWhen":1.530018015061276e9,"tag":"Change","cFrom":[0,12],"cText":["l"],"cRemoved":[""]}

{"cOrigin":"+input","cTo":[0,13],"cNewPos":[0,14],"cWhen":1.5300180153727517e9,"tag":"Change","cFrom":[0,13],"cText":["o"],"cRemoved":[""]}

{"cOrigin":"+input","cTo":[0,14],"cNewPos":[0,15],"cWhen":1.530018023948554e9,"tag":"Change","cFrom":[0,14],"cText":[" "],"cRemoved":[""]}

{"cOrigin":"+input","cTo":[0,15],"cNewPos":[0,16],"cWhen":1.5300180243486042e9,"tag":"Change","cFrom":[0,15],"cText":["l"],"cRemoved":[""]}

{"cOrigin":"+input","cTo":[0,16],"cNewPos":[0,17],"cWhen":1.5300180247169142e9,"tag":"Change","cFrom":[0,16],"cText":["o"],"cRemoved":[""]}

{"cOrigin":"+input","cTo":[0,17],"cNewPos":[0,18],"cWhen":1.5300180251165855e9,"tag":"Change","cFrom":[0,17],"cText":[" "],"cRemoved":[""]}

{"cOrigin":"+input","cTo":[0,18],"cNewPos":[0,19],"cWhen":1.5300180255245707e9,"tag":"Change","cFrom":[0,18],"cText":["l"],"cRemoved":[""]}

{"cOrigin":"+input","cTo":[0,19],"cNewPos":[0,20],"cWhen":1.5300180258606877e9,"tag":"Change","cFrom":[0,19],"cText":["o"],"cRemoved":[""]}

{"cOrigin":"+input","cTo":[0,20],"cNewPos":[0,21],"cWhen":1.530018026244654e9,"tag":"Change","cFrom":[0,20],"cText":[" "],"cRemoved":[""]}

{"cOrigin":"+input","cTo":[0,21],"cNewPos":[0,22],"cWhen":1.5300180269726884e9,"tag":"Change","cFrom":[0,21],"cText":["h"],"cRemoved":[""]}

{"cOrigin":"+input","cTo":[0,22],"cNewPos":[0,23],"cWhen":1.5300180273885925e9,"tag":"Change","cFrom":[0,22],"cText":["i"],"cRemoved":[""]}

{"cOrigin":"+input","cTo":[0,23],"cNewPos":[0,24],"cWhen":1.5300180425645342e9,"tag":"Change","cFrom":[0,23],"cText":["h"],"cRemoved":[""]}

{"cOrigin":"+delete","cTo":[0,24],"cNewPos":[0,23],"cWhen":1.5300180451803071e9,"tag":"Change","cFrom":[0,23],"cText":[""],"cRemoved":["h"]}

{"cOrigin":"+input","cTo":[0,23],"cNewPos":[0,24],"cWhen":1.5300180466364765e9,"tag":"Change","cFrom":[0,23],"cText":[" "],"cRemoved":[""]}

{"cOrigin":"+input","cTo":[0,24],"cNewPos":[0,25],"cWhen":1.5300180471404757e9,"tag":"Change","cFrom":[0,24],"cText":["h"],"cRemoved":[""]}

{"cOrigin":"+input","cTo":[0,25],"cNewPos":[0,26],"cWhen":1.5300180475964406e9,"tag":"Change","cFrom":[0,25],"cText":["i"],"cRemoved":[""]}

{"cOrigin":"+input","cTo":[0,26],"cNewPos":[0,27],"cWhen":1.5300180479964588e9,"tag":"Change","cFrom":[0,26],"cText":[" "],"cRemoved":[""]}

{"cOrigin":"+input","cTo":[0,27],"cNewPos":[0,28],"cWhen":1.530018049220485e9,"tag":"Change","cFrom":[0,27],"cText":["l"],"cRemoved":[""]}

{"cOrigin":"+input","cTo":[0,28],"cNewPos":[0,29],"cWhen":1.5300180494924507e9,"tag":"Change","cFrom":[0,28],"cText":["o"],"cRemoved":[""]}

{"cOrigin":"+input","cTo":[0,29],"cNewPos":[0,30],"cWhen":1.530018050580451e9,"tag":"Change","cFrom":[0,29],"cText":[" "],"cRemoved":[""]}

{"cOrigin":"+input","cTo":[0,30],"cNewPos":[0,31],"cWhen":1.5300180509964635e9,"tag":"Change","cFrom":[0,30],"cText":["h"],"cRemoved":[""]}

{"cOrigin":"+input","cTo":[0,31],"cNewPos":[0,32],"cWhen":1.5300180514364634e9,"tag":"Change","cFrom":[0,31],"cText":["i"],"cRemoved":[""]}

{"cOrigin":"+input","cTo":[0,32],"cNewPos":[0,33],"cWhen":1.5300180520203493e9,"tag":"Change","cFrom":[0,32],"cText":["l"],"cRemoved":[""]}

{"cOrigin":"+input","cTo":[0,33],"cNewPos":[0,34],"cWhen":1.5300180528524492e9,"tag":"Change","cFrom":[0,33],"cText":["o"],"cRemoved":[""]}

{"cOrigin":"+input","cTo":[0,34],"cNewPos":[0,35],"cWhen":1.5300180533564532e9,"tag":"Change","cFrom":[0,34],"cText":[" "],"cRemoved":[""]}

{"cOrigin":"+input","cTo":[0,35],"cNewPos":[0,36],"cWhen":1.5300180537643888e9,"tag":"Change","cFrom":[0,35],"cText":["h"],"cRemoved":[""]}

{"cOrigin":"+input","cTo":[0,36],"cNewPos":[0,37],"cWhen":1.530018054148411e9,"tag":"Change","cFrom":[0,36],"cText":["i"],"cRemoved":[""]}

{"cXWarp":36,"cNewPos":[0,36],"cWhen":1.530018058388259e9,"tag":"Move"}

{"cXWarp":35,"cNewPos":[0,35],"cWhen":1.530018058645708e9,"tag":"Move"}

{"cXWarp":34,"cNewPos":[0,34],"cWhen":1.5300180586957157e9,"tag":"Move"}

{"cXWarp":33,"cNewPos":[0,33],"cWhen":1.5300180587456937e9,"tag":"Move"}

{"cXWarp":32,"cNewPos":[0,32],"cWhen":1.5300180587957385e9,"tag":"Move"}

{"cXWarp":31,"cNewPos":[0,31],"cWhen":1.5300180588456774e9,"tag":"Move"}

{"cXWarp":30,"cNewPos":[0,30],"cWhen":1.5300180588956935e9,"tag":"Move"}

{"cXWarp":29,"cNewPos":[0,29],"cWhen":1.5300180589457428e9,"tag":"Move"}

{"cXWarp":28,"cNewPos":[0,28],"cWhen":1.5300180589957638e9,"tag":"Move"}

{"cXWarp":27,"cNewPos":[0,27],"cWhen":1.530018059045707e9,"tag":"Move"}

{"cXWarp":26,"cNewPos":[0,26],"cWhen":1.5300180590957048e9,"tag":"Move"}

{"cXWarp":25,"cNewPos":[0,25],"cWhen":1.5300180591456947e9,"tag":"Move"}

{"cXWarp":24,"cNewPos":[0,24],"cWhen":1.5300180591956453e9,"tag":"Move"}

{"cXWarp":23,"cNewPos":[0,23],"cWhen":1.530018059245687e9,"tag":"Move"}

{"cXWarp":22,"cNewPos":[0,22],"cWhen":1.5300180592956772e9,"tag":"Move"}

{"cXWarp":21,"cNewPos":[0,21],"cWhen":1.5300180593457057e9,"tag":"Move"}

{"cXWarp":20,"cNewPos":[0,20],"cWhen":1.5300180593956676e9,"tag":"Move"}

{"cXWarp":19,"cNewPos":[0,19],"cWhen":1.5300180594458683e9,"tag":"Move"}

{"cXWarp":18,"cNewPos":[0,18],"cWhen":1.5300180594956448e9,"tag":"Move"}

{"cXWarp":17,"cNewPos":[0,17],"cWhen":1.5300180595456822e9,"tag":"Move"}

{"cXWarp":16,"cNewPos":[0,16],"cWhen":1.5300180595957017e9,"tag":"Move"}

{"cXWarp":15,"cNewPos":[0,15],"cWhen":1.5300180596456895e9,"tag":"Move"}

{"cXWarp":14,"cNewPos":[0,14],"cWhen":1.5300180596956556e9,"tag":"Move"}

{"cXWarp":13,"cNewPos":[0,13],"cWhen":1.5300180597457075e9,"tag":"Move"}

{"cXWarp":12,"cNewPos":[0,12],"cWhen":1.5300180597957468e9,"tag":"Move"}

{"cXWarp":11,"cNewPos":[0,11],"cWhen":1.5300180598457015e9,"tag":"Move"}

{"cXWarp":10,"cNewPos":[0,10],"cWhen":1.5300180598957093e9,"tag":"Move"}

{"cXWarp":9,"cNewPos":[0,9],"cWhen":1.53001805994573e9,"tag":"Move"}

{"cXWarp":8,"cNewPos":[0,8],"cWhen":1.5300180599957383e9,"tag":"Move"}

{"cXWarp":7,"cNewPos":[0,7],"cWhen":1.5300180600457025e9,"tag":"Move"}

{"cXWarp":6,"cNewPos":[0,6],"cWhen":1.5300180600957174e9,"tag":"Move"}

{"cXWarp":5,"cNewPos":[0,5],"cWhen":1.530018060145708e9,"tag":"Move"}

{"cXWarp":4,"cNewPos":[0,4],"cWhen":1.5300180601957238e9,"tag":"Move"}

{"cXWarp":3,"cNewPos":[0,3],"cWhen":1.5300180602457478e9,"tag":"Move"}

{"cXWarp":2,"cNewPos":[0,2],"cWhen":1.5300180602957184e9,"tag":"Move"}

{"cXWarp":1,"cNewPos":[0,1],"cWhen":1.5300180607322245e9,"tag":"Move"}

{"cXWarp":0,"cNewPos":[0,0],"cWhen":1.530018061028196e9,"tag":"Move"}

{"cOrigin":"+input","cTo":[0,0],"cNewPos":[0,1],"cWhen":1.5300180627564797e9,"tag":"Change","cFrom":[0,0],"cText":["c"],"cRemoved":[""]}

{"cOrigin":"+input","cTo":[0,1],"cNewPos":[0,2],"cWhen":1.5300180631884406e9,"tag":"Change","cFrom":[0,1],"cText":["r"],"cRemoved":[""]}

{"cOrigin":"+input","cTo":[0,2],"cNewPos":[0,3],"cWhen":1.530018064204316e9,"tag":"Change","cFrom":[0,2],"cText":["u"],"cRemoved":[""]}

{"cOrigin":"+input","cTo":[0,3],"cNewPos":[0,4],"cWhen":1.5300180647163115e9,"tag":"Change","cFrom":[0,3],"cText":["n"],"cRemoved":[""]}

{"cOrigin":"+input","cTo":[0,4],"cNewPos":[0,5],"cWhen":1.5300180652283442e9,"tag":"Change","cFrom":[0,4],"cText":["c"],"cRemoved":[""]}

{"cOrigin":"+input","cTo":[0,5],"cNewPos":[0,6],"cWhen":1.530018066260447e9,"tag":"Change","cFrom":[0,5],"cText":["h"],"cRemoved":[""]}

{"cOrigin":"+input","cTo":[0,6],"cNewPos":[0,7],"cWhen":1.530018068252279e9,"tag":"Change","cFrom":[0,6],"cText":[" "],"cRemoved":[""]}

{"cOrigin":"+input","cTo":[0,7],"cNewPos":[1,0],"cWhen":1.5300180739722753e9,"tag":"Change","cFrom":[0,7],"cText":["",""],"cRemoved":[""]}

{"cXWarp":1,"cNewPos":[1,1],"cWhen":1.530018079948071e9,"tag":"Move"}

{"cXWarp":2,"cNewPos":[1,2],"cWhen":1.5300180802057045e9,"tag":"Move"}

{"cXWarp":3,"cNewPos":[1,3],"cWhen":1.5300180802556875e9,"tag":"Move"}

{"cXWarp":4,"cNewPos":[1,4],"cWhen":1.530018080305719e9,"tag":"Move"}

{"cXWarp":5,"cNewPos":[1,5],"cWhen":1.5300180803557599e9,"tag":"Move"}

{"cXWarp":6,"cNewPos":[1,6],"cWhen":1.530018080405731e9,"tag":"Move"}

{"cXWarp":7,"cNewPos":[1,7],"cWhen":1.5300180804556994e9,"tag":"Move"}

{"cXWarp":8,"cNewPos":[1,8],"cWhen":1.5300180805056956e9,"tag":"Move"}

{"cXWarp":9,"cNewPos":[1,9],"cWhen":1.5300180805557215e9,"tag":"Move"}

{"cXWarp":10,"cNewPos":[1,10],"cWhen":1.5300180806057734e9,"tag":"Move"}

{"cXWarp":11,"cNewPos":[1,11],"cWhen":1.5300180806557863e9,"tag":"Move"}

{"cXWarp":12,"cNewPos":[1,12],"cWhen":1.5300180807058296e9,"tag":"Move"}

{"cXWarp":13,"cNewPos":[1,13],"cWhen":1.530018080755725e9,"tag":"Move"}

{"cXWarp":14,"cNewPos":[1,14],"cWhen":1.5300180808057692e9,"tag":"Move"}

{"cXWarp":15,"cNewPos":[1,15],"cWhen":1.530018080855699e9,"tag":"Move"}

{"cXWarp":16,"cNewPos":[1,16],"cWhen":1.5300180809056952e9,"tag":"Move"}

{"cXWarp":17,"cNewPos":[1,17],"cWhen":1.530018080955727e9,"tag":"Move"}

{"cXWarp":18,"cNewPos":[1,18],"cWhen":1.5300180810057158e9,"tag":"Move"}

{"cXWarp":19,"cNewPos":[1,19],"cWhen":1.5300180810557265e9,"tag":"Move"}

{"cXWarp":20,"cNewPos":[1,20],"cWhen":1.5300180811057372e9,"tag":"Move"}

{"cXWarp":21,"cNewPos":[1,21],"cWhen":1.5300180811557138e9,"tag":"Move"}

{"cXWarp":22,"cNewPos":[1,22],"cWhen":1.5300180812057867e9,"tag":"Move"}

{"cXWarp":23,"cNewPos":[1,23],"cWhen":1.5300180812557275e9,"tag":"Move"}

{"cXWarp":24,"cNewPos":[1,24],"cWhen":1.530018081305768e9,"tag":"Move"}

{"cXWarp":25,"cNewPos":[1,25],"cWhen":1.530018081355744e9,"tag":"Move"}

{"cXWarp":26,"cNewPos":[1,26],"cWhen":1.5300180814056895e9,"tag":"Move"}

{"cXWarp":27,"cNewPos":[1,27],"cWhen":1.5300180814557087e9,"tag":"Move"}

{"cXWarp":28,"cNewPos":[1,28],"cWhen":1.5300180815057187e9,"tag":"Move"}

{"cXWarp":29,"cNewPos":[1,29],"cWhen":1.5300180815556989e9,"tag":"Move"}

{"cXWarp":30,"cNewPos":[1,30],"cWhen":1.5300180816057713e9,"tag":"Move"}

{"cXWarp":31,"cNewPos":[1,31],"cWhen":1.530018081655816e9,"tag":"Move"}

{"cXWarp":32,"cNewPos":[1,32],"cWhen":1.5300180817057664e9,"tag":"Move"}

{"cXWarp":33,"cNewPos":[1,33],"cWhen":1.5300180817557702e9,"tag":"Move"}

{"cXWarp":34,"cNewPos":[1,34],"cWhen":1.5300180821480541e9,"tag":"Move"}

{"cXWarp":35,"cNewPos":[1,35],"cWhen":1.530018082596057e9,"tag":"Move"}

{"cXWarp":36,"cNewPos":[1,36],"cWhen":1.5300180830200462e9,"tag":"Move"}

{"cXWarp":37,"cNewPos":[1,37],"cWhen":1.5300180835720277e9,"tag":"Move"}

{"cOrigin":"+input","cTo":[1,37],"cNewPos":[1,38],"cWhen":1.5300180852282438e9,"tag":"Change","cFrom":[1,37],"cText":[" "],"cRemoved":[""]}

{"cOrigin":"+input","cTo":[1,38],"cNewPos":[1,39],"cWhen":1.5300180855322187e9,"tag":"Change","cFrom":[1,38],"cText":["h"],"cRemoved":[""]}

{"cOrigin":"+input","cTo":[1,39],"cNewPos":[1,40],"cWhen":1.5300180859001875e9,"tag":"Change","cFrom":[1,39],"cText":["i"],"cRemoved":[""]}

{"cOrigin":"+input","cTo":[1,40],"cNewPos":[1,41],"cWhen":1.530018086244219e9,"tag":"Change","cFrom":[1,40],"cText":[" "],"cRemoved":[""]}

{"cOrigin":"+input","cTo":[1,41],"cNewPos":[1,42],"cWhen":1.5300180866921875e9,"tag":"Change","cFrom":[1,41],"cText":["l"],"cRemoved":[""]}

{"cOrigin":"+input","cTo":[1,42],"cNewPos":[1,43],"cWhen":1.5300180870361867e9,"tag":"Change","cFrom":[1,42],"cText":["o"],"cRemoved":[""]}

{"cOrigin":"+input","cTo":[1,43],"cNewPos":[2,0],"cWhen":1.5300180961241162e9,"tag":"Change","cFrom":[1,43],"cText":["",""],"cRemoved":[""]}

{"cOrigin":"+input","cTo":[2,0],"cNewPos":[3,0],"cWhen":1.5300181053240206e9,"tag":"Change","cFrom":[2,0],"cText":["",""],"cRemoved":[""]}

{"cOrigin":"+input","cTo":[3,0],"cNewPos":[4,0],"cWhen":1.5300181107160091e9,"tag":"Change","cFrom":[3,0],"cText":["",""],"cRemoved":[""]}

{"cOrigin":"+input","cTo":[4,0],"cNewPos":[4,1],"cWhen":1.5300181142599933e9,"tag":"Change","cFrom":[4,0],"cText":["h"],"cRemoved":[""]}

{"cOrigin":"+delete","cTo":[4,1],"cNewPos":[4,0],"cWhen":1.5300181182597456e9,"tag":"Change","cFrom":[4,0],"cText":[""],"cRemoved":["h"]}

{"cOrigin":"+input","cTo":[4,0],"cNewPos":[4,1],"cWhen":1.5300181225799174e9,"tag":"Change","cFrom":[4,0],"cText":["2"],"cRemoved":[""]}

{"cOrigin":"+delete","cTo":[4,1],"cNewPos":[4,0],"cWhen":1.5300181245636978e9,"tag":"Change","cFrom":[4,0],"cText":[""],"cRemoved":["2"]}

{"cOrigin":"+input","cTo":[4,0],"cNewPos":[4,1],"cWhen":1.5300181260758765e9,"tag":"Change","cFrom":[4,0],"cText":["2"],"cRemoved":[""]}

{"cOrigin":"+delete","cTo":[4,1],"cNewPos":[4,0],"cWhen":1.5300181275236082e9,"tag":"Change","cFrom":[4,0],"cText":[""],"cRemoved":["2"]}

{"cOrigin":"+input","cTo":[4,0],"cNewPos":[4,1],"cWhen":1.5300181290038095e9,"tag":"Change","cFrom":[4,0],"cText":["\""],"cRemoved":[""]}

{"cOrigin":"+input","cTo":[4,1],"cNewPos":[4,2],"cWhen":1.5300181347078753e9,"tag":"Change","cFrom":[4,1],"cText":["l"],"cRemoved":[""]}

{"cOrigin":"+input","cTo":[4,2],"cNewPos":[4,3],"cWhen":1.5300181351157691e9,"tag":"Change","cFrom":[4,2],"cText":["o"],"cRemoved":[""]}

{"cOrigin":"+input","cTo":[4,3],"cNewPos":[4,4],"cWhen":1.530018135499807e9,"tag":"Change","cFrom":[4,3],"cText":[" "],"cRemoved":[""]}

{"cOrigin":"+input","cTo":[4,4],"cNewPos":[4,5],"cWhen":1.5300181360359268e9,"tag":"Change","cFrom":[4,4],"cText":["h"],"cRemoved":[""]}

{"cOrigin":"+input","cTo":[4,5],"cNewPos":[4,6],"cWhen":1.530018136524119e9,"tag":"Change","cFrom":[4,5],"cText":["i"],"cRemoved":[""]}

{"cOrigin":"+input","cTo":[4,6],"cNewPos":[4,7],"cWhen":1.5300181369317918e9,"tag":"Change","cFrom":[4,6],"cText":[" "],"cRemoved":[""]}

{"cOrigin":"+input","cTo":[4,7],"cNewPos":[4,8],"cWhen":1.530018137795777e9,"tag":"Change","cFrom":[4,7],"cText":["l"],"cRemoved":[""]}

{"cOrigin":"+input","cTo":[4,8],"cNewPos":[4,9],"cWhen":1.530018138171752e9,"tag":"Change","cFrom":[4,8],"cText":["o"],"cRemoved":[""]}

{"cOrigin":"+input","cTo":[4,9],"cNewPos":[4,10],"cWhen":1.5300181385637467e9,"tag":"Change","cFrom":[4,9],"cText":[" "],"cRemoved":[""]}

{"cOrigin":"+input","cTo":[4,10],"cNewPos":[4,11],"cWhen":1.53001813957979e9,"tag":"Change","cFrom":[4,10],"cText":["l"],"cRemoved":[""]}

{"cOrigin":"+input","cTo":[4,11],"cNewPos":[4,12],"cWhen":1.5300181399717648e9,"tag":"Change","cFrom":[4,11],"cText":["o"],"cRemoved":[""]}

{"cOrigin":"+input","cTo":[4,12],"cNewPos":[4,13],"cWhen":1.5300181403558292e9,"tag":"Change","cFrom":[4,12],"cText":[" "],"cRemoved":[""]}

{"cOrigin":"+input","cTo":[4,13],"cNewPos":[4,14],"cWhen":1.5300181413877437e9,"tag":"Change","cFrom":[4,13],"cText":["h"],"cRemoved":[""]}

{"cOrigin":"+input","cTo":[4,14],"cNewPos":[4,15],"cWhen":1.5300181418117554e9,"tag":"Change","cFrom":[4,14],"cText":[" "],"cRemoved":[""]}

{"cOrigin":"+delete","cTo":[4,15],"cNewPos":[4,14],"cWhen":1.5300181435075197e9,"tag":"Change","cFrom":[4,14],"cText":[""],"cRemoved":[" "]}

{"cOrigin":"+input","cTo":[4,14],"cNewPos":[4,15],"cWhen":1.5300181440117562e9,"tag":"Change","cFrom":[4,14],"cText":["i"],"cRemoved":[""]}

{"cOrigin":"+input","cTo":[4,15],"cNewPos":[4,16],"cWhen":1.5300181483557477e9,"tag":"Change","cFrom":[4,15],"cText":[" "],"cRemoved":[""]}

{"cOrigin":"+input","cTo":[4,16],"cNewPos":[4,17],"cWhen":1.5300181488997386e9,"tag":"Change","cFrom":[4,16],"cText":["h"],"cRemoved":[""]}

{"cOrigin":"+input","cTo":[4,17],"cNewPos":[4,18],"cWhen":1.530018149419708e9,"tag":"Change","cFrom":[4,17],"cText":["i"],"cRemoved":[""]}

{"cOrigin":"+input","cTo":[4,18],"cNewPos":[4,19],"cWhen":1.5300181497797153e9,"tag":"Change","cFrom":[4,18],"cText":[" "],"cRemoved":[""]}

{"cOrigin":"+input","cTo":[4,19],"cNewPos":[4,20],"cWhen":1.5300181511876738e9,"tag":"Change","cFrom":[4,19],"cText":["h"],"cRemoved":[""]}

{"cOrigin":"+input","cTo":[4,20],"cNewPos":[4,21],"cWhen":1.5300181517813315e9,"tag":"Change","cFrom":[4,20],"cText":["i"],"cRemoved":[""]}

{"cOrigin":"+input","cTo":[4,21],"cNewPos":[4,22],"cWhen":1.5300181521477056e9,"tag":"Change","cFrom":[4,21],"cText":[" "],"cRemoved":[""]}

{"cOrigin":"+input","cTo":[4,22],"cNewPos":[4,23],"cWhen":1.5300181528676884e9,"tag":"Change","cFrom":[4,22],"cText":["l"],"cRemoved":[""]}

{"cOrigin":"+input","cTo":[4,23],"cNewPos":[4,24],"cWhen":1.5300181532441225e9,"tag":"Change","cFrom":[4,23],"cText":["o"],"cRemoved":[""]}

{"cOrigin":"+input","cTo":[4,24],"cNewPos":[4,25],"cWhen":1.5300181536196954e9,"tag":"Change","cFrom":[4,24],"cText":[" "],"cRemoved":[""]}

{"cOrigin":"+input","cTo":[4,25],"cNewPos":[4,26],"cWhen":1.530018154875694e9,"tag":"Change","cFrom":[4,25],"cText":["l"],"cRemoved":[""]}

{"cOrigin":"+input","cTo":[4,26],"cNewPos":[4,27],"cWhen":1.5300181551718185e9,"tag":"Change","cFrom":[4,26],"cText":["o"],"cRemoved":[""]}

{"cOrigin":"+input","cTo":[4,27],"cNewPos":[4,28],"cWhen":1.530018155627651e9,"tag":"Change","cFrom":[4,27],"cText":[" "],"cRemoved":[""]}

{"cOrigin":"+input","cTo":[4,28],"cNewPos":[4,29],"cWhen":1.5300181561236517e9,"tag":"Change","cFrom":[4,28],"cText":["h"],"cRemoved":[""]}

{"cOrigin":"+input","cTo":[4,29],"cNewPos":[4,30],"cWhen":1.530018158779593e9,"tag":"Change","cFrom":[4,29],"cText":["i"],"cRemoved":[""]}

{"cOrigin":"+input","cTo":[4,30],"cNewPos":[4,31],"cWhen":1.5300181592916226e9,"tag":"Change","cFrom":[4,30],"cText":[" "],"cRemoved":[""]}

{"cOrigin":"+input","cTo":[4,31],"cNewPos":[4,32],"cWhen":1.5300181599876518e9,"tag":"Change","cFrom":[4,31],"cText":["l"],"cRemoved":[""]}

{"cOrigin":"+input","cTo":[4,32],"cNewPos":[4,33],"cWhen":1.5300181604596267e9,"tag":"Change","cFrom":[4,32],"cText":["o"],"cRemoved":[""]}

{"cXWarp":32,"cNewPos":[4,32],"cWhen":1.5300181658142407e9,"tag":"Move"}

{"cXWarp":31,"cNewPos":[4,31],"cWhen":1.5300181660657554e9,"tag":"Move"}

{"cXWarp":30,"cNewPos":[4,30],"cWhen":1.5300181661156797e9,"tag":"Move"}

{"cXWarp":29,"cNewPos":[4,29],"cWhen":1.5300181661657448e9,"tag":"Move"}

{"cXWarp":28,"cNewPos":[4,28],"cWhen":1.5300181662156713e9,"tag":"Move"}

{"cXWarp":27,"cNewPos":[4,27],"cWhen":1.5300181662657096e9,"tag":"Move"}

{"cXWarp":26,"cNewPos":[4,26],"cWhen":1.5300181663157291e9,"tag":"Move"}

{"cXWarp":25,"cNewPos":[4,25],"cWhen":1.5300181663657475e9,"tag":"Move"}

{"cXWarp":24,"cNewPos":[4,24],"cWhen":1.5300181664156873e9,"tag":"Move"}

{"cXWarp":23,"cNewPos":[4,23],"cWhen":1.5300181664656954e9,"tag":"Move"}

{"cXWarp":22,"cNewPos":[4,22],"cWhen":1.5300181665156994e9,"tag":"Move"}

{"cXWarp":21,"cNewPos":[4,21],"cWhen":1.530018166565714e9,"tag":"Move"}

{"cXWarp":20,"cNewPos":[4,20],"cWhen":1.5300181666157124e9,"tag":"Move"}

{"cXWarp":19,"cNewPos":[4,19],"cWhen":1.5300181666657112e9,"tag":"Move"}

{"cXWarp":18,"cNewPos":[4,18],"cWhen":1.5300181667156932e9,"tag":"Move"}

{"cXWarp":17,"cNewPos":[4,17],"cWhen":1.5300181667657135e9,"tag":"Move"}

{"cXWarp":16,"cNewPos":[4,16],"cWhen":1.5300181668156724e9,"tag":"Move"}

{"cXWarp":15,"cNewPos":[4,15],"cWhen":1.5300181668656788e9,"tag":"Move"}

{"cXWarp":14,"cNewPos":[4,14],"cWhen":1.5300181669157062e9,"tag":"Move"}

{"cXWarp":13,"cNewPos":[4,13],"cWhen":1.5300181669657245e9,"tag":"Move"}

{"cXWarp":12,"cNewPos":[4,12],"cWhen":1.5300181670157003e9,"tag":"Move"}

{"cXWarp":11,"cNewPos":[4,11],"cWhen":1.5300181670657246e9,"tag":"Move"}

{"cXWarp":10,"cNewPos":[4,10],"cWhen":1.5300181671156309e9,"tag":"Move"}

{"cXWarp":9,"cNewPos":[4,9],"cWhen":1.5300181671656663e9,"tag":"Move"}

{"cXWarp":8,"cNewPos":[4,8],"cWhen":1.5300181672156694e9,"tag":"Move"}

{"cXWarp":7,"cNewPos":[4,7],"cWhen":1.5300181672656913e9,"tag":"Move"}

{"cXWarp":6,"cNewPos":[4,6],"cWhen":1.5300181673157432e9,"tag":"Move"}

{"cXWarp":5,"cNewPos":[4,5],"cWhen":1.5300181673657472e9,"tag":"Move"}

{"cXWarp":4,"cNewPos":[4,4],"cWhen":1.530018167415705e9,"tag":"Move"}

{"cXWarp":3,"cNewPos":[4,3],"cWhen":1.5300181674656973e9,"tag":"Move"}

{"cXWarp":2,"cNewPos":[4,2],"cWhen":1.5300181675156941e9,"tag":"Move"}

{"cXWarp":1,"cNewPos":[4,1],"cWhen":1.530018167923386e9,"tag":"Move"}

{"cXWarp":0,"cNewPos":[4,0],"cWhen":1.5300181682197754e9,"tag":"Move"}

{"cOrigin":"+input","cTo":[4,0],"cNewPos":[4,1],"cWhen":1.530018169491565e9,"tag":"Change","cFrom":[4,0],"cText":["f"],"cRemoved":[""]}

{"cOrigin":"+input","cTo":[4,1],"cNewPos":[4,2],"cWhen":1.530018169803566e9,"tag":"Change","cFrom":[4,1],"cText":["a"],"cRemoved":[""]}

{"cOrigin":"+input","cTo":[4,2],"cNewPos":[4,3],"cWhen":1.5300181701795545e9,"tag":"Change","cFrom":[4,2],"cText":["s"],"cRemoved":[""]}

{"cOrigin":"+input","cTo":[4,3],"cNewPos":[4,4],"cWhen":1.5300181708915684e9,"tag":"Change","cFrom":[4,3],"cText":["t"],"cRemoved":[""]}

{"cOrigin":"+input","cTo":[4,4],"cNewPos":[4,5],"cWhen":1.5300181711660857e9,"tag":"Change","cFrom":[4,4],"cText":["e"],"cRemoved":[""]}

{"cOrigin":"+input","cTo":[4,5],"cNewPos":[4,6],"cWhen":1.5300181714435372e9,"tag":"Change","cFrom":[4,5],"cText":["r"],"cRemoved":[""]}

{"cOrigin":"+input","cTo":[4,6],"cNewPos":[4,7],"cWhen":1.5300181800434678e9,"tag":"Change","cFrom":[4,6],"cText":[" "],"cRemoved":[""]}

{"cOrigin":"+input","cTo":[4,7],"cNewPos":[5,0],"cWhen":1.5300181820033545e9,"tag":"Change","cFrom":[4,7],"cText":["",""],"cRemoved":[""]}

{"cXWarp":1,"cNewPos":[5,1],"cWhen":1.5300182014602163e9,"tag":"Move"}

{"cXWarp":2,"cNewPos":[5,2],"cWhen":1.5300182017157183e9,"tag":"Move"}

{"cXWarp":3,"cNewPos":[5,3],"cWhen":1.530018201765678e9,"tag":"Move"}

{"cXWarp":4,"cNewPos":[5,4],"cWhen":1.5300182018157678e9,"tag":"Move"}

{"cXWarp":5,"cNewPos":[5,5],"cWhen":1.530018201865694e9,"tag":"Move"}

{"cXWarp":6,"cNewPos":[5,6],"cWhen":1.5300182019157903e9,"tag":"Move"}

{"cXWarp":7,"cNewPos":[5,7],"cWhen":1.530018201965675e9,"tag":"Move"}

{"cXWarp":8,"cNewPos":[5,8],"cWhen":1.5300182020158331e9,"tag":"Move"}

{"cXWarp":9,"cNewPos":[5,9],"cWhen":1.5300182020656898e9,"tag":"Move"}

{"cXWarp":10,"cNewPos":[5,10],"cWhen":1.5300182021157255e9,"tag":"Move"}

{"cXWarp":11,"cNewPos":[5,11],"cWhen":1.530018202165744e9,"tag":"Move"}

{"cXWarp":12,"cNewPos":[5,12],"cWhen":1.5300182022157848e9,"tag":"Move"}

{"cXWarp":13,"cNewPos":[5,13],"cWhen":1.5300182022657163e9,"tag":"Move"}

{"cXWarp":14,"cNewPos":[5,14],"cWhen":1.5300182023157697e9,"tag":"Move"}

{"cXWarp":15,"cNewPos":[5,15],"cWhen":1.5300182023656855e9,"tag":"Move"}

{"cXWarp":16,"cNewPos":[5,16],"cWhen":1.5300182024157002e9,"tag":"Move"}

{"cXWarp":17,"cNewPos":[5,17],"cWhen":1.5300182024657013e9,"tag":"Move"}

{"cXWarp":18,"cNewPos":[5,18],"cWhen":1.5300182025157006e9,"tag":"Move"}

{"cXWarp":19,"cNewPos":[5,19],"cWhen":1.5300182025656965e9,"tag":"Move"}

{"cXWarp":20,"cNewPos":[5,20],"cWhen":1.5300182026160307e9,"tag":"Move"}

{"cXWarp":21,"cNewPos":[5,21],"cWhen":1.5300182026656704e9,"tag":"Move"}

{"cXWarp":22,"cNewPos":[5,22],"cWhen":1.530018202715659e9,"tag":"Move"}

{"cXWarp":23,"cNewPos":[5,23],"cWhen":1.53001820276567e9,"tag":"Move"}

{"cXWarp":24,"cNewPos":[5,24],"cWhen":1.5300182028157213e9,"tag":"Move"}

{"cXWarp":25,"cNewPos":[5,25],"cWhen":1.530018202865751e9,"tag":"Move"}

{"cXWarp":26,"cNewPos":[5,26],"cWhen":1.530018202915719e9,"tag":"Move"}

{"cXWarp":27,"cNewPos":[5,27],"cWhen":1.530018202975833e9,"tag":"Move"}

{"cXWarp":28,"cNewPos":[5,28],"cWhen":1.5300182030257034e9,"tag":"Move"}

{"cXWarp":29,"cNewPos":[5,29],"cWhen":1.5300182034112122e9,"tag":"Move"}

{"cXWarp":30,"cNewPos":[5,30],"cWhen":1.5300182036512177e9,"tag":"Move"}

{"cXWarp":31,"cNewPos":[5,31],"cWhen":1.5300182039391222e9,"tag":"Move"}

{"cXWarp":32,"cNewPos":[5,32],"cWhen":1.530018204707136e9,"tag":"Move"}

{"cXWarp":33,"cNewPos":[5,33],"cWhen":1.5300182053471508e9,"tag":"Move"}

{"cXWarp":32,"cNewPos":[5,32],"cWhen":1.530018212267121e9,"tag":"Move"}

{"cXWarp":31,"cNewPos":[5,31],"cWhen":1.5300182125257108e9,"tag":"Move"}

{"cXWarp":30,"cNewPos":[5,30],"cWhen":1.5300182125757499e9,"tag":"Move"}

{"cXWarp":29,"cNewPos":[5,29],"cWhen":1.5300182126257303e9,"tag":"Move"}

{"cXWarp":28,"cNewPos":[5,28],"cWhen":1.5300182126757474e9,"tag":"Move"}

{"cXWarp":27,"cNewPos":[5,27],"cWhen":1.5300182127256827e9,"tag":"Move"}

{"cXWarp":26,"cNewPos":[5,26],"cWhen":1.53001821277574e9,"tag":"Move"}

{"cXWarp":25,"cNewPos":[5,25],"cWhen":1.530018212825746e9,"tag":"Move"}

{"cXWarp":24,"cNewPos":[5,24],"cWhen":1.5300182128757367e9,"tag":"Move"}

{"cXWarp":23,"cNewPos":[5,23],"cWhen":1.530018212925694e9,"tag":"Move"}

{"cXWarp":22,"cNewPos":[5,22],"cWhen":1.5300182129757378e9,"tag":"Move"}

{"cXWarp":21,"cNewPos":[5,21],"cWhen":1.5300182130256956e9,"tag":"Move"}

{"cXWarp":20,"cNewPos":[5,20],"cWhen":1.5300182130757253e9,"tag":"Move"}

{"cXWarp":19,"cNewPos":[5,19],"cWhen":1.5300182131258116e9,"tag":"Move"}

{"cXWarp":18,"cNewPos":[5,18],"cWhen":1.530018213175819e9,"tag":"Move"}

{"cXWarp":17,"cNewPos":[5,17],"cWhen":1.5300182132256982e9,"tag":"Move"}

{"cXWarp":16,"cNewPos":[5,16],"cWhen":1.5300182132757132e9,"tag":"Move"}

{"cXWarp":15,"cNewPos":[5,15],"cWhen":1.530018213325731e9,"tag":"Move"}

{"cXWarp":14,"cNewPos":[5,14],"cWhen":1.530018213375751e9,"tag":"Move"}

{"cXWarp":13,"cNewPos":[5,13],"cWhen":1.5300182134256837e9,"tag":"Move"}

{"cXWarp":12,"cNewPos":[5,12],"cWhen":1.5300182134757192e9,"tag":"Move"}

{"cXWarp":11,"cNewPos":[5,11],"cWhen":1.530018213525794e9,"tag":"Move"}

{"cXWarp":10,"cNewPos":[5,10],"cWhen":1.530018213575775e9,"tag":"Move"}

{"cXWarp":9,"cNewPos":[5,9],"cWhen":1.5300182136256921e9,"tag":"Move"}

{"cXWarp":8,"cNewPos":[5,8],"cWhen":1.5300182136757088e9,"tag":"Move"}

{"cXWarp":7,"cNewPos":[5,7],"cWhen":1.5300182137257771e9,"tag":"Move"}

{"cXWarp":6,"cNewPos":[5,6],"cWhen":1.5300182137757802e9,"tag":"Move"}

{"cXWarp":5,"cNewPos":[5,5],"cWhen":1.530018213825808e9,"tag":"Move"}

{"cXWarp":4,"cNewPos":[5,4],"cWhen":1.5300182138757193e9,"tag":"Move"}

{"cXWarp":3,"cNewPos":[5,3],"cWhen":1.5300182139256783e9,"tag":"Move"}

{"cXWarp":2,"cNewPos":[5,2],"cWhen":1.5300182146910539e9,"tag":"Move"}

{"cXWarp":1,"cNewPos":[5,1],"cWhen":1.530018215979065e9,"tag":"Move"}

{"cXWarp":0,"cNewPos":[5,0],"cWhen":1.530018218235066e9,"tag":"Move"}

{"cOrigin":"+input","cTo":[5,0],"cNewPos":[5,1],"cWhen":1.5300182284831517e9,"tag":"Change","cFrom":[5,0],"cText":[" "],"cRemoved":[""]}

{"cOrigin":"+input","cTo":[5,1],"cNewPos":[5,2],"cWhen":1.5300182320671008e9,"tag":"Change","cFrom":[5,1],"cText":[" "],"cRemoved":[""]}

{"cOrigin":"+input","cTo":[5,2],"cNewPos":[5,3],"cWhen":1.5300182323871045e9,"tag":"Change","cFrom":[5,2],"cText":[" "],"cRemoved":[""]}

{"cOrigin":"+input","cTo":[5,3],"cNewPos":[5,4],"cWhen":1.5300182326434073e9,"tag":"Change","cFrom":[5,3],"cText":[" "],"cRemoved":[""]}

{"cOrigin":"+input","cTo":[5,4],"cNewPos":[5,5],"cWhen":1.530018233155074e9,"tag":"Change","cFrom":[5,4],"cText":[" "],"cRemoved":[""]}

{"cOrigin":"+input","cTo":[5,5],"cNewPos":[5,6],"cWhen":1.5300182336590784e9,"tag":"Change","cFrom":[5,5],"cText":[" "],"cRemoved":[""]}

{"cOrigin":"+delete","cTo":[5,6],"cNewPos":[5,5],"cWhen":1.5300182393548338e9,"tag":"Change","cFrom":[5,5],"cText":[""],"cRemoved":[" "]}

{"cOrigin":"+delete","cTo":[5,5],"cNewPos":[5,4],"cWhen":1.5300182395628266e9,"tag":"Change","cFrom":[5,4],"cText":[""],"cRemoved":[" "]}

{"cOrigin":"+delete","cTo":[5,4],"cNewPos":[5,3],"cWhen":1.530018239754802e9,"tag":"Change","cFrom":[5,3],"cText":[""],"cRemoved":[" "]}

{"cOrigin":"+delete","cTo":[5,3],"cNewPos":[5,2],"cWhen":1.5300182399148002e9,"tag":"Change","cFrom":[5,2],"cText":[""],"cRemoved":[" "]}

{"cOrigin":"+delete","cTo":[5,2],"cNewPos":[5,1],"cWhen":1.530018240122813e9,"tag":"Change","cFrom":[5,1],"cText":[""],"cRemoved":[" "]}

{"cOrigin":"+delete","cTo":[5,1],"cNewPos":[5,0],"cWhen":1.5300182403709142e9,"tag":"Change","cFrom":[5,0],"cText":[""],"cRemoved":[" "]}

{"cOrigin":"+input","cTo":[5,0],"cNewPos":[6,0],"cWhen":1.5300182503870926e9,"tag":"Change","cFrom":[5,0],"cText":["",""],"cRemoved":[""]}

{"cOrigin":"+delete","cTo":[6,0],"cNewPos":[5,0],"cWhen":1.5300182546827319e9,"tag":"Change","cFrom":[5,0],"cText":[""],"cRemoved":["",""]}

{"cOrigin":"+delete","cTo":[5,0],"cNewPos":[4,7],"cWhen":1.5300182550667229e9,"tag":"Change","cFrom":[4,7],"cText":[""],"cRemoved":["",""]}
