{"cXWarp":33,"cNewPos":[0,33],"cWhen":1.53000210859638e9,"tag":"Move"}

{"cOrigin":"+input","cTo":[0,33],"cNewPos":[1,0],"cWhen":1.5300021091805623e9,"tag":"Change","cFrom":[0,33],"cText":["",""],"cRemoved":[""]}

{"cOrigin":"+input","cTo":[1,0],"cNewPos":[2,0],"cWhen":1.5300021095407937e9,"tag":"Change","cFrom":[1,0],"cText":["",""],"cRemoved":[""]}

{"cOrigin":"+input","cTo":[2,0],"cNewPos":[2,1],"cWhen":1.5300021123335202e9,"tag":"Change","cFrom":[2,0],"cText":["j"],"cRemoved":[""]}

{"cOrigin":"+delete","cTo":[2,1],"cNewPos":[2,0],"cWhen":1.5300021132615573e9,"tag":"Change","cFrom":[2,0],"cText":[""],"cRemoved":["j"]}

{"cOrigin":"+input","cTo":[2,0],"cNewPos":[2,1],"cWhen":1.5300021166385224e9,"tag":"Change","cFrom":[2,0],"cText":["e"],"cRemoved":[""]}

{"cOrigin":"+input","cTo":[2,1],"cNewPos":[2,2],"cWhen":1.5300021193513386e9,"tag":"Change","cFrom":[2,1],"cText":["v"],"cRemoved":[""]}

{"cOrigin":"+input","cTo":[2,2],"cNewPos":[2,3],"cWhen":1.5300021208717947e9,"tag":"Change","cFrom":[2,2],"cText":["r"],"cRemoved":[""]}

{"cOrigin":"+input","cTo":[2,3],"cNewPos":[2,4],"cWhen":1.5300021215679994e9,"tag":"Change","cFrom":[2,3],"cText":["e"],"cRemoved":[""]}

{"cOrigin":"+delete","cTo":[2,4],"cNewPos":[2,3],"cWhen":1.5300021246004274e9,"tag":"Change","cFrom":[2,3],"cText":[""],"cRemoved":["e"]}

{"cOrigin":"+delete","cTo":[2,3],"cNewPos":[2,2],"cWhen":1.5300021251604457e9,"tag":"Change","cFrom":[2,2],"cText":[""],"cRemoved":["r"]}

{"cOrigin":"+delete","cTo":[2,2],"cNewPos":[2,1],"cWhen":1.5300021258806863e9,"tag":"Change","cFrom":[2,1],"cText":[""],"cRemoved":["v"]}

{"cOrigin":"+delete","cTo":[2,1],"cNewPos":[2,0],"cWhen":1.530002126344733e9,"tag":"Change","cFrom":[2,0],"cText":[""],"cRemoved":["e"]}

{"cOrigin":"+input","cTo":[2,0],"cNewPos":[2,1],"cWhen":1.530002128441434e9,"tag":"Change","cFrom":[2,0],"cText":["w"],"cRemoved":[""]}

{"cOrigin":"+delete","cTo":[2,1],"cNewPos":[2,0],"cWhen":1.5300021292333808e9,"tag":"Change","cFrom":[2,0],"cText":[""],"cRemoved":["w"]}

{"cOrigin":"+input","cTo":[2,0],"cNewPos":[2,1],"cWhen":1.5300021297136383e9,"tag":"Change","cFrom":[2,0],"cText":["e"],"cRemoved":[""]}

{"cOrigin":"+input","cTo":[2,1],"cNewPos":[2,2],"cWhen":1.5300021327940168e9,"tag":"Change","cFrom":[2,1],"cText":["v"],"cRemoved":[""]}

{"cOrigin":"+input","cTo":[2,2],"cNewPos":[2,3],"cWhen":1.5300021354747834e9,"tag":"Change","cFrom":[2,2],"cText":["r"],"cRemoved":[""]}

{"cOrigin":"+input","cTo":[2,3],"cNewPos":[2,4],"cWhen":1.530002137099003e9,"tag":"Change","cFrom":[2,3],"cText":["r"],"cRemoved":[""]}

{"cOrigin":"+input","cTo":[2,4],"cNewPos":[2,5],"cWhen":1.530002138219087e9,"tag":"Change","cFrom":[2,4],"cText":["y"],"cRemoved":[""]}

{"cOrigin":"+input","cTo":[2,5],"cNewPos":[2,6],"cWhen":1.5300021399393559e9,"tag":"Change","cFrom":[2,5],"cText":[" "],"cRemoved":[""]}

{"cOrigin":"+input","cTo":[2,6],"cNewPos":[2,7],"cWhen":1.5300021413474324e9,"tag":"Change","cFrom":[2,6],"cText":["s"],"cRemoved":[""]}

{"cOrigin":"+input","cTo":[2,7],"cNewPos":[2,8],"cWhen":1.530002142811728e9,"tag":"Change","cFrom":[2,7],"cText":["c"],"cRemoved":[""]}

{"cOrigin":"+delete","cTo":[2,8],"cNewPos":[2,7],"cWhen":1.5300021447478278e9,"tag":"Change","cFrom":[2,7],"cText":[""],"cRemoved":["c"]}

{"cOrigin":"+delete","cTo":[2,7],"cNewPos":[2,6],"cWhen":1.5300021453239992e9,"tag":"Change","cFrom":[2,6],"cText":[""],"cRemoved":["s"]}

{"cOrigin":"+delete","cTo":[2,6],"cNewPos":[2,5],"cWhen":1.5300021659257162e9,"tag":"Change","cFrom":[2,5],"cText":[""],"cRemoved":[" "]}

{"cOrigin":"+delete","cTo":[2,5],"cNewPos":[2,4],"cWhen":1.5300021664456482e9,"tag":"Change","cFrom":[2,4],"cText":[""],"cRemoved":["y"]}

{"cOrigin":"+delete","cTo":[2,4],"cNewPos":[2,3],"cWhen":1.5300021665976903e9,"tag":"Change","cFrom":[2,3],"cText":[""],"cRemoved":["r"]}

{"cOrigin":"+delete","cTo":[2,3],"cNewPos":[2,2],"cWhen":1.530002166854455e9,"tag":"Change","cFrom":[2,2],"cText":[""],"cRemoved":["r"]}

{"cOrigin":"+delete","cTo":[2,2],"cNewPos":[2,1],"cWhen":1.530002166904462e9,"tag":"Change","cFrom":[2,1],"cText":[""],"cRemoved":["v"]}

{"cOrigin":"+delete","cTo":[2,1],"cNewPos":[2,0],"cWhen":1.5300021669544687e9,"tag":"Change","cFrom":[2,0],"cText":[""],"cRemoved":["e"]}

{"cOrigin":"+delete","cTo":[2,0],"cNewPos":[1,0],"cWhen":1.530002167013688e9,"tag":"Change","cFrom":[1,0],"cText":[""],"cRemoved":["",""]}

{"cOrigin":"+delete","cTo":[1,0],"cNewPos":[0,33],"cWhen":1.5300021671977367e9,"tag":"Change","cFrom":[0,33],"cText":[""],"cRemoved":["",""]}

{"cOrigin":"+delete","cTo":[0,33],"cNewPos":[0,32],"cWhen":1.5300021674218023e9,"tag":"Change","cFrom":[0,32],"cText":[""],"cRemoved":["\""]}

{"cOrigin":"+delete","cTo":[0,32],"cNewPos":[0,31],"cWhen":1.5300021676056745e9,"tag":"Change","cFrom":[0,31],"cText":[""],"cRemoved":["o"]}

{"cOrigin":"+delete","cTo":[0,31],"cNewPos":[0,30],"cWhen":1.5300021677663066e9,"tag":"Change","cFrom":[0,30],"cText":[""],"cRemoved":["l"]}

{"cOrigin":"+delete","cTo":[0,30],"cNewPos":[0,29],"cWhen":1.5300021680244799e9,"tag":"Change","cFrom":[0,29],"cText":[""],"cRemoved":[" "]}

{"cOrigin":"+delete","cTo":[0,29],"cNewPos":[0,28],"cWhen":1.5300021680744777e9,"tag":"Change","cFrom":[0,28],"cText":[""],"cRemoved":["i"]}

{"cOrigin":"+delete","cTo":[0,28],"cNewPos":[0,27],"cWhen":1.5300021681245716e9,"tag":"Change","cFrom":[0,27],"cText":[""],"cRemoved":["h"]}

{"cOrigin":"+delete","cTo":[0,27],"cNewPos":[0,26],"cWhen":1.5300021681744833e9,"tag":"Change","cFrom":[0,26],"cText":[""],"cRemoved":[" "]}

{"cOrigin":"+delete","cTo":[0,26],"cNewPos":[0,25],"cWhen":1.5300021682244816e9,"tag":"Change","cFrom":[0,25],"cText":[""],"cRemoved":["o"]}

{"cOrigin":"+delete","cTo":[0,25],"cNewPos":[0,24],"cWhen":1.5300021682744832e9,"tag":"Change","cFrom":[0,24],"cText":[""],"cRemoved":["l"]}

{"cOrigin":"+delete","cTo":[0,24],"cNewPos":[0,23],"cWhen":1.530002168324411e9,"tag":"Change","cFrom":[0,23],"cText":[""],"cRemoved":[" "]}

{"cOrigin":"+delete","cTo":[0,23],"cNewPos":[0,22],"cWhen":1.5300021683743665e9,"tag":"Change","cFrom":[0,22],"cText":[""],"cRemoved":["i"]}

{"cOrigin":"+delete","cTo":[0,22],"cNewPos":[0,21],"cWhen":1.5300021684243653e9,"tag":"Change","cFrom":[0,21],"cText":[""],"cRemoved":["h"]}

{"cOrigin":"+delete","cTo":[0,21],"cNewPos":[0,20],"cWhen":1.5300021684743993e9,"tag":"Change","cFrom":[0,20],"cText":[""],"cRemoved":[" "]}

{"cOrigin":"+delete","cTo":[0,20],"cNewPos":[0,19],"cWhen":1.5300021685244312e9,"tag":"Change","cFrom":[0,19],"cText":[""],"cRemoved":["o"]}

{"cOrigin":"+delete","cTo":[0,19],"cNewPos":[0,18],"cWhen":1.5300021685744252e9,"tag":"Change","cFrom":[0,18],"cText":[""],"cRemoved":["l"]}

{"cOrigin":"+delete","cTo":[0,18],"cNewPos":[0,17],"cWhen":1.5300021686243796e9,"tag":"Change","cFrom":[0,17],"cText":[""],"cRemoved":[" "]}

{"cOrigin":"+delete","cTo":[0,17],"cNewPos":[0,16],"cWhen":1.5300021686743963e9,"tag":"Change","cFrom":[0,16],"cText":[""],"cRemoved":["i"]}

{"cOrigin":"+delete","cTo":[0,16],"cNewPos":[0,15],"cWhen":1.5300021687243788e9,"tag":"Change","cFrom":[0,15],"cText":[""],"cRemoved":["h"]}

{"cOrigin":"+delete","cTo":[0,15],"cNewPos":[0,14],"cWhen":1.530002168774806e9,"tag":"Change","cFrom":[0,14],"cText":[""],"cRemoved":[" "]}

{"cOrigin":"+delete","cTo":[0,14],"cNewPos":[0,13],"cWhen":1.530002168824487e9,"tag":"Change","cFrom":[0,13],"cText":[""],"cRemoved":["o"]}

{"cOrigin":"+delete","cTo":[0,13],"cNewPos":[0,12],"cWhen":1.5300021688743923e9,"tag":"Change","cFrom":[0,12],"cText":[""],"cRemoved":["l"]}

{"cOrigin":"+delete","cTo":[0,12],"cNewPos":[0,11],"cWhen":1.5300021689243581e9,"tag":"Change","cFrom":[0,11],"cText":[""],"cRemoved":[" "]}

{"cOrigin":"+delete","cTo":[0,11],"cNewPos":[0,10],"cWhen":1.530002168974346e9,"tag":"Change","cFrom":[0,10],"cText":[""],"cRemoved":["i"]}

{"cOrigin":"+delete","cTo":[0,10],"cNewPos":[0,9],"cWhen":1.5300021690243435e9,"tag":"Change","cFrom":[0,9],"cText":[""],"cRemoved":["h"]}

{"cOrigin":"+delete","cTo":[0,9],"cNewPos":[0,8],"cWhen":1.5300021690743608e9,"tag":"Change","cFrom":[0,8],"cText":[""],"cRemoved":["\""]}

{"cOrigin":"+delete","cTo":[0,8],"cNewPos":[0,7],"cWhen":1.530002169124424e9,"tag":"Change","cFrom":[0,7],"cText":[""],"cRemoved":[" "]}

{"cOrigin":"+delete","cTo":[0,7],"cNewPos":[0,6],"cWhen":1.5300021691743703e9,"tag":"Change","cFrom":[0,6],"cText":[""],"cRemoved":["r"]}

{"cOrigin":"+delete","cTo":[0,6],"cNewPos":[0,5],"cWhen":1.5300021692243514e9,"tag":"Change","cFrom":[0,5],"cText":[""],"cRemoved":["e"]}

{"cOrigin":"+delete","cTo":[0,5],"cNewPos":[0,4],"cWhen":1.5300021692743807e9,"tag":"Change","cFrom":[0,4],"cText":[""],"cRemoved":["w"]}

{"cOrigin":"+delete","cTo":[0,4],"cNewPos":[0,3],"cWhen":1.530002169324715e9,"tag":"Change","cFrom":[0,3],"cText":[""],"cRemoved":["o"]}

{"cOrigin":"+delete","cTo":[0,3],"cNewPos":[0,2],"cWhen":1.5300021703497186e9,"tag":"Change","cFrom":[0,2],"cText":[""],"cRemoved":["l"]}

{"cOrigin":"+delete","cTo":[0,2],"cNewPos":[0,1],"cWhen":1.5300021708700743e9,"tag":"Change","cFrom":[0,1],"cText":[""],"cRemoved":["s"]}

{"cOrigin":"+input","cTo":[0,1],"cNewPos":[0,2],"cWhen":1.5300022757206113e9,"tag":"Change","cFrom":[0,1],"cText":["\""],"cRemoved":[""]}

{"cOrigin":"+input","cTo":[0,2],"cNewPos":[0,3],"cWhen":1.5300022846796014e9,"tag":"Change","cFrom":[0,2],"cText":["l"],"cRemoved":[""]}

{"cOrigin":"+input","cTo":[0,3],"cNewPos":[0,4],"cWhen":1.5300022849916906e9,"tag":"Change","cFrom":[0,3],"cText":["o"],"cRemoved":[""]}

{"cOrigin":"+input","cTo":[0,4],"cNewPos":[0,5],"cWhen":1.5300022861515768e9,"tag":"Change","cFrom":[0,4],"cText":[" "],"cRemoved":[""]}

{"cOrigin":"+input","cTo":[0,5],"cNewPos":[0,6],"cWhen":1.530002287551332e9,"tag":"Change","cFrom":[0,5],"cText":["h"],"cRemoved":[""]}

{"cOrigin":"+input","cTo":[0,6],"cNewPos":[0,7],"cWhen":1.5300022880312948e9,"tag":"Change","cFrom":[0,6],"cText":["i"],"cRemoved":[""]}

{"cOrigin":"+input","cTo":[0,7],"cNewPos":[0,8],"cWhen":1.530002299526081e9,"tag":"Change","cFrom":[0,7],"cText":[" "],"cRemoved":[""]}

{"cOrigin":"+input","cTo":[0,8],"cNewPos":[0,9],"cWhen":1.530002300134013e9,"tag":"Change","cFrom":[0,8],"cText":["h"],"cRemoved":[""]}

{"cOrigin":"+input","cTo":[0,9],"cNewPos":[0,10],"cWhen":1.5300023005339768e9,"tag":"Change","cFrom":[0,9],"cText":["i"],"cRemoved":[""]}

{"cOrigin":"+input","cTo":[0,10],"cNewPos":[0,11],"cWhen":1.5300023012779686e9,"tag":"Change","cFrom":[0,10],"cText":[" "],"cRemoved":[""]}

{"cOrigin":"+input","cTo":[0,11],"cNewPos":[0,12],"cWhen":1.5300023017019305e9,"tag":"Change","cFrom":[0,11],"cText":["l"],"cRemoved":[""]}

{"cOrigin":"+input","cTo":[0,12],"cNewPos":[0,13],"cWhen":1.530002301941955e9,"tag":"Change","cFrom":[0,12],"cText":["o"],"cRemoved":[""]}

{"cOrigin":"+input","cTo":[0,13],"cNewPos":[0,14],"cWhen":1.530002310836759e9,"tag":"Change","cFrom":[0,13],"cText":["\""],"cRemoved":[""]}

{"cWhen":1.5300023150701847e9,"tag":"Eval","cAll":true}

{"cXWarp":13,"cNewPos":[0,13],"cWhen":1.5300023371138363e9,"tag":"Move"}

{"cXWarp":12,"cNewPos":[0,12],"cWhen":1.5300023373644285e9,"tag":"Move"}

{"cXWarp":11,"cNewPos":[0,11],"cWhen":1.530002337414437e9,"tag":"Move"}

{"cXWarp":10,"cNewPos":[0,10],"cWhen":1.530002337464404e9,"tag":"Move"}

{"cXWarp":9,"cNewPos":[0,9],"cWhen":1.530002337514426e9,"tag":"Move"}

{"cXWarp":8,"cNewPos":[0,8],"cWhen":1.5300023376819122e9,"tag":"Move"}

{"cXWarp":7,"cNewPos":[0,7],"cWhen":1.5300023379059281e9,"tag":"Move"}

{"cXWarp":6,"cNewPos":[0,6],"cWhen":1.530002339394305e9,"tag":"Move"}

{"cXWarp":5,"cNewPos":[0,5],"cWhen":1.530002340587286e9,"tag":"Move"}

{"cXWarp":4,"cNewPos":[0,4],"cWhen":1.5300023412352135e9,"tag":"Move"}

{"cXWarp":3,"cNewPos":[0,3],"cWhen":1.5300023419792697e9,"tag":"Move"}

{"cXWarp":2,"cNewPos":[0,2],"cWhen":1.5300023428996477e9,"tag":"Move"}

{"cXWarp":1,"cNewPos":[0,1],"cWhen":1.5300023434359596e9,"tag":"Move"}

{"cXWarp":0,"cNewPos":[0,0],"cWhen":1.5300023441652415e9,"tag":"Move"}

{"cOrigin":"+input","cTo":[0,0],"cNewPos":[0,1],"cWhen":1.5300023448447754e9,"tag":"Change","cFrom":[0,0],"cText":[" "],"cRemoved":[""]}

{"cOrigin":"+input","cTo":[0,1],"cNewPos":[0,2],"cWhen":1.5300023451328554e9,"tag":"Change","cFrom":[0,1],"cText":[" "],"cRemoved":[""]}

{"cOrigin":"+input","cTo":[0,2],"cNewPos":[0,3],"cWhen":1.530002345437133e9,"tag":"Change","cFrom":[0,2],"cText":[" "],"cRemoved":[""]}

{"cXWarp":2,"cNewPos":[0,2],"cWhen":1.5300023463333545e9,"tag":"Move"}

{"cXWarp":1,"cNewPos":[0,1],"cWhen":1.5300023466136165e9,"tag":"Move"}

{"cOrigin":"+input","cTo":[0,1],"cNewPos":[0,2],"cWhen":1.5300023499592848e9,"tag":"Change","cFrom":[0,1],"cText":["s"],"cRemoved":[""]}

{"cOrigin":"+input","cTo":[0,2],"cNewPos":[0,3],"cWhen":1.530002356746726e9,"tag":"Change","cFrom":[0,2],"cText":["l"],"cRemoved":[""]}

{"cOrigin":"+input","cTo":[0,3],"cNewPos":[0,4],"cWhen":1.530002358299525e9,"tag":"Change","cFrom":[0,3],"cText":["o"],"cRemoved":[""]}

{"cOrigin":"+input","cTo":[0,4],"cNewPos":[0,5],"cWhen":1.5300023589636912e9,"tag":"Change","cFrom":[0,4],"cText":["w"],"cRemoved":[""]}

{"cOrigin":"+input","cTo":[0,5],"cNewPos":[0,6],"cWhen":1.5300023592518919e9,"tag":"Change","cFrom":[0,5],"cText":["e"],"cRemoved":[""]}

{"cOrigin":"+input","cTo":[0,6],"cNewPos":[0,7],"cWhen":1.5300023595239642e9,"tag":"Change","cFrom":[0,6],"cText":["r"],"cRemoved":[""]}

{"cXWarp":8,"cNewPos":[0,8],"cWhen":1.5300023616690414e9,"tag":"Move"}

{"cXWarp":9,"cNewPos":[0,9],"cWhen":1.530002362077221e9,"tag":"Move"}

{"cOrigin":"+delete","cTo":[0,9],"cNewPos":[0,8],"cWhen":1.5300023642782786e9,"tag":"Change","cFrom":[0,8],"cText":[""],"cRemoved":[" "]}

{"cOrigin":"+delete","cTo":[0,8],"cNewPos":[0,7],"cWhen":1.530002364886574e9,"tag":"Change","cFrom":[0,7],"cText":[""],"cRemoved":[" "]}

{"cWhen":1.5300023717475588e9,"tag":"Eval","cAll":true}

{"cWhen":1.5300023990892544e9,"tag":"Eval","cAll":true}

{"cXWarp":8,"cNewPos":[0,8],"cWhen":1.5300024259572563e9,"tag":"Move"}

{"cXWarp":9,"cNewPos":[0,9],"cWhen":1.5300024261732554e9,"tag":"Move"}

{"cXWarp":10,"cNewPos":[0,10],"cWhen":1.5300024263332481e9,"tag":"Move"}

{"cXWarp":11,"cNewPos":[0,11],"cWhen":1.5300024266855805e9,"tag":"Move"}

{"cXWarp":12,"cNewPos":[0,12],"cWhen":1.5300024268777072e9,"tag":"Move"}

{"cXWarp":13,"cNewPos":[0,13],"cWhen":1.5300024270698187e9,"tag":"Move"}

{"cXWarp":14,"cNewPos":[0,14],"cWhen":1.5300024272777805e9,"tag":"Move"}

{"cXWarp":15,"cNewPos":[0,15],"cWhen":1.5300024274539819e9,"tag":"Move"}

{"cXWarp":16,"cNewPos":[0,16],"cWhen":1.5300024276700182e9,"tag":"Move"}

{"cXWarp":17,"cNewPos":[0,17],"cWhen":1.5300024278782594e9,"tag":"Move"}

{"cXWarp":18,"cNewPos":[0,18],"cWhen":1.530002428070131e9,"tag":"Move"}

{"cXWarp":19,"cNewPos":[0,19],"cWhen":1.5300024307517207e9,"tag":"Move"}

{"cXWarp":20,"cNewPos":[0,20],"cWhen":1.5300024313279707e9,"tag":"Move"}

{"cOrigin":"+input","cTo":[0,20],"cNewPos":[0,21],"cWhen":1.5300024322483785e9,"tag":"Change","cFrom":[0,20],"cText":[" "],"cRemoved":[""]}

{"cOrigin":"+input","cTo":[0,21],"cNewPos":[0,22],"cWhen":1.5300024339531944e9,"tag":"Change","cFrom":[0,21],"cText":[" "],"cRemoved":[""]}

{"cXWarp":21,"cNewPos":[0,21],"cWhen":1.530002435251107e9,"tag":"Move"}

{"cOrigin":"+input","cTo":[0,21],"cNewPos":[0,22],"cWhen":1.530002437274853e9,"tag":"Change","cFrom":[0,21],"cText":["h"],"cRemoved":[""]}

{"cOrigin":"+input","cTo":[0,22],"cNewPos":[0,23],"cWhen":1.530002437595057e9,"tag":"Change","cFrom":[0,22],"cText":["i"],"cRemoved":[""]}

{"cOrigin":"+input","cTo":[0,23],"cNewPos":[0,24],"cWhen":1.5300024383713446e9,"tag":"Change","cFrom":[0,23],"cText":[" "],"cRemoved":[""]}

{"cOrigin":"+input","cTo":[0,24],"cNewPos":[0,25],"cWhen":1.53000244044553e9,"tag":"Change","cFrom":[0,24],"cText":["h"],"cRemoved":[""]}

{"cOrigin":"+input","cTo":[0,25],"cNewPos":[0,26],"cWhen":1.530002440716546e9,"tag":"Change","cFrom":[0,25],"cText":["i"],"cRemoved":[""]}

{"cOrigin":"+input","cTo":[0,26],"cNewPos":[0,27],"cWhen":1.5300024411569128e9,"tag":"Change","cFrom":[0,26],"cText":[" "],"cRemoved":[""]}

{"cOrigin":"+input","cTo":[0,27],"cNewPos":[0,28],"cWhen":1.5300024416770813e9,"tag":"Change","cFrom":[0,27],"cText":["l"],"cRemoved":[""]}

{"cOrigin":"+input","cTo":[0,28],"cNewPos":[0,29],"cWhen":1.5300024419573207e9,"tag":"Change","cFrom":[0,28],"cText":["o"],"cRemoved":[""]}

{"cWhen":1.530002483360651e9,"tag":"Eval","cAll":true}

{"cWhen":1.530002505122606e9,"tag":"Eval","cAll":true}

{"cXWarp":28,"cNewPos":[0,28],"cWhen":1.5300025225862708e9,"tag":"Move"}

{"cXWarp":27,"cNewPos":[0,27],"cWhen":1.5300025228743832e9,"tag":"Move"}

{"cXWarp":26,"cNewPos":[0,26],"cWhen":1.5300025233304238e9,"tag":"Move"}

{"cXWarp":25,"cNewPos":[0,25],"cWhen":1.5300025235844238e9,"tag":"Move"}

{"cXWarp":24,"cNewPos":[0,24],"cWhen":1.5300025236344156e9,"tag":"Move"}

{"cXWarp":23,"cNewPos":[0,23],"cWhen":1.5300025236844132e9,"tag":"Move"}

{"cXWarp":22,"cNewPos":[0,22],"cWhen":1.5300025237344744e9,"tag":"Move"}

{"cXWarp":21,"cNewPos":[0,21],"cWhen":1.530002523784405e9,"tag":"Move"}

{"cXWarp":20,"cNewPos":[0,20],"cWhen":1.5300025238344283e9,"tag":"Move"}

{"cXWarp":19,"cNewPos":[0,19],"cWhen":1.5300025238844028e9,"tag":"Move"}

{"cXWarp":18,"cNewPos":[0,18],"cWhen":1.5300025239344754e9,"tag":"Move"}

{"cXWarp":17,"cNewPos":[0,17],"cWhen":1.5300025239844604e9,"tag":"Move"}

{"cXWarp":16,"cNewPos":[0,16],"cWhen":1.5300025240344503e9,"tag":"Move"}

{"cXWarp":15,"cNewPos":[0,15],"cWhen":1.5300025240844214e9,"tag":"Move"}

{"cXWarp":14,"cNewPos":[0,14],"cWhen":1.530002524134543e9,"tag":"Move"}

{"cXWarp":13,"cNewPos":[0,13],"cWhen":1.530002524184757e9,"tag":"Move"}

{"cXWarp":12,"cNewPos":[0,12],"cWhen":1.5300025242344432e9,"tag":"Move"}

{"cXWarp":11,"cNewPos":[0,11],"cWhen":1.530002524284438e9,"tag":"Move"}

{"cXWarp":10,"cNewPos":[0,10],"cWhen":1.5300025243344376e9,"tag":"Move"}

{"cXWarp":9,"cNewPos":[0,9],"cWhen":1.5300025243844566e9,"tag":"Move"}

{"cXWarp":8,"cNewPos":[0,8],"cWhen":1.53000252443442e9,"tag":"Move"}

{"cXWarp":7,"cNewPos":[0,7],"cWhen":1.5300025246436477e9,"tag":"Move"}

{"cOrigin":"+delete","cTo":[0,7],"cNewPos":[0,6],"cWhen":1.5300025257784948e9,"tag":"Change","cFrom":[0,6],"cText":[""],"cRemoved":["r"]}

{"cOrigin":"+delete","cTo":[0,6],"cNewPos":[0,5],"cWhen":1.5300025259706302e9,"tag":"Change","cFrom":[0,5],"cText":[""],"cRemoved":["e"]}

{"cOrigin":"+delete","cTo":[0,5],"cNewPos":[0,4],"cWhen":1.5300025261464434e9,"tag":"Change","cFrom":[0,4],"cText":[""],"cRemoved":["w"]}

{"cOrigin":"+delete","cTo":[0,4],"cNewPos":[0,3],"cWhen":1.5300025263305426e9,"tag":"Change","cFrom":[0,3],"cText":[""],"cRemoved":["o"]}

{"cOrigin":"+delete","cTo":[0,3],"cNewPos":[0,2],"cWhen":1.5300025264985597e9,"tag":"Change","cFrom":[0,2],"cText":[""],"cRemoved":["l"]}

{"cOrigin":"+delete","cTo":[0,2],"cNewPos":[0,1],"cWhen":1.5300025267624998e9,"tag":"Change","cFrom":[0,1],"cText":[""],"cRemoved":["s"]}

{"cOrigin":"+input","cTo":[0,1],"cNewPos":[0,2],"cWhen":1.5300025289227698e9,"tag":"Change","cFrom":[0,1],"cText":["s"],"cRemoved":[""]}

{"cOrigin":"+input","cTo":[0,2],"cNewPos":[0,3],"cWhen":1.5300025336670256e9,"tag":"Change","cFrom":[0,2],"cText":["c"],"cRemoved":[""]}

{"cOrigin":"+input","cTo":[0,3],"cNewPos":[0,4],"cWhen":1.530002536571268e9,"tag":"Change","cFrom":[0,3],"cText":["r"],"cRemoved":[""]}

{"cOrigin":"+input","cTo":[0,4],"cNewPos":[0,5],"cWhen":1.530002538723254e9,"tag":"Change","cFrom":[0,4],"cText":["a"],"cRemoved":[""]}

{"cOrigin":"+input","cTo":[0,5],"cNewPos":[0,6],"cWhen":1.5300025418114848e9,"tag":"Change","cFrom":[0,5],"cText":["a"],"cRemoved":[""]}

{"cOrigin":"+delete","cTo":[0,6],"cNewPos":[0,5],"cWhen":1.5300025528595965e9,"tag":"Change","cFrom":[0,5],"cText":[""],"cRemoved":["a"]}

{"cOrigin":"+input","cTo":[0,5],"cNewPos":[0,6],"cWhen":1.5300025570199976e9,"tag":"Change","cFrom":[0,5],"cText":["t"],"cRemoved":[""]}

{"cOrigin":"+input","cTo":[0,6],"cNewPos":[0,7],"cWhen":1.5300025586600451e9,"tag":"Change","cFrom":[0,6],"cText":["c"],"cRemoved":[""]}

{"cOrigin":"+input","cTo":[0,7],"cNewPos":[0,8],"cWhen":1.530002559092018e9,"tag":"Change","cFrom":[0,7],"cText":["h"],"cRemoved":[""]}

{"cXWarp":9,"cNewPos":[0,9],"cWhen":1.5300025604358795e9,"tag":"Move"}

{"cXWarp":10,"cNewPos":[0,10],"cWhen":1.5300025606943986e9,"tag":"Move"}

{"cXWarp":11,"cNewPos":[0,11],"cWhen":1.5300025607444077e9,"tag":"Move"}

{"cXWarp":12,"cNewPos":[0,12],"cWhen":1.5300025607945092e9,"tag":"Move"}

{"cXWarp":13,"cNewPos":[0,13],"cWhen":1.530002560844418e9,"tag":"Move"}

{"cXWarp":14,"cNewPos":[0,14],"cWhen":1.5300025608944092e9,"tag":"Move"}

{"cXWarp":15,"cNewPos":[0,15],"cWhen":1.5300025609444137e9,"tag":"Move"}

{"cXWarp":16,"cNewPos":[0,16],"cWhen":1.5300025609944415e9,"tag":"Move"}

{"cXWarp":17,"cNewPos":[0,17],"cWhen":1.5300025610444021e9,"tag":"Move"}

{"cXWarp":18,"cNewPos":[0,18],"cWhen":1.5300025610944343e9,"tag":"Move"}

{"cXWarp":19,"cNewPos":[0,19],"cWhen":1.5300025611446416e9,"tag":"Move"}

{"cXWarp":20,"cNewPos":[0,20],"cWhen":1.5300025611944888e9,"tag":"Move"}

{"cXWarp":21,"cNewPos":[0,21],"cWhen":1.530002561244455e9,"tag":"Move"}

{"cXWarp":22,"cNewPos":[0,22],"cWhen":1.5300025612944381e9,"tag":"Move"}

{"cXWarp":23,"cNewPos":[0,23],"cWhen":1.5300025613444688e9,"tag":"Move"}

{"cXWarp":24,"cNewPos":[0,24],"cWhen":1.5300025613945005e9,"tag":"Move"}

{"cXWarp":25,"cNewPos":[0,25],"cWhen":1.5300025614444678e9,"tag":"Move"}

{"cXWarp":26,"cNewPos":[0,26],"cWhen":1.5300025614944372e9,"tag":"Move"}

{"cXWarp":27,"cNewPos":[0,27],"cWhen":1.530002561544465e9,"tag":"Move"}

{"cXWarp":28,"cNewPos":[0,28],"cWhen":1.5300025615945024e9,"tag":"Move"}

{"cXWarp":29,"cNewPos":[0,29],"cWhen":1.5300025616444473e9,"tag":"Move"}

{"cXWarp":30,"cNewPos":[0,30],"cWhen":1.530002561694433e9,"tag":"Move"}

{"cXWarp":31,"cNewPos":[0,31],"cWhen":1.530002561744431e9,"tag":"Move"}

{"cXWarp":32,"cNewPos":[0,32],"cWhen":1.5300025617944462e9,"tag":"Move"}

{"cXWarp":32,"cNewPos":[0,32],"cWhen":1.5300025618444552e9,"tag":"Move"}

{"cXWarp":32,"cNewPos":[0,32],"cWhen":1.5300025618944297e9,"tag":"Move"}

{"cXWarp":32,"cNewPos":[0,32],"cWhen":1.530002561944519e9,"tag":"Move"}

{"cOrigin":"+input","cTo":[0,32],"cNewPos":[1,0],"cWhen":1.5300025635323002e9,"tag":"Change","cFrom":[0,32],"cText":["",""],"cRemoved":[""]}

{"cOrigin":"+input","cTo":[1,0],"cNewPos":[2,0],"cWhen":1.5300025640122724e9,"tag":"Change","cFrom":[1,0],"cText":["",""],"cRemoved":[""]}

{"cOrigin":"+input","cTo":[2,0],"cNewPos":[2,1],"cWhen":1.5300025698845158e9,"tag":"Change","cFrom":[2,0],"cText":["s"],"cRemoved":[""]}

{"cOrigin":"+input","cTo":[2,1],"cNewPos":[2,2],"cWhen":1.53000257055648e9,"tag":"Change","cFrom":[2,1],"cText":["l"],"cRemoved":[""]}

{"cOrigin":"+input","cTo":[2,2],"cNewPos":[2,3],"cWhen":1.5300025711165814e9,"tag":"Change","cFrom":[2,2],"cText":["o"],"cRemoved":[""]}

{"cOrigin":"+input","cTo":[2,3],"cNewPos":[2,4],"cWhen":1.5300025720926301e9,"tag":"Change","cFrom":[2,3],"cText":["w"],"cRemoved":[""]}

{"cOrigin":"+input","cTo":[2,4],"cNewPos":[2,5],"cWhen":1.5300025726847255e9,"tag":"Change","cFrom":[2,4],"cText":["e"],"cRemoved":[""]}

{"cOrigin":"+input","cTo":[2,5],"cNewPos":[2,6],"cWhen":1.530002572884654e9,"tag":"Change","cFrom":[2,5],"cText":["r"],"cRemoved":[""]}

{"cOrigin":"+input","cTo":[2,6],"cNewPos":[2,7],"cWhen":1.5300025780926623e9,"tag":"Change","cFrom":[2,6],"cText":[" "],"cRemoved":[""]}

{"cOrigin":"+input","cTo":[2,7],"cNewPos":[2,8],"cWhen":1.530002584916744e9,"tag":"Change","cFrom":[2,7],"cText":["\""],"cRemoved":[""]}

{"cOrigin":"+input","cTo":[2,8],"cNewPos":[2,9],"cWhen":1.530002596573023e9,"tag":"Change","cFrom":[2,8],"cText":["h"],"cRemoved":[""]}

{"cOrigin":"+input","cTo":[2,9],"cNewPos":[2,10],"cWhen":1.5300025968245718e9,"tag":"Change","cFrom":[2,9],"cText":["h"],"cRemoved":[""]}

{"cOrigin":"+input","cTo":[2,10],"cNewPos":[2,11],"cWhen":1.5300025968746176e9,"tag":"Change","cFrom":[2,10],"cText":["h"],"cRemoved":[""]}

{"cOrigin":"+input","cTo":[2,11],"cNewPos":[2,12],"cWhen":1.5300025969246302e9,"tag":"Change","cFrom":[2,11],"cText":["h"],"cRemoved":[""]}

{"cOrigin":"+input","cTo":[2,12],"cNewPos":[2,13],"cWhen":1.530002596932828e9,"tag":"Change","cFrom":[2,12],"cText":["i"],"cRemoved":[""]}

{"cOrigin":"+delete","cTo":[2,13],"cNewPos":[2,12],"cWhen":1.5300025978287385e9,"tag":"Change","cFrom":[2,12],"cText":[""],"cRemoved":["i"]}

{"cOrigin":"+delete","cTo":[2,12],"cNewPos":[2,11],"cWhen":1.5300025980449896e9,"tag":"Change","cFrom":[2,11],"cText":[""],"cRemoved":["h"]}

{"cOrigin":"+delete","cTo":[2,11],"cNewPos":[2,10],"cWhen":1.530002598212715e9,"tag":"Change","cFrom":[2,10],"cText":[""],"cRemoved":["h"]}

{"cOrigin":"+delete","cTo":[2,10],"cNewPos":[2,9],"cWhen":1.53000259840469e9,"tag":"Change","cFrom":[2,9],"cText":[""],"cRemoved":["h"]}

{"cOrigin":"+input","cTo":[2,9],"cNewPos":[2,10],"cWhen":1.5300025995647972e9,"tag":"Change","cFrom":[2,9],"cText":["i"],"cRemoved":[""]}

{"cOrigin":"+input","cTo":[2,10],"cNewPos":[2,11],"cWhen":1.5300026009805822e9,"tag":"Change","cFrom":[2,10],"cText":[" "],"cRemoved":[""]}

{"cOrigin":"+input","cTo":[2,11],"cNewPos":[2,12],"cWhen":1.5300026027163706e9,"tag":"Change","cFrom":[2,11],"cText":["l"],"cRemoved":[""]}

{"cOrigin":"+input","cTo":[2,12],"cNewPos":[2,13],"cWhen":1.5300026036122782e9,"tag":"Change","cFrom":[2,12],"cText":["o"],"cRemoved":[""]}

{"cOrigin":"+input","cTo":[2,13],"cNewPos":[2,14],"cWhen":1.5300026040043538e9,"tag":"Change","cFrom":[2,13],"cText":[" "],"cRemoved":[""]}

{"cOrigin":"+input","cTo":[2,14],"cNewPos":[2,15],"cWhen":1.5300026046927195e9,"tag":"Change","cFrom":[2,14],"cText":["h"],"cRemoved":[""]}

{"cOrigin":"+delete","cTo":[2,15],"cNewPos":[2,14],"cWhen":1.530002606235799e9,"tag":"Change","cFrom":[2,14],"cText":[""],"cRemoved":["h"]}

{"cOrigin":"+input","cTo":[2,14],"cNewPos":[2,15],"cWhen":1.5300026082755961e9,"tag":"Change","cFrom":[2,14],"cText":["l"],"cRemoved":[""]}

{"cOrigin":"+input","cTo":[2,15],"cNewPos":[2,16],"cWhen":1.5300026085634716e9,"tag":"Change","cFrom":[2,15],"cText":["o"],"cRemoved":[""]}

{"cOrigin":"+input","cTo":[2,16],"cNewPos":[2,17],"cWhen":1.530002608939745e9,"tag":"Change","cFrom":[2,16],"cText":[" "],"cRemoved":[""]}

{"cOrigin":"+input","cTo":[2,17],"cNewPos":[2,18],"cWhen":1.5300026103072543e9,"tag":"Change","cFrom":[2,17],"cText":["h"],"cRemoved":[""]}

{"cOrigin":"+input","cTo":[2,18],"cNewPos":[2,19],"cWhen":1.530002610627265e9,"tag":"Change","cFrom":[2,18],"cText":["i"],"cRemoved":[""]}

{"cOrigin":"+input","cTo":[2,19],"cNewPos":[2,20],"cWhen":1.530002611763133e9,"tag":"Change","cFrom":[2,19],"cText":[" "],"cRemoved":[""]}

{"cOrigin":"+input","cTo":[2,20],"cNewPos":[2,21],"cWhen":1.530002612594973e9,"tag":"Change","cFrom":[2,20],"cText":["l"],"cRemoved":[""]}

{"cOrigin":"+input","cTo":[2,21],"cNewPos":[2,22],"cWhen":1.5300026130190835e9,"tag":"Change","cFrom":[2,21],"cText":["o"],"cRemoved":[""]}

{"cOrigin":"+input","cTo":[2,22],"cNewPos":[2,23],"cWhen":1.530002621193527e9,"tag":"Change","cFrom":[2,22],"cText":["l"],"cRemoved":[""]}

{"cOrigin":"+input","cTo":[2,23],"cNewPos":[2,24],"cWhen":1.5300026214973695e9,"tag":"Change","cFrom":[2,23],"cText":["o"],"cRemoved":[""]}

{"cXWarp":23,"cNewPos":[2,23],"cWhen":1.5300026237368412e9,"tag":"Move"}

{"cXWarp":22,"cNewPos":[2,22],"cWhen":1.5300026240581005e9,"tag":"Move"}

{"cOrigin":"+input","cTo":[2,22],"cNewPos":[2,23],"cWhen":1.5300026248569102e9,"tag":"Change","cFrom":[2,22],"cText":[" "],"cRemoved":[""]}

{"cXWarp":24,"cNewPos":[2,24],"cWhen":1.5300026259445276e9,"tag":"Move"}

{"cXWarp":25,"cNewPos":[2,25],"cWhen":1.5300026262005043e9,"tag":"Move"}

{"cXWarp":25,"cNewPos":[2,25],"cWhen":1.5300026264644628e9,"tag":"Move"}

{"cXWarp":25,"cNewPos":[2,25],"cWhen":1.5300026276881852e9,"tag":"Move"}

{"cOrigin":"+input","cTo":[2,25],"cNewPos":[2,26],"cWhen":1.5300026294961028e9,"tag":"Change","cFrom":[2,25],"cText":[" "],"cRemoved":[""]}

{"cOrigin":"+input","cTo":[2,26],"cNewPos":[2,27],"cWhen":1.5300026337600548e9,"tag":"Change","cFrom":[2,26],"cText":["h"],"cRemoved":[""]}

{"cOrigin":"+input","cTo":[2,27],"cNewPos":[2,28],"cWhen":1.5300026345751553e9,"tag":"Change","cFrom":[2,27],"cText":["o"],"cRemoved":[""]}

{"cOrigin":"+delete","cTo":[2,28],"cNewPos":[2,27],"cWhen":1.5300026357348907e9,"tag":"Change","cFrom":[2,27],"cText":[""],"cRemoved":["o"]}

{"cOrigin":"+input","cTo":[2,27],"cNewPos":[2,28],"cWhen":1.5300026366789145e9,"tag":"Change","cFrom":[2,27],"cText":["i"],"cRemoved":[""]}

{"cOrigin":"+input","cTo":[2,28],"cNewPos":[2,29],"cWhen":1.5300026397184248e9,"tag":"Change","cFrom":[2,28],"cText":["\""],"cRemoved":[""]}

{"cWhen":1.5300026420001886e9,"tag":"Eval","cAll":true}
