{"cWhen":1530002229,"tag":"Eval","cAll":true}
{"cOrigin":"+input","cTo":[0,1],"cNewPos":[0,2],"cWhen":1.5300022574990504e9,"tag":"Change","cFrom":[0,1],"cText":["\""],"cRemoved":[""]}

{"cOrigin":"+input","cTo":[0,2],"cNewPos":[0,3],"cWhen":1.5300022587229772e9,"tag":"Change","cFrom":[0,2],"cText":["h"],"cRemoved":[""]}

{"cOrigin":"+input","cTo":[0,3],"cNewPos":[0,4],"cWhen":1.530002259123061e9,"tag":"Change","cFrom":[0,3],"cText":["i"],"cRemoved":[""]}

{"cOrigin":"+input","cTo":[0,4],"cNewPos":[0,5],"cWhen":1.530002259738848e9,"tag":"Change","cFrom":[0,4],"cText":[" "],"cRemoved":[""]}

{"cOrigin":"+input","cTo":[0,5],"cNewPos":[1,0],"cWhen":1.5300022720416517e9,"tag":"Change","cFrom":[0,5],"cText":["",""],"cRemoved":[""]}

{"cXWarp":1,"cNewPos":[1,1],"cWhen":1.5300022740813398e9,"tag":"Move"}

{"cXWarp":1,"cNewPos":[1,1],"cWhen":1.530002274441395e9,"tag":"Move"}

{"cXWarp":1,"cNewPos":[1,1],"cWhen":1.5300022747532554e9,"tag":"Move"}

{"cXWarp":1,"cNewPos":[1,1],"cWhen":1.530002274993204e9,"tag":"Move"}

{"cXWarp":1,"cNewPos":[1,1],"cWhen":1.5300022752332835e9,"tag":"Move"}

{"cXWarp":1,"cNewPos":[0,1],"cWhen":1.5300022758171225e9,"tag":"Move"}

{"cXWarp":2,"cNewPos":[0,2],"cWhen":1.5300022765290563e9,"tag":"Move"}

{"cXWarp":3,"cNewPos":[0,3],"cWhen":1.530002276801186e9,"tag":"Move"}

{"cXWarp":4,"cNewPos":[0,4],"cWhen":1.5300022771610994e9,"tag":"Move"}

{"cXWarp":5,"cNewPos":[0,5],"cWhen":1.5300022780411046e9,"tag":"Move"}

{"cXWarp":1,"cNewPos":[1,1],"cWhen":1.5300022824405708e9,"tag":"Move"}

{"cOrigin":"+input","cTo":[1,1],"cNewPos":[1,2],"cWhen":1.5300022833045723e9,"tag":"Change","cFrom":[1,1],"cText":["l"],"cRemoved":[""]}

{"cXWarp":1,"cNewPos":[1,1],"cWhen":1.5300022848082814e9,"tag":"Move"}

{"cXWarp":1,"cNewPos":[0,1],"cWhen":1.5300022860001547e9,"tag":"Move"}

{"cXWarp":1,"cNewPos":[1,1],"cWhen":1.5300022874640715e9,"tag":"Move"}

{"cXWarp":2,"cNewPos":[1,2],"cWhen":1.5300022878399384e9,"tag":"Move"}

{"cOrigin":"+delete","cTo":[1,2],"cNewPos":[1,1],"cWhen":1.5300022890318484e9,"tag":"Change","cFrom":[1,1],"cText":[""],"cRemoved":["l"]}

{"cXWarp":2,"cNewPos":[0,2],"cWhen":1.5300022900717144e9,"tag":"Move"}

{"cXWarp":3,"cNewPos":[0,3],"cWhen":1.5300022908235924e9,"tag":"Move"}

{"cXWarp":4,"cNewPos":[0,4],"cWhen":1.53000229110359e9,"tag":"Move"}

{"cXWarp":5,"cNewPos":[0,5],"cWhen":1.5300022914717014e9,"tag":"Move"}

{"cOrigin":"+input","cTo":[0,5],"cNewPos":[0,6],"cWhen":1.5300022944074001e9,"tag":"Change","cFrom":[0,5],"cText":["l"],"cRemoved":[""]}

{"cOrigin":"+input","cTo":[0,6],"cNewPos":[0,7],"cWhen":1.5300022949193766e9,"tag":"Change","cFrom":[0,6],"cText":["o"],"cRemoved":[""]}

{"cOrigin":"+input","cTo":[0,7],"cNewPos":[0,8],"cWhen":1.5300022977033095e9,"tag":"Change","cFrom":[0,7],"cText":["*"],"cRemoved":[""]}

{"cOrigin":"+input","cTo":[0,8],"cNewPos":[0,9],"cWhen":1.530002300798832e9,"tag":"Change","cFrom":[0,8],"cText":["4"],"cRemoved":[""]}

{"cOrigin":"+input","cTo":[0,9],"cNewPos":[0,10],"cWhen":1.5300023043825192e9,"tag":"Change","cFrom":[0,9],"cText":[" "],"cRemoved":[""]}

{"cOrigin":"+input","cTo":[0,10],"cNewPos":[1,0],"cWhen":1.5300023068707058e9,"tag":"Change","cFrom":[0,10],"cText":["",""],"cRemoved":[""]}

{"cXWarp":0,"cNewPos":[0,0],"cWhen":1.5300023085671344e9,"tag":"Move"}

{"cXWarp":0,"cNewPos":[0,0],"cWhen":1.5300023089428425e9,"tag":"Move"}

{"cXWarp":1,"cNewPos":[0,1],"cWhen":1.53000231001354e9,"tag":"Move"}

{"cXWarp":2,"cNewPos":[0,2],"cWhen":1.5300023102712684e9,"tag":"Move"}

{"cXWarp":3,"cNewPos":[0,3],"cWhen":1.5300023103212903e9,"tag":"Move"}

{"cXWarp":4,"cNewPos":[0,4],"cWhen":1.5300023103712754e9,"tag":"Move"}

{"cXWarp":5,"cNewPos":[0,5],"cWhen":1.5300023104212997e9,"tag":"Move"}

{"cXWarp":6,"cNewPos":[0,6],"cWhen":1.530002310471239e9,"tag":"Move"}

{"cXWarp":7,"cNewPos":[0,7],"cWhen":1.5300023105212457e9,"tag":"Move"}

{"cXWarp":8,"cNewPos":[0,8],"cWhen":1.530002310571262e9,"tag":"Move"}

{"cXWarp":9,"cNewPos":[0,9],"cWhen":1.5300023106214716e9,"tag":"Move"}

{"cXWarp":10,"cNewPos":[0,10],"cWhen":1.5300023111027172e9,"tag":"Move"}

{"cXWarp":10,"cNewPos":[0,10],"cWhen":1.5300023117814949e9,"tag":"Move"}

{"cOrigin":"+input","cTo":[0,10],"cNewPos":[1,0],"cWhen":1.53000231419728e9,"tag":"Change","cFrom":[0,10],"cText":["",""],"cRemoved":[""]}

{"cXWarp":0,"cNewPos":[0,0],"cWhen":1.530002315452983e9,"tag":"Move"}

{"cXWarp":1,"cNewPos":[0,1],"cWhen":1.530002317004885e9,"tag":"Move"}

{"cXWarp":2,"cNewPos":[0,2],"cWhen":1.5300023172447777e9,"tag":"Move"}

{"cXWarp":3,"cNewPos":[0,3],"cWhen":1.5300023174627237e9,"tag":"Move"}

{"cXWarp":4,"cNewPos":[0,4],"cWhen":1.530002317708713e9,"tag":"Move"}

{"cXWarp":5,"cNewPos":[0,5],"cWhen":1.530002317916811e9,"tag":"Move"}

{"cXWarp":6,"cNewPos":[0,6],"cWhen":1.5300023181166637e9,"tag":"Move"}

{"cXWarp":7,"cNewPos":[0,7],"cWhen":1.5300023183247373e9,"tag":"Move"}

{"cXWarp":8,"cNewPos":[0,8],"cWhen":1.530002318543145e9,"tag":"Move"}

{"cXWarp":9,"cNewPos":[0,9],"cWhen":1.530002318804678e9,"tag":"Move"}

{"cXWarp":10,"cNewPos":[0,10],"cWhen":1.5300023194766023e9,"tag":"Move"}

{"cXWarp":10,"cNewPos":[0,10],"cWhen":1.5300023213244064e9,"tag":"Move"}

{"cXWarp":9,"cNewPos":[0,9],"cWhen":1.5300023278595564e9,"tag":"Move"}

{"cXWarp":8,"cNewPos":[0,8],"cWhen":1.530002328111231e9,"tag":"Move"}

{"cXWarp":7,"cNewPos":[0,7],"cWhen":1.5300023281612577e9,"tag":"Move"}

{"cXWarp":6,"cNewPos":[0,6],"cWhen":1.5300023282113147e9,"tag":"Move"}

{"cXWarp":5,"cNewPos":[0,5],"cWhen":1.5300023282612479e9,"tag":"Move"}

{"cXWarp":4,"cNewPos":[0,4],"cWhen":1.5300023283112242e9,"tag":"Move"}

{"cXWarp":3,"cNewPos":[0,3],"cWhen":1.5300023283612723e9,"tag":"Move"}

{"cXWarp":2,"cNewPos":[0,2],"cWhen":1.5300023287874556e9,"tag":"Move"}

{"cXWarp":1,"cNewPos":[0,1],"cWhen":1.530002329060109e9,"tag":"Move"}

{"cXWarp":0,"cNewPos":[0,0],"cWhen":1.5300023292993953e9,"tag":"Move"}

{"cOrigin":"+input","cTo":[0,0],"cNewPos":[0,1],"cWhen":1.530002330763503e9,"tag":"Change","cFrom":[0,0],"cText":["e"],"cRemoved":[""]}

{"cOrigin":"+input","cTo":[0,1],"cNewPos":[0,2],"cWhen":1.5300023310514772e9,"tag":"Change","cFrom":[0,1],"cText":["v"],"cRemoved":[""]}

{"cOrigin":"+input","cTo":[0,2],"cNewPos":[0,3],"cWhen":1.5300023312593586e9,"tag":"Change","cFrom":[0,2],"cText":["e"],"cRemoved":[""]}

{"cOrigin":"+input","cTo":[0,3],"cNewPos":[0,4],"cWhen":1.5300023315153213e9,"tag":"Change","cFrom":[0,3],"cText":["r"],"cRemoved":[""]}

{"cOrigin":"+input","cTo":[0,4],"cNewPos":[0,5],"cWhen":1.530002331907253e9,"tag":"Change","cFrom":[0,4],"cText":["y"],"cRemoved":[""]}

{"cOrigin":"+input","cTo":[0,5],"cNewPos":[0,6],"cWhen":1.5300023323072274e9,"tag":"Change","cFrom":[0,5],"cText":[" "],"cRemoved":[""]}

{"cOrigin":"+input","cTo":[0,6],"cNewPos":[0,7],"cWhen":1.5300023333390958e9,"tag":"Change","cFrom":[0,6],"cText":["4"],"cRemoved":[""]}

{"cOrigin":"+input","cTo":[0,7],"cNewPos":[0,8],"cWhen":1.5300023342191055e9,"tag":"Change","cFrom":[0,7],"cText":[" "],"cRemoved":[""]}

{"cOrigin":"+input","cTo":[0,8],"cNewPos":[0,9],"cWhen":1.530002334826954e9,"tag":"Change","cFrom":[0,8],"cText":["s"],"cRemoved":[""]}

{"cOrigin":"+input","cTo":[0,9],"cNewPos":[0,10],"cWhen":1.5300023350910923e9,"tag":"Change","cFrom":[0,9],"cText":["c"],"cRemoved":[""]}

{"cOrigin":"+input","cTo":[0,10],"cNewPos":[0,11],"cWhen":1.530002335618881e9,"tag":"Change","cFrom":[0,10],"cText":["r"],"cRemoved":[""]}

{"cOrigin":"+input","cTo":[0,11],"cNewPos":[0,12],"cWhen":1.5300023360588071e9,"tag":"Change","cFrom":[0,11],"cText":["a"],"cRemoved":[""]}

{"cOrigin":"+input","cTo":[0,12],"cNewPos":[0,13],"cWhen":1.5300023363067288e9,"tag":"Change","cFrom":[0,12],"cText":["t"],"cRemoved":[""]}

{"cOrigin":"+input","cTo":[0,13],"cNewPos":[0,14],"cWhen":1.5300023366346836e9,"tag":"Change","cFrom":[0,13],"cText":["c"],"cRemoved":[""]}

{"cOrigin":"+input","cTo":[0,14],"cNewPos":[0,15],"cWhen":1.5300023370268114e9,"tag":"Change","cFrom":[0,14],"cText":["h"],"cRemoved":[""]}

{"cOrigin":"+input","cTo":[0,15],"cNewPos":[0,16],"cWhen":1.5300023377067955e9,"tag":"Change","cFrom":[0,15],"cText":[" "],"cRemoved":[""]}

{"cOrigin":"+input","cTo":[0,16],"cNewPos":[1,0],"cWhen":1.5300023394111762e9,"tag":"Change","cFrom":[0,16],"cText":["",""],"cRemoved":[""]}

{"cXWarp":1,"cNewPos":[1,1],"cWhen":1.5300023434287188e9,"tag":"Move"}

{"cXWarp":2,"cNewPos":[1,2],"cWhen":1.5300023437168584e9,"tag":"Move"}

{"cXWarp":3,"cNewPos":[1,3],"cWhen":1.5300023439969997e9,"tag":"Move"}

{"cXWarp":4,"cNewPos":[1,4],"cWhen":1.5300023442289984e9,"tag":"Move"}

{"cXWarp":5,"cNewPos":[1,5],"cWhen":1.5300023444292502e9,"tag":"Move"}

{"cXWarp":6,"cNewPos":[1,6],"cWhen":1.5300023450615678e9,"tag":"Move"}

{"cXWarp":7,"cNewPos":[1,7],"cWhen":1.530002345286137e9,"tag":"Move"}

{"cXWarp":8,"cNewPos":[1,8],"cWhen":1.5300023454697173e9,"tag":"Move"}

{"cXWarp":9,"cNewPos":[1,9],"cWhen":1.530002345637746e9,"tag":"Move"}

{"cXWarp":10,"cNewPos":[1,10],"cWhen":1.5300023463100438e9,"tag":"Move"}

{"cOrigin":"+delete","cTo":[1,10],"cNewPos":[1,9],"cWhen":1.5300023476628008e9,"tag":"Change","cFrom":[1,9],"cText":[""],"cRemoved":[" "]}

{"cOrigin":"+delete","cTo":[1,9],"cNewPos":[1,8],"cWhen":1.5300023479212108e9,"tag":"Change","cFrom":[1,8],"cText":[""],"cRemoved":["4"]}

{"cOrigin":"+delete","cTo":[1,8],"cNewPos":[1,7],"cWhen":1.5300023479713829e9,"tag":"Change","cFrom":[1,7],"cText":[""],"cRemoved":["*"]}

{"cOrigin":"+delete","cTo":[1,7],"cNewPos":[1,6],"cWhen":1.5300023480213687e9,"tag":"Change","cFrom":[1,6],"cText":[""],"cRemoved":["o"]}

{"cOrigin":"+delete","cTo":[1,6],"cNewPos":[1,5],"cWhen":1.5300023480711753e9,"tag":"Change","cFrom":[1,5],"cText":[""],"cRemoved":["l"]}

{"cOrigin":"+delete","cTo":[1,5],"cNewPos":[1,4],"cWhen":1.5300023481211994e9,"tag":"Change","cFrom":[1,4],"cText":[""],"cRemoved":[" "]}

{"cOrigin":"+delete","cTo":[1,4],"cNewPos":[1,3],"cWhen":1.5300023481712098e9,"tag":"Change","cFrom":[1,3],"cText":[""],"cRemoved":["i"]}

{"cOrigin":"+delete","cTo":[1,3],"cNewPos":[1,2],"cWhen":1.5300023485272179e9,"tag":"Change","cFrom":[1,2],"cText":[""],"cRemoved":["h"]}

{"cOrigin":"+delete","cTo":[1,2],"cNewPos":[1,1],"cWhen":1.5300023488233678e9,"tag":"Change","cFrom":[1,1],"cText":[""],"cRemoved":["\""]}

{"cXWarp":10,"cNewPos":[0,10],"cWhen":1.5300023502747455e9,"tag":"Move"}

{"cXWarp":11,"cNewPos":[0,11],"cWhen":1.5300023508964202e9,"tag":"Move"}

{"cXWarp":12,"cNewPos":[0,12],"cWhen":1.5300023511445918e9,"tag":"Move"}

{"cXWarp":13,"cNewPos":[0,13],"cWhen":1.530002351352563e9,"tag":"Move"}

{"cXWarp":14,"cNewPos":[0,14],"cWhen":1.5300023515286202e9,"tag":"Move"}

{"cXWarp":15,"cNewPos":[0,15],"cWhen":1.5300023517607436e9,"tag":"Move"}

{"cXWarp":16,"cNewPos":[0,16],"cWhen":1.5300023537464254e9,"tag":"Move"}

{"cXWarp":16,"cNewPos":[0,16],"cWhen":1.530002359796905e9,"tag":"Move"}

{"cOrigin":"+input","cTo":[0,16],"cNewPos":[0,17],"cWhen":1.5300023735558724e9,"tag":"Change","cFrom":[0,16],"cText":["2"],"cRemoved":[""]}

{"cOrigin":"+input","cTo":[0,17],"cNewPos":[0,18],"cWhen":1.5300023738114924e9,"tag":"Change","cFrom":[0,17],"cText":["2"],"cRemoved":[""]}

{"cOrigin":"+input","cTo":[0,18],"cNewPos":[0,19],"cWhen":1.5300023738614507e9,"tag":"Change","cFrom":[0,18],"cText":["2"],"cRemoved":[""]}

{"cOrigin":"+input","cTo":[0,19],"cNewPos":[0,20],"cWhen":1.5300023739114594e9,"tag":"Change","cFrom":[0,19],"cText":["2"],"cRemoved":[""]}

{"cOrigin":"+input","cTo":[0,20],"cNewPos":[0,21],"cWhen":1.5300023739614217e9,"tag":"Change","cFrom":[0,20],"cText":["2"],"cRemoved":[""]}

{"cOrigin":"+input","cTo":[0,21],"cNewPos":[0,22],"cWhen":1.53000237401149e9,"tag":"Change","cFrom":[0,21],"cText":["2"],"cRemoved":[""]}

{"cOrigin":"+input","cTo":[0,22],"cNewPos":[0,23],"cWhen":1.530002374061429e9,"tag":"Change","cFrom":[0,22],"cText":["2"],"cRemoved":[""]}

{"cOrigin":"+input","cTo":[0,23],"cNewPos":[0,24],"cWhen":1.530002374111388e9,"tag":"Change","cFrom":[0,23],"cText":["2"],"cRemoved":[""]}

{"cOrigin":"+input","cTo":[0,24],"cNewPos":[0,25],"cWhen":1.5300023741613672e9,"tag":"Change","cFrom":[0,24],"cText":["2"],"cRemoved":[""]}

{"cOrigin":"+delete","cTo":[0,25],"cNewPos":[0,24],"cWhen":1.5300023745162768e9,"tag":"Change","cFrom":[0,24],"cText":[""],"cRemoved":["2"]}

{"cOrigin":"+input","cTo":[0,24],"cNewPos":[0,25],"cWhen":1.5300023758210347e9,"tag":"Change","cFrom":[0,24],"cText":["l"],"cRemoved":[""]}

{"cOrigin":"+input","cTo":[0,25],"cNewPos":[0,26],"cWhen":1.5300023761171262e9,"tag":"Change","cFrom":[0,25],"cText":["o"],"cRemoved":[""]}

{"cOrigin":"+input","cTo":[0,26],"cNewPos":[0,27],"cWhen":1.530002377766319e9,"tag":"Change","cFrom":[0,26],"cText":[" "],"cRemoved":[""]}

{"cOrigin":"+input","cTo":[0,27],"cNewPos":[0,28],"cWhen":1.530002379791016e9,"tag":"Change","cFrom":[0,27],"cText":["*"],"cRemoved":[""]}

{"cOrigin":"+delete","cTo":[0,28],"cNewPos":[0,27],"cWhen":1.5300023807513542e9,"tag":"Change","cFrom":[0,27],"cText":[""],"cRemoved":["*"]}

{"cOrigin":"+delete","cTo":[0,27],"cNewPos":[0,26],"cWhen":1.5300023810112371e9,"tag":"Change","cFrom":[0,26],"cText":[""],"cRemoved":[" "]}

{"cOrigin":"+delete","cTo":[0,26],"cNewPos":[0,25],"cWhen":1.5300023810612013e9,"tag":"Change","cFrom":[0,25],"cText":[""],"cRemoved":["o"]}

{"cOrigin":"+delete","cTo":[0,25],"cNewPos":[0,24],"cWhen":1.530002381111254e9,"tag":"Change","cFrom":[0,24],"cText":[""],"cRemoved":["l"]}

{"cOrigin":"+delete","cTo":[0,24],"cNewPos":[0,23],"cWhen":1.530002381161254e9,"tag":"Change","cFrom":[0,23],"cText":[""],"cRemoved":["2"]}

{"cOrigin":"+delete","cTo":[0,23],"cNewPos":[0,22],"cWhen":1.5300023812112467e9,"tag":"Change","cFrom":[0,22],"cText":[""],"cRemoved":["2"]}

{"cOrigin":"+delete","cTo":[0,22],"cNewPos":[0,21],"cWhen":1.5300023812612042e9,"tag":"Change","cFrom":[0,21],"cText":[""],"cRemoved":["2"]}

{"cOrigin":"+delete","cTo":[0,21],"cNewPos":[0,20],"cWhen":1.530002381311203e9,"tag":"Change","cFrom":[0,20],"cText":[""],"cRemoved":["2"]}

{"cOrigin":"+delete","cTo":[0,20],"cNewPos":[0,19],"cWhen":1.5300023816395776e9,"tag":"Change","cFrom":[0,19],"cText":[""],"cRemoved":["2"]}

{"cOrigin":"+delete","cTo":[0,19],"cNewPos":[0,18],"cWhen":1.5300023818559191e9,"tag":"Change","cFrom":[0,18],"cText":[""],"cRemoved":["2"]}

{"cOrigin":"+delete","cTo":[0,18],"cNewPos":[0,17],"cWhen":1.530002382031977e9,"tag":"Change","cFrom":[0,17],"cText":[""],"cRemoved":["2"]}

{"cOrigin":"+delete","cTo":[0,17],"cNewPos":[0,16],"cWhen":1.5300023822241335e9,"tag":"Change","cFrom":[0,16],"cText":[""],"cRemoved":["2"]}

{"cOrigin":"+input","cTo":[0,16],"cNewPos":[0,17],"cWhen":1.5300023832407124e9,"tag":"Change","cFrom":[0,16],"cText":[" "],"cRemoved":[""]}

{"cOrigin":"+input","cTo":[0,17],"cNewPos":[0,18],"cWhen":1.5300023852977817e9,"tag":"Change","cFrom":[0,17],"cText":["l"],"cRemoved":[""]}

{"cOrigin":"+input","cTo":[0,18],"cNewPos":[0,19],"cWhen":1.530002385593978e9,"tag":"Change","cFrom":[0,18],"cText":["o"],"cRemoved":[""]}

{"cOrigin":"+input","cTo":[0,19],"cNewPos":[0,20],"cWhen":1.5300023861461449e9,"tag":"Change","cFrom":[0,19],"cText":[" "],"cRemoved":[""]}

{"cOrigin":"+input","cTo":[0,20],"cNewPos":[0,21],"cWhen":1.5300023892678013e9,"tag":"Change","cFrom":[0,20],"cText":["*"],"cRemoved":[""]}

{"cOrigin":"+delete","cTo":[0,21],"cNewPos":[0,20],"cWhen":1.5300023907803676e9,"tag":"Change","cFrom":[0,20],"cText":[""],"cRemoved":["*"]}

{"cOrigin":"+delete","cTo":[0,20],"cNewPos":[0,19],"cWhen":1.530002393709721e9,"tag":"Change","cFrom":[0,19],"cText":[""],"cRemoved":[" "]}

{"cOrigin":"+delete","cTo":[0,19],"cNewPos":[0,18],"cWhen":1.5300023940938952e9,"tag":"Change","cFrom":[0,18],"cText":[""],"cRemoved":["o"]}

{"cOrigin":"+delete","cTo":[0,18],"cNewPos":[0,17],"cWhen":1.5300023942780745e9,"tag":"Change","cFrom":[0,17],"cText":[""],"cRemoved":["l"]}

{"cOrigin":"+delete","cTo":[0,17],"cNewPos":[0,16],"cWhen":1.530002394478075e9,"tag":"Change","cFrom":[0,16],"cText":[""],"cRemoved":[" "]}

{"cOrigin":"+delete","cTo":[0,16],"cNewPos":[0,15],"cWhen":1.5300023953586457e9,"tag":"Change","cFrom":[0,15],"cText":[""],"cRemoved":[" "]}

{"cOrigin":"+input","cTo":[0,15],"cNewPos":[0,16],"cWhen":1.5300023963752584e9,"tag":"Change","cFrom":[0,15],"cText":[" "],"cRemoved":[""]}

{"cOrigin":"+input","cTo":[0,16],"cNewPos":[0,17],"cWhen":1.5300023985684185e9,"tag":"Change","cFrom":[0,16],"cText":["l"],"cRemoved":[""]}

{"cOrigin":"+input","cTo":[0,17],"cNewPos":[0,18],"cWhen":1.5300023991366534e9,"tag":"Change","cFrom":[0,17],"cText":["o"],"cRemoved":[""]}

{"cOrigin":"+input","cTo":[0,18],"cNewPos":[0,19],"cWhen":1.5300024011776319e9,"tag":"Change","cFrom":[0,18],"cText":["*"],"cRemoved":[""]}

{"cOrigin":"+input","cTo":[0,19],"cNewPos":[0,20],"cWhen":1.5300024034348836e9,"tag":"Change","cFrom":[0,19],"cText":["5"],"cRemoved":[""]}

{"cWhen":1.5300024058551478e9,"tag":"Eval","cAll":true}

{"cWhen":1.530002406113224e9,"tag":"Eval","cAll":true}

{"cWhen":1.5300024061631389e9,"tag":"Eval","cAll":true}

{"cWhen":1.530002406213189e9,"tag":"Eval","cAll":true}

{"cWhen":1.5300024062631524e9,"tag":"Eval","cAll":true}

{"cWhen":1.5300024063131657e9,"tag":"Eval","cAll":true}

{"cWhen":1.5300024063632276e9,"tag":"Eval","cAll":true}

{"cOrigin":"+delete","cTo":[0,20],"cNewPos":[0,19],"cWhen":1.5300024074524899e9,"tag":"Change","cFrom":[0,19],"cText":[""],"cRemoved":["5"]}

{"cOrigin":"+delete","cTo":[0,19],"cNewPos":[0,18],"cWhen":1.530002407711187e9,"tag":"Change","cFrom":[0,18],"cText":[""],"cRemoved":["*"]}

{"cOrigin":"+delete","cTo":[0,18],"cNewPos":[0,17],"cWhen":1.530002407932914e9,"tag":"Change","cFrom":[0,17],"cText":[""],"cRemoved":["o"]}

{"cOrigin":"+delete","cTo":[0,17],"cNewPos":[0,16],"cWhen":1.5300024083089862e9,"tag":"Change","cFrom":[0,16],"cText":[""],"cRemoved":["l"]}

{"cOrigin":"+delete","cTo":[0,16],"cNewPos":[0,15],"cWhen":1.5300024123590589e9,"tag":"Change","cFrom":[0,15],"cText":[""],"cRemoved":[" "]}

{"cOrigin":"+delete","cTo":[0,15],"cNewPos":[0,14],"cWhen":1.5300024126112072e9,"tag":"Change","cFrom":[0,14],"cText":[""],"cRemoved":["h"]}

{"cOrigin":"+delete","cTo":[0,14],"cNewPos":[0,13],"cWhen":1.5300024126612282e9,"tag":"Change","cFrom":[0,13],"cText":[""],"cRemoved":["c"]}

{"cOrigin":"+delete","cTo":[0,13],"cNewPos":[0,12],"cWhen":1.530002412711523e9,"tag":"Change","cFrom":[0,12],"cText":[""],"cRemoved":["t"]}

{"cOrigin":"+delete","cTo":[0,12],"cNewPos":[0,11],"cWhen":1.5300024127612708e9,"tag":"Change","cFrom":[0,11],"cText":[""],"cRemoved":["a"]}

{"cOrigin":"+delete","cTo":[0,11],"cNewPos":[0,10],"cWhen":1.5300024128112233e9,"tag":"Change","cFrom":[0,10],"cText":[""],"cRemoved":["r"]}

{"cOrigin":"+delete","cTo":[0,10],"cNewPos":[0,9],"cWhen":1.5300024128611906e9,"tag":"Change","cFrom":[0,9],"cText":[""],"cRemoved":["c"]}

{"cOrigin":"+delete","cTo":[0,9],"cNewPos":[0,8],"cWhen":1.5300024129112244e9,"tag":"Change","cFrom":[0,8],"cText":[""],"cRemoved":["s"]}

{"cOrigin":"+delete","cTo":[0,8],"cNewPos":[0,7],"cWhen":1.5300024129612198e9,"tag":"Change","cFrom":[0,7],"cText":[""],"cRemoved":[" "]}

{"cOrigin":"+delete","cTo":[0,7],"cNewPos":[0,6],"cWhen":1.5300024130112824e9,"tag":"Change","cFrom":[0,6],"cText":[""],"cRemoved":["4"]}

{"cOrigin":"+delete","cTo":[0,6],"cNewPos":[0,5],"cWhen":1.5300024132395847e9,"tag":"Change","cFrom":[0,5],"cText":[""],"cRemoved":[" "]}

{"cOrigin":"+delete","cTo":[0,5],"cNewPos":[0,4],"cWhen":1.5300024134235897e9,"tag":"Change","cFrom":[0,4],"cText":[""],"cRemoved":["y"]}

{"cOrigin":"+delete","cTo":[0,4],"cNewPos":[0,3],"cWhen":1.53000241356787e9,"tag":"Change","cFrom":[0,3],"cText":[""],"cRemoved":["r"]}

{"cOrigin":"+delete","cTo":[0,3],"cNewPos":[0,2],"cWhen":1.5300024137677355e9,"tag":"Change","cFrom":[0,2],"cText":[""],"cRemoved":["e"]}

{"cOrigin":"+delete","cTo":[0,2],"cNewPos":[0,1],"cWhen":1.530002413959832e9,"tag":"Change","cFrom":[0,1],"cText":[""],"cRemoved":["v"]}

{"cOrigin":"+delete","cTo":[0,1],"cNewPos":[0,0],"cWhen":1.5300024143680305e9,"tag":"Change","cFrom":[0,0],"cText":[""],"cRemoved":["e"]}

{"cOrigin":"+input","cTo":[0,0],"cNewPos":[0,1],"cWhen":1.5300024186424255e9,"tag":"Change","cFrom":[0,0],"cText":["\""],"cRemoved":[""]}

{"cOrigin":"+input","cTo":[0,1],"cNewPos":[0,2],"cWhen":1.5300024192506852e9,"tag":"Change","cFrom":[0,1],"cText":["h"],"cRemoved":[""]}

{"cOrigin":"+input","cTo":[0,2],"cNewPos":[0,3],"cWhen":1.530002419642958e9,"tag":"Change","cFrom":[0,2],"cText":["i"],"cRemoved":[""]}

{"cOrigin":"+input","cTo":[0,3],"cNewPos":[0,4],"cWhen":1.5300024201390846e9,"tag":"Change","cFrom":[0,3],"cText":[" "],"cRemoved":[""]}

{"cOrigin":"+input","cTo":[0,4],"cNewPos":[0,5],"cWhen":1.5300024247333753e9,"tag":"Change","cFrom":[0,4],"cText":["l"],"cRemoved":[""]}

{"cOrigin":"+input","cTo":[0,5],"cNewPos":[0,6],"cWhen":1.530002425349816e9,"tag":"Change","cFrom":[0,5],"cText":["o"],"cRemoved":[""]}

{"cOrigin":"+input","cTo":[0,6],"cNewPos":[0,7],"cWhen":1.5300024268001626e9,"tag":"Change","cFrom":[0,6],"cText":[" "],"cRemoved":[""]}

{"cOrigin":"+delete","cTo":[0,7],"cNewPos":[0,6],"cWhen":1.5300024349464297e9,"tag":"Change","cFrom":[0,6],"cText":[""],"cRemoved":[" "]}

{"cOrigin":"+input","cTo":[0,6],"cNewPos":[0,7],"cWhen":1.5300024374129736e9,"tag":"Change","cFrom":[0,6],"cText":[" "],"cRemoved":[""]}

{"cOrigin":"+input","cTo":[0,7],"cNewPos":[0,8],"cWhen":1.5300024378600483e9,"tag":"Change","cFrom":[0,7],"cText":["s"],"cRemoved":[""]}

{"cOrigin":"+input","cTo":[0,8],"cNewPos":[0,9],"cWhen":1.5300024381482391e9,"tag":"Change","cFrom":[0,8],"cText":["c"],"cRemoved":[""]}

{"cOrigin":"+input","cTo":[0,9],"cNewPos":[0,10],"cWhen":1.5300024384683995e9,"tag":"Change","cFrom":[0,9],"cText":["r"],"cRemoved":[""]}

{"cOrigin":"+input","cTo":[0,10],"cNewPos":[0,11],"cWhen":1.5300024386524682e9,"tag":"Change","cFrom":[0,10],"cText":["a"],"cRemoved":[""]}

{"cOrigin":"+input","cTo":[0,11],"cNewPos":[0,12],"cWhen":1.530002438876518e9,"tag":"Change","cFrom":[0,11],"cText":["t"],"cRemoved":[""]}

{"cOrigin":"+input","cTo":[0,12],"cNewPos":[0,13],"cWhen":1.530002439236703e9,"tag":"Change","cFrom":[0,12],"cText":["c"],"cRemoved":[""]}

{"cOrigin":"+input","cTo":[0,13],"cNewPos":[0,14],"cWhen":1.5300024395969503e9,"tag":"Change","cFrom":[0,13],"cText":["h"],"cRemoved":[""]}

{"cOrigin":"+delete","cTo":[0,14],"cNewPos":[0,13],"cWhen":1.5300024409414961e9,"tag":"Change","cFrom":[0,13],"cText":[""],"cRemoved":["h"]}

{"cOrigin":"+delete","cTo":[0,13],"cNewPos":[0,12],"cWhen":1.5300024412012231e9,"tag":"Change","cFrom":[0,12],"cText":[""],"cRemoved":["c"]}

{"cOrigin":"+delete","cTo":[0,12],"cNewPos":[0,11],"cWhen":1.5300024412512372e9,"tag":"Change","cFrom":[0,11],"cText":[""],"cRemoved":["t"]}

{"cOrigin":"+delete","cTo":[0,11],"cNewPos":[0,10],"cWhen":1.5300024413012404e9,"tag":"Change","cFrom":[0,10],"cText":[""],"cRemoved":["a"]}

{"cOrigin":"+delete","cTo":[0,10],"cNewPos":[0,9],"cWhen":1.530002441351206e9,"tag":"Change","cFrom":[0,9],"cText":[""],"cRemoved":["r"]}

{"cOrigin":"+delete","cTo":[0,9],"cNewPos":[0,8],"cWhen":1.5300024414012625e9,"tag":"Change","cFrom":[0,8],"cText":[""],"cRemoved":["c"]}

{"cOrigin":"+delete","cTo":[0,8],"cNewPos":[0,7],"cWhen":1.5300024414512799e9,"tag":"Change","cFrom":[0,7],"cText":[""],"cRemoved":["s"]}

{"cOrigin":"+delete","cTo":[0,7],"cNewPos":[0,6],"cWhen":1.530002441501273e9,"tag":"Change","cFrom":[0,6],"cText":[""],"cRemoved":[" "]}

{"cOrigin":"+delete","cTo":[0,6],"cNewPos":[0,5],"cWhen":1.5300024415512114e9,"tag":"Change","cFrom":[0,5],"cText":[""],"cRemoved":["o"]}

{"cOrigin":"+delete","cTo":[0,5],"cNewPos":[0,4],"cWhen":1.5300024416012242e9,"tag":"Change","cFrom":[0,4],"cText":[""],"cRemoved":["l"]}

{"cOrigin":"+delete","cTo":[0,4],"cNewPos":[0,3],"cWhen":1.5300024416512666e9,"tag":"Change","cFrom":[0,3],"cText":[""],"cRemoved":[" "]}

{"cOrigin":"+delete","cTo":[0,3],"cNewPos":[0,2],"cWhen":1.5300024417013192e9,"tag":"Change","cFrom":[0,2],"cText":[""],"cRemoved":["i"]}

{"cOrigin":"+delete","cTo":[0,2],"cNewPos":[0,1],"cWhen":1.530002441751258e9,"tag":"Change","cFrom":[0,1],"cText":[""],"cRemoved":["h"]}

{"cOrigin":"+delete","cTo":[0,1],"cNewPos":[0,0],"cWhen":1.5300024420859659e9,"tag":"Change","cFrom":[0,0],"cText":[""],"cRemoved":["\""]}

{"cOrigin":"+input","cTo":[0,0],"cNewPos":[0,1],"cWhen":1.5300024434308033e9,"tag":"Change","cFrom":[0,0],"cText":["e"],"cRemoved":[""]}

{"cOrigin":"+input","cTo":[0,1],"cNewPos":[0,2],"cWhen":1.5300024437269156e9,"tag":"Change","cFrom":[0,1],"cText":["v"],"cRemoved":[""]}

{"cOrigin":"+input","cTo":[0,2],"cNewPos":[0,3],"cWhen":1.5300024439029548e9,"tag":"Change","cFrom":[0,2],"cText":["e"],"cRemoved":[""]}

{"cOrigin":"+input","cTo":[0,3],"cNewPos":[0,4],"cWhen":1.5300024441191118e9,"tag":"Change","cFrom":[0,3],"cText":["r"],"cRemoved":[""]}

{"cOrigin":"+input","cTo":[0,4],"cNewPos":[0,5],"cWhen":1.5300024444472768e9,"tag":"Change","cFrom":[0,4],"cText":["y"],"cRemoved":[""]}

{"cOrigin":"+input","cTo":[0,5],"cNewPos":[0,6],"cWhen":1.5300024447357907e9,"tag":"Change","cFrom":[0,5],"cText":[" "],"cRemoved":[""]}

{"cOrigin":"+input","cTo":[0,6],"cNewPos":[0,7],"cWhen":1.5300024453036895e9,"tag":"Change","cFrom":[0,6],"cText":["4"],"cRemoved":[""]}

{"cOrigin":"+input","cTo":[0,7],"cNewPos":[0,8],"cWhen":1.5300024455838566e9,"tag":"Change","cFrom":[0,7],"cText":[" "],"cRemoved":[""]}

{"cOrigin":"+input","cTo":[0,8],"cNewPos":[0,9],"cWhen":1.5300024476889644e9,"tag":"Change","cFrom":[0,8],"cText":["f"],"cRemoved":[""]}

{"cOrigin":"+input","cTo":[0,9],"cNewPos":[0,10],"cWhen":1.5300024478811939e9,"tag":"Change","cFrom":[0,9],"cText":["a"],"cRemoved":[""]}

{"cOrigin":"+input","cTo":[0,10],"cNewPos":[0,11],"cWhen":1.530002448121164e9,"tag":"Change","cFrom":[0,10],"cText":["s"],"cRemoved":[""]}

{"cOrigin":"+input","cTo":[0,11],"cNewPos":[0,12],"cWhen":1.5300024484172819e9,"tag":"Change","cFrom":[0,11],"cText":["t"],"cRemoved":[""]}

{"cOrigin":"+input","cTo":[0,12],"cNewPos":[0,13],"cWhen":1.5300024485854251e9,"tag":"Change","cFrom":[0,12],"cText":["e"],"cRemoved":[""]}

{"cOrigin":"+input","cTo":[0,13],"cNewPos":[0,14],"cWhen":1.5300024488094628e9,"tag":"Change","cFrom":[0,13],"cText":["r"],"cRemoved":[""]}

{"cOrigin":"+input","cTo":[0,14],"cNewPos":[0,15],"cWhen":1.5300024495858476e9,"tag":"Change","cFrom":[0,14],"cText":[" "],"cRemoved":[""]}

{"cOrigin":"+input","cTo":[0,15],"cNewPos":[0,16],"cWhen":1.5300024554127195e9,"tag":"Change","cFrom":[0,15],"cText":["\""],"cRemoved":[""]}

{"cOrigin":"+input","cTo":[0,16],"cNewPos":[0,17],"cWhen":1.5300024572618506e9,"tag":"Change","cFrom":[0,16],"cText":["h"],"cRemoved":[""]}

{"cOrigin":"+input","cTo":[0,17],"cNewPos":[0,18],"cWhen":1.530002457573823e9,"tag":"Change","cFrom":[0,17],"cText":["i"],"cRemoved":[""]}

{"cOrigin":"+input","cTo":[0,18],"cNewPos":[0,19],"cWhen":1.5300024581900942e9,"tag":"Change","cFrom":[0,18],"cText":[" "],"cRemoved":[""]}

{"cOrigin":"+input","cTo":[0,19],"cNewPos":[0,20],"cWhen":1.5300024658579123e9,"tag":"Change","cFrom":[0,19],"cText":["L"],"cRemoved":[""]}

{"cOrigin":"+input","cTo":[0,20],"cNewPos":[0,21],"cWhen":1.5300024662422752e9,"tag":"Change","cFrom":[0,20],"cText":["O"],"cRemoved":[""]}

{"cOrigin":"+delete","cTo":[0,21],"cNewPos":[0,20],"cWhen":1.5300024673723931e9,"tag":"Change","cFrom":[0,20],"cText":[""],"cRemoved":["O"]}

{"cOrigin":"+delete","cTo":[0,20],"cNewPos":[0,19],"cWhen":1.5300024686031911e9,"tag":"Change","cFrom":[0,19],"cText":[""],"cRemoved":["L"]}

{"cOrigin":"+input","cTo":[0,19],"cNewPos":[0,20],"cWhen":1.53000247001189e9,"tag":"Change","cFrom":[0,19],"cText":["l"],"cRemoved":[""]}

{"cOrigin":"+input","cTo":[0,20],"cNewPos":[0,21],"cWhen":1.5300024704520571e9,"tag":"Change","cFrom":[0,20],"cText":["o"],"cRemoved":[""]}

{"cOrigin":"+input","cTo":[0,21],"cNewPos":[0,22],"cWhen":1.530002476573943e9,"tag":"Change","cFrom":[0,21],"cText":["*"],"cRemoved":[""]}

{"cOrigin":"+input","cTo":[0,22],"cNewPos":[0,23],"cWhen":1.5300024800228755e9,"tag":"Change","cFrom":[0,22],"cText":["2"],"cRemoved":[""]}

{"cOrigin":"+input","cTo":[0,23],"cNewPos":[0,24],"cWhen":1.5300024823913352e9,"tag":"Change","cFrom":[0,23],"cText":[" "],"cRemoved":[""]}

{"cOrigin":"+input","cTo":[0,24],"cNewPos":[0,25],"cWhen":1.5300024846316953e9,"tag":"Change","cFrom":[0,24],"cText":["\""],"cRemoved":[""]}

{"cOrigin":"+delete","cTo":[0,25],"cNewPos":[0,24],"cWhen":1.5300024856396635e9,"tag":"Change","cFrom":[0,24],"cText":[""],"cRemoved":["\""]}

{"cOrigin":"+delete","cTo":[0,24],"cNewPos":[0,23],"cWhen":1.530002486039674e9,"tag":"Change","cFrom":[0,23],"cText":[""],"cRemoved":[" "]}

{"cOrigin":"+input","cTo":[0,23],"cNewPos":[0,24],"cWhen":1.53000248754417e9,"tag":"Change","cFrom":[0,23],"cText":["\""],"cRemoved":[""]}

{"cWhen":1.530002489195473e9,"tag":"Eval","cAll":true}

{"cOrigin":"+input","cTo":[0,24],"cNewPos":[0,25],"cWhen":1.5300025236112123e9,"tag":"Change","cFrom":[0,24],"cText":[" "],"cRemoved":[""]}

{"cOrigin":"+input","cTo":[0,25],"cNewPos":[0,26],"cWhen":1.5300025242113059e9,"tag":"Change","cFrom":[0,25],"cText":["h"],"cRemoved":[""]}

{"cOrigin":"+input","cTo":[0,26],"cNewPos":[0,27],"cWhen":1.5300025248353863e9,"tag":"Change","cFrom":[0,26],"cText":["i"],"cRemoved":[""]}

{"cOrigin":"+delete","cTo":[0,27],"cNewPos":[0,26],"cWhen":1.530002526563249e9,"tag":"Change","cFrom":[0,26],"cText":[""],"cRemoved":["i"]}

{"cOrigin":"+delete","cTo":[0,26],"cNewPos":[0,25],"cWhen":1.5300025269983983e9,"tag":"Change","cFrom":[0,25],"cText":[""],"cRemoved":["h"]}

{"cOrigin":"+input","cTo":[0,25],"cNewPos":[0,26],"cWhen":1.5300025278035116e9,"tag":"Change","cFrom":[0,25],"cText":[" "],"cRemoved":[""]}

{"cOrigin":"+delete","cTo":[0,26],"cNewPos":[0,25],"cWhen":1.5300025445079644e9,"tag":"Change","cFrom":[0,25],"cText":[""],"cRemoved":[" "]}

{"cOrigin":"+input","cTo":[0,25],"cNewPos":[0,26],"cWhen":1.5300025461749954e9,"tag":"Change","cFrom":[0,25],"cText":["h"],"cRemoved":[""]}

{"cOrigin":"+input","cTo":[0,26],"cNewPos":[0,27],"cWhen":1.5300025466124322e9,"tag":"Change","cFrom":[0,26],"cText":["i"],"cRemoved":[""]}

{"cOrigin":"+input","cTo":[0,27],"cNewPos":[0,28],"cWhen":1.530002549268503e9,"tag":"Change","cFrom":[0,27],"cText":["*"],"cRemoved":[""]}

{"cOrigin":"+input","cTo":[0,28],"cNewPos":[0,29],"cWhen":1.5300025516205883e9,"tag":"Change","cFrom":[0,28],"cText":["6"],"cRemoved":[""]}

{"cWhen":1.5300025530644033e9,"tag":"Eval","cAll":true}

{"cOrigin":"+delete","cTo":[0,29],"cNewPos":[0,28],"cWhen":1.5300025545165186e9,"tag":"Change","cFrom":[0,28],"cText":[""],"cRemoved":["6"]}

{"cOrigin":"+delete","cTo":[0,28],"cNewPos":[0,27],"cWhen":1.5300025547723818e9,"tag":"Change","cFrom":[0,27],"cText":[""],"cRemoved":["*"]}

{"cOrigin":"+delete","cTo":[0,27],"cNewPos":[0,26],"cWhen":1.5300025550125048e9,"tag":"Change","cFrom":[0,26],"cText":[""],"cRemoved":["i"]}

{"cOrigin":"+delete","cTo":[0,26],"cNewPos":[0,25],"cWhen":1.530002555468411e9,"tag":"Change","cFrom":[0,25],"cText":[""],"cRemoved":["h"]}

{"cOrigin":"+input","cTo":[0,25],"cNewPos":[0,26],"cWhen":1.5300025649889152e9,"tag":"Change","cFrom":[0,25],"cText":["\""],"cRemoved":[""]}

{"cOrigin":"+input","cTo":[0,26],"cNewPos":[0,27],"cWhen":1.5300025659249377e9,"tag":"Change","cFrom":[0,26],"cText":["h"],"cRemoved":[""]}

{"cOrigin":"+input","cTo":[0,27],"cNewPos":[0,28],"cWhen":1.5300025663810534e9,"tag":"Change","cFrom":[0,27],"cText":["i"],"cRemoved":[""]}

{"cOrigin":"+input","cTo":[0,28],"cNewPos":[0,29],"cWhen":1.530002573757201e9,"tag":"Change","cFrom":[0,28],"cText":["#"],"cRemoved":[""]}

{"cOrigin":"+input","cTo":[0,29],"cNewPos":[0,30],"cWhen":1.5300025739651966e9,"tag":"Change","cFrom":[0,29],"cText":["#"],"cRemoved":[""]}

{"cOrigin":"+input","cTo":[0,30],"cNewPos":[0,31],"cWhen":1.5300025742613103e9,"tag":"Change","cFrom":[0,30],"cText":["#"],"cRemoved":[""]}

{"cOrigin":"+delete","cTo":[0,31],"cNewPos":[0,30],"cWhen":1.530002575022619e9,"tag":"Change","cFrom":[0,30],"cText":[""],"cRemoved":["#"]}

{"cOrigin":"+delete","cTo":[0,30],"cNewPos":[0,29],"cWhen":1.5300025752051468e9,"tag":"Change","cFrom":[0,29],"cText":[""],"cRemoved":["#"]}

{"cOrigin":"+delete","cTo":[0,29],"cNewPos":[0,28],"cWhen":1.5300025753651383e9,"tag":"Change","cFrom":[0,28],"cText":[""],"cRemoved":["#"]}

{"cOrigin":"+delete","cTo":[0,28],"cNewPos":[0,27],"cWhen":1.530002575541118e9,"tag":"Change","cFrom":[0,27],"cText":[""],"cRemoved":["i"]}

{"cOrigin":"+delete","cTo":[0,27],"cNewPos":[0,26],"cWhen":1.5300025757651315e9,"tag":"Change","cFrom":[0,26],"cText":[""],"cRemoved":["h"]}

{"cOrigin":"+delete","cTo":[0,26],"cNewPos":[0,25],"cWhen":1.5300025762690477e9,"tag":"Change","cFrom":[0,25],"cText":[""],"cRemoved":["\""]}

{"cXWarp":1,"cNewPos":[1,1],"cWhen":1.5300025776931193e9,"tag":"Move"}

{"cXWarp":0,"cNewPos":[2,0],"cWhen":1.5300025788786588e9,"tag":"Move"}

{"cOrigin":"+input","cTo":[2,0],"cNewPos":[2,1],"cWhen":1.5300025880936072e9,"tag":"Change","cFrom":[2,0],"cText":["\""],"cRemoved":[""]}

{"cOrigin":"+input","cTo":[2,1],"cNewPos":[2,2],"cWhen":1.5300025888536258e9,"tag":"Change","cFrom":[2,1],"cText":["h"],"cRemoved":[""]}

{"cOrigin":"+input","cTo":[2,2],"cNewPos":[2,3],"cWhen":1.5300025892696993e9,"tag":"Change","cFrom":[2,2],"cText":["i"],"cRemoved":[""]}

{"cOrigin":"+input","cTo":[2,3],"cNewPos":[2,4],"cWhen":1.530002590021593e9,"tag":"Change","cFrom":[2,3],"cText":[" "],"cRemoved":[""]}

{"cOrigin":"+input","cTo":[2,4],"cNewPos":[2,5],"cWhen":1.530002592037645e9,"tag":"Change","cFrom":[2,4],"cText":["l"],"cRemoved":[""]}

{"cOrigin":"+input","cTo":[2,5],"cNewPos":[2,6],"cWhen":1.5300025924936879e9,"tag":"Change","cFrom":[2,5],"cText":["o"],"cRemoved":[""]}

{"cXWarp":5,"cNewPos":[2,5],"cWhen":1.530002599637313e9,"tag":"Move"}

{"cXWarp":4,"cNewPos":[2,4],"cWhen":1.5300025998932223e9,"tag":"Move"}

{"cXWarp":3,"cNewPos":[2,3],"cWhen":1.5300026000691435e9,"tag":"Move"}

{"cXWarp":2,"cNewPos":[2,2],"cWhen":1.5300026002292767e9,"tag":"Move"}

{"cXWarp":1,"cNewPos":[2,1],"cWhen":1.530002600357104e9,"tag":"Move"}

{"cXWarp":0,"cNewPos":[2,0],"cWhen":1.5300026005572567e9,"tag":"Move"}

{"cOrigin":"+input","cTo":[2,0],"cNewPos":[2,1],"cWhen":1.530002604517251e9,"tag":"Change","cFrom":[2,0],"cText":["e"],"cRemoved":[""]}

{"cOrigin":"+input","cTo":[2,1],"cNewPos":[2,2],"cWhen":1.5300026047648532e9,"tag":"Change","cFrom":[2,1],"cText":["v"],"cRemoved":[""]}

{"cOrigin":"+input","cTo":[2,2],"cNewPos":[2,3],"cWhen":1.5300026049967136e9,"tag":"Change","cFrom":[2,2],"cText":["r"],"cRemoved":[""]}

{"cOrigin":"+input","cTo":[2,3],"cNewPos":[2,4],"cWhen":1.5300026075725076e9,"tag":"Change","cFrom":[2,3],"cText":["#"],"cRemoved":[""]}

{"cOrigin":"+input","cTo":[2,4],"cNewPos":[2,5],"cWhen":1.5300026078683534e9,"tag":"Change","cFrom":[2,4],"cText":["e"],"cRemoved":[""]}

{"cOrigin":"+input","cTo":[2,5],"cNewPos":[2,6],"cWhen":1.5300026081882842e9,"tag":"Change","cFrom":[2,5],"cText":["r"],"cRemoved":[""]}

{"cOrigin":"+input","cTo":[2,6],"cNewPos":[2,7],"cWhen":1.5300026086123552e9,"tag":"Change","cFrom":[2,6],"cText":["y"],"cRemoved":[""]}

{"cOrigin":"+delete","cTo":[2,7],"cNewPos":[2,6],"cWhen":1.530002609508e9,"tag":"Change","cFrom":[2,6],"cText":[""],"cRemoved":["y"]}

{"cOrigin":"+delete","cTo":[2,6],"cNewPos":[2,5],"cWhen":1.5300026097079575e9,"tag":"Change","cFrom":[2,5],"cText":[""],"cRemoved":["r"]}

{"cOrigin":"+delete","cTo":[2,5],"cNewPos":[2,4],"cWhen":1.5300026098918324e9,"tag":"Change","cFrom":[2,4],"cText":[""],"cRemoved":["e"]}

{"cOrigin":"+delete","cTo":[2,4],"cNewPos":[2,3],"cWhen":1.5300026100918646e9,"tag":"Change","cFrom":[2,3],"cText":[""],"cRemoved":["#"]}

{"cOrigin":"+delete","cTo":[2,3],"cNewPos":[2,2],"cWhen":1.5300026103078437e9,"tag":"Change","cFrom":[2,2],"cText":[""],"cRemoved":["r"]}

{"cOrigin":"+input","cTo":[2,2],"cNewPos":[2,3],"cWhen":1.5300026114118202e9,"tag":"Change","cFrom":[2,2],"cText":["e"],"cRemoved":[""]}

{"cOrigin":"+input","cTo":[2,3],"cNewPos":[2,4],"cWhen":1.530002611707714e9,"tag":"Change","cFrom":[2,3],"cText":["r"],"cRemoved":[""]}

{"cOrigin":"+input","cTo":[2,4],"cNewPos":[2,5],"cWhen":1.5300026141713743e9,"tag":"Change","cFrom":[2,4],"cText":["y"],"cRemoved":[""]}

{"cOrigin":"+input","cTo":[2,5],"cNewPos":[2,6],"cWhen":1.5300026150272567e9,"tag":"Change","cFrom":[2,5],"cText":[" "],"cRemoved":[""]}

{"cOrigin":"+input","cTo":[2,6],"cNewPos":[2,7],"cWhen":1.5300026169629722e9,"tag":"Change","cFrom":[2,6],"cText":["3"],"cRemoved":[""]}

{"cOrigin":"+input","cTo":[2,7],"cNewPos":[2,8],"cWhen":1.530002618274702e9,"tag":"Change","cFrom":[2,7],"cText":[" "],"cRemoved":[""]}

{"cOrigin":"+input","cTo":[2,8],"cNewPos":[2,9],"cWhen":1.5300026198343291e9,"tag":"Change","cFrom":[2,8],"cText":["s"],"cRemoved":[""]}

{"cOrigin":"+input","cTo":[2,9],"cNewPos":[2,10],"cWhen":1.5300026201623833e9,"tag":"Change","cFrom":[2,9],"cText":["c"],"cRemoved":[""]}

{"cOrigin":"+input","cTo":[2,10],"cNewPos":[2,11],"cWhen":1.530002620506224e9,"tag":"Change","cFrom":[2,10],"cText":["r"],"cRemoved":[""]}

{"cOrigin":"+input","cTo":[2,11],"cNewPos":[2,12],"cWhen":1.530002620714166e9,"tag":"Change","cFrom":[2,11],"cText":["a"],"cRemoved":[""]}

{"cOrigin":"+input","cTo":[2,12],"cNewPos":[2,13],"cWhen":1.5300026209862063e9,"tag":"Change","cFrom":[2,12],"cText":["t"],"cRemoved":[""]}

{"cOrigin":"+input","cTo":[2,13],"cNewPos":[2,14],"cWhen":1.5300026213461905e9,"tag":"Change","cFrom":[2,13],"cText":["c"],"cRemoved":[""]}

{"cOrigin":"+input","cTo":[2,14],"cNewPos":[2,15],"cWhen":1.5300026216261094e9,"tag":"Change","cFrom":[2,14],"cText":["h"],"cRemoved":[""]}

{"cOrigin":"+input","cTo":[2,15],"cNewPos":[2,16],"cWhen":1.5300026223058932e9,"tag":"Change","cFrom":[2,15],"cText":[" "],"cRemoved":[""]}

{"cXWarp":17,"cNewPos":[2,17],"cWhen":1.530002624161447e9,"tag":"Move"}

{"cXWarp":18,"cNewPos":[2,18],"cWhen":1.5300026244174662e9,"tag":"Move"}

{"cXWarp":19,"cNewPos":[2,19],"cWhen":1.5300026246173205e9,"tag":"Move"}

{"cXWarp":20,"cNewPos":[2,20],"cWhen":1.5300026248812954e9,"tag":"Move"}

{"cXWarp":21,"cNewPos":[2,21],"cWhen":1.5300026250972407e9,"tag":"Move"}

{"cXWarp":22,"cNewPos":[2,22],"cWhen":1.530002625329313e9,"tag":"Move"}

{"cXWarp":22,"cNewPos":[2,22],"cWhen":1.5300026255211937e9,"tag":"Move"}

{"cXWarp":22,"cNewPos":[2,22],"cWhen":1.5300026261371748e9,"tag":"Move"}

{"cOrigin":"+input","cTo":[2,22],"cNewPos":[2,23],"cWhen":1.5300026334080982e9,"tag":"Change","cFrom":[2,22],"cText":["*"],"cRemoved":[""]}

{"cOrigin":"+input","cTo":[2,23],"cNewPos":[2,24],"cWhen":1.5300026368074234e9,"tag":"Change","cFrom":[2,23],"cText":["8"],"cRemoved":[""]}

{"cXWarp":1,"cNewPos":[1,1],"cWhen":1.5300026488455615e9,"tag":"Move"}

{"cXWarp":1,"cNewPos":[0,1],"cWhen":1.5300026494373405e9,"tag":"Move"}
